annotation_order,priority,annotation_type,anchor_chapter_country,anchor_date,anchor_document_type,anchor_title,context_date,context_distance_days,context_title,context_source,context_priority_or_status,issue_or_theme,recommended_annotation_use,source_note,anchor_pdf_url,anchor_catalog_url,context_link,anchor_record_id,context_record_id
1,High,Nearby high-priority print lead,Argentina,1989-01-23,Telcon,Memorandum of Telephone Conversation,"January 24, 1989",1,Memorandum of Conversation Between the President,Latin American Affairs Directorate Subject Files,High / 72,presidential diplomacy,"Verify the page image/OCR and decide whether this lead should be printed, used as annotation context, or ruled out against the anchor document.","Source: George H.W. Bush Library, Bush Presidential Records, National Security Council, Latin American Affairs Directorate Files, Subject File 1989, OA/ID CF00189, CF00189-008, Argentina - January 20, 1989-December 31, 1989 [4]. Access restriction: Restricted - Possibly. FOIA 2015-0017-S.",https://s3.us-east-1.amazonaws.com/NARAprodstorage/lz/presidential-libraries/bush/gb-nsc/321498139/1989-01-23--Alfonsin.pdf,https://catalog.archives.gov/id/428079775,https://s3.dualstack.us-east-1.amazonaws.com/NARAprodstorage/lz/presidential-libraries/bush/gb-nsc/Latin_Amer_Aff_Dir_Files/Subject_376217847/41-bpr-nsc-lat_amer_dir-subj-cf00189-008.pdf#page=107,bush-library-428079775,subject-print-470766481-107-memorandum-of-conversation
2,High,Nearby high-priority print lead,Argentina,1989-01-23,Telcon,Memorandum of Telephone Conversation,"January 26, 1989",3,Ambassadorial request to meet,Latin American Directorate Chronological Files,High / 78,"democracy; presidential diplomacy","Verify the page image/OCR and decide whether this lead should be printed, used as annotation context, or ruled out against the anchor document.","Source: George H.W. Bush Library, Bush Presidential Records, National Security Council, Latin American Affairs Directorate Files, Chronological Files, OA/ID CF00300, CF00300-009, February 1, 1989-March 1, 1989 [5]. Access restriction: Restricted - Possibly. FOIA 2015-0017-S.",https://s3.us-east-1.amazonaws.com/NARAprodstorage/lz/presidential-libraries/bush/gb-nsc/321498139/1989-01-23--Alfonsin.pdf,https://catalog.archives.gov/id/428079775,https://s3.dualstack.us-east-1.amazonaws.com/NARAprodstorage/lz/presidential-libraries/bush/gb-nsc/Latin_Amer_Aff_Dir_Files/Chronological_2197972/41-bpr-nsc-lat_amer_dir-chron-cf00300-009.pdf#page=142,bush-library-428079775,chronological-print-470766410-142-memorandum
3,High,Nearby high-priority print lead,Argentina,1989-05-13,Telcon,Memorandum of Telephone Conversation,"May 14, 1989",1,Letter to President Alfonsin of Argentina,Latin American Directorate Chronological Files,High / 90,"democracy; debt and economy; presidential diplomacy","Verify the page image/OCR and decide whether this lead should be printed, used as annotation context, or ruled out against the anchor document.","Source: George H.W. Bush Library, Bush Presidential Records, National Security Council, Latin American Affairs Directorate Files, Chronological Files, OA/ID CF00300, CF00300-008, February 1, 1989-March 1, 1989 [4]. Access restriction: Restricted - Possibly. FOIA 2015-0017-S.",https://s3.us-east-1.amazonaws.com/NARAprodstorage/lz/presidential-libraries/bush/gb-nsc/321498139/1989-05-13--Alfonsin.pdf,https://catalog.archives.gov/id/428080013,https://s3.dualstack.us-east-1.amazonaws.com/NARAprodstorage/lz/presidential-libraries/bush/gb-nsc/Latin_Amer_Aff_Dir_Files/Chronological_2197972/41-bpr-nsc-lat_amer_dir-chron-cf00300-008.pdf#page=29,bush-library-428080013,chronological-print-470766409-29-memorandum
4,High,Nearby high-priority print lead,Argentina,1989-05-13,Telcon,Memorandum of Telephone Conversation,"May 15, 1989",2,Transmittal of the Memorandum of Conversation of,Latin American Directorate Chronological Files,High / 72,presidential diplomacy,"Verify the page image/OCR and decide whether this lead should be printed, used as annotation context, or ruled out against the anchor document.","Source: George H.W. Bush Library, Bush Presidential Records, National Security Council, Latin American Affairs Directorate Files, Chronological Files, OA/ID CF00301, CF00301-010, May 1, 1989-May 15, 1989 [1]. Access restriction: Restricted - Possibly. FOIA 2015-0017-S.",https://s3.us-east-1.amazonaws.com/NARAprodstorage/lz/presidential-libraries/bush/gb-nsc/321498139/1989-05-13--Alfonsin.pdf,https://catalog.archives.gov/id/428080013,https://s3.dualstack.us-east-1.amazonaws.com/NARAprodstorage/lz/presidential-libraries/bush/gb-nsc/Latin_Amer_Aff_Dir_Files/Chronological_2197972/41-bpr-nsc-lat_amer_dir-chron-cf00301-010.pdf#page=22,bush-library-428080013,chronological-print-470766427-22-memorandum-of-conversation
5,High,Nearby high-priority print lead,Argentina,1989-05-13,Telcon,Memorandum of Telephone Conversation,"May 16, 1989",3,Memorandum of Conversation: President’s Telephone,Latin American Directorate Chronological Files,High / 72,presidential diplomacy,"Verify the page image/OCR and decide whether this lead should be printed, used as annotation context, or ruled out against the anchor document.","Source: George H.W. Bush Library, Bush Presidential Records, National Security Council, Latin American Affairs Directorate Files, Chronological Files, OA/ID CF00301, CF00301-015, May 16, 1989-May 30, 1989 [3]. Access restriction: Restricted - Possibly. FOIA 2015-0017-S.",https://s3.us-east-1.amazonaws.com/NARAprodstorage/lz/presidential-libraries/bush/gb-nsc/321498139/1989-05-13--Alfonsin.pdf,https://catalog.archives.gov/id/428080013,https://s3.dualstack.us-east-1.amazonaws.com/NARAprodstorage/lz/presidential-libraries/bush/gb-nsc/Latin_Amer_Aff_Dir_Files/Chronological_2197972/41-bpr-nsc-lat_amer_dir-chron-cf00301-015.pdf#page=50,bush-library-428080013,chronological-print-470766432-50-memorandum-of-conversation
6,High,Nearby high-priority print lead,Argentina,1989-05-13,Telcon,Memorandum of Telephone Conversation,"May 16, 1989",3,Memorandum of Conversation: President’s Telephone,Latin American Affairs Directorate Subject Files,High / 72,presidential diplomacy,"Verify the page image/OCR and decide whether this lead should be printed, used as annotation context, or ruled out against the anchor document.","Source: George H.W. Bush Library, Bush Presidential Records, National Security Council, Latin American Affairs Directorate Files, Subject File 1989, OA/ID CF00189, CF00189-008, Argentina - January 20, 1989-December 31, 1989 [4]. Access restriction: Restricted - Possibly. FOIA 2015-0017-S.",https://s3.us-east-1.amazonaws.com/NARAprodstorage/lz/presidential-libraries/bush/gb-nsc/321498139/1989-05-13--Alfonsin.pdf,https://catalog.archives.gov/id/428080013,https://s3.dualstack.us-east-1.amazonaws.com/NARAprodstorage/lz/presidential-libraries/bush/gb-nsc/Latin_Amer_Aff_Dir_Files/Subject_376217847/41-bpr-nsc-lat_amer_dir-subj-cf00189-008.pdf#page=14,bush-library-428080013,subject-print-470766481-14-memorandum-of-conversation
7,High,Nearby high-priority print lead,Argentina,1989-09-27,Memcon,Memorandum of Conversation,"September 27, 1989",0,Meeting with President Carlos Menem of,Latin American Directorate Chronological Files,High / 72,"debt and economy; presidential diplomacy","Verify the page image/OCR and decide whether this lead should be printed, used as annotation context, or ruled out against the anchor document.","Source: George H.W. Bush Library, Bush Presidential Records, National Security Council, Latin American Affairs Directorate Files, Chronological Files, OA/ID CF00302, CF00302-018, September 16, 1989-September 30, 1989 [2]. Access restriction: Restricted - Possibly. FOIA 2015-0017-S.",documents/argentina/1989-09-27-bush-carlos-saul-menem-memcon-91107-005-p100-scowcroft.pdf,https://catalog.archives.gov/id/366551664,https://s3.dualstack.us-east-1.amazonaws.com/NARAprodstorage/lz/presidential-libraries/bush/gb-nsc/Latin_Amer_Aff_Dir_Files/Chronological_2197972/41-bpr-nsc-lat_amer_dir-chron-cf00302-018.pdf#page=36,scowcroft-366551664-100-carlos-saul-menem-memcon,chronological-print-470766455-36-memorandum-of-conversation
8,High,Nearby high-priority print lead,Argentina,1989-09-27,Memcon,Memorandum of Conversation,"September 27, 1989",0,Meeting with President Carlos Menem of,Latin American Affairs Directorate Subject Files,High / 72,"debt and economy; presidential diplomacy","Verify the page image/OCR and decide whether this lead should be printed, used as annotation context, or ruled out against the anchor document.","Source: George H.W. Bush Library, Bush Presidential Records, National Security Council, Latin American Affairs Directorate Files, Subject File 1989, OA/ID CF00189, CF00189-005, Argentina - January 20, 1989-December 31, 1989 [1]. Access restriction: Restricted - Possibly. FOIA 2015-0017-S.",documents/argentina/1989-09-27-bush-carlos-saul-menem-memcon-91107-005-p100-scowcroft.pdf,https://catalog.archives.gov/id/366551664,https://s3.dualstack.us-east-1.amazonaws.com/NARAprodstorage/lz/presidential-libraries/bush/gb-nsc/Latin_Amer_Aff_Dir_Files/Subject_376217847/41-bpr-nsc-lat_amer_dir-subj-cf00189-005.pdf#page=68,scowcroft-366551664-100-carlos-saul-menem-memcon,subject-print-470766478-68-memorandum-of-conversation
9,High,Nearby high-priority print lead,Argentina,1989-09-27,Memcon,Memorandum of Conversation,"September 27, 1989",0,Meeting with President Carlos Menem of,Latin American Directorate Chronological Files,High / 72,"debt and economy; presidential diplomacy","Verify the page image/OCR and decide whether this lead should be printed, used as annotation context, or ruled out against the anchor document.","Source: George H.W. Bush Library, Bush Presidential Records, National Security Council, Latin American Affairs Directorate Files, Chronological Files, OA/ID CF00302, CF00302-018, September 16, 1989-September 30, 1989 [2]. Access restriction: Restricted - Possibly. FOIA 2015-0017-S.",https://s3.us-east-1.amazonaws.com/NARAprodstorage/lz/presidential-libraries/bush/gb-nsc/321498039/1989-09-27--Menem.pdf,https://catalog.archives.gov/id/428080237,https://s3.dualstack.us-east-1.amazonaws.com/NARAprodstorage/lz/presidential-libraries/bush/gb-nsc/Latin_Amer_Aff_Dir_Files/Chronological_2197972/41-bpr-nsc-lat_amer_dir-chron-cf00302-018.pdf#page=36,bush-library-428080237,chronological-print-470766455-36-memorandum-of-conversation
10,High,Nearby high-priority print lead,Argentina,1989-09-27,Memcon,Memorandum of Conversation,"September 27, 1989",0,Meeting with President Carlos Menem of,Latin American Affairs Directorate Subject Files,High / 72,"debt and economy; presidential diplomacy","Verify the page image/OCR and decide whether this lead should be printed, used as annotation context, or ruled out against the anchor document.","Source: George H.W. Bush Library, Bush Presidential Records, National Security Council, Latin American Affairs Directorate Files, Subject File 1989, OA/ID CF00189, CF00189-005, Argentina - January 20, 1989-December 31, 1989 [1]. Access restriction: Restricted - Possibly. FOIA 2015-0017-S.",https://s3.us-east-1.amazonaws.com/NARAprodstorage/lz/presidential-libraries/bush/gb-nsc/321498039/1989-09-27--Menem.pdf,https://catalog.archives.gov/id/428080237,https://s3.dualstack.us-east-1.amazonaws.com/NARAprodstorage/lz/presidential-libraries/bush/gb-nsc/Latin_Amer_Aff_Dir_Files/Subject_376217847/41-bpr-nsc-lat_amer_dir-subj-cf00189-005.pdf#page=68,bush-library-428080237,subject-print-470766478-68-memorandum-of-conversation
11,High,Nearby high-priority print lead,Argentina,1989-09-27,Memcon,Memorandum of Conversation,"September 27, 1989",0,Memorandum of Conversation with President,Latin American Directorate Chronological Files,High / 72,presidential diplomacy,"Verify the page image/OCR and decide whether this lead should be printed, used as annotation context, or ruled out against the anchor document.","Source: George H.W. Bush Library, Bush Presidential Records, National Security Council, Latin American Affairs Directorate Files, Chronological Files, OA/ID CF00302, CF00302-018, September 16, 1989-September 30, 1989 [2]. Access restriction: Restricted - Possibly. FOIA 2015-0017-S.",documents/argentina/1989-09-27-bush-carlos-saul-menem-memcon-91107-005-p100-scowcroft.pdf,https://catalog.archives.gov/id/366551664,https://s3.dualstack.us-east-1.amazonaws.com/NARAprodstorage/lz/presidential-libraries/bush/gb-nsc/Latin_Amer_Aff_Dir_Files/Chronological_2197972/41-bpr-nsc-lat_amer_dir-chron-cf00302-018.pdf#page=34,scowcroft-366551664-100-carlos-saul-menem-memcon,chronological-print-470766455-34-memorandum-of-conversation
12,High,Nearby high-priority print lead,Argentina,1989-09-27,Memcon,Memorandum of Conversation,"September 27, 1989",0,Memorandum of Conversation with President,Latin American Directorate Chronological Files,High / 72,presidential diplomacy,"Verify the page image/OCR and decide whether this lead should be printed, used as annotation context, or ruled out against the anchor document.","Source: George H.W. Bush Library, Bush Presidential Records, National Security Council, Latin American Affairs Directorate Files, Chronological Files, OA/ID CF00302, CF00302-018, September 16, 1989-September 30, 1989 [2]. Access restriction: Restricted - Possibly. FOIA 2015-0017-S.",https://s3.us-east-1.amazonaws.com/NARAprodstorage/lz/presidential-libraries/bush/gb-nsc/321498039/1989-09-27--Menem.pdf,https://catalog.archives.gov/id/428080237,https://s3.dualstack.us-east-1.amazonaws.com/NARAprodstorage/lz/presidential-libraries/bush/gb-nsc/Latin_Amer_Aff_Dir_Files/Chronological_2197972/41-bpr-nsc-lat_amer_dir-chron-cf00302-018.pdf#page=34,bush-library-428080237,chronological-print-470766455-34-memorandum-of-conversation
13,High,Nearby high-priority print lead,Argentina,1989-09-27,Memcon,Memorandum of Conversation,"September 25, 1989",-2,Briefing Materials for the President's Meeting with,Latin American Directorate Chronological Files,High / 72,presidential diplomacy,"Verify the page image/OCR and decide whether this lead should be printed, used as annotation context, or ruled out against the anchor document.","Source: George H.W. Bush Library, Bush Presidential Records, National Security Council, Latin American Affairs Directorate Files, Chronological Files, OA/ID CF00302, CF00302-019, September 16, 1989-September 30, 1989 [3]. Access restriction: Restricted - Possibly. FOIA 2015-0017-S.",documents/argentina/1989-09-27-bush-carlos-saul-menem-memcon-91107-005-p100-scowcroft.pdf,https://catalog.archives.gov/id/366551664,https://s3.dualstack.us-east-1.amazonaws.com/NARAprodstorage/lz/presidential-libraries/bush/gb-nsc/Latin_Amer_Aff_Dir_Files/Chronological_2197972/41-bpr-nsc-lat_amer_dir-chron-cf00302-019.pdf#page=33,scowcroft-366551664-100-carlos-saul-menem-memcon,chronological-print-470766456-33-memorandum
14,High,Nearby high-priority print lead,Argentina,1989-09-27,Memcon,Memorandum of Conversation,"September 25, 1989",-2,Briefing Materials for the President's Meeting with,Latin American Affairs Directorate Subject Files,High / 72,presidential diplomacy,"Verify the page image/OCR and decide whether this lead should be printed, used as annotation context, or ruled out against the anchor document.","Source: George H.W. Bush Library, Bush Presidential Records, National Security Council, Latin American Affairs Directorate Files, Subject File 1989, OA/ID CF00189, CF00189-006, Argentina - January 20, 1989-December 31, 1989 [2]. Access restriction: Restricted - Possibly. FOIA 2015-0017-S.",documents/argentina/1989-09-27-bush-carlos-saul-menem-memcon-91107-005-p100-scowcroft.pdf,https://catalog.archives.gov/id/366551664,https://s3.dualstack.us-east-1.amazonaws.com/NARAprodstorage/lz/presidential-libraries/bush/gb-nsc/Latin_Amer_Aff_Dir_Files/Subject_376217847/41-bpr-nsc-lat_amer_dir-subj-cf00189-006.pdf#page=42,scowcroft-366551664-100-carlos-saul-menem-memcon,subject-print-470766479-42-memorandum
15,High,Nearby high-priority print lead,Argentina,1989-09-27,Memcon,Memorandum of Conversation,"September 25, 1989",-2,Briefing Materials for the President's Meeting with,Latin American Directorate Chronological Files,High / 72,presidential diplomacy,"Verify the page image/OCR and decide whether this lead should be printed, used as annotation context, or ruled out against the anchor document.","Source: George H.W. Bush Library, Bush Presidential Records, National Security Council, Latin American Affairs Directorate Files, Chronological Files, OA/ID CF00302, CF00302-019, September 16, 1989-September 30, 1989 [3]. Access restriction: Restricted - Possibly. FOIA 2015-0017-S.",https://s3.us-east-1.amazonaws.com/NARAprodstorage/lz/presidential-libraries/bush/gb-nsc/321498039/1989-09-27--Menem.pdf,https://catalog.archives.gov/id/428080237,https://s3.dualstack.us-east-1.amazonaws.com/NARAprodstorage/lz/presidential-libraries/bush/gb-nsc/Latin_Amer_Aff_Dir_Files/Chronological_2197972/41-bpr-nsc-lat_amer_dir-chron-cf00302-019.pdf#page=33,bush-library-428080237,chronological-print-470766456-33-memorandum
16,High,Nearby high-priority print lead,Argentina,1989-09-27,Memcon,Memorandum of Conversation,"September 25, 1989",-2,Briefing Materials for the President's Meeting with,Latin American Affairs Directorate Subject Files,High / 72,presidential diplomacy,"Verify the page image/OCR and decide whether this lead should be printed, used as annotation context, or ruled out against the anchor document.","Source: George H.W. Bush Library, Bush Presidential Records, National Security Council, Latin American Affairs Directorate Files, Subject File 1989, OA/ID CF00189, CF00189-006, Argentina - January 20, 1989-December 31, 1989 [2]. Access restriction: Restricted - Possibly. FOIA 2015-0017-S.",https://s3.us-east-1.amazonaws.com/NARAprodstorage/lz/presidential-libraries/bush/gb-nsc/321498039/1989-09-27--Menem.pdf,https://catalog.archives.gov/id/428080237,https://s3.dualstack.us-east-1.amazonaws.com/NARAprodstorage/lz/presidential-libraries/bush/gb-nsc/Latin_Amer_Aff_Dir_Files/Subject_376217847/41-bpr-nsc-lat_amer_dir-subj-cf00189-006.pdf#page=42,bush-library-428080237,subject-print-470766479-42-memorandum
17,High,Nearby high-priority print lead,Argentina,1989-09-27,Memcon,Memorandum of Conversation,"September 25, 1989",-2,Presidential Meeting with Argentine President,Latin American Directorate Chronological Files,High / 72,presidential diplomacy,"Verify the page image/OCR and decide whether this lead should be printed, used as annotation context, or ruled out against the anchor document.","Source: George H.W. Bush Library, Bush Presidential Records, National Security Council, Latin American Affairs Directorate Files, Chronological Files, OA/ID CF00302, CF00302-019, September 16, 1989-September 30, 1989 [3]. Access restriction: Restricted - Possibly. FOIA 2015-0017-S.",documents/argentina/1989-09-27-bush-carlos-saul-menem-memcon-91107-005-p100-scowcroft.pdf,https://catalog.archives.gov/id/366551664,https://s3.dualstack.us-east-1.amazonaws.com/NARAprodstorage/lz/presidential-libraries/bush/gb-nsc/Latin_Amer_Aff_Dir_Files/Chronological_2197972/41-bpr-nsc-lat_amer_dir-chron-cf00302-019.pdf#page=18,scowcroft-366551664-100-carlos-saul-menem-memcon,chronological-print-470766456-18-memorandum
18,High,Nearby high-priority print lead,Argentina,1989-09-27,Memcon,Memorandum of Conversation,"September 25, 1989",-2,Presidential Meeting with Argentine President,Latin American Affairs Directorate Subject Files,High / 72,presidential diplomacy,"Verify the page image/OCR and decide whether this lead should be printed, used as annotation context, or ruled out against the anchor document.","Source: George H.W. Bush Library, Bush Presidential Records, National Security Council, Latin American Affairs Directorate Files, Subject File 1989, OA/ID CF00189, CF00189-006, Argentina - January 20, 1989-December 31, 1989 [2]. Access restriction: Restricted - Possibly. FOIA 2015-0017-S.",documents/argentina/1989-09-27-bush-carlos-saul-menem-memcon-91107-005-p100-scowcroft.pdf,https://catalog.archives.gov/id/366551664,https://s3.dualstack.us-east-1.amazonaws.com/NARAprodstorage/lz/presidential-libraries/bush/gb-nsc/Latin_Amer_Aff_Dir_Files/Subject_376217847/41-bpr-nsc-lat_amer_dir-subj-cf00189-006.pdf#page=27,scowcroft-366551664-100-carlos-saul-menem-memcon,subject-print-470766479-27-memorandum
19,High,Nearby high-priority print lead,Argentina,1989-09-27,Memcon,Memorandum of Conversation,"September 25, 1989",-2,Presidential Meeting with Argentine President,Latin American Directorate Chronological Files,High / 72,presidential diplomacy,"Verify the page image/OCR and decide whether this lead should be printed, used as annotation context, or ruled out against the anchor document.","Source: George H.W. Bush Library, Bush Presidential Records, National Security Council, Latin American Affairs Directorate Files, Chronological Files, OA/ID CF00302, CF00302-019, September 16, 1989-September 30, 1989 [3]. Access restriction: Restricted - Possibly. FOIA 2015-0017-S.",https://s3.us-east-1.amazonaws.com/NARAprodstorage/lz/presidential-libraries/bush/gb-nsc/321498039/1989-09-27--Menem.pdf,https://catalog.archives.gov/id/428080237,https://s3.dualstack.us-east-1.amazonaws.com/NARAprodstorage/lz/presidential-libraries/bush/gb-nsc/Latin_Amer_Aff_Dir_Files/Chronological_2197972/41-bpr-nsc-lat_amer_dir-chron-cf00302-019.pdf#page=18,bush-library-428080237,chronological-print-470766456-18-memorandum
20,High,Nearby high-priority print lead,Argentina,1989-09-27,Memcon,Memorandum of Conversation,"September 25, 1989",-2,Presidential Meeting with Argentine President,Latin American Affairs Directorate Subject Files,High / 72,presidential diplomacy,"Verify the page image/OCR and decide whether this lead should be printed, used as annotation context, or ruled out against the anchor document.","Source: George H.W. Bush Library, Bush Presidential Records, National Security Council, Latin American Affairs Directorate Files, Subject File 1989, OA/ID CF00189, CF00189-006, Argentina - January 20, 1989-December 31, 1989 [2]. Access restriction: Restricted - Possibly. FOIA 2015-0017-S.",https://s3.us-east-1.amazonaws.com/NARAprodstorage/lz/presidential-libraries/bush/gb-nsc/321498039/1989-09-27--Menem.pdf,https://catalog.archives.gov/id/428080237,https://s3.dualstack.us-east-1.amazonaws.com/NARAprodstorage/lz/presidential-libraries/bush/gb-nsc/Latin_Amer_Aff_Dir_Files/Subject_376217847/41-bpr-nsc-lat_amer_dir-subj-cf00189-006.pdf#page=27,bush-library-428080237,subject-print-470766479-27-memorandum
21,High,Nearby high-priority print lead,Argentina,1989-09-27,Memcon,Memorandum of Conversation,"September 25, 1989",-2,Presidential Meéting with Argentine President,Latin American Affairs Directorate Subject Files,High / 72,presidential diplomacy,"Verify the page image/OCR and decide whether this lead should be printed, used as annotation context, or ruled out against the anchor document.","Source: George H.W. Bush Library, Bush Presidential Records, National Security Council, Latin American Affairs Directorate Files, Subject File 1989, OA/ID CF00189, CF00189-006, Argentina - January 20, 1989-December 31, 1989 [2]. Access restriction: Restricted - Possibly. FOIA 2015-0017-S.",documents/argentina/1989-09-27-bush-carlos-saul-menem-memcon-91107-005-p100-scowcroft.pdf,https://catalog.archives.gov/id/366551664,https://s3.dualstack.us-east-1.amazonaws.com/NARAprodstorage/lz/presidential-libraries/bush/gb-nsc/Latin_Amer_Aff_Dir_Files/Subject_376217847/41-bpr-nsc-lat_amer_dir-subj-cf00189-006.pdf#page=23,scowcroft-366551664-100-carlos-saul-menem-memcon,subject-print-470766479-23-memorandum
22,High,Nearby high-priority print lead,Argentina,1989-09-27,Memcon,Memorandum of Conversation,"September 25, 1989",-2,Presidential Meéting with Argentine President,Latin American Affairs Directorate Subject Files,High / 72,presidential diplomacy,"Verify the page image/OCR and decide whether this lead should be printed, used as annotation context, or ruled out against the anchor document.","Source: George H.W. Bush Library, Bush Presidential Records, National Security Council, Latin American Affairs Directorate Files, Subject File 1989, OA/ID CF00189, CF00189-006, Argentina - January 20, 1989-December 31, 1989 [2]. Access restriction: Restricted - Possibly. FOIA 2015-0017-S.",https://s3.us-east-1.amazonaws.com/NARAprodstorage/lz/presidential-libraries/bush/gb-nsc/321498039/1989-09-27--Menem.pdf,https://catalog.archives.gov/id/428080237,https://s3.dualstack.us-east-1.amazonaws.com/NARAprodstorage/lz/presidential-libraries/bush/gb-nsc/Latin_Amer_Aff_Dir_Files/Subject_376217847/41-bpr-nsc-lat_amer_dir-subj-cf00189-006.pdf#page=23,bush-library-428080237,subject-print-470766479-23-memorandum
23,High,Nearby high-priority print lead,Argentina,1989-12-20,Telcon,Memorandum of Telephone Conversation,"December 20, 1989",0,Telephone Conversation with President Menem,Latin American Affairs Directorate Subject Files,High / 78,"presidential diplomacy; panama spillover","Verify the page image/OCR and decide whether this lead should be printed, used as annotation context, or ruled out against the anchor document.","Source: George H.W. Bush Library, Bush Presidential Records, National Security Council, Latin American Affairs Directorate Files, Subject File 1989, OA/ID CF00189, CF00189-005, Argentina - January 20, 1989-December 31, 1989 [1]. Access restriction: Restricted - Possibly. FOIA 2015-0017-S.",https://s3.us-east-1.amazonaws.com/NARAprodstorage/lz/presidential-libraries/bush/gb-nsc/321498139/1989-12-20--Menem.pdf,https://catalog.archives.gov/id/428080455,https://s3.dualstack.us-east-1.amazonaws.com/NARAprodstorage/lz/presidential-libraries/bush/gb-nsc/Latin_Amer_Aff_Dir_Files/Subject_376217847/41-bpr-nsc-lat_amer_dir-subj-cf00189-005.pdf#page=17,bush-library-428080455,subject-print-470766478-17-memorandum-of-telephone-conversation
24,High,Nearby high-priority print lead,Argentina,1989-12-20,Telcon,Memorandum of Telephone Conversation,"December 21, 1989",1,Memorandum of Telephone Conversation with,Latin American Affairs Directorate Subject Files,High / 72,presidential diplomacy,"Verify the page image/OCR and decide whether this lead should be printed, used as annotation context, or ruled out against the anchor document.","Source: George H.W. Bush Library, Bush Presidential Records, National Security Council, Latin American Affairs Directorate Files, Subject File 1989, OA/ID CF00189, CF00189-005, Argentina - January 20, 1989-December 31, 1989 [1]. Access restriction: Restricted - Possibly. FOIA 2015-0017-S.",https://s3.us-east-1.amazonaws.com/NARAprodstorage/lz/presidential-libraries/bush/gb-nsc/321498139/1989-12-20--Menem.pdf,https://catalog.archives.gov/id/428080455,https://s3.dualstack.us-east-1.amazonaws.com/NARAprodstorage/lz/presidential-libraries/bush/gb-nsc/Latin_Amer_Aff_Dir_Files/Subject_376217847/41-bpr-nsc-lat_amer_dir-subj-cf00189-005.pdf#page=20,bush-library-428080455,subject-print-470766478-20-memorandum-of-telephone-conversation
25,High,Nearby high-priority print lead,Argentina,1990-12-05,Memcon,Memorandum of Conversation,"December 6, 1990",1,Uruguay Round Report,Timothy E. Deal Subject Files,High / 92,"debt and economy; presidential diplomacy; trade policy; environment","Verify the page image/OCR and decide whether this lead should be printed, used as annotation context, or ruled out against the anchor document.","Source: George H.W. Bush Library, Bush Presidential Records, National Security Council, Deal, Timothy E., Files, Subject Files, OA/ID CF00972, CF00972-031, Uruguay Round [6]. Access restriction: Restricted - Possibly. FOIA 2023-1227-S.",documents/argentina/1990-12-05-bush-carlos-saul-menem-memcon-91108-003-p112-scowcroft.pdf,https://catalog.archives.gov/id/366551672,https://s3.dualstack.us-east-1.amazonaws.com/NARAprodstorage/lz/presidential-libraries/bush/gb-nsc/deal/subject_2554810/41-bpr-nsc-deal-subj-cf00972-031.pdf#page=6,scowcroft-366551672-112-carlos-saul-menem-memcon,deal-print-452050622-6-memorandum
26,High,Nearby high-priority print lead,Argentina,1990-12-05,Memcon,Memorandum of Conversation,"December 6, 1990",1,Uruguay Round Report,Timothy E. Deal Subject Files,High / 92,"debt and economy; presidential diplomacy; trade policy; environment","Verify the page image/OCR and decide whether this lead should be printed, used as annotation context, or ruled out against the anchor document.","Source: George H.W. Bush Library, Bush Presidential Records, National Security Council, Deal, Timothy E., Files, Subject Files, OA/ID CF00972, CF00972-031, Uruguay Round [6]. Access restriction: Restricted - Possibly. FOIA 2023-1227-S.",https://s3.us-east-1.amazonaws.com/NARAprodstorage/lz/presidential-libraries/bush/gb-nsc/321498039/1990-12-05--Menem.pdf,https://catalog.archives.gov/id/428081237,https://s3.dualstack.us-east-1.amazonaws.com/NARAprodstorage/lz/presidential-libraries/bush/gb-nsc/deal/subject_2554810/41-bpr-nsc-deal-subj-cf00972-031.pdf#page=6,bush-library-428081237,deal-print-452050622-6-memorandum
27,High,Partial release / alternate-copy check,Bolivia,1990-05-08,Memcon,Memorandum of Conversation,1990-05-08,,Memorandum of Conversation,Presidential Memcon Files,Partial,"Latin America; South America; Bolivia; Bush Library Memcons and Telcons; Memcon","Before printing or annotating this document, check parallel Scowcroft, backup, later-release, or agency files for a less-redacted copy.","Source: George H.W. Bush Library, Bush Presidential Records, National Security Council, Presidential Memcon Files, [Memorandum of Conversations (Memcons)-January 1990-June 1990]: May 1990. Declassified; partial release: Partial.",https://s3.us-east-1.amazonaws.com/NARAprodstorage/lz/presidential-libraries/bush/gb-nsc/321498039/1990-05-08--Zamora-2.pdf,https://catalog.archives.gov/id/428080687,https://s3.us-east-1.amazonaws.com/NARAprodstorage/lz/presidential-libraries/bush/gb-nsc/321498039/1990-05-08--Zamora-2.pdf,bush-library-428080687,bush-library-428080687
28,High,Nearby high-priority print lead,Brazil,1989-02-25,Memcon,Memorandum of Conversation,"February 25, 1989",0,President's Meeting with President,Latin American Affairs Directorate Subject Files,High / 72,presidential diplomacy,"Verify the page image/OCR and decide whether this lead should be printed, used as annotation context, or ruled out against the anchor document.","Source: George H.W. Bush Library, Bush Presidential Records, National Security Council, Latin American Affairs Directorate Files, Subject File 1989, OA/ID CF00189, CF00189-014, Brazil - January 20, 1989-December 31, 1989 [2]. Access restriction: Restricted - Possibly. FOIA 2004-0734-F.",https://s3.us-east-1.amazonaws.com/NARAprodstorage/lz/presidential-libraries/bush/gb-nsc/321498039/1989-02-25--Sarney.pdf,https://catalog.archives.gov/id/428079873,https://s3.dualstack.us-east-1.amazonaws.com/NARAprodstorage/lz/presidential-libraries/bush/gb-nsc/Latin_Amer_Aff_Dir_Files/Subject_376217847/41-bpr-nsc-lat_amer_dir-subj-cf00189-014.pdf#page=22,bush-library-428079873,subject-print-470766487-22-memorandum-of-conversation
29,High,Nearby high-priority print lead,Brazil,1989-02-25,Memcon,Memorandum of Conversation,"February 23, 1989",-2,Background for the President’s Meeting with Sarney,Latin American Directorate Chronological Files,High / 90,"debt and economy; presidential diplomacy","Verify the page image/OCR and decide whether this lead should be printed, used as annotation context, or ruled out against the anchor document.","Source: George H.W. Bush Library, Bush Presidential Records, National Security Council, Latin American Affairs Directorate Files, Chronological Files, OA/ID CF00300, CF00300-005, February 1, 1989-March 1, 1989 [1]. Access restriction: Restricted - Possibly. FOIA 2015-0017-S.",https://s3.us-east-1.amazonaws.com/NARAprodstorage/lz/presidential-libraries/bush/gb-nsc/321498039/1989-02-25--Sarney.pdf,https://catalog.archives.gov/id/428079873,https://s3.dualstack.us-east-1.amazonaws.com/NARAprodstorage/lz/presidential-libraries/bush/gb-nsc/Latin_Amer_Aff_Dir_Files/Chronological_2197972/41-bpr-nsc-lat_amer_dir-chron-cf00300-005.pdf#page=53,bush-library-428079873,chronological-print-470766406-53-memorandum
30,High,Nearby high-priority print lead,Brazil,1989-05-17,Telcon,Memorandum of Telephone Conversation,"May 17, 1989",0,Recommended Presidential Phone Call to Brazilian,Latin American Directorate Chronological Files,High / 78,"presidential diplomacy; regional policy; panama spillover","Verify the page image/OCR and decide whether this lead should be printed, used as annotation context, or ruled out against the anchor document.","Source: George H.W. Bush Library, Bush Presidential Records, National Security Council, Latin American Affairs Directorate Files, Chronological Files, OA/ID CF00301, CF00301-015, May 16, 1989-May 30, 1989 [3]. Access restriction: Restricted - Possibly. FOIA 2015-0017-S.",https://s3.us-east-1.amazonaws.com/NARAprodstorage/lz/presidential-libraries/bush/gb-nsc/321498139/1989-05-17--Sarney.pdf,https://catalog.archives.gov/id/428082459,https://s3.dualstack.us-east-1.amazonaws.com/NARAprodstorage/lz/presidential-libraries/bush/gb-nsc/Latin_Amer_Aff_Dir_Files/Chronological_2197972/41-bpr-nsc-lat_amer_dir-chron-cf00301-015.pdf#page=31,bush-library-428082459,chronological-print-470766432-31-memorandum
31,High,Nearby high-priority print lead,Brazil,1989-05-17,Telcon,Memorandum of Telephone Conversation,"May 17, 1989",0,Recommended Presidential Phone Call to Brazilian,Latin American Affairs Directorate Subject Files,High / 78,"presidential diplomacy; regional policy; panama spillover","Verify the page image/OCR and decide whether this lead should be printed, used as annotation context, or ruled out against the anchor document.","Source: George H.W. Bush Library, Bush Presidential Records, National Security Council, Latin American Affairs Directorate Files, Subject File 1989, OA/ID CF00189, CF00189-014, Brazil - January 20, 1989-December 31, 1989 [2]. Access restriction: Restricted - Possibly. FOIA 2004-0734-F.",https://s3.us-east-1.amazonaws.com/NARAprodstorage/lz/presidential-libraries/bush/gb-nsc/321498139/1989-05-17--Sarney.pdf,https://catalog.archives.gov/id/428082459,https://s3.dualstack.us-east-1.amazonaws.com/NARAprodstorage/lz/presidential-libraries/bush/gb-nsc/Latin_Amer_Aff_Dir_Files/Subject_376217847/41-bpr-nsc-lat_amer_dir-subj-cf00189-014.pdf#page=7,bush-library-428082459,subject-print-470766487-7-memorandum
32,High,Nearby high-priority print lead,Brazil,1989-05-17,Telcon,Memorandum of Telephone Conversation,"May 17, 1989",0,Telephone Call from President Bush to,Latin American Directorate Chronological Files,High / 78,"presidential diplomacy; panama spillover","Verify the page image/OCR and decide whether this lead should be printed, used as annotation context, or ruled out against the anchor document.","Source: George H.W. Bush Library, Bush Presidential Records, National Security Council, Latin American Affairs Directorate Files, Chronological Files, OA/ID CF00301, CF00301-014, May 16, 1989-May 30, 1989 [2]. Access restriction: Restricted - Possibly. FOIA 2015-0017-S.",https://s3.us-east-1.amazonaws.com/NARAprodstorage/lz/presidential-libraries/bush/gb-nsc/321498139/1989-05-17--Sarney.pdf,https://catalog.archives.gov/id/428082459,https://s3.dualstack.us-east-1.amazonaws.com/NARAprodstorage/lz/presidential-libraries/bush/gb-nsc/Latin_Amer_Aff_Dir_Files/Chronological_2197972/41-bpr-nsc-lat_amer_dir-chron-cf00301-014.pdf#page=91,bush-library-428082459,chronological-print-470766431-91-memorandum-of-telephone-conversation
33,High,Nearby high-priority print lead,Brazil,1989-05-17,Telcon,Memorandum of Telephone Conversation,"May 17, 1989",0,Telephone Call from President Bush to,Latin American Affairs Directorate Subject Files,High / 78,"presidential diplomacy; panama spillover","Verify the page image/OCR and decide whether this lead should be printed, used as annotation context, or ruled out against the anchor document.","Source: George H.W. Bush Library, Bush Presidential Records, National Security Council, Latin American Affairs Directorate Files, Subject File 1989, OA/ID CF00189, CF00189-013, Brazil - January 20, 1989-December 31, 1989 [1]. Access restriction: Restricted - Possibly. FOIA 2004-0734-F.",https://s3.us-east-1.amazonaws.com/NARAprodstorage/lz/presidential-libraries/bush/gb-nsc/321498139/1989-05-17--Sarney.pdf,https://catalog.archives.gov/id/428082459,https://s3.dualstack.us-east-1.amazonaws.com/NARAprodstorage/lz/presidential-libraries/bush/gb-nsc/Latin_Amer_Aff_Dir_Files/Subject_376217847/41-bpr-nsc-lat_amer_dir-subj-cf00189-013.pdf#page=136,bush-library-428082459,subject-print-470766486-136-memorandum-of-telephone-conversation
34,High,Nearby high-priority print lead,Brazil,1989-05-17,Telcon,Memorandum of Telephone Conversation,"May 19, 1989",2,NATIONAL SECURITY COUNCIL,Latin American Affairs Directorate Subject Files,High / 72,presidential diplomacy,"Verify the page image/OCR and decide whether this lead should be printed, used as annotation context, or ruled out against the anchor document.","Source: George H.W. Bush Library, Bush Presidential Records, National Security Council, Latin American Affairs Directorate Files, Subject File 1989, OA/ID CF00189, CF00189-013, Brazil - January 20, 1989-December 31, 1989 [1]. Access restriction: Restricted - Possibly. FOIA 2004-0734-F.",https://s3.us-east-1.amazonaws.com/NARAprodstorage/lz/presidential-libraries/bush/gb-nsc/321498139/1989-05-17--Sarney.pdf,https://catalog.archives.gov/id/428082459,https://s3.dualstack.us-east-1.amazonaws.com/NARAprodstorage/lz/presidential-libraries/bush/gb-nsc/Latin_Amer_Aff_Dir_Files/Subject_376217847/41-bpr-nsc-lat_amer_dir-subj-cf00189-013.pdf#page=135,bush-library-428082459,subject-print-470766486-135-memorandum-of-conversation
35,High,Nearby high-priority print lead,Brazil,1989-05-17,Telcon,Memorandum of Telephone Conversation,"May 19, 1989",2,The President’s Telephone Conversation with,Latin American Directorate Chronological Files,High / 72,presidential diplomacy,"Verify the page image/OCR and decide whether this lead should be printed, used as annotation context, or ruled out against the anchor document.","Source: George H.W. Bush Library, Bush Presidential Records, National Security Council, Latin American Affairs Directorate Files, Chronological Files, OA/ID CF00301, CF00301-014, May 16, 1989-May 30, 1989 [2]. Access restriction: Restricted - Possibly. FOIA 2015-0017-S.",https://s3.us-east-1.amazonaws.com/NARAprodstorage/lz/presidential-libraries/bush/gb-nsc/321498139/1989-05-17--Sarney.pdf,https://catalog.archives.gov/id/428082459,https://s3.dualstack.us-east-1.amazonaws.com/NARAprodstorage/lz/presidential-libraries/bush/gb-nsc/Latin_Amer_Aff_Dir_Files/Chronological_2197972/41-bpr-nsc-lat_amer_dir-chron-cf00301-014.pdf#page=90,bush-library-428082459,chronological-print-470766431-90-memorandum-of-conversation
36,High,Nearby high-priority print lead,Brazil,1990-12-03,Memcon,Memorandum of Conversation,"December 6, 1990",3,Uruguay Round Report,Timothy E. Deal Subject Files,High / 92,"debt and economy; presidential diplomacy; trade policy; environment","Verify the page image/OCR and decide whether this lead should be printed, used as annotation context, or ruled out against the anchor document.","Source: George H.W. Bush Library, Bush Presidential Records, National Security Council, Deal, Timothy E., Files, Subject Files, OA/ID CF00972, CF00972-031, Uruguay Round [6]. Access restriction: Restricted - Possibly. FOIA 2023-1227-S.",https://s3.us-east-1.amazonaws.com/NARAprodstorage/lz/presidential-libraries/bush/gb-nsc/321498039/1990-12-03--Collor-de-Mello.pdf,https://catalog.archives.gov/id/428081233,https://s3.dualstack.us-east-1.amazonaws.com/NARAprodstorage/lz/presidential-libraries/bush/gb-nsc/deal/subject_2554810/41-bpr-nsc-deal-subj-cf00972-031.pdf#page=6,bush-library-428081233,deal-print-452050622-6-memorandum
37,High,Partial release / alternate-copy check,Chile,1992-05-13,Memcon,Memorandum of Conversation,1992-05-13,,Memorandum of Conversation,Presidential Memcon Files,Partial,"Latin America; South America; Chile; Bush Library Memcons and Telcons; Memcon","Before printing or annotating this document, check parallel Scowcroft, backup, later-release, or agency files for a less-redacted copy.","Source: George H.W. Bush Library, Bush Presidential Records, National Security Council, Presidential Memcon Files, [Memorandum of Conversations (Memcons)-January 1992-June 1992]: May 1992. Declassified; partial release: Partial.",https://s3.us-east-1.amazonaws.com/NARAprodstorage/lz/presidential-libraries/bush/gb-nsc/321498039/1992-05-13--Azocar.pdf,https://catalog.archives.gov/id/428082199,https://s3.us-east-1.amazonaws.com/NARAprodstorage/lz/presidential-libraries/bush/gb-nsc/321498039/1992-05-13--Azocar.pdf,bush-library-428082199,bush-library-428082199
38,High,Nearby high-priority print lead,Colombia,1989-03-08,Telcon,Memorandum of Telephone Conversation,"March 9, 1989",1,President’s Telephone Call to Colombian President,Latin American Affairs Directorate Subject Files,High / 78,"democracy; presidential diplomacy; regional policy; ussr/cuba","Verify the page image/OCR and decide whether this lead should be printed, used as annotation context, or ruled out against the anchor document.","Source: George H.W. Bush Library, Bush Presidential Records, National Security Council, Latin American Affairs Directorate Files, Subject File 1989, OA/ID CF00195, CF00195-010, Colombia - January 20, 1989-December 31, 1989 [4]. Access restriction: Restricted - Possibly. FOIA 2001-0434-F.",https://s3.us-east-1.amazonaws.com/NARAprodstorage/lz/presidential-libraries/bush/gb-nsc/321498139/1989-03-08--Barco.pdf,https://catalog.archives.gov/id/428079919,https://s3.dualstack.us-east-1.amazonaws.com/NARAprodstorage/lz/presidential-libraries/bush/gb-nsc/Latin_Amer_Aff_Dir_Files/Subject_376217847/41-bpr-nsc-lat_amer_dir-subj-cf00195-010.pdf#page=57,bush-library-428079919,subject-print-470766567-57-memorandum
39,High,Nearby high-priority print lead,Colombia,1989-03-08,Telcon,Memorandum of Telephone Conversation,"March 9, 1989",1,Presidential Telephone Call to President Barco,Latin American Affairs Directorate Subject Files,High / 78,"democracy; presidential diplomacy; ussr/cuba","Verify the page image/OCR and decide whether this lead should be printed, used as annotation context, or ruled out against the anchor document.","Source: George H.W. Bush Library, Bush Presidential Records, National Security Council, Latin American Affairs Directorate Files, Subject File 1989, OA/ID CF00195, CF00195-010, Colombia - January 20, 1989-December 31, 1989 [4]. Access restriction: Restricted - Possibly. FOIA 2001-0434-F.",https://s3.us-east-1.amazonaws.com/NARAprodstorage/lz/presidential-libraries/bush/gb-nsc/321498139/1989-03-08--Barco.pdf,https://catalog.archives.gov/id/428079919,https://s3.dualstack.us-east-1.amazonaws.com/NARAprodstorage/lz/presidential-libraries/bush/gb-nsc/Latin_Amer_Aff_Dir_Files/Subject_376217847/41-bpr-nsc-lat_amer_dir-subj-cf00195-010.pdf#page=63,bush-library-428079919,subject-print-470766567-63-memorandum
40,High,Nearby high-priority print lead,Colombia,1989-04-14,Telcon,Memorandum of Telephone Conversation,"April 14, 1989",0,Talking Points for Phone Call to President Barco,Latin American Affairs Directorate Subject Files,High / 72,presidential diplomacy,"Verify the page image/OCR and decide whether this lead should be printed, used as annotation context, or ruled out against the anchor document.","Source: George H.W. Bush Library, Bush Presidential Records, National Security Council, Latin American Affairs Directorate Files, Subject File 1989, OA/ID CF00195, CF00195-010, Colombia - January 20, 1989-December 31, 1989 [4]. Access restriction: Restricted - Possibly. FOIA 2001-0434-F.",https://s3.us-east-1.amazonaws.com/NARAprodstorage/lz/presidential-libraries/bush/gb-nsc/321498139/1989-04-14--Barco.pdf,https://catalog.archives.gov/id/428079963,https://s3.dualstack.us-east-1.amazonaws.com/NARAprodstorage/lz/presidential-libraries/bush/gb-nsc/Latin_Amer_Aff_Dir_Files/Subject_376217847/41-bpr-nsc-lat_amer_dir-subj-cf00195-010.pdf#page=77,bush-library-428079963,subject-print-470766567-77-memorandum
41,High,Nearby high-priority print lead,Colombia,1989-04-14,Telcon,Memorandum of Telephone Conversation,"April 14, 1989",0,Telephone Call to President Barco of Colombia,Latin American Directorate Chronological Files,High / 90,"narcotics; presidential diplomacy","Verify the page image/OCR and decide whether this lead should be printed, used as annotation context, or ruled out against the anchor document.","Source: George H.W. Bush Library, Bush Presidential Records, National Security Council, Latin American Affairs Directorate Files, Chronological Files, OA/ID CF00301, CF00301-001, April 1, 1989-April 15, 1989 [1]. Access restriction: Restricted - Possibly. FOIA 2015-0017-S.",https://s3.us-east-1.amazonaws.com/NARAprodstorage/lz/presidential-libraries/bush/gb-nsc/321498139/1989-04-14--Barco.pdf,https://catalog.archives.gov/id/428079963,https://s3.dualstack.us-east-1.amazonaws.com/NARAprodstorage/lz/presidential-libraries/bush/gb-nsc/Latin_Amer_Aff_Dir_Files/Chronological_2197972/41-bpr-nsc-lat_amer_dir-chron-cf00301-001.pdf#page=39,bush-library-428079963,chronological-print-470766418-39-memorandum
42,High,Nearby high-priority print lead,Colombia,1989-04-14,Telcon,Memorandum of Telephone Conversation,"April 14, 1989",0,Telephone Call to President Barco of Colombia,Latin American Affairs Directorate Subject Files,High / 90,"narcotics; presidential diplomacy","Verify the page image/OCR and decide whether this lead should be printed, used as annotation context, or ruled out against the anchor document.","Source: George H.W. Bush Library, Bush Presidential Records, National Security Council, Latin American Affairs Directorate Files, Subject File 1989, OA/ID CF00195, CF00195-010, Colombia - January 20, 1989-December 31, 1989 [4]. Access restriction: Restricted - Possibly. FOIA 2001-0434-F.",https://s3.us-east-1.amazonaws.com/NARAprodstorage/lz/presidential-libraries/bush/gb-nsc/321498139/1989-04-14--Barco.pdf,https://catalog.archives.gov/id/428079963,https://s3.dualstack.us-east-1.amazonaws.com/NARAprodstorage/lz/presidential-libraries/bush/gb-nsc/Latin_Amer_Aff_Dir_Files/Subject_376217847/41-bpr-nsc-lat_amer_dir-subj-cf00195-010.pdf#page=78,bush-library-428079963,subject-print-470766567-78-memorandum
43,High,Nearby high-priority print lead,Colombia,1989-04-14,Telcon,Memorandum of Telephone Conversation,"April 11, 1989",-3,Request for Announcement of Official Visit of,Latin American Affairs Directorate Subject Files,High / 72,presidential diplomacy,"Verify the page image/OCR and decide whether this lead should be printed, used as annotation context, or ruled out against the anchor document.","Source: George H.W. Bush Library, Bush Presidential Records, National Security Council, Latin American Affairs Directorate Files, Subject File 1989, OA/ID CF00195, CF00195-010, Colombia - January 20, 1989-December 31, 1989 [4]. Access restriction: Restricted - Possibly. FOIA 2001-0434-F.",https://s3.us-east-1.amazonaws.com/NARAprodstorage/lz/presidential-libraries/bush/gb-nsc/321498139/1989-04-14--Barco.pdf,https://catalog.archives.gov/id/428079963,https://s3.dualstack.us-east-1.amazonaws.com/NARAprodstorage/lz/presidential-libraries/bush/gb-nsc/Latin_Amer_Aff_Dir_Files/Subject_376217847/41-bpr-nsc-lat_amer_dir-subj-cf00195-010.pdf#page=82,bush-library-428079963,subject-print-470766567-82-memorandum
44,High,Nearby high-priority print lead,Colombia,1989-05-16,Telcon,Memorandum of Telephone Conversation,"May 16, 1989",0,Points to Be Made for the President’s Telephone,Latin American Directorate Chronological Files,High / 90,"democracy; presidential diplomacy; panama spillover","Verify the page image/OCR and decide whether this lead should be printed, used as annotation context, or ruled out against the anchor document.","Source: George H.W. Bush Library, Bush Presidential Records, National Security Council, Latin American Affairs Directorate Files, Chronological Files, OA/ID CF00301, CF00301-015, May 16, 1989-May 30, 1989 [3]. Access restriction: Restricted - Possibly. FOIA 2015-0017-S.",https://s3.us-east-1.amazonaws.com/NARAprodstorage/lz/presidential-libraries/bush/gb-nsc/321498139/1989-05-16--Barco.pdf,https://catalog.archives.gov/id/428082453,https://s3.dualstack.us-east-1.amazonaws.com/NARAprodstorage/lz/presidential-libraries/bush/gb-nsc/Latin_Amer_Aff_Dir_Files/Chronological_2197972/41-bpr-nsc-lat_amer_dir-chron-cf00301-015.pdf#page=41,bush-library-428082453,chronological-print-470766432-41-memorandum
45,High,Nearby high-priority print lead,Colombia,1989-05-16,Telcon,Memorandum of Telephone Conversation,"May 16, 1989",0,Points to Be Made for the President’s Telephone,Latin American Affairs Directorate Subject Files,High / 90,"democracy; presidential diplomacy; panama spillover","Verify the page image/OCR and decide whether this lead should be printed, used as annotation context, or ruled out against the anchor document.","Source: George H.W. Bush Library, Bush Presidential Records, National Security Council, Latin American Affairs Directorate Files, Subject File 1989, OA/ID CF00195, CF00195-010, Colombia - January 20, 1989-December 31, 1989 [4]. Access restriction: Restricted - Possibly. FOIA 2001-0434-F.",https://s3.us-east-1.amazonaws.com/NARAprodstorage/lz/presidential-libraries/bush/gb-nsc/321498139/1989-05-16--Barco.pdf,https://catalog.archives.gov/id/428082453,https://s3.dualstack.us-east-1.amazonaws.com/NARAprodstorage/lz/presidential-libraries/bush/gb-nsc/Latin_Amer_Aff_Dir_Files/Subject_376217847/41-bpr-nsc-lat_amer_dir-subj-cf00195-010.pdf#page=65,bush-library-428082453,subject-print-470766567-65-memorandum
46,High,Nearby high-priority print lead,Colombia,1989-05-16,Telcon,Memorandum of Telephone Conversation,"May 15, 1989",-1,Panama -- Recommendation That President Bush Telephone,Latin American Directorate Chronological Files,High / 90,"presidential diplomacy; regional policy; panama spillover","Verify the page image/OCR and decide whether this lead should be printed, used as annotation context, or ruled out against the anchor document.","Source: George H.W. Bush Library, Bush Presidential Records, National Security Council, Latin American Affairs Directorate Files, Chronological Files, OA/ID CF00301, CF00301-015, May 16, 1989-May 30, 1989 [3]. Access restriction: Restricted - Possibly. FOIA 2015-0017-S.",https://s3.us-east-1.amazonaws.com/NARAprodstorage/lz/presidential-libraries/bush/gb-nsc/321498139/1989-05-16--Barco.pdf,https://catalog.archives.gov/id/428082453,https://s3.dualstack.us-east-1.amazonaws.com/NARAprodstorage/lz/presidential-libraries/bush/gb-nsc/Latin_Amer_Aff_Dir_Files/Chronological_2197972/41-bpr-nsc-lat_amer_dir-chron-cf00301-015.pdf#page=44,bush-library-428082453,chronological-print-470766432-44-memorandum
47,High,Nearby high-priority print lead,Colombia,1989-05-16,Telcon,Memorandum of Telephone Conversation,"May 18, 1989",2,Telephone Conversation Between the President,Latin American Directorate Chronological Files,High / 72,presidential diplomacy,"Verify the page image/OCR and decide whether this lead should be printed, used as annotation context, or ruled out against the anchor document.","Source: George H.W. Bush Library, Bush Presidential Records, National Security Council, Latin American Affairs Directorate Files, Chronological Files, OA/ID CF00301, CF00301-015, May 16, 1989-May 30, 1989 [3]. Access restriction: Restricted - Possibly. FOIA 2015-0017-S.",https://s3.us-east-1.amazonaws.com/NARAprodstorage/lz/presidential-libraries/bush/gb-nsc/321498139/1989-05-16--Barco.pdf,https://catalog.archives.gov/id/428082453,https://s3.dualstack.us-east-1.amazonaws.com/NARAprodstorage/lz/presidential-libraries/bush/gb-nsc/Latin_Amer_Aff_Dir_Files/Chronological_2197972/41-bpr-nsc-lat_amer_dir-chron-cf00301-015.pdf#page=6,bush-library-428082453,chronological-print-470766432-6-memorandum-of-conversation
48,High,Nearby high-priority print lead,Colombia,1989-05-16,Telcon,Memorandum of Telephone Conversation,"May 18, 1989",2,Telephone Conversation Between the President,Latin American Affairs Directorate Subject Files,High / 72,presidential diplomacy,"Verify the page image/OCR and decide whether this lead should be printed, used as annotation context, or ruled out against the anchor document.","Source: George H.W. Bush Library, Bush Presidential Records, National Security Council, Latin American Affairs Directorate Files, Subject File 1989, OA/ID CF00195, CF00195-010, Colombia - January 20, 1989-December 31, 1989 [4]. Access restriction: Restricted - Possibly. FOIA 2001-0434-F.",https://s3.us-east-1.amazonaws.com/NARAprodstorage/lz/presidential-libraries/bush/gb-nsc/321498139/1989-05-16--Barco.pdf,https://catalog.archives.gov/id/428082453,https://s3.dualstack.us-east-1.amazonaws.com/NARAprodstorage/lz/presidential-libraries/bush/gb-nsc/Latin_Amer_Aff_Dir_Files/Subject_376217847/41-bpr-nsc-lat_amer_dir-subj-cf00195-010.pdf#page=44,bush-library-428082453,subject-print-470766567-44-memorandum-of-conversation
49,High,Nearby high-priority print lead,Colombia,1989-08-21,Telcon,Memorandum of Telephone Conversation,"August 21, 1989",0,Phone Call from President Bush to Colombian President,Latin American Directorate Chronological Files,High / 78,"narcotics; presidential diplomacy","Verify the page image/OCR and decide whether this lead should be printed, used as annotation context, or ruled out against the anchor document.","Source: George H.W. Bush Library, Bush Presidential Records, National Security Council, Latin American Affairs Directorate Files, Chronological Files, OA/ID CF00302, CF00302-013, August 16, 1989-August 31, 1989 [3]. Access restriction: Restricted - Possibly. FOIA 2015-0017-S.",https://s3.us-east-1.amazonaws.com/NARAprodstorage/lz/presidential-libraries/bush/gb-nsc/321498139/1989-08-21--Barco.pdf,https://catalog.archives.gov/id/428080207,https://s3.dualstack.us-east-1.amazonaws.com/NARAprodstorage/lz/presidential-libraries/bush/gb-nsc/Latin_Amer_Aff_Dir_Files/Chronological_2197972/41-bpr-nsc-lat_amer_dir-chron-cf00302-013.pdf#page=45,bush-library-428080207,chronological-print-470766450-45-memorandum
50,High,Nearby high-priority print lead,Colombia,1989-08-21,Telcon,Memorandum of Telephone Conversation,"August 21, 1989",0,Phone Call from President Bush to Colombian President,Latin American Affairs Directorate Subject Files,High / 78,"narcotics; presidential diplomacy","Verify the page image/OCR and decide whether this lead should be printed, used as annotation context, or ruled out against the anchor document.","Source: George H.W. Bush Library, Bush Presidential Records, National Security Council, Latin American Affairs Directorate Files, Subject File 1989, OA/ID CF00195, CF00195-010, Colombia - January 20, 1989-December 31, 1989 [4]. Access restriction: Restricted - Possibly. FOIA 2001-0434-F.",https://s3.us-east-1.amazonaws.com/NARAprodstorage/lz/presidential-libraries/bush/gb-nsc/321498139/1989-08-21--Barco.pdf,https://catalog.archives.gov/id/428080207,https://s3.dualstack.us-east-1.amazonaws.com/NARAprodstorage/lz/presidential-libraries/bush/gb-nsc/Latin_Amer_Aff_Dir_Files/Subject_376217847/41-bpr-nsc-lat_amer_dir-subj-cf00195-010.pdf#page=22,bush-library-428080207,subject-print-470766567-22-memorandum
51,High,Nearby high-priority print lead,Colombia,1989-08-21,Telcon,Memorandum of Telephone Conversation,"August 21, 1989",0,Telephone Call by the President to President Barco,Latin American Directorate Chronological Files,High / 90,"narcotics; presidential diplomacy","Verify the page image/OCR and decide whether this lead should be printed, used as annotation context, or ruled out against the anchor document.","Source: George H.W. Bush Library, Bush Presidential Records, National Security Council, Latin American Affairs Directorate Files, Chronological Files, OA/ID CF00302, CF00302-013, August 16, 1989-August 31, 1989 [3]. Access restriction: Restricted - Possibly. FOIA 2015-0017-S.",https://s3.us-east-1.amazonaws.com/NARAprodstorage/lz/presidential-libraries/bush/gb-nsc/321498139/1989-08-21--Barco.pdf,https://catalog.archives.gov/id/428080207,https://s3.dualstack.us-east-1.amazonaws.com/NARAprodstorage/lz/presidential-libraries/bush/gb-nsc/Latin_Amer_Aff_Dir_Files/Chronological_2197972/41-bpr-nsc-lat_amer_dir-chron-cf00302-013.pdf#page=42,bush-library-428080207,chronological-print-470766450-42-memorandum
52,High,Nearby high-priority print lead,Colombia,1989-08-21,Telcon,Memorandum of Telephone Conversation,"August 21, 1989",0,Telephone Call by the President to President Barco,Latin American Affairs Directorate Subject Files,High / 78,"narcotics; presidential diplomacy","Verify the page image/OCR and decide whether this lead should be printed, used as annotation context, or ruled out against the anchor document.","Source: George H.W. Bush Library, Bush Presidential Records, National Security Council, Latin American Affairs Directorate Files, Subject File 1989, OA/ID CF00195, CF00195-010, Colombia - January 20, 1989-December 31, 1989 [4]. Access restriction: Restricted - Possibly. FOIA 2001-0434-F.",https://s3.us-east-1.amazonaws.com/NARAprodstorage/lz/presidential-libraries/bush/gb-nsc/321498139/1989-08-21--Barco.pdf,https://catalog.archives.gov/id/428080207,https://s3.dualstack.us-east-1.amazonaws.com/NARAprodstorage/lz/presidential-libraries/bush/gb-nsc/Latin_Amer_Aff_Dir_Files/Subject_376217847/41-bpr-nsc-lat_amer_dir-subj-cf00195-010.pdf#page=19,bush-library-428080207,subject-print-470766567-19-memorandum
53,High,Nearby high-priority print lead,Colombia,1989-08-21,Telcon,Memorandum of Telephone Conversation,"August 22, 1989",1,Memorandum of Telephone Conversation with,Latin American Directorate Chronological Files,High / 72,presidential diplomacy,"Verify the page image/OCR and decide whether this lead should be printed, used as annotation context, or ruled out against the anchor document.","Source: George H.W. Bush Library, Bush Presidential Records, National Security Council, Latin American Affairs Directorate Files, Chronological Files, OA/ID CF00302, CF00302-012, August 16, 1989-August 31, 1989 [2]. Access restriction: Restricted - Possibly. FOIA 2015-0017-S.",https://s3.us-east-1.amazonaws.com/NARAprodstorage/lz/presidential-libraries/bush/gb-nsc/321498139/1989-08-21--Barco.pdf,https://catalog.archives.gov/id/428080207,https://s3.dualstack.us-east-1.amazonaws.com/NARAprodstorage/lz/presidential-libraries/bush/gb-nsc/Latin_Amer_Aff_Dir_Files/Chronological_2197972/41-bpr-nsc-lat_amer_dir-chron-cf00302-012.pdf#page=62,bush-library-428080207,chronological-print-470766449-62-memorandum-of-telephone-conversation
54,High,Nearby high-priority print lead,Colombia,1989-08-21,Telcon,Memorandum of Telephone Conversation,"August 22, 1989",1,Memorandum of Telephone Conversation with,Latin American Affairs Directorate Subject Files,High / 72,presidential diplomacy,"Verify the page image/OCR and decide whether this lead should be printed, used as annotation context, or ruled out against the anchor document.","Source: George H.W. Bush Library, Bush Presidential Records, National Security Council, Latin American Affairs Directorate Files, Subject File 1989, OA/ID CF00195, CF00195-010, Colombia - January 20, 1989-December 31, 1989 [4]. Access restriction: Restricted - Possibly. FOIA 2001-0434-F.",https://s3.us-east-1.amazonaws.com/NARAprodstorage/lz/presidential-libraries/bush/gb-nsc/321498139/1989-08-21--Barco.pdf,https://catalog.archives.gov/id/428080207,https://s3.dualstack.us-east-1.amazonaws.com/NARAprodstorage/lz/presidential-libraries/bush/gb-nsc/Latin_Amer_Aff_Dir_Files/Subject_376217847/41-bpr-nsc-lat_amer_dir-subj-cf00195-010.pdf#page=26,bush-library-428080207,subject-print-470766567-26-memorandum-of-telephone-conversation
55,High,Nearby high-priority print lead,Colombia,1989-08-21,Telcon,Memorandum of Telephone Conversation,"August 23, 1989",2,Colombian Coffee Complaint,Latin American Directorate Chronological Files,High / 72,presidential diplomacy,"Verify the page image/OCR and decide whether this lead should be printed, used as annotation context, or ruled out against the anchor document.","Source: George H.W. Bush Library, Bush Presidential Records, National Security Council, Latin American Affairs Directorate Files, Chronological Files, OA/ID CF00302, CF00302-012, August 16, 1989-August 31, 1989 [2]. Access restriction: Restricted - Possibly. FOIA 2015-0017-S.",https://s3.us-east-1.amazonaws.com/NARAprodstorage/lz/presidential-libraries/bush/gb-nsc/321498139/1989-08-21--Barco.pdf,https://catalog.archives.gov/id/428080207,https://s3.dualstack.us-east-1.amazonaws.com/NARAprodstorage/lz/presidential-libraries/bush/gb-nsc/Latin_Amer_Aff_Dir_Files/Chronological_2197972/41-bpr-nsc-lat_amer_dir-chron-cf00302-012.pdf#page=34,bush-library-428080207,chronological-print-470766449-34-memorandum
56,High,Nearby high-priority print lead,Colombia,1989-08-28,Telcon,Memorandum of Telephone Conversation,"August 28, 1989",0,PARTICIPANTS:,Latin American Affairs Directorate Subject Files,High / 78,"narcotics; presidential diplomacy","Verify the page image/OCR and decide whether this lead should be printed, used as annotation context, or ruled out against the anchor document.","Source: George H.W. Bush Library, Bush Presidential Records, National Security Council, Latin American Affairs Directorate Files, Subject File 1989, OA/ID CF00195, CF00195-009, Colombia - January 20, 1989-December 31, 1989 [3]. Access restriction: Restricted - Possibly. FOIA 2001-0434-F.",https://s3.us-east-1.amazonaws.com/NARAprodstorage/lz/presidential-libraries/bush/gb-nsc/321498139/1989-08-28--Barco.pdf,https://catalog.archives.gov/id/428080215,https://s3.dualstack.us-east-1.amazonaws.com/NARAprodstorage/lz/presidential-libraries/bush/gb-nsc/Latin_Amer_Aff_Dir_Files/Subject_376217847/41-bpr-nsc-lat_amer_dir-subj-cf00195-009.pdf#page=8,bush-library-428080215,subject-print-470766566-8-memorandum-of-telephone-conversation
57,High,Nearby high-priority print lead,Colombia,1989-08-28,Telcon,Memorandum of Telephone Conversation,"August 28, 1989",0,Telephone Conversation with Virgilio Barco,Latin American Directorate Chronological Files,High / 78,"narcotics; presidential diplomacy","Verify the page image/OCR and decide whether this lead should be printed, used as annotation context, or ruled out against the anchor document.","Source: George H.W. Bush Library, Bush Presidential Records, National Security Council, Latin American Affairs Directorate Files, Chronological Files, OA/ID CF00302, CF00302-011, August 16, 1989-August 31, 1989 [1]. Access restriction: Restricted - Possibly. FOIA 2015-0017-S.",https://s3.us-east-1.amazonaws.com/NARAprodstorage/lz/presidential-libraries/bush/gb-nsc/321498139/1989-08-28--Barco.pdf,https://catalog.archives.gov/id/428080215,https://s3.dualstack.us-east-1.amazonaws.com/NARAprodstorage/lz/presidential-libraries/bush/gb-nsc/Latin_Amer_Aff_Dir_Files/Chronological_2197972/41-bpr-nsc-lat_amer_dir-chron-cf00302-011.pdf#page=28,bush-library-428080215,chronological-print-470766448-28-memorandum-of-telephone-conversation
58,High,Nearby high-priority print lead,Colombia,1989-08-28,Telcon,Memorandum of Telephone Conversation,"August 29, 1989",1,Memorandum of Telephone Conversation with,Latin American Directorate Chronological Files,High / 72,presidential diplomacy,"Verify the page image/OCR and decide whether this lead should be printed, used as annotation context, or ruled out against the anchor document.","Source: George H.W. Bush Library, Bush Presidential Records, National Security Council, Latin American Affairs Directorate Files, Chronological Files, OA/ID CF00302, CF00302-011, August 16, 1989-August 31, 1989 [1]. Access restriction: Restricted - Possibly. FOIA 2015-0017-S.",https://s3.us-east-1.amazonaws.com/NARAprodstorage/lz/presidential-libraries/bush/gb-nsc/321498139/1989-08-28--Barco.pdf,https://catalog.archives.gov/id/428080215,https://s3.dualstack.us-east-1.amazonaws.com/NARAprodstorage/lz/presidential-libraries/bush/gb-nsc/Latin_Amer_Aff_Dir_Files/Chronological_2197972/41-bpr-nsc-lat_amer_dir-chron-cf00302-011.pdf#page=26,bush-library-428080215,chronological-print-470766448-26-memorandum-of-telephone-conversation
59,High,Nearby high-priority print lead,Colombia,1989-08-28,Telcon,Memorandum of Telephone Conversation,"August 29, 1989",1,Memorandum of Telephone Conversation with,Latin American Affairs Directorate Subject Files,High / 72,presidential diplomacy,"Verify the page image/OCR and decide whether this lead should be printed, used as annotation context, or ruled out against the anchor document.","Source: George H.W. Bush Library, Bush Presidential Records, National Security Council, Latin American Affairs Directorate Files, Subject File 1989, OA/ID CF00195, CF00195-009, Colombia - January 20, 1989-December 31, 1989 [3]. Access restriction: Restricted - Possibly. FOIA 2001-0434-F.",https://s3.us-east-1.amazonaws.com/NARAprodstorage/lz/presidential-libraries/bush/gb-nsc/321498139/1989-08-28--Barco.pdf,https://catalog.archives.gov/id/428080215,https://s3.dualstack.us-east-1.amazonaws.com/NARAprodstorage/lz/presidential-libraries/bush/gb-nsc/Latin_Amer_Aff_Dir_Files/Subject_376217847/41-bpr-nsc-lat_amer_dir-subj-cf00195-009.pdf#page=11,bush-library-428080215,subject-print-470766566-11-memorandum-of-telephone-conversation
60,High,Nearby high-priority print lead,Colombia,1989-09-26,Telcon,Memorandum of Telephone Conversation,"September 26, 1989",0,Memorandum of Telephone Conversation with,Latin American Directorate Chronological Files,High / 72,presidential diplomacy,"Verify the page image/OCR and decide whether this lead should be printed, used as annotation context, or ruled out against the anchor document.","Source: George H.W. Bush Library, Bush Presidential Records, National Security Council, Latin American Affairs Directorate Files, Chronological Files, OA/ID CF00302, CF00302-018, September 16, 1989-September 30, 1989 [2]. Access restriction: Restricted - Possibly. FOIA 2015-0017-S.",https://s3.us-east-1.amazonaws.com/NARAprodstorage/lz/presidential-libraries/bush/gb-nsc/321498139/1989-09-26--Barco.pdf,https://catalog.archives.gov/id/428080265,https://s3.dualstack.us-east-1.amazonaws.com/NARAprodstorage/lz/presidential-libraries/bush/gb-nsc/Latin_Amer_Aff_Dir_Files/Chronological_2197972/41-bpr-nsc-lat_amer_dir-chron-cf00302-018.pdf#page=93,bush-library-428080265,chronological-print-470766455-93-memorandum-of-telephone-conversation
61,High,Nearby high-priority print lead,Colombia,1989-09-26,Telcon,Memorandum of Telephone Conversation,"September 26, 1989",0,Memorandum of Telephone Conversation with,Latin American Affairs Directorate Subject Files,High / 72,presidential diplomacy,"Verify the page image/OCR and decide whether this lead should be printed, used as annotation context, or ruled out against the anchor document.","Source: George H.W. Bush Library, Bush Presidential Records, National Security Council, Latin American Affairs Directorate Files, Subject File 1989, OA/ID CF00195, CF00195-007, Colombia - January 20, 1989-December 31, 1989 [1]. Access restriction: Restricted - Possibly. FOIA 2001-0434-F.",https://s3.us-east-1.amazonaws.com/NARAprodstorage/lz/presidential-libraries/bush/gb-nsc/321498139/1989-09-26--Barco.pdf,https://catalog.archives.gov/id/428080265,https://s3.dualstack.us-east-1.amazonaws.com/NARAprodstorage/lz/presidential-libraries/bush/gb-nsc/Latin_Amer_Aff_Dir_Files/Subject_376217847/41-bpr-nsc-lat_amer_dir-subj-cf00195-007.pdf#page=76,bush-library-428080265,subject-print-470766564-76-memorandum-of-telephone-conversation
62,High,Nearby high-priority print lead,Colombia,1989-09-26,Telcon,Memorandum of Telephone Conversation,"September 26, 1989",0,Presidential Meeting with Colombian President,Latin American Directorate Chronological Files,High / 90,"narcotics; presidential diplomacy","Verify the page image/OCR and decide whether this lead should be printed, used as annotation context, or ruled out against the anchor document.","Source: George H.W. Bush Library, Bush Presidential Records, National Security Council, Latin American Affairs Directorate Files, Chronological Files, OA/ID CF00302, CF00302-018, September 16, 1989-September 30, 1989 [2]. Access restriction: Restricted - Possibly. FOIA 2015-0017-S.",https://s3.us-east-1.amazonaws.com/NARAprodstorage/lz/presidential-libraries/bush/gb-nsc/321498139/1989-09-26--Barco.pdf,https://catalog.archives.gov/id/428080265,https://s3.dualstack.us-east-1.amazonaws.com/NARAprodstorage/lz/presidential-libraries/bush/gb-nsc/Latin_Amer_Aff_Dir_Files/Chronological_2197972/41-bpr-nsc-lat_amer_dir-chron-cf00302-018.pdf#page=63,bush-library-428080265,chronological-print-470766455-63-memorandum
63,High,Nearby high-priority print lead,Colombia,1989-09-26,Telcon,Memorandum of Telephone Conversation,"September 27, 1989",1,Press Release Announcing Colombian President,Latin American Directorate Chronological Files,High / 90,"narcotics; presidential diplomacy","Verify the page image/OCR and decide whether this lead should be printed, used as annotation context, or ruled out against the anchor document.","Source: George H.W. Bush Library, Bush Presidential Records, National Security Council, Latin American Affairs Directorate Files, Chronological Files, OA/ID CF00302, CF00302-018, September 16, 1989-September 30, 1989 [2]. Access restriction: Restricted - Possibly. FOIA 2015-0017-S.",https://s3.us-east-1.amazonaws.com/NARAprodstorage/lz/presidential-libraries/bush/gb-nsc/321498139/1989-09-26--Barco.pdf,https://catalog.archives.gov/id/428080265,https://s3.dualstack.us-east-1.amazonaws.com/NARAprodstorage/lz/presidential-libraries/bush/gb-nsc/Latin_Amer_Aff_Dir_Files/Chronological_2197972/41-bpr-nsc-lat_amer_dir-chron-cf00302-018.pdf#page=49,bush-library-428080265,chronological-print-470766455-49-memorandum
64,High,Nearby high-priority print lead,Colombia,1989-09-26,Telcon,Memorandum of Telephone Conversation,"September 27, 1989",1,Press Release Announcing Colombian President,Latin American Affairs Directorate Subject Files,High / 90,"narcotics; presidential diplomacy","Verify the page image/OCR and decide whether this lead should be printed, used as annotation context, or ruled out against the anchor document.","Source: George H.W. Bush Library, Bush Presidential Records, National Security Council, Latin American Affairs Directorate Files, Subject File 1989, OA/ID CF00195, CF00195-008, Colombia - January 20, 1989-December 31, 1989 [2]. Access restriction: Restricted - Possibly. FOIA 2001-0434-F.",https://s3.us-east-1.amazonaws.com/NARAprodstorage/lz/presidential-libraries/bush/gb-nsc/321498139/1989-09-26--Barco.pdf,https://catalog.archives.gov/id/428080265,https://s3.dualstack.us-east-1.amazonaws.com/NARAprodstorage/lz/presidential-libraries/bush/gb-nsc/Latin_Amer_Aff_Dir_Files/Subject_376217847/41-bpr-nsc-lat_amer_dir-subj-cf00195-008.pdf#page=59,bush-library-428080265,subject-print-470766565-59-memorandum
65,High,Nearby high-priority print lead,Colombia,1989-09-26,Telcon,Memorandum of Telephone Conversation,"September 28, 1989",2,Proposed Press Release Announcing Colombian,Latin American Affairs Directorate Subject Files,High / 72,presidential diplomacy,"Verify the page image/OCR and decide whether this lead should be printed, used as annotation context, or ruled out against the anchor document.","Source: George H.W. Bush Library, Bush Presidential Records, National Security Council, Latin American Affairs Directorate Files, Subject File 1989, OA/ID CF00195, CF00195-008, Colombia - January 20, 1989-December 31, 1989 [2]. Access restriction: Restricted - Possibly. FOIA 2001-0434-F.",https://s3.us-east-1.amazonaws.com/NARAprodstorage/lz/presidential-libraries/bush/gb-nsc/321498139/1989-09-26--Barco.pdf,https://catalog.archives.gov/id/428080265,https://s3.dualstack.us-east-1.amazonaws.com/NARAprodstorage/lz/presidential-libraries/bush/gb-nsc/Latin_Amer_Aff_Dir_Files/Subject_376217847/41-bpr-nsc-lat_amer_dir-subj-cf00195-008.pdf#page=56,bush-library-428080265,subject-print-470766565-56-memorandum
66,High,Nearby high-priority print lead,Colombia,1989-09-28,Memcon,Memorandum of Conversation,"September 28, 1989",0,Proposed Press Release Announcing Colombian,Latin American Affairs Directorate Subject Files,High / 72,presidential diplomacy,"Verify the page image/OCR and decide whether this lead should be printed, used as annotation context, or ruled out against the anchor document.","Source: George H.W. Bush Library, Bush Presidential Records, National Security Council, Latin American Affairs Directorate Files, Subject File 1989, OA/ID CF00195, CF00195-008, Colombia - January 20, 1989-December 31, 1989 [2]. Access restriction: Restricted - Possibly. FOIA 2001-0434-F.",https://s3.us-east-1.amazonaws.com/NARAprodstorage/lz/presidential-libraries/bush/gb-nsc/321498039/1989-09-28--Barco.pdf,https://catalog.archives.gov/id/428080241,https://s3.dualstack.us-east-1.amazonaws.com/NARAprodstorage/lz/presidential-libraries/bush/gb-nsc/Latin_Amer_Aff_Dir_Files/Subject_376217847/41-bpr-nsc-lat_amer_dir-subj-cf00195-008.pdf#page=56,bush-library-428080241,subject-print-470766565-56-memorandum
67,High,Nearby high-priority print lead,Colombia,1989-09-28,Memcon,Memorandum of Conversation,"September 27, 1989",-1,Press Release Announcing Colombian President,Latin American Directorate Chronological Files,High / 90,"narcotics; presidential diplomacy","Verify the page image/OCR and decide whether this lead should be printed, used as annotation context, or ruled out against the anchor document.","Source: George H.W. Bush Library, Bush Presidential Records, National Security Council, Latin American Affairs Directorate Files, Chronological Files, OA/ID CF00302, CF00302-018, September 16, 1989-September 30, 1989 [2]. Access restriction: Restricted - Possibly. FOIA 2015-0017-S.",https://s3.us-east-1.amazonaws.com/NARAprodstorage/lz/presidential-libraries/bush/gb-nsc/321498039/1989-09-28--Barco.pdf,https://catalog.archives.gov/id/428080241,https://s3.dualstack.us-east-1.amazonaws.com/NARAprodstorage/lz/presidential-libraries/bush/gb-nsc/Latin_Amer_Aff_Dir_Files/Chronological_2197972/41-bpr-nsc-lat_amer_dir-chron-cf00302-018.pdf#page=49,bush-library-428080241,chronological-print-470766455-49-memorandum
68,High,Nearby high-priority print lead,Colombia,1989-09-28,Memcon,Memorandum of Conversation,"September 27, 1989",-1,Press Release Announcing Colombian President,Latin American Affairs Directorate Subject Files,High / 90,"narcotics; presidential diplomacy","Verify the page image/OCR and decide whether this lead should be printed, used as annotation context, or ruled out against the anchor document.","Source: George H.W. Bush Library, Bush Presidential Records, National Security Council, Latin American Affairs Directorate Files, Subject File 1989, OA/ID CF00195, CF00195-008, Colombia - January 20, 1989-December 31, 1989 [2]. Access restriction: Restricted - Possibly. FOIA 2001-0434-F.",https://s3.us-east-1.amazonaws.com/NARAprodstorage/lz/presidential-libraries/bush/gb-nsc/321498039/1989-09-28--Barco.pdf,https://catalog.archives.gov/id/428080241,https://s3.dualstack.us-east-1.amazonaws.com/NARAprodstorage/lz/presidential-libraries/bush/gb-nsc/Latin_Amer_Aff_Dir_Files/Subject_376217847/41-bpr-nsc-lat_amer_dir-subj-cf00195-008.pdf#page=59,bush-library-428080241,subject-print-470766565-59-memorandum
69,High,Nearby high-priority print lead,Colombia,1989-09-28,Memcon,Memorandum of Conversation,"September 26, 1989",-2,Memorandum of Telephone Conversation with,Latin American Directorate Chronological Files,High / 72,presidential diplomacy,"Verify the page image/OCR and decide whether this lead should be printed, used as annotation context, or ruled out against the anchor document.","Source: George H.W. Bush Library, Bush Presidential Records, National Security Council, Latin American Affairs Directorate Files, Chronological Files, OA/ID CF00302, CF00302-018, September 16, 1989-September 30, 1989 [2]. Access restriction: Restricted - Possibly. FOIA 2015-0017-S.",https://s3.us-east-1.amazonaws.com/NARAprodstorage/lz/presidential-libraries/bush/gb-nsc/321498039/1989-09-28--Barco.pdf,https://catalog.archives.gov/id/428080241,https://s3.dualstack.us-east-1.amazonaws.com/NARAprodstorage/lz/presidential-libraries/bush/gb-nsc/Latin_Amer_Aff_Dir_Files/Chronological_2197972/41-bpr-nsc-lat_amer_dir-chron-cf00302-018.pdf#page=93,bush-library-428080241,chronological-print-470766455-93-memorandum-of-telephone-conversation
70,High,Nearby high-priority print lead,Colombia,1989-09-28,Memcon,Memorandum of Conversation,"September 26, 1989",-2,Memorandum of Telephone Conversation with,Latin American Affairs Directorate Subject Files,High / 72,presidential diplomacy,"Verify the page image/OCR and decide whether this lead should be printed, used as annotation context, or ruled out against the anchor document.","Source: George H.W. Bush Library, Bush Presidential Records, National Security Council, Latin American Affairs Directorate Files, Subject File 1989, OA/ID CF00195, CF00195-007, Colombia - January 20, 1989-December 31, 1989 [1]. Access restriction: Restricted - Possibly. FOIA 2001-0434-F.",https://s3.us-east-1.amazonaws.com/NARAprodstorage/lz/presidential-libraries/bush/gb-nsc/321498039/1989-09-28--Barco.pdf,https://catalog.archives.gov/id/428080241,https://s3.dualstack.us-east-1.amazonaws.com/NARAprodstorage/lz/presidential-libraries/bush/gb-nsc/Latin_Amer_Aff_Dir_Files/Subject_376217847/41-bpr-nsc-lat_amer_dir-subj-cf00195-007.pdf#page=76,bush-library-428080241,subject-print-470766564-76-memorandum-of-telephone-conversation
71,High,Nearby high-priority print lead,Colombia,1989-09-28,Memcon,Memorandum of Conversation,"September 26, 1989",-2,Presidential Meeting with Colombian President,Latin American Directorate Chronological Files,High / 90,"narcotics; presidential diplomacy","Verify the page image/OCR and decide whether this lead should be printed, used as annotation context, or ruled out against the anchor document.","Source: George H.W. Bush Library, Bush Presidential Records, National Security Council, Latin American Affairs Directorate Files, Chronological Files, OA/ID CF00302, CF00302-018, September 16, 1989-September 30, 1989 [2]. Access restriction: Restricted - Possibly. FOIA 2015-0017-S.",https://s3.us-east-1.amazonaws.com/NARAprodstorage/lz/presidential-libraries/bush/gb-nsc/321498039/1989-09-28--Barco.pdf,https://catalog.archives.gov/id/428080241,https://s3.dualstack.us-east-1.amazonaws.com/NARAprodstorage/lz/presidential-libraries/bush/gb-nsc/Latin_Amer_Aff_Dir_Files/Chronological_2197972/41-bpr-nsc-lat_amer_dir-chron-cf00302-018.pdf#page=63,bush-library-428080241,chronological-print-470766455-63-memorandum
72,High,Nearby high-priority print lead,Colombia,1989-10-30,Telcon,Memorandum of Telephone Conversation,"October 30, 1989",0,Telephone Call to Colombian President,Latin American Directorate Chronological Files,High / 90,"narcotics; presidential diplomacy; regional policy","Verify the page image/OCR and decide whether this lead should be printed, used as annotation context, or ruled out against the anchor document.","Source: George H.W. Bush Library, Bush Presidential Records, National Security Council, Latin American Affairs Directorate Files, Chronological Files, OA/ID CF00303, CF00303-004, October 16, 1989-October 31, 1989 [1]. Access restriction: Restricted - Possibly. FOIA 2015-0017-S.",https://s3.us-east-1.amazonaws.com/NARAprodstorage/lz/presidential-libraries/bush/gb-nsc/321498139/1989-10-30--Barco.pdf,https://catalog.archives.gov/id/428080315,https://s3.dualstack.us-east-1.amazonaws.com/NARAprodstorage/lz/presidential-libraries/bush/gb-nsc/Latin_Amer_Aff_Dir_Files/Chronological_2197972/41-bpr-nsc-lat_amer_dir-chron-cf00303-004.pdf#page=36,bush-library-428080315,chronological-print-470766461-36-memorandum
73,High,Nearby high-priority print lead,Colombia,1989-10-30,Telcon,Memorandum of Telephone Conversation,"October 30, 1989",0,Telephone Call to Colombian President,Latin American Affairs Directorate Subject Files,High / 90,"narcotics; presidential diplomacy; regional policy","Verify the page image/OCR and decide whether this lead should be printed, used as annotation context, or ruled out against the anchor document.","Source: George H.W. Bush Library, Bush Presidential Records, National Security Council, Latin American Affairs Directorate Files, Subject File 1989, OA/ID CF00195, CF00195-007, Colombia - January 20, 1989-December 31, 1989 [1]. Access restriction: Restricted - Possibly. FOIA 2001-0434-F.",https://s3.us-east-1.amazonaws.com/NARAprodstorage/lz/presidential-libraries/bush/gb-nsc/321498139/1989-10-30--Barco.pdf,https://catalog.archives.gov/id/428080315,https://s3.dualstack.us-east-1.amazonaws.com/NARAprodstorage/lz/presidential-libraries/bush/gb-nsc/Latin_Amer_Aff_Dir_Files/Subject_376217847/41-bpr-nsc-lat_amer_dir-subj-cf00195-007.pdf#page=84,bush-library-428080315,subject-print-470766564-84-memorandum
74,High,Nearby high-priority print lead,Colombia,1989-10-30,Telcon,Memorandum of Telephone Conversation,"October 30, 1989",0,Telephone Conversation with President Barco,Latin American Directorate Chronological Files,High / 90,"narcotics; presidential diplomacy","Verify the page image/OCR and decide whether this lead should be printed, used as annotation context, or ruled out against the anchor document.","Source: George H.W. Bush Library, Bush Presidential Records, National Security Council, Latin American Affairs Directorate Files, Chronological Files, OA/ID CF00303, CF00303-010, November 1, 1989-November 15, 1989 [2]. Access restriction: Restricted - Possibly. FOIA 2015-0017-S.",https://s3.us-east-1.amazonaws.com/NARAprodstorage/lz/presidential-libraries/bush/gb-nsc/321498139/1989-10-30--Barco.pdf,https://catalog.archives.gov/id/428080315,https://s3.dualstack.us-east-1.amazonaws.com/NARAprodstorage/lz/presidential-libraries/bush/gb-nsc/Latin_Amer_Aff_Dir_Files/Chronological_2197972/41-bpr-nsc-lat_amer_dir-chron-cf00303-010.pdf#page=90,bush-library-428080315,chronological-print-470766467-90-memorandum-of-telephone-conversation
75,High,Nearby high-priority print lead,Colombia,1989-10-30,Telcon,Memorandum of Telephone Conversation,"October 30, 1989",0,Telephone Conversation with President Barco,Latin American Affairs Directorate Subject Files,High / 90,"narcotics; presidential diplomacy","Verify the page image/OCR and decide whether this lead should be printed, used as annotation context, or ruled out against the anchor document.","Source: George H.W. Bush Library, Bush Presidential Records, National Security Council, Latin American Affairs Directorate Files, Subject File 1989, OA/ID CF00195, CF00195-007, Colombia - January 20, 1989-December 31, 1989 [1]. Access restriction: Restricted - Possibly. FOIA 2001-0434-F.",https://s3.us-east-1.amazonaws.com/NARAprodstorage/lz/presidential-libraries/bush/gb-nsc/321498139/1989-10-30--Barco.pdf,https://catalog.archives.gov/id/428080315,https://s3.dualstack.us-east-1.amazonaws.com/NARAprodstorage/lz/presidential-libraries/bush/gb-nsc/Latin_Amer_Aff_Dir_Files/Subject_376217847/41-bpr-nsc-lat_amer_dir-subj-cf00195-007.pdf#page=90,bush-library-428080315,subject-print-470766564-90-memorandum-of-telephone-conversation
76,High,Nearby high-priority print lead,Colombia,1989-10-30,Telcon,Memorandum of Telephone Conversation,"November 1, 1989",2,Colombian Request for Additional Economic,Latin American Affairs Directorate Subject Files,High / 78,"narcotics; debt and economy; presidential diplomacy","Verify the page image/OCR and decide whether this lead should be printed, used as annotation context, or ruled out against the anchor document.","Source: George H.W. Bush Library, Bush Presidential Records, National Security Council, Latin American Affairs Directorate Files, Subject File 1989, OA/ID CF00195, CF00195-007, Colombia - January 20, 1989-December 31, 1989 [1]. Access restriction: Restricted - Possibly. FOIA 2001-0434-F.",https://s3.us-east-1.amazonaws.com/NARAprodstorage/lz/presidential-libraries/bush/gb-nsc/321498139/1989-10-30--Barco.pdf,https://catalog.archives.gov/id/428080315,https://s3.dualstack.us-east-1.amazonaws.com/NARAprodstorage/lz/presidential-libraries/bush/gb-nsc/Latin_Amer_Aff_Dir_Files/Subject_376217847/41-bpr-nsc-lat_amer_dir-subj-cf00195-007.pdf#page=94,bush-library-428080315,subject-print-470766564-94-memorandum
77,High,Nearby high-priority print lead,Colombia,1989-10-30,Telcon,Memorandum of Telephone Conversation,"November 1, 1989",2,"Deputies Committee Meeting, Thursday,",Latin American Affairs Directorate Subject Files,High / 90,"Andean; drug; narcotics; presidential diplomacy","Verify the page image/OCR and decide whether this lead should be printed, used as annotation context, or ruled out against the anchor document.","Source: George H.W. Bush Library, Bush Presidential Records, National Security Council, Latin American Affairs Directorate Files, Subject File 1989, OA/ID CF00189, CF00189-002, Andean [Drug] Summit 1989 [1]. Access restriction: Restricted - Possibly. FOIA 2015-0017-S.",https://s3.us-east-1.amazonaws.com/NARAprodstorage/lz/presidential-libraries/bush/gb-nsc/321498139/1989-10-30--Barco.pdf,https://catalog.archives.gov/id/428080315,https://s3.dualstack.us-east-1.amazonaws.com/NARAprodstorage/lz/presidential-libraries/bush/gb-nsc/Latin_Amer_Aff_Dir_Files/Subject_376217847/41-bpr-nsc-lat_amer_dir-subj-cf00189-002.pdf#page=85,bush-library-428080315,subject-print-470766475-85-memorandum
78,High,Nearby high-priority print lead,Colombia,1989-10-30,Telcon,Memorandum of Telephone Conversation,"November 1, 1989",2,Summary of Main Points in the President’s,Latin American Directorate Chronological Files,High / 72,presidential diplomacy,"Verify the page image/OCR and decide whether this lead should be printed, used as annotation context, or ruled out against the anchor document.","Source: George H.W. Bush Library, Bush Presidential Records, National Security Council, Latin American Affairs Directorate Files, Chronological Files, OA/ID CF00303, CF00303-010, November 1, 1989-November 15, 1989 [2]. Access restriction: Restricted - Possibly. FOIA 2015-0017-S.",https://s3.us-east-1.amazonaws.com/NARAprodstorage/lz/presidential-libraries/bush/gb-nsc/321498139/1989-10-30--Barco.pdf,https://catalog.archives.gov/id/428080315,https://s3.dualstack.us-east-1.amazonaws.com/NARAprodstorage/lz/presidential-libraries/bush/gb-nsc/Latin_Amer_Aff_Dir_Files/Chronological_2197972/41-bpr-nsc-lat_amer_dir-chron-cf00303-010.pdf#page=89,bush-library-428080315,chronological-print-470766467-89-memorandum-of-conversation
79,High,Nearby high-priority print lead,Colombia,1989-10-30,Telcon,Memorandum of Telephone Conversation,"November 1, 1989",2,Summary of Main Points in the President’s,Latin American Affairs Directorate Subject Files,High / 72,presidential diplomacy,"Verify the page image/OCR and decide whether this lead should be printed, used as annotation context, or ruled out against the anchor document.","Source: George H.W. Bush Library, Bush Presidential Records, National Security Council, Latin American Affairs Directorate Files, Subject File 1989, OA/ID CF00195, CF00195-007, Colombia - January 20, 1989-December 31, 1989 [1]. Access restriction: Restricted - Possibly. FOIA 2001-0434-F.",https://s3.us-east-1.amazonaws.com/NARAprodstorage/lz/presidential-libraries/bush/gb-nsc/321498139/1989-10-30--Barco.pdf,https://catalog.archives.gov/id/428080315,https://s3.dualstack.us-east-1.amazonaws.com/NARAprodstorage/lz/presidential-libraries/bush/gb-nsc/Latin_Amer_Aff_Dir_Files/Subject_376217847/41-bpr-nsc-lat_amer_dir-subj-cf00195-007.pdf#page=89,bush-library-428080315,subject-print-470766564-89-memorandum-of-conversation
80,High,Nearby high-priority print lead,Colombia,1989-11-27,Telcon,Memorandum of Telephone Conversation,"November 28, 1989",1,Memorandum of Telephone Conversation with,Latin American Directorate Chronological Files,High / 72,presidential diplomacy,"Verify the page image/OCR and decide whether this lead should be printed, used as annotation context, or ruled out against the anchor document.","Source: George H.W. Bush Library, Bush Presidential Records, National Security Council, Latin American Affairs Directorate Files, Chronological Files, OA/ID CF00303, CF00303-011, November 16, 1989-November 30, 1989 [1]. Access restriction: Restricted - Possibly. FOIA 2015-0017-S.",https://s3.us-east-1.amazonaws.com/NARAprodstorage/lz/presidential-libraries/bush/gb-nsc/321498139/1989-11-27--Barco.pdf,https://catalog.archives.gov/id/428080357,https://s3.dualstack.us-east-1.amazonaws.com/NARAprodstorage/lz/presidential-libraries/bush/gb-nsc/Latin_Amer_Aff_Dir_Files/Chronological_2197972/41-bpr-nsc-lat_amer_dir-chron-cf00303-011.pdf#page=113,bush-library-428080357,chronological-print-470766468-113-memorandum-of-telephone-conversation
81,High,Nearby high-priority print lead,Colombia,1989-11-27,Telcon,Memorandum of Telephone Conversation,"November 28, 1989",1,Memorandum of Telephone Conversation with,Latin American Affairs Directorate Subject Files,High / 72,presidential diplomacy,"Verify the page image/OCR and decide whether this lead should be printed, used as annotation context, or ruled out against the anchor document.","Source: George H.W. Bush Library, Bush Presidential Records, National Security Council, Latin American Affairs Directorate Files, Subject File 1989, OA/ID CF00195, CF00195-007, Colombia - January 20, 1989-December 31, 1989 [1]. Access restriction: Restricted - Possibly. FOIA 2001-0434-F.",https://s3.us-east-1.amazonaws.com/NARAprodstorage/lz/presidential-libraries/bush/gb-nsc/321498139/1989-11-27--Barco.pdf,https://catalog.archives.gov/id/428080357,https://s3.dualstack.us-east-1.amazonaws.com/NARAprodstorage/lz/presidential-libraries/bush/gb-nsc/Latin_Amer_Aff_Dir_Files/Subject_376217847/41-bpr-nsc-lat_amer_dir-subj-cf00195-007.pdf#page=73,bush-library-428080357,subject-print-470766564-73-memorandum-of-telephone-conversation
82,High,Nearby high-priority print lead,Colombia,1989-12-20,Telcon,Memorandum of Telephone Conversation,"December 20, 1989",0,Telephone Conversation with President Barco,Latin American Directorate Chronological Files,High / 78,"presidential diplomacy; panama spillover","Verify the page image/OCR and decide whether this lead should be printed, used as annotation context, or ruled out against the anchor document.","Source: George H.W. Bush Library, Bush Presidential Records, National Security Council, Latin American Affairs Directorate Files, Chronological Files, OA/ID CF00303, CF00303-016, December 16, 1989-December 31, 1989 [2]. Access restriction: Restricted - Possibly. FOIA 2015-0017-S.",https://s3.us-east-1.amazonaws.com/NARAprodstorage/lz/presidential-libraries/bush/gb-nsc/321498139/1989-12-20--Barco.pdf,https://catalog.archives.gov/id/428080421,https://s3.dualstack.us-east-1.amazonaws.com/NARAprodstorage/lz/presidential-libraries/bush/gb-nsc/Latin_Amer_Aff_Dir_Files/Chronological_2197972/41-bpr-nsc-lat_amer_dir-chron-cf00303-016.pdf#page=22,bush-library-428080421,chronological-print-470766473-22-memorandum-of-telephone-conversation
83,High,Nearby high-priority print lead,Colombia,1989-12-20,Telcon,Memorandum of Telephone Conversation,"December 20, 1989",0,Telephone Conversation with President Barco,Latin American Affairs Directorate Subject Files,High / 78,"presidential diplomacy; panama spillover","Verify the page image/OCR and decide whether this lead should be printed, used as annotation context, or ruled out against the anchor document.","Source: George H.W. Bush Library, Bush Presidential Records, National Security Council, Latin American Affairs Directorate Files, Subject File 1989, OA/ID CF00195, CF00195-007, Colombia - January 20, 1989-December 31, 1989 [1]. Access restriction: Restricted - Possibly. FOIA 2001-0434-F.",https://s3.us-east-1.amazonaws.com/NARAprodstorage/lz/presidential-libraries/bush/gb-nsc/321498139/1989-12-20--Barco.pdf,https://catalog.archives.gov/id/428080421,https://s3.dualstack.us-east-1.amazonaws.com/NARAprodstorage/lz/presidential-libraries/bush/gb-nsc/Latin_Amer_Aff_Dir_Files/Subject_376217847/41-bpr-nsc-lat_amer_dir-subj-cf00195-007.pdf#page=39,bush-library-428080421,subject-print-470766564-39-memorandum-of-telephone-conversation
84,High,Nearby high-priority print lead,Colombia,1989-12-20,Telcon,Memorandum of Telephone Conversation,"December 21, 1989",1,Memorandum of Telephone Conversation with,Latin American Affairs Directorate Subject Files,High / 72,presidential diplomacy,"Verify the page image/OCR and decide whether this lead should be printed, used as annotation context, or ruled out against the anchor document.","Source: George H.W. Bush Library, Bush Presidential Records, National Security Council, Latin American Affairs Directorate Files, Subject File 1989, OA/ID CF00195, CF00195-007, Colombia - January 20, 1989-December 31, 1989 [1]. Access restriction: Restricted - Possibly. FOIA 2001-0434-F.",https://s3.us-east-1.amazonaws.com/NARAprodstorage/lz/presidential-libraries/bush/gb-nsc/321498139/1989-12-20--Barco.pdf,https://catalog.archives.gov/id/428080421,https://s3.dualstack.us-east-1.amazonaws.com/NARAprodstorage/lz/presidential-libraries/bush/gb-nsc/Latin_Amer_Aff_Dir_Files/Subject_376217847/41-bpr-nsc-lat_amer_dir-subj-cf00195-007.pdf#page=41,bush-library-428080421,subject-print-470766564-41-memorandum-of-telephone-conversation
85,High,Nearby high-priority print lead,Colombia,1989-12-20,Telcon,Memorandum of Telephone Conversation,"December 19, 1989",-1,Your Meeting with U.S. Ambassador to Colombia,Latin American Directorate Chronological Files,High / 90,"narcotics; presidential diplomacy","Verify the page image/OCR and decide whether this lead should be printed, used as annotation context, or ruled out against the anchor document.","Source: George H.W. Bush Library, Bush Presidential Records, National Security Council, Latin American Affairs Directorate Files, Chronological Files, OA/ID CF00303, CF00303-016, December 16, 1989-December 31, 1989 [2]. Access restriction: Restricted - Possibly. FOIA 2015-0017-S.",https://s3.us-east-1.amazonaws.com/NARAprodstorage/lz/presidential-libraries/bush/gb-nsc/321498139/1989-12-20--Barco.pdf,https://catalog.archives.gov/id/428080421,https://s3.dualstack.us-east-1.amazonaws.com/NARAprodstorage/lz/presidential-libraries/bush/gb-nsc/Latin_Amer_Aff_Dir_Files/Chronological_2197972/41-bpr-nsc-lat_amer_dir-chron-cf00303-016.pdf#page=82,bush-library-428080421,chronological-print-470766473-82-memorandum
86,High,Nearby high-priority print lead,Colombia,1989-12-20,Telcon,Memorandum of Telephone Conversation,"December 19, 1989",-1,Your Meeting with U.S. Ambassador to Colombia,Latin American Affairs Directorate Subject Files,High / 90,"narcotics; presidential diplomacy","Verify the page image/OCR and decide whether this lead should be printed, used as annotation context, or ruled out against the anchor document.","Source: George H.W. Bush Library, Bush Presidential Records, National Security Council, Latin American Affairs Directorate Files, Subject File 1989, OA/ID CF00195, CF00195-007, Colombia - January 20, 1989-December 31, 1989 [1]. Access restriction: Restricted - Possibly. FOIA 2001-0434-F.",https://s3.us-east-1.amazonaws.com/NARAprodstorage/lz/presidential-libraries/bush/gb-nsc/321498139/1989-12-20--Barco.pdf,https://catalog.archives.gov/id/428080421,https://s3.dualstack.us-east-1.amazonaws.com/NARAprodstorage/lz/presidential-libraries/bush/gb-nsc/Latin_Amer_Aff_Dir_Files/Subject_376217847/41-bpr-nsc-lat_amer_dir-subj-cf00195-007.pdf#page=43,bush-library-428080421,subject-print-470766564-43-memorandum
87,High,Nearby high-priority print lead,Colombia,1989-12-20,Telcon,Memorandum of Telephone Conversation,"December 18, 1989",-2,Appointment Request with the President,Latin American Affairs Directorate Subject Files,High / 90,"narcotics; presidential diplomacy","Verify the page image/OCR and decide whether this lead should be printed, used as annotation context, or ruled out against the anchor document.","Source: George H.W. Bush Library, Bush Presidential Records, National Security Council, Latin American Affairs Directorate Files, Subject File 1989, OA/ID CF00189, CF00189-012, Bolivia - January 20, 1989-December 31, 1989. Access restriction: Restricted - Possibly. FOIA 2015-0017-S.",https://s3.us-east-1.amazonaws.com/NARAprodstorage/lz/presidential-libraries/bush/gb-nsc/321498139/1989-12-20--Barco.pdf,https://catalog.archives.gov/id/428080421,https://s3.dualstack.us-east-1.amazonaws.com/NARAprodstorage/lz/presidential-libraries/bush/gb-nsc/Latin_Amer_Aff_Dir_Files/Subject_376217847/41-bpr-nsc-lat_amer_dir-subj-cf00189-012.pdf#page=12,bush-library-428080421,subject-print-470766485-12-memorandum
88,High,Nearby high-priority print lead,Guyana,1989-06-19,Memcon,Memorandum of Conversation,"June 19, 1989",0,Meeting with Guyanese President Hugh Desmond,Latin American Affairs Directorate Subject Files,High / 72,presidential diplomacy,"Verify the page image/OCR and decide whether this lead should be printed, used as annotation context, or ruled out against the anchor document.","Source: George H.W. Bush Library, Bush Presidential Records, National Security Council, Latin American Affairs Directorate Files, Subject File 1989, OA/ID CF00196, CF00196-013, Guyana - January 20, 1989-December 31, 1989. Access restriction: Restricted - Possibly. FOIA 2015-0017-S.",https://s3.us-east-1.amazonaws.com/NARAprodstorage/lz/presidential-libraries/bush/gb-nsc/321498039/1989-06-19--Hoyte.pdf,https://catalog.archives.gov/id/428080045,https://s3.dualstack.us-east-1.amazonaws.com/NARAprodstorage/lz/presidential-libraries/bush/gb-nsc/Latin_Amer_Aff_Dir_Files/Subject_376217847/41-bpr-nsc-lat_amer_dir-subj-cf00196-013.pdf#page=39,bush-library-428080045,subject-print-470766599-39-memorandum
89,High,Nearby high-priority print lead,Guyana,1989-06-19,Memcon,Memorandum of Conversation,"June 19, 1989",0,Memorandum of the President’s Conversation with,Latin American Directorate Chronological Files,High / 72,presidential diplomacy,"Verify the page image/OCR and decide whether this lead should be printed, used as annotation context, or ruled out against the anchor document.","Source: George H.W. Bush Library, Bush Presidential Records, National Security Council, Latin American Affairs Directorate Files, Chronological Files, OA/ID CF00301, CF00301-017, June 1, 1989-June 30, 1989 [2]. Access restriction: Restricted - Possibly. FOIA 2015-0017-S.",https://s3.us-east-1.amazonaws.com/NARAprodstorage/lz/presidential-libraries/bush/gb-nsc/321498039/1989-06-19--Hoyte.pdf,https://catalog.archives.gov/id/428080045,https://s3.dualstack.us-east-1.amazonaws.com/NARAprodstorage/lz/presidential-libraries/bush/gb-nsc/Latin_Amer_Aff_Dir_Files/Chronological_2197972/41-bpr-nsc-lat_amer_dir-chron-cf00301-017.pdf#page=92,bush-library-428080045,chronological-print-470766434-92-memorandum-of-conversation
90,High,Nearby high-priority print lead,Guyana,1989-06-19,Memcon,Memorandum of Conversation,"June 19, 1989",0,Memorandum of the President’s Conversation with,Latin American Directorate Chronological Files,High / 72,presidential diplomacy,"Verify the page image/OCR and decide whether this lead should be printed, used as annotation context, or ruled out against the anchor document.","Source: George H.W. Bush Library, Bush Presidential Records, National Security Council, Latin American Affairs Directorate Files, Chronological Files, OA/ID CF00301, CF00301-018, June 1, 1989-June 30, 1989 [3]. Access restriction: Restricted - Possibly. FOIA 2015-0017-S.",https://s3.us-east-1.amazonaws.com/NARAprodstorage/lz/presidential-libraries/bush/gb-nsc/321498039/1989-06-19--Hoyte.pdf,https://catalog.archives.gov/id/428080045,https://s3.dualstack.us-east-1.amazonaws.com/NARAprodstorage/lz/presidential-libraries/bush/gb-nsc/Latin_Amer_Aff_Dir_Files/Chronological_2197972/41-bpr-nsc-lat_amer_dir-chron-cf00301-018.pdf#page=26,bush-library-428080045,chronological-print-470766435-26-memorandum-of-conversation
91,High,Nearby high-priority print lead,Guyana,1989-06-19,Memcon,Memorandum of Conversation,"June 19, 1989",0,Memorandum of the President’s Conversation with,Latin American Affairs Directorate Subject Files,High / 72,presidential diplomacy,"Verify the page image/OCR and decide whether this lead should be printed, used as annotation context, or ruled out against the anchor document.","Source: George H.W. Bush Library, Bush Presidential Records, National Security Council, Latin American Affairs Directorate Files, Subject File 1989, OA/ID CF00196, CF00196-013, Guyana - January 20, 1989-December 31, 1989. Access restriction: Restricted - Possibly. FOIA 2015-0017-S.",https://s3.us-east-1.amazonaws.com/NARAprodstorage/lz/presidential-libraries/bush/gb-nsc/321498039/1989-06-19--Hoyte.pdf,https://catalog.archives.gov/id/428080045,https://s3.dualstack.us-east-1.amazonaws.com/NARAprodstorage/lz/presidential-libraries/bush/gb-nsc/Latin_Amer_Aff_Dir_Files/Subject_376217847/41-bpr-nsc-lat_amer_dir-subj-cf00196-013.pdf#page=18,bush-library-428080045,subject-print-470766599-18-memorandum-of-conversation
92,High,Nearby high-priority print lead,Guyana,1989-06-19,Memcon,Memorandum of Conversation,6/19/89,0,President's Meeting with Président Desmond Hoyte of Guyana (4,Latin American Directorate Chronological Files,High / 72,presidential diplomacy,"Verify the page image/OCR and decide whether this lead should be printed, used as annotation context, or ruled out against the anchor document.","Source: George H.W. Bush Library, Bush Presidential Records, National Security Council, Latin American Affairs Directorate Files, Chronological Files, OA/ID CF00301, CF00301-018, June 1, 1989-June 30, 1989 [3]. Access restriction: Restricted - Possibly. FOIA 2015-0017-S.",https://s3.us-east-1.amazonaws.com/NARAprodstorage/lz/presidential-libraries/bush/gb-nsc/321498039/1989-06-19--Hoyte.pdf,https://catalog.archives.gov/id/428080045,https://s3.dualstack.us-east-1.amazonaws.com/NARAprodstorage/lz/presidential-libraries/bush/gb-nsc/Latin_Amer_Aff_Dir_Files/Chronological_2197972/41-bpr-nsc-lat_amer_dir-chron-cf00301-018.pdf#page=3,bush-library-428080045,chronological-print-470766435-3-09
93,High,Nearby high-priority print lead,Guyana,1989-06-19,Memcon,Memorandum of Conversation,"June 19, 1989",0,The President’s Meeting with President,Latin American Directorate Chronological Files,High / 72,presidential diplomacy,"Verify the page image/OCR and decide whether this lead should be printed, used as annotation context, or ruled out against the anchor document.","Source: George H.W. Bush Library, Bush Presidential Records, National Security Council, Latin American Affairs Directorate Files, Chronological Files, OA/ID CF00301, CF00301-017, June 1, 1989-June 30, 1989 [2]. Access restriction: Restricted - Possibly. FOIA 2015-0017-S.",https://s3.us-east-1.amazonaws.com/NARAprodstorage/lz/presidential-libraries/bush/gb-nsc/321498039/1989-06-19--Hoyte.pdf,https://catalog.archives.gov/id/428080045,https://s3.dualstack.us-east-1.amazonaws.com/NARAprodstorage/lz/presidential-libraries/bush/gb-nsc/Latin_Amer_Aff_Dir_Files/Chronological_2197972/41-bpr-nsc-lat_amer_dir-chron-cf00301-017.pdf#page=93,bush-library-428080045,chronological-print-470766434-93-memorandum-of-conversation
94,High,Nearby high-priority print lead,Guyana,1989-06-19,Memcon,Memorandum of Conversation,"June 19, 1989",0,The President’s Meeting with President,Latin American Affairs Directorate Subject Files,High / 72,presidential diplomacy,"Verify the page image/OCR and decide whether this lead should be printed, used as annotation context, or ruled out against the anchor document.","Source: George H.W. Bush Library, Bush Presidential Records, National Security Council, Latin American Affairs Directorate Files, Subject File 1989, OA/ID CF00196, CF00196-013, Guyana - January 20, 1989-December 31, 1989. Access restriction: Restricted - Possibly. FOIA 2015-0017-S.",https://s3.us-east-1.amazonaws.com/NARAprodstorage/lz/presidential-libraries/bush/gb-nsc/321498039/1989-06-19--Hoyte.pdf,https://catalog.archives.gov/id/428080045,https://s3.dualstack.us-east-1.amazonaws.com/NARAprodstorage/lz/presidential-libraries/bush/gb-nsc/Latin_Amer_Aff_Dir_Files/Subject_376217847/41-bpr-nsc-lat_amer_dir-subj-cf00196-013.pdf#page=14,bush-library-428080045,subject-print-470766599-14-memorandum-of-conversation
95,High,Nearby high-priority print lead,Guyana,1989-06-19,Memcon,Memorandum of Conversation,"June 19, 1989",0,The President’s Meeting with President |,Latin American Directorate Chronological Files,High / 72,presidential diplomacy,"Verify the page image/OCR and decide whether this lead should be printed, used as annotation context, or ruled out against the anchor document.","Source: George H.W. Bush Library, Bush Presidential Records, National Security Council, Latin American Affairs Directorate Files, Chronological Files, OA/ID CF00301, CF00301-018, June 1, 1989-June 30, 1989 [3]. Access restriction: Restricted - Possibly. FOIA 2015-0017-S.",https://s3.us-east-1.amazonaws.com/NARAprodstorage/lz/presidential-libraries/bush/gb-nsc/321498039/1989-06-19--Hoyte.pdf,https://catalog.archives.gov/id/428080045,https://s3.dualstack.us-east-1.amazonaws.com/NARAprodstorage/lz/presidential-libraries/bush/gb-nsc/Latin_Amer_Aff_Dir_Files/Chronological_2197972/41-bpr-nsc-lat_amer_dir-chron-cf00301-018.pdf#page=27,bush-library-428080045,chronological-print-470766435-27-memorandum-of-conversation
96,High,Nearby high-priority print lead,Peru,1989-05-13,Telcon,Memorandum of Telephone Conversation,"May 15, 1989",2,Transmittal of the Memorandum of Conversation of,Latin American Directorate Chronological Files,High / 72,presidential diplomacy,"Verify the page image/OCR and decide whether this lead should be printed, used as annotation context, or ruled out against the anchor document.","Source: George H.W. Bush Library, Bush Presidential Records, National Security Council, Latin American Affairs Directorate Files, Chronological Files, OA/ID CF00301, CF00301-010, May 1, 1989-May 15, 1989 [1]. Access restriction: Restricted - Possibly. FOIA 2015-0017-S.",https://s3.us-east-1.amazonaws.com/NARAprodstorage/lz/presidential-libraries/bush/gb-nsc/321498139/1989-05-13--Garcia.pdf,https://catalog.archives.gov/id/428080015,https://s3.dualstack.us-east-1.amazonaws.com/NARAprodstorage/lz/presidential-libraries/bush/gb-nsc/Latin_Amer_Aff_Dir_Files/Chronological_2197972/41-bpr-nsc-lat_amer_dir-chron-cf00301-010.pdf#page=22,bush-library-428080015,chronological-print-470766427-22-memorandum-of-conversation
97,High,Nearby high-priority print lead,Uruguay,1989-05-13,Telcon,Memorandum of Telephone Conversation,"May 15, 1989",2,The President's Telephone Conversation with,Latin American Directorate Chronological Files,High / 72,presidential diplomacy,"Verify the page image/OCR and decide whether this lead should be printed, used as annotation context, or ruled out against the anchor document.","Source: George H.W. Bush Library, Bush Presidential Records, National Security Council, Latin American Affairs Directorate Files, Chronological Files, OA/ID CF00301, CF00301-010, May 1, 1989-May 15, 1989 [1]. Access restriction: Restricted - Possibly. FOIA 2015-0017-S.",https://s3.us-east-1.amazonaws.com/NARAprodstorage/lz/presidential-libraries/bush/gb-nsc/321498139/1989-05-13--Sanguinetti-2.pdf,https://catalog.archives.gov/id/428080019,https://s3.dualstack.us-east-1.amazonaws.com/NARAprodstorage/lz/presidential-libraries/bush/gb-nsc/Latin_Amer_Aff_Dir_Files/Chronological_2197972/41-bpr-nsc-lat_amer_dir-chron-cf00301-010.pdf#page=24,bush-library-428080019,chronological-print-470766427-24-memorandum
98,High,Nearby high-priority print lead,Uruguay,1989-05-13,Telcon,Memorandum of Telephone Conversation,"May 15, 1989",2,The President's Telephone Conversation with,Latin American Directorate Chronological Files,High / 72,presidential diplomacy,"Verify the page image/OCR and decide whether this lead should be printed, used as annotation context, or ruled out against the anchor document.","Source: George H.W. Bush Library, Bush Presidential Records, National Security Council, Latin American Affairs Directorate Files, Chronological Files, OA/ID CF00301, CF00301-010, May 1, 1989-May 15, 1989 [1]. Access restriction: Restricted - Possibly. FOIA 2015-0017-S.",https://s3.us-east-1.amazonaws.com/NARAprodstorage/lz/presidential-libraries/bush/gb-nsc/321498139/1989-05-13--Sanguinetti-1.pdf,https://catalog.archives.gov/id/428080017,https://s3.dualstack.us-east-1.amazonaws.com/NARAprodstorage/lz/presidential-libraries/bush/gb-nsc/Latin_Amer_Aff_Dir_Files/Chronological_2197972/41-bpr-nsc-lat_amer_dir-chron-cf00301-010.pdf#page=24,bush-library-428080017,chronological-print-470766427-24-memorandum
99,High,Nearby high-priority print lead,Uruguay,1989-05-13,Telcon,Memorandum of Telephone Conversation,"May 15, 1989",2,The President’s Telephone Conversation with,Latin American Affairs Directorate Subject Files,High / 72,presidential diplomacy,"Verify the page image/OCR and decide whether this lead should be printed, used as annotation context, or ruled out against the anchor document.","Source: George H.W. Bush Library, Bush Presidential Records, National Security Council, Latin American Affairs Directorate Files, Subject File 1989, OA/ID CF00193, CF00193-016, Uruguay - January 20, 1989-December 31, 1989. Access restriction: Restricted - Possibly. FOIA 2015-0017-S.",https://s3.us-east-1.amazonaws.com/NARAprodstorage/lz/presidential-libraries/bush/gb-nsc/321498139/1989-05-13--Sanguinetti-2.pdf,https://catalog.archives.gov/id/428080019,https://s3.dualstack.us-east-1.amazonaws.com/NARAprodstorage/lz/presidential-libraries/bush/gb-nsc/Latin_Amer_Aff_Dir_Files/Subject_376217847/41-bpr-nsc-lat_amer_dir-subj-cf00193-016.pdf#page=136,bush-library-428080019,subject-print-470766531-136-memorandum
100,High,Nearby high-priority print lead,Uruguay,1989-05-13,Telcon,Memorandum of Telephone Conversation,"May 15, 1989",2,The President’s Telephone Conversation with,Latin American Affairs Directorate Subject Files,High / 72,presidential diplomacy,"Verify the page image/OCR and decide whether this lead should be printed, used as annotation context, or ruled out against the anchor document.","Source: George H.W. Bush Library, Bush Presidential Records, National Security Council, Latin American Affairs Directorate Files, Subject File 1989, OA/ID CF00193, CF00193-016, Uruguay - January 20, 1989-December 31, 1989. Access restriction: Restricted - Possibly. FOIA 2015-0017-S.",https://s3.us-east-1.amazonaws.com/NARAprodstorage/lz/presidential-libraries/bush/gb-nsc/321498139/1989-05-13--Sanguinetti-1.pdf,https://catalog.archives.gov/id/428080017,https://s3.dualstack.us-east-1.amazonaws.com/NARAprodstorage/lz/presidential-libraries/bush/gb-nsc/Latin_Amer_Aff_Dir_Files/Subject_376217847/41-bpr-nsc-lat_amer_dir-subj-cf00193-016.pdf#page=136,bush-library-428080017,subject-print-470766531-136-memorandum
101,High,Nearby high-priority print lead,Uruguay,1989-05-13,Telcon,Memorandum of Telephone Conversation,"May 15, 1989",2,Transmittal of the Memorandum of Conversation of,Latin American Directorate Chronological Files,High / 72,presidential diplomacy,"Verify the page image/OCR and decide whether this lead should be printed, used as annotation context, or ruled out against the anchor document.","Source: George H.W. Bush Library, Bush Presidential Records, National Security Council, Latin American Affairs Directorate Files, Chronological Files, OA/ID CF00301, CF00301-010, May 1, 1989-May 15, 1989 [1]. Access restriction: Restricted - Possibly. FOIA 2015-0017-S.",https://s3.us-east-1.amazonaws.com/NARAprodstorage/lz/presidential-libraries/bush/gb-nsc/321498139/1989-05-13--Sanguinetti-2.pdf,https://catalog.archives.gov/id/428080019,https://s3.dualstack.us-east-1.amazonaws.com/NARAprodstorage/lz/presidential-libraries/bush/gb-nsc/Latin_Amer_Aff_Dir_Files/Chronological_2197972/41-bpr-nsc-lat_amer_dir-chron-cf00301-010.pdf#page=22,bush-library-428080019,chronological-print-470766427-22-memorandum-of-conversation
102,High,Nearby high-priority print lead,Uruguay,1989-05-13,Telcon,Memorandum of Telephone Conversation,"May 15, 1989",2,Transmittal of the Memorandum of Conversation of,Latin American Directorate Chronological Files,High / 72,presidential diplomacy,"Verify the page image/OCR and decide whether this lead should be printed, used as annotation context, or ruled out against the anchor document.","Source: George H.W. Bush Library, Bush Presidential Records, National Security Council, Latin American Affairs Directorate Files, Chronological Files, OA/ID CF00301, CF00301-010, May 1, 1989-May 15, 1989 [1]. Access restriction: Restricted - Possibly. FOIA 2015-0017-S.",https://s3.us-east-1.amazonaws.com/NARAprodstorage/lz/presidential-libraries/bush/gb-nsc/321498139/1989-05-13--Sanguinetti-1.pdf,https://catalog.archives.gov/id/428080017,https://s3.dualstack.us-east-1.amazonaws.com/NARAprodstorage/lz/presidential-libraries/bush/gb-nsc/Latin_Amer_Aff_Dir_Files/Chronological_2197972/41-bpr-nsc-lat_amer_dir-chron-cf00301-010.pdf#page=22,bush-library-428080017,chronological-print-470766427-22-memorandum-of-conversation
103,High,Nearby high-priority print lead,Uruguay,1989-09-15,Memcon,Memorandum of Conversation,"September 15, 1989",0,Meeting with Uruguayan President Julio Maria,Latin American Directorate Chronological Files,High / 72,presidential diplomacy,"Verify the page image/OCR and decide whether this lead should be printed, used as annotation context, or ruled out against the anchor document.","Source: George H.W. Bush Library, Bush Presidential Records, National Security Council, Latin American Affairs Directorate Files, Chronological Files, OA/ID CF00302, CF00302-020, September 16, 1989-September 30, 1989 [4]. Access restriction: Restricted - Possibly. FOIA 2015-0017-S.",https://s3.us-east-1.amazonaws.com/NARAprodstorage/lz/presidential-libraries/bush/gb-nsc/321498039/1989-09-15--Sanguinetti.pdf,https://catalog.archives.gov/id/428080181,https://s3.dualstack.us-east-1.amazonaws.com/NARAprodstorage/lz/presidential-libraries/bush/gb-nsc/Latin_Amer_Aff_Dir_Files/Chronological_2197972/41-bpr-nsc-lat_amer_dir-chron-cf00302-020.pdf#page=97,bush-library-428080181,chronological-print-470766457-97-memorandum-of-conversation
104,High,Nearby high-priority print lead,Uruguay,1989-09-15,Memcon,Memorandum of Conversation,"September 15, 1989",0,Presidential Meeting with Uruguayan President,Latin American Affairs Directorate Subject Files,High / 90,"debt and economy; presidential diplomacy; panama spillover","Verify the page image/OCR and decide whether this lead should be printed, used as annotation context, or ruled out against the anchor document.","Source: George H.W. Bush Library, Bush Presidential Records, National Security Council, Latin American Affairs Directorate Files, Subject File 1989, OA/ID CF00193, CF00193-016, Uruguay - January 20, 1989-December 31, 1989. Access restriction: Restricted - Possibly. FOIA 2015-0017-S.",https://s3.us-east-1.amazonaws.com/NARAprodstorage/lz/presidential-libraries/bush/gb-nsc/321498039/1989-09-15--Sanguinetti.pdf,https://catalog.archives.gov/id/428080181,https://s3.dualstack.us-east-1.amazonaws.com/NARAprodstorage/lz/presidential-libraries/bush/gb-nsc/Latin_Amer_Aff_Dir_Files/Subject_376217847/41-bpr-nsc-lat_amer_dir-subj-cf00193-016.pdf#page=97,bush-library-428080181,subject-print-470766531-97-memorandum
105,High,Nearby high-priority print lead,Uruguay,1989-09-15,Memcon,Memorandum of Conversation,"September 13, 1989",-2,Presidential Meeting with Uruguayan President,Latin American Directorate Chronological Files,High / 90,"narcotics; debt and economy; presidential diplomacy; panama spillover","Verify the page image/OCR and decide whether this lead should be printed, used as annotation context, or ruled out against the anchor document.","Source: George H.W. Bush Library, Bush Presidential Records, National Security Council, Latin American Affairs Directorate Files, Chronological Files, OA/ID CF00302, CF00302-015, September 1, 1989-September 15, 1989 [1]. Access restriction: Restricted - Possibly. FOIA 2015-0017-S.",https://s3.us-east-1.amazonaws.com/NARAprodstorage/lz/presidential-libraries/bush/gb-nsc/321498039/1989-09-15--Sanguinetti.pdf,https://catalog.archives.gov/id/428080181,https://s3.dualstack.us-east-1.amazonaws.com/NARAprodstorage/lz/presidential-libraries/bush/gb-nsc/Latin_Amer_Aff_Dir_Files/Chronological_2197972/41-bpr-nsc-lat_amer_dir-chron-cf00302-015.pdf#page=38,bush-library-428080181,chronological-print-470766452-38-memorandum
106,High,Nearby high-priority print lead,Uruguay,1989-09-15,Memcon,Memorandum of Conversation,"September 13, 1989",-2,Presidential Meeting with Uruguayan President,Latin American Affairs Directorate Subject Files,High / 90,"narcotics; debt and economy; presidential diplomacy; panama spillover","Verify the page image/OCR and decide whether this lead should be printed, used as annotation context, or ruled out against the anchor document.","Source: George H.W. Bush Library, Bush Presidential Records, National Security Council, Latin American Affairs Directorate Files, Subject File 1989, OA/ID CF00193, CF00193-016, Uruguay - January 20, 1989-December 31, 1989. Access restriction: Restricted - Possibly. FOIA 2015-0017-S.",https://s3.us-east-1.amazonaws.com/NARAprodstorage/lz/presidential-libraries/bush/gb-nsc/321498039/1989-09-15--Sanguinetti.pdf,https://catalog.archives.gov/id/428080181,https://s3.dualstack.us-east-1.amazonaws.com/NARAprodstorage/lz/presidential-libraries/bush/gb-nsc/Latin_Amer_Aff_Dir_Files/Subject_376217847/41-bpr-nsc-lat_amer_dir-subj-cf00193-016.pdf#page=72,bush-library-428080181,subject-print-470766531-72-memorandum
107,High,Nearby high-priority print lead,Uruguay,1989-09-15,Memcon,Memorandum of Conversation,"September 12, 1989",-3,Briefing Materials for the President's Meeting,Latin American Affairs Directorate Subject Files,High / 72,presidential diplomacy,"Verify the page image/OCR and decide whether this lead should be printed, used as annotation context, or ruled out against the anchor document.","Source: George H.W. Bush Library, Bush Presidential Records, National Security Council, Latin American Affairs Directorate Files, Subject File 1989, OA/ID CF00193, CF00193-016, Uruguay - January 20, 1989-December 31, 1989. Access restriction: Restricted - Possibly. FOIA 2015-0017-S.",https://s3.us-east-1.amazonaws.com/NARAprodstorage/lz/presidential-libraries/bush/gb-nsc/321498039/1989-09-15--Sanguinetti.pdf,https://catalog.archives.gov/id/428080181,https://s3.dualstack.us-east-1.amazonaws.com/NARAprodstorage/lz/presidential-libraries/bush/gb-nsc/Latin_Amer_Aff_Dir_Files/Subject_376217847/41-bpr-nsc-lat_amer_dir-subj-cf00193-016.pdf#page=96,bush-library-428080181,subject-print-470766531-96-memorandum
108,High,Nearby high-priority print lead,Uruguay,1989-09-15,Memcon,Memorandum of Conversation,"September 12, 1989",-3,Briefing Materials for the President's Meeting 1,Latin American Directorate Chronological Files,High / 72,presidential diplomacy,"Verify the page image/OCR and decide whether this lead should be printed, used as annotation context, or ruled out against the anchor document.","Source: George H.W. Bush Library, Bush Presidential Records, National Security Council, Latin American Affairs Directorate Files, Chronological Files, OA/ID CF00302, CF00302-015, September 1, 1989-September 15, 1989 [1]. Access restriction: Restricted - Possibly. FOIA 2015-0017-S.",https://s3.us-east-1.amazonaws.com/NARAprodstorage/lz/presidential-libraries/bush/gb-nsc/321498039/1989-09-15--Sanguinetti.pdf,https://catalog.archives.gov/id/428080181,https://s3.dualstack.us-east-1.amazonaws.com/NARAprodstorage/lz/presidential-libraries/bush/gb-nsc/Latin_Amer_Aff_Dir_Files/Chronological_2197972/41-bpr-nsc-lat_amer_dir-chron-cf00302-015.pdf#page=50,bush-library-428080181,chronological-print-470766452-50-memorandum
109,High,Nearby high-priority print lead,Uruguay,1989-09-15,Memcon,Memorandum of Conversation,"September 18, 1989",3,Memorandum of Conversation with Uruguayan,Latin American Directorate Chronological Files,High / 72,presidential diplomacy,"Verify the page image/OCR and decide whether this lead should be printed, used as annotation context, or ruled out against the anchor document.","Source: George H.W. Bush Library, Bush Presidential Records, National Security Council, Latin American Affairs Directorate Files, Chronological Files, OA/ID CF00302, CF00302-020, September 16, 1989-September 30, 1989 [4]. Access restriction: Restricted - Possibly. FOIA 2015-0017-S.",https://s3.us-east-1.amazonaws.com/NARAprodstorage/lz/presidential-libraries/bush/gb-nsc/321498039/1989-09-15--Sanguinetti.pdf,https://catalog.archives.gov/id/428080181,https://s3.dualstack.us-east-1.amazonaws.com/NARAprodstorage/lz/presidential-libraries/bush/gb-nsc/Latin_Amer_Aff_Dir_Files/Chronological_2197972/41-bpr-nsc-lat_amer_dir-chron-cf00302-020.pdf#page=95,bush-library-428080181,chronological-print-470766457-95-memorandum-of-conversation
110,High,Nearby high-priority print lead,Uruguay,1990-02-05,Memcon,Memorandum of Conversation,"February 2, 1990",-3,Briefing Materials for the President's Meeting with,Latin American Affairs Directorate Subject Files,High / 72,presidential diplomacy,"Verify the page image/OCR and decide whether this lead should be printed, used as annotation context, or ruled out against the anchor document.","Source: George H.W. Bush Library, Bush Presidential Records, National Security Council, Latin American Affairs Directorate Files, Subject File 1989, OA/ID CF00193, CF00193-016, Uruguay - January 20, 1989-December 31, 1989. Access restriction: Restricted - Possibly. FOIA 2015-0017-S.",https://s3.us-east-1.amazonaws.com/NARAprodstorage/lz/presidential-libraries/bush/gb-nsc/321498039/1990-02-05--Lacalle.pdf,https://catalog.archives.gov/id/428080481,https://s3.dualstack.us-east-1.amazonaws.com/NARAprodstorage/lz/presidential-libraries/bush/gb-nsc/Latin_Amer_Aff_Dir_Files/Subject_376217847/41-bpr-nsc-lat_amer_dir-subj-cf00193-016.pdf#page=20,bush-library-428080481,subject-print-470766531-20-memorandum
111,High,Nearby high-priority print lead,Uruguay,1990-02-05,Memcon,Memorandum of Conversation,"February 2, 1990",-3,President’s Meeting with President-Elect,Latin American Affairs Directorate Subject Files,High / 72,presidential diplomacy,"Verify the page image/OCR and decide whether this lead should be printed, used as annotation context, or ruled out against the anchor document.","Source: George H.W. Bush Library, Bush Presidential Records, National Security Council, Latin American Affairs Directorate Files, Subject File 1989, OA/ID CF00193, CF00193-016, Uruguay - January 20, 1989-December 31, 1989. Access restriction: Restricted - Possibly. FOIA 2015-0017-S.",https://s3.us-east-1.amazonaws.com/NARAprodstorage/lz/presidential-libraries/bush/gb-nsc/321498039/1990-02-05--Lacalle.pdf,https://catalog.archives.gov/id/428080481,https://s3.dualstack.us-east-1.amazonaws.com/NARAprodstorage/lz/presidential-libraries/bush/gb-nsc/Latin_Amer_Aff_Dir_Files/Subject_376217847/41-bpr-nsc-lat_amer_dir-subj-cf00193-016.pdf#page=9,bush-library-428080481,subject-print-470766531-9-memorandum
112,High,Nearby high-priority print lead,Venezuela,1989-01-24,Telcon,Memorandum of Telephone Conversation,"January 25, 1989",1,Memorandum of Conversation Between the President,Latin American Directorate Chronological Files,High / 72,presidential diplomacy,"Verify the page image/OCR and decide whether this lead should be printed, used as annotation context, or ruled out against the anchor document.","Source: George H.W. Bush Library, Bush Presidential Records, National Security Council, Latin American Affairs Directorate Files, Chronological Files, OA/ID CF00300, CF00300-003, January 20, 1989-February 1, 1989 [1]. Access restriction: Restricted - Possibly. FOIA 2015-0017-S.",https://s3.us-east-1.amazonaws.com/NARAprodstorage/lz/presidential-libraries/bush/gb-nsc/321498139/1989-01-24--Perez.pdf,https://catalog.archives.gov/id/428079799,https://s3.dualstack.us-east-1.amazonaws.com/NARAprodstorage/lz/presidential-libraries/bush/gb-nsc/Latin_Amer_Aff_Dir_Files/Chronological_2197972/41-bpr-nsc-lat_amer_dir-chron-cf00300-003.pdf#page=44,bush-library-428079799,chronological-print-470766404-44-memorandum-of-conversation
113,High,Nearby high-priority print lead,Venezuela,1989-01-24,Telcon,Memorandum of Telephone Conversation,"January 25, 1989",1,Memorandum of Conversation Between the President,Latin American Affairs Directorate Subject Files,High / 72,presidential diplomacy,"Verify the page image/OCR and decide whether this lead should be printed, used as annotation context, or ruled out against the anchor document.","Source: George H.W. Bush Library, Bush Presidential Records, National Security Council, Latin American Affairs Directorate Files, Subject File 1989, OA/ID CF00193, CF00193-019, Venezuela - January 20, 1989-December 31, 1989 [2]. Access restriction: Restricted - Possibly. FOIA 2009-0704-F.",https://s3.us-east-1.amazonaws.com/NARAprodstorage/lz/presidential-libraries/bush/gb-nsc/321498139/1989-01-24--Perez.pdf,https://catalog.archives.gov/id/428079799,https://s3.dualstack.us-east-1.amazonaws.com/NARAprodstorage/lz/presidential-libraries/bush/gb-nsc/Latin_Amer_Aff_Dir_Files/Subject_376217847/41-bpr-nsc-lat_amer_dir-subj-cf00193-019.pdf#page=136,bush-library-428079799,subject-print-470766534-136-memorandum-of-conversation
114,High,Nearby high-priority print lead,Venezuela,1989-03-03,Telcon,Memorandum of Telephone Conversation,"March 3, 1989",0,Additiondl Talking Points for Presidential Call,Latin American Directorate Chronological Files,High / 78,"democracy; presidential diplomacy; ussr/cuba","Verify the page image/OCR and decide whether this lead should be printed, used as annotation context, or ruled out against the anchor document.","Source: George H.W. Bush Library, Bush Presidential Records, National Security Council, Latin American Affairs Directorate Files, Chronological Files, OA/ID CF00300, CF00300-013, March 1, 1989-March 16, 1989 [4]. Access restriction: Restricted - Possibly. FOIA 2015-0017-S.",https://s3.us-east-1.amazonaws.com/NARAprodstorage/lz/presidential-libraries/bush/gb-nsc/321498139/1989-03-03--Perez.pdf,https://catalog.archives.gov/id/428079917,https://s3.dualstack.us-east-1.amazonaws.com/NARAprodstorage/lz/presidential-libraries/bush/gb-nsc/Latin_Amer_Aff_Dir_Files/Chronological_2197972/41-bpr-nsc-lat_amer_dir-chron-cf00300-013.pdf#page=41,bush-library-428079917,chronological-print-470766414-41-memorandum
115,High,Nearby high-priority print lead,Venezuela,1989-03-03,Telcon,Memorandum of Telephone Conversation,"March 3, 1989",0,Additiondl Talking Points for Presidential Call,Latin American Affairs Directorate Subject Files,High / 78,"democracy; presidential diplomacy; ussr/cuba","Verify the page image/OCR and decide whether this lead should be printed, used as annotation context, or ruled out against the anchor document.","Source: George H.W. Bush Library, Bush Presidential Records, National Security Council, Latin American Affairs Directorate Files, Subject File 1989, OA/ID CF00193, CF00193-019, Venezuela - January 20, 1989-December 31, 1989 [2]. Access restriction: Restricted - Possibly. FOIA 2009-0704-F.",https://s3.us-east-1.amazonaws.com/NARAprodstorage/lz/presidential-libraries/bush/gb-nsc/321498139/1989-03-03--Perez.pdf,https://catalog.archives.gov/id/428079917,https://s3.dualstack.us-east-1.amazonaws.com/NARAprodstorage/lz/presidential-libraries/bush/gb-nsc/Latin_Amer_Aff_Dir_Files/Subject_376217847/41-bpr-nsc-lat_amer_dir-subj-cf00193-019.pdf#page=118,bush-library-428079917,subject-print-470766534-118-memorandum
116,High,Nearby high-priority print lead,Venezuela,1989-03-03,Telcon,Memorandum of Telephone Conversation,"March 3, 1989",0,Instructions from the President to Convey to,Latin American Directorate Chronological Files,High / 72,presidential diplomacy,"Verify the page image/OCR and decide whether this lead should be printed, used as annotation context, or ruled out against the anchor document.","Source: George H.W. Bush Library, Bush Presidential Records, National Security Council, Latin American Affairs Directorate Files, Chronological Files, OA/ID CF00300, CF00300-013, March 1, 1989-March 16, 1989 [4]. Access restriction: Restricted - Possibly. FOIA 2015-0017-S.",https://s3.us-east-1.amazonaws.com/NARAprodstorage/lz/presidential-libraries/bush/gb-nsc/321498139/1989-03-03--Perez.pdf,https://catalog.archives.gov/id/428079917,https://s3.dualstack.us-east-1.amazonaws.com/NARAprodstorage/lz/presidential-libraries/bush/gb-nsc/Latin_Amer_Aff_Dir_Files/Chronological_2197972/41-bpr-nsc-lat_amer_dir-chron-cf00300-013.pdf#page=45,bush-library-428079917,chronological-print-470766414-45-memorandum-of-conversation
117,High,Nearby high-priority print lead,Venezuela,1989-03-03,Telcon,Memorandum of Telephone Conversation,"March 3, 1989",0,Instructions from the President to Convey to,Latin American Affairs Directorate Subject Files,High / 72,presidential diplomacy,"Verify the page image/OCR and decide whether this lead should be printed, used as annotation context, or ruled out against the anchor document.","Source: George H.W. Bush Library, Bush Presidential Records, National Security Council, Latin American Affairs Directorate Files, Subject File 1989, OA/ID CF00193, CF00193-019, Venezuela - January 20, 1989-December 31, 1989 [2]. Access restriction: Restricted - Possibly. FOIA 2009-0704-F.",https://s3.us-east-1.amazonaws.com/NARAprodstorage/lz/presidential-libraries/bush/gb-nsc/321498139/1989-03-03--Perez.pdf,https://catalog.archives.gov/id/428079917,https://s3.dualstack.us-east-1.amazonaws.com/NARAprodstorage/lz/presidential-libraries/bush/gb-nsc/Latin_Amer_Aff_Dir_Files/Subject_376217847/41-bpr-nsc-lat_amer_dir-subj-cf00193-019.pdf#page=108,bush-library-428079917,subject-print-470766534-108-memorandum-of-conversation
118,High,Nearby high-priority print lead,Venezuela,1989-03-03,Telcon,Memorandum of Telephone Conversation,"March 3, 1989",0,Memorandum of Conversation between the President,Latin American Affairs Directorate Subject Files,High / 72,presidential diplomacy,"Verify the page image/OCR and decide whether this lead should be printed, used as annotation context, or ruled out against the anchor document.","Source: George H.W. Bush Library, Bush Presidential Records, National Security Council, Latin American Affairs Directorate Files, Subject File 1989, OA/ID CF00193, CF00193-019, Venezuela - January 20, 1989-December 31, 1989 [2]. Access restriction: Restricted - Possibly. FOIA 2009-0704-F.",https://s3.us-east-1.amazonaws.com/NARAprodstorage/lz/presidential-libraries/bush/gb-nsc/321498139/1989-03-03--Perez.pdf,https://catalog.archives.gov/id/428079917,https://s3.dualstack.us-east-1.amazonaws.com/NARAprodstorage/lz/presidential-libraries/bush/gb-nsc/Latin_Amer_Aff_Dir_Files/Subject_376217847/41-bpr-nsc-lat_amer_dir-subj-cf00193-019.pdf#page=114,bush-library-428079917,subject-print-470766534-114-memorandum-of-conversation
119,High,Nearby high-priority print lead,Venezuela,1989-03-03,Telcon,Memorandum of Telephone Conversation,"March 3, 1989",0,Transmittal of Memorandum of Conversation to,Latin American Directorate Chronological Files,High / 72,"debt and economy; presidential diplomacy","Verify the page image/OCR and decide whether this lead should be printed, used as annotation context, or ruled out against the anchor document.","Source: George H.W. Bush Library, Bush Presidential Records, National Security Council, Latin American Affairs Directorate Files, Chronological Files, OA/ID CF00300, CF00300-013, March 1, 1989-March 16, 1989 [4]. Access restriction: Restricted - Possibly. FOIA 2015-0017-S.",https://s3.us-east-1.amazonaws.com/NARAprodstorage/lz/presidential-libraries/bush/gb-nsc/321498139/1989-03-03--Perez.pdf,https://catalog.archives.gov/id/428079917,https://s3.dualstack.us-east-1.amazonaws.com/NARAprodstorage/lz/presidential-libraries/bush/gb-nsc/Latin_Amer_Aff_Dir_Files/Chronological_2197972/41-bpr-nsc-lat_amer_dir-chron-cf00300-013.pdf#page=33,bush-library-428079917,chronological-print-470766414-33-memorandum-of-conversation
120,High,Nearby high-priority print lead,Venezuela,1989-03-03,Telcon,Memorandum of Telephone Conversation,"March 3, 1989",0,Transmittal to the State Department of the,Latin American Directorate Chronological Files,High / 72,presidential diplomacy,"Verify the page image/OCR and decide whether this lead should be printed, used as annotation context, or ruled out against the anchor document.","Source: George H.W. Bush Library, Bush Presidential Records, National Security Council, Latin American Affairs Directorate Files, Chronological Files, OA/ID CF00300, CF00300-013, March 1, 1989-March 16, 1989 [4]. Access restriction: Restricted - Possibly. FOIA 2015-0017-S.",https://s3.us-east-1.amazonaws.com/NARAprodstorage/lz/presidential-libraries/bush/gb-nsc/321498139/1989-03-03--Perez.pdf,https://catalog.archives.gov/id/428079917,https://s3.dualstack.us-east-1.amazonaws.com/NARAprodstorage/lz/presidential-libraries/bush/gb-nsc/Latin_Amer_Aff_Dir_Files/Chronological_2197972/41-bpr-nsc-lat_amer_dir-chron-cf00300-013.pdf#page=44,bush-library-428079917,chronological-print-470766414-44-memorandum-of-conversation
121,High,Nearby high-priority print lead,Venezuela,1989-03-03,Telcon,Memorandum of Telephone Conversation,"March 3, 1989",0,Transmittal to the State Department of the,Latin American Affairs Directorate Subject Files,High / 72,presidential diplomacy,"Verify the page image/OCR and decide whether this lead should be printed, used as annotation context, or ruled out against the anchor document.","Source: George H.W. Bush Library, Bush Presidential Records, National Security Council, Latin American Affairs Directorate Files, Subject File 1989, OA/ID CF00193, CF00193-019, Venezuela - January 20, 1989-December 31, 1989 [2]. Access restriction: Restricted - Possibly. FOIA 2009-0704-F.",https://s3.us-east-1.amazonaws.com/NARAprodstorage/lz/presidential-libraries/bush/gb-nsc/321498139/1989-03-03--Perez.pdf,https://catalog.archives.gov/id/428079917,https://s3.dualstack.us-east-1.amazonaws.com/NARAprodstorage/lz/presidential-libraries/bush/gb-nsc/Latin_Amer_Aff_Dir_Files/Subject_376217847/41-bpr-nsc-lat_amer_dir-subj-cf00193-019.pdf#page=113,bush-library-428079917,subject-print-470766534-113-memorandum-of-conversation
122,High,Nearby high-priority print lead,Venezuela,1989-04-01,Memcon,Memorandum of Conversation,"April 1, 1989",0,Meeting with President Carlos Andres Perez of,Latin American Directorate Chronological Files,High / 72,"debt and economy; presidential diplomacy","Verify the page image/OCR and decide whether this lead should be printed, used as annotation context, or ruled out against the anchor document.","Source: George H.W. Bush Library, Bush Presidential Records, National Security Council, Latin American Affairs Directorate Files, Chronological Files, OA/ID CF00301, CF00301-003, April 1, 1989-April 15, 1989 [3]. Access restriction: Restricted - Possibly. FOIA 2015-0017-S.",https://s3.us-east-1.amazonaws.com/NARAprodstorage/lz/presidential-libraries/bush/gb-nsc/321498039/1989-04-01--Perez.pdf,https://catalog.archives.gov/id/428079937,https://s3.dualstack.us-east-1.amazonaws.com/NARAprodstorage/lz/presidential-libraries/bush/gb-nsc/Latin_Amer_Aff_Dir_Files/Chronological_2197972/41-bpr-nsc-lat_amer_dir-chron-cf00301-003.pdf#page=31,bush-library-428079937,chronological-print-470766420-31-memorandum-of-conversation
123,High,Nearby high-priority print lead,Venezuela,1989-04-01,Memcon,Memorandum of Conversation,"April 1, 1989",0,Meeting with President Carlos Andres Perez of,Latin American Affairs Directorate Subject Files,High / 72,"debt and economy; presidential diplomacy","Verify the page image/OCR and decide whether this lead should be printed, used as annotation context, or ruled out against the anchor document.","Source: George H.W. Bush Library, Bush Presidential Records, National Security Council, Latin American Affairs Directorate Files, Subject File 1989, OA/ID CF00193, CF00193-019, Venezuela - January 20, 1989-December 31, 1989 [2]. Access restriction: Restricted - Possibly. FOIA 2009-0704-F.",https://s3.us-east-1.amazonaws.com/NARAprodstorage/lz/presidential-libraries/bush/gb-nsc/321498039/1989-04-01--Perez.pdf,https://catalog.archives.gov/id/428079937,https://s3.dualstack.us-east-1.amazonaws.com/NARAprodstorage/lz/presidential-libraries/bush/gb-nsc/Latin_Amer_Aff_Dir_Files/Subject_376217847/41-bpr-nsc-lat_amer_dir-subj-cf00193-019.pdf#page=41,bush-library-428079937,subject-print-470766534-41-memorandum-of-conversation
124,High,Nearby high-priority print lead,Venezuela,1989-04-01,Memcon,Memorandum of Conversation,"April 1, 1989",0,Meeting with President Carlos Perez of,Latin American Directorate Chronological Files,High / 72,"debt and economy; presidential diplomacy","Verify the page image/OCR and decide whether this lead should be printed, used as annotation context, or ruled out against the anchor document.","Source: George H.W. Bush Library, Bush Presidential Records, National Security Council, Latin American Affairs Directorate Files, Chronological Files, OA/ID CF00301, CF00301-003, April 1, 1989-April 15, 1989 [3]. Access restriction: Restricted - Possibly. FOIA 2015-0017-S.",https://s3.us-east-1.amazonaws.com/NARAprodstorage/lz/presidential-libraries/bush/gb-nsc/321498039/1989-04-01--Perez.pdf,https://catalog.archives.gov/id/428079937,https://s3.dualstack.us-east-1.amazonaws.com/NARAprodstorage/lz/presidential-libraries/bush/gb-nsc/Latin_Amer_Aff_Dir_Files/Chronological_2197972/41-bpr-nsc-lat_amer_dir-chron-cf00301-003.pdf#page=22,bush-library-428079937,chronological-print-470766420-22-memorandum-of-conversation
125,High,Nearby high-priority print lead,Venezuela,1989-04-01,Memcon,Memorandum of Conversation,"April 1, 1989",0,Meeting with President Carlos Perez of,Latin American Directorate Chronological Files,High / 72,"debt and economy; presidential diplomacy","Verify the page image/OCR and decide whether this lead should be printed, used as annotation context, or ruled out against the anchor document.","Source: George H.W. Bush Library, Bush Presidential Records, National Security Council, Latin American Affairs Directorate Files, Chronological Files, OA/ID CF00301, CF00301-004, April 16, 1989-April 30, 1989 [1]. Access restriction: Restricted - Possibly. FOIA 2015-0017-S.",https://s3.us-east-1.amazonaws.com/NARAprodstorage/lz/presidential-libraries/bush/gb-nsc/321498039/1989-04-01--Perez.pdf,https://catalog.archives.gov/id/428079937,https://s3.dualstack.us-east-1.amazonaws.com/NARAprodstorage/lz/presidential-libraries/bush/gb-nsc/Latin_Amer_Aff_Dir_Files/Chronological_2197972/41-bpr-nsc-lat_amer_dir-chron-cf00301-004.pdf#page=76,bush-library-428079937,chronological-print-470766421-76-memorandum-of-conversation
126,High,Nearby high-priority print lead,Venezuela,1989-04-01,Memcon,Memorandum of Conversation,"April 1, 1989",0,Meeting with President Carlos Perez of,Latin American Affairs Directorate Subject Files,High / 72,"debt and economy; presidential diplomacy","Verify the page image/OCR and decide whether this lead should be printed, used as annotation context, or ruled out against the anchor document.","Source: George H.W. Bush Library, Bush Presidential Records, National Security Council, Latin American Affairs Directorate Files, Subject File 1989, OA/ID CF00193, CF00193-019, Venezuela - January 20, 1989-December 31, 1989 [2]. Access restriction: Restricted - Possibly. FOIA 2009-0704-F.",https://s3.us-east-1.amazonaws.com/NARAprodstorage/lz/presidential-libraries/bush/gb-nsc/321498039/1989-04-01--Perez.pdf,https://catalog.archives.gov/id/428079937,https://s3.dualstack.us-east-1.amazonaws.com/NARAprodstorage/lz/presidential-libraries/bush/gb-nsc/Latin_Amer_Aff_Dir_Files/Subject_376217847/41-bpr-nsc-lat_amer_dir-subj-cf00193-019.pdf#page=20,bush-library-428079937,subject-print-470766534-20-memorandum-of-conversation
127,High,Nearby high-priority print lead,Venezuela,1989-04-01,Memcon,Memorandum of Conversation,"April 1, 1989",0,Transmittal of Memcon to the Department of,Latin American Directorate Chronological Files,High / 72,presidential diplomacy,"Verify the page image/OCR and decide whether this lead should be printed, used as annotation context, or ruled out against the anchor document.","Source: George H.W. Bush Library, Bush Presidential Records, National Security Council, Latin American Affairs Directorate Files, Chronological Files, OA/ID CF00301, CF00301-003, April 1, 1989-April 15, 1989 [3]. Access restriction: Restricted - Possibly. FOIA 2015-0017-S.",https://s3.us-east-1.amazonaws.com/NARAprodstorage/lz/presidential-libraries/bush/gb-nsc/321498039/1989-04-01--Perez.pdf,https://catalog.archives.gov/id/428079937,https://s3.dualstack.us-east-1.amazonaws.com/NARAprodstorage/lz/presidential-libraries/bush/gb-nsc/Latin_Amer_Aff_Dir_Files/Chronological_2197972/41-bpr-nsc-lat_amer_dir-chron-cf00301-003.pdf#page=21,bush-library-428079937,chronological-print-470766420-21-memorandum-of-conversation
128,High,Nearby high-priority print lead,Venezuela,1989-04-01,Memcon,Memorandum of Conversation,"March 30, 1989",-2,Guest List for Presidential Breakfast with,Latin American Directorate Chronological Files,High / 72,presidential diplomacy,"Verify the page image/OCR and decide whether this lead should be printed, used as annotation context, or ruled out against the anchor document.","Source: George H.W. Bush Library, Bush Presidential Records, National Security Council, Latin American Affairs Directorate Files, Chronological Files, OA/ID CF00300, CF00300-014, March 17, 1989-March 31, 1989 [1]. Access restriction: Restricted - Possibly. FOIA 2015-0017-S.",https://s3.us-east-1.amazonaws.com/NARAprodstorage/lz/presidential-libraries/bush/gb-nsc/321498039/1989-04-01--Perez.pdf,https://catalog.archives.gov/id/428079937,https://s3.dualstack.us-east-1.amazonaws.com/NARAprodstorage/lz/presidential-libraries/bush/gb-nsc/Latin_Amer_Aff_Dir_Files/Chronological_2197972/41-bpr-nsc-lat_amer_dir-chron-cf00300-014.pdf#page=19,bush-library-428079937,chronological-print-470766415-19-memorandum
129,High,Nearby high-priority print lead,Venezuela,1989-04-01,Memcon,Memorandum of Conversation,"April 4, 1989",3,Transmittal of Memcon to the Department of,Latin American Directorate Chronological Files,High / 72,presidential diplomacy,"Verify the page image/OCR and decide whether this lead should be printed, used as annotation context, or ruled out against the anchor document.","Source: George H.W. Bush Library, Bush Presidential Records, National Security Council, Latin American Affairs Directorate Files, Chronological Files, OA/ID CF00301, CF00301-003, April 1, 1989-April 15, 1989 [3]. Access restriction: Restricted - Possibly. FOIA 2015-0017-S.",https://s3.us-east-1.amazonaws.com/NARAprodstorage/lz/presidential-libraries/bush/gb-nsc/321498039/1989-04-01--Perez.pdf,https://catalog.archives.gov/id/428079937,https://s3.dualstack.us-east-1.amazonaws.com/NARAprodstorage/lz/presidential-libraries/bush/gb-nsc/Latin_Amer_Aff_Dir_Files/Chronological_2197972/41-bpr-nsc-lat_amer_dir-chron-cf00301-003.pdf#page=20,bush-library-428079937,chronological-print-470766420-20-memorandum-of-conversation
130,High,Nearby high-priority print lead,Venezuela,1989-05-10,Telcon,Memorandum of Telephone Conversation,"May 10, 1989",0,Telephone Call with Carlos Andres Perez of,Latin American Directorate Chronological Files,High / 78,"presidential diplomacy; panama spillover","Verify the page image/OCR and decide whether this lead should be printed, used as annotation context, or ruled out against the anchor document.","Source: George H.W. Bush Library, Bush Presidential Records, National Security Council, Latin American Affairs Directorate Files, Chronological Files, OA/ID CF00301, CF00301-010, May 1, 1989-May 15, 1989 [1]. Access restriction: Restricted - Possibly. FOIA 2015-0017-S.",https://s3.us-east-1.amazonaws.com/NARAprodstorage/lz/presidential-libraries/bush/gb-nsc/321498139/1989-05-10--Perez.pdf,https://catalog.archives.gov/id/428080003,https://s3.dualstack.us-east-1.amazonaws.com/NARAprodstorage/lz/presidential-libraries/bush/gb-nsc/Latin_Amer_Aff_Dir_Files/Chronological_2197972/41-bpr-nsc-lat_amer_dir-chron-cf00301-010.pdf#page=58,bush-library-428080003,chronological-print-470766427-58-memorandum-of-conversation
131,High,Nearby high-priority print lead,Venezuela,1989-06-23,Telcon,Memorandum of Telephone Conversation,"June 23, 1989",0,The President’s Telephone Conversation with,Latin American Affairs Directorate Subject Files,High / 72,presidential diplomacy,"Verify the page image/OCR and decide whether this lead should be printed, used as annotation context, or ruled out against the anchor document.","Source: George H.W. Bush Library, Bush Presidential Records, National Security Council, Latin American Affairs Directorate Files, Subject File 1989, OA/ID CF00193, CF00193-018, Venezuela - January 20, 1989-December 31, 1989 [1]. Access restriction: Restricted - Possibly. FOIA 2009-0704-F.",https://s3.us-east-1.amazonaws.com/NARAprodstorage/lz/presidential-libraries/bush/gb-nsc/321498139/1989-06-23--Perez.pdf,https://catalog.archives.gov/id/428080073,https://s3.dualstack.us-east-1.amazonaws.com/NARAprodstorage/lz/presidential-libraries/bush/gb-nsc/Latin_Amer_Aff_Dir_Files/Subject_376217847/41-bpr-nsc-lat_amer_dir-subj-cf00193-018.pdf#page=126,bush-library-428080073,subject-print-470766533-126-memorandum-of-telephone-conversation
132,High,Nearby high-priority print lead,Venezuela,1989-06-23,Telcon,Memorandum of Telephone Conversation,"June 22, 1989",-1,Proposed Telephone Call by the President to,Latin American Directorate Chronological Files,High / 78,"debt and economy; presidential diplomacy; panama spillover","Verify the page image/OCR and decide whether this lead should be printed, used as annotation context, or ruled out against the anchor document.","Source: George H.W. Bush Library, Bush Presidential Records, National Security Council, Latin American Affairs Directorate Files, Chronological Files, OA/ID CF00301, CF00301-017, June 1, 1989-June 30, 1989 [2]. Access restriction: Restricted - Possibly. FOIA 2015-0017-S.",https://s3.us-east-1.amazonaws.com/NARAprodstorage/lz/presidential-libraries/bush/gb-nsc/321498139/1989-06-23--Perez.pdf,https://catalog.archives.gov/id/428080073,https://s3.dualstack.us-east-1.amazonaws.com/NARAprodstorage/lz/presidential-libraries/bush/gb-nsc/Latin_Amer_Aff_Dir_Files/Chronological_2197972/41-bpr-nsc-lat_amer_dir-chron-cf00301-017.pdf#page=63,bush-library-428080073,chronological-print-470766434-63-memorandum
133,High,Nearby high-priority print lead,Venezuela,1989-06-23,Telcon,Memorandum of Telephone Conversation,"June 22, 1989",-1,Proposed Telephone Call by the President to,Latin American Affairs Directorate Subject Files,High / 78,"debt and economy; presidential diplomacy; panama spillover","Verify the page image/OCR and decide whether this lead should be printed, used as annotation context, or ruled out against the anchor document.","Source: George H.W. Bush Library, Bush Presidential Records, National Security Council, Latin American Affairs Directorate Files, Subject File 1989, OA/ID CF00193, CF00193-018, Venezuela - January 20, 1989-December 31, 1989 [1]. Access restriction: Restricted - Possibly. FOIA 2009-0704-F.",https://s3.us-east-1.amazonaws.com/NARAprodstorage/lz/presidential-libraries/bush/gb-nsc/321498139/1989-06-23--Perez.pdf,https://catalog.archives.gov/id/428080073,https://s3.dualstack.us-east-1.amazonaws.com/NARAprodstorage/lz/presidential-libraries/bush/gb-nsc/Latin_Amer_Aff_Dir_Files/Subject_376217847/41-bpr-nsc-lat_amer_dir-subj-cf00193-018.pdf#page=134,bush-library-428080073,subject-print-470766533-134-memorandum
134,High,Nearby high-priority print lead,Venezuela,1989-06-23,Telcon,Memorandum of Telephone Conversation,"June 21, 1989",-2,Nicaragua -- Recommendation that President,Latin American Directorate Chronological Files,High / 90,"presidential diplomacy; regional policy; panama spillover","Verify the page image/OCR and decide whether this lead should be printed, used as annotation context, or ruled out against the anchor document.","Source: George H.W. Bush Library, Bush Presidential Records, National Security Council, Latin American Affairs Directorate Files, Chronological Files, OA/ID CF00301, CF00301-017, June 1, 1989-June 30, 1989 [2]. Access restriction: Restricted - Possibly. FOIA 2015-0017-S.",https://s3.us-east-1.amazonaws.com/NARAprodstorage/lz/presidential-libraries/bush/gb-nsc/321498139/1989-06-23--Perez.pdf,https://catalog.archives.gov/id/428080073,https://s3.dualstack.us-east-1.amazonaws.com/NARAprodstorage/lz/presidential-libraries/bush/gb-nsc/Latin_Amer_Aff_Dir_Files/Chronological_2197972/41-bpr-nsc-lat_amer_dir-chron-cf00301-017.pdf#page=71,bush-library-428080073,chronological-print-470766434-71-memorandum
135,High,Nearby high-priority print lead,Venezuela,1989-06-23,Telcon,Memorandum of Telephone Conversation,"June 21, 1989",-2,Nicaragua -- Recommendation that President,Latin American Affairs Directorate Subject Files,High / 90,"presidential diplomacy; regional policy; panama spillover","Verify the page image/OCR and decide whether this lead should be printed, used as annotation context, or ruled out against the anchor document.","Source: George H.W. Bush Library, Bush Presidential Records, National Security Council, Latin American Affairs Directorate Files, Subject File 1989, OA/ID CF00193, CF00193-018, Venezuela - January 20, 1989-December 31, 1989 [1]. Access restriction: Restricted - Possibly. FOIA 2009-0704-F.",https://s3.us-east-1.amazonaws.com/NARAprodstorage/lz/presidential-libraries/bush/gb-nsc/321498139/1989-06-23--Perez.pdf,https://catalog.archives.gov/id/428080073,https://s3.dualstack.us-east-1.amazonaws.com/NARAprodstorage/lz/presidential-libraries/bush/gb-nsc/Latin_Amer_Aff_Dir_Files/Subject_376217847/41-bpr-nsc-lat_amer_dir-subj-cf00193-018.pdf#page=136,bush-library-428080073,subject-print-470766533-136-memorandum
136,High,Nearby high-priority print lead,Venezuela,1989-08-22,Telcon,Memorandum of Telephone Conversation,"August 22, 1989",0,Message from President to Prime Minister Manley,Latin American Directorate Chronological Files,High / 72,"presidential diplomacy; regional policy; panama spillover","Verify the page image/OCR and decide whether this lead should be printed, used as annotation context, or ruled out against the anchor document.","Source: George H.W. Bush Library, Bush Presidential Records, National Security Council, Latin American Affairs Directorate Files, Chronological Files, OA/ID CF00302, CF00302-012, August 16, 1989-August 31, 1989 [2]. Access restriction: Restricted - Possibly. FOIA 2015-0017-S.",https://s3.us-east-1.amazonaws.com/NARAprodstorage/lz/presidential-libraries/bush/gb-nsc/321498139/1989-08-22--Perez.pdf,https://catalog.archives.gov/id/428080211,https://s3.dualstack.us-east-1.amazonaws.com/NARAprodstorage/lz/presidential-libraries/bush/gb-nsc/Latin_Amer_Aff_Dir_Files/Chronological_2197972/41-bpr-nsc-lat_amer_dir-chron-cf00302-012.pdf#page=76,bush-library-428080211,chronological-print-470766449-76-memorandum
137,High,Nearby high-priority print lead,Venezuela,1989-08-22,Telcon,Memorandum of Telephone Conversation,"August 22, 1989",0,Talking Points for Telephone Conversations with,Latin American Directorate Chronological Files,High / 72,"presidential diplomacy; regional policy","Verify the page image/OCR and decide whether this lead should be printed, used as annotation context, or ruled out against the anchor document.","Source: George H.W. Bush Library, Bush Presidential Records, National Security Council, Latin American Affairs Directorate Files, Chronological Files, OA/ID CF00302, CF00302-012, August 16, 1989-August 31, 1989 [2]. Access restriction: Restricted - Possibly. FOIA 2015-0017-S.",https://s3.us-east-1.amazonaws.com/NARAprodstorage/lz/presidential-libraries/bush/gb-nsc/321498139/1989-08-22--Perez.pdf,https://catalog.archives.gov/id/428080211,https://s3.dualstack.us-east-1.amazonaws.com/NARAprodstorage/lz/presidential-libraries/bush/gb-nsc/Latin_Amer_Aff_Dir_Files/Chronological_2197972/41-bpr-nsc-lat_amer_dir-chron-cf00302-012.pdf#page=67,bush-library-428080211,chronological-print-470766449-67-memorandum
138,High,Nearby high-priority print lead,Venezuela,1989-08-22,Telcon,Memorandum of Telephone Conversation,"August 22, 1989",0,Telephone Calls to President Carlos Andres Perez,Latin American Directorate Chronological Files,High / 72,"presidential diplomacy; regional policy","Verify the page image/OCR and decide whether this lead should be printed, used as annotation context, or ruled out against the anchor document.","Source: George H.W. Bush Library, Bush Presidential Records, National Security Council, Latin American Affairs Directorate Files, Chronological Files, OA/ID CF00302, CF00302-012, August 16, 1989-August 31, 1989 [2]. Access restriction: Restricted - Possibly. FOIA 2015-0017-S.",https://s3.us-east-1.amazonaws.com/NARAprodstorage/lz/presidential-libraries/bush/gb-nsc/321498139/1989-08-22--Perez.pdf,https://catalog.archives.gov/id/428080211,https://s3.dualstack.us-east-1.amazonaws.com/NARAprodstorage/lz/presidential-libraries/bush/gb-nsc/Latin_Amer_Aff_Dir_Files/Chronological_2197972/41-bpr-nsc-lat_amer_dir-chron-cf00302-012.pdf#page=68,bush-library-428080211,chronological-print-470766449-68-memorandum
139,High,Nearby high-priority print lead,Venezuela,1989-08-22,Telcon,Memorandum of Telephone Conversation,"August 22, 1989",0,Telephone Conversation with Carlos,Latin American Directorate Chronological Files,High / 78,"democracy; presidential diplomacy; panama spillover","Verify the page image/OCR and decide whether this lead should be printed, used as annotation context, or ruled out against the anchor document.","Source: George H.W. Bush Library, Bush Presidential Records, National Security Council, Latin American Affairs Directorate Files, Chronological Files, OA/ID CF00302, CF00302-012, August 16, 1989-August 31, 1989 [2]. Access restriction: Restricted - Possibly. FOIA 2015-0017-S.",https://s3.us-east-1.amazonaws.com/NARAprodstorage/lz/presidential-libraries/bush/gb-nsc/321498139/1989-08-22--Perez.pdf,https://catalog.archives.gov/id/428080211,https://s3.dualstack.us-east-1.amazonaws.com/NARAprodstorage/lz/presidential-libraries/bush/gb-nsc/Latin_Amer_Aff_Dir_Files/Chronological_2197972/41-bpr-nsc-lat_amer_dir-chron-cf00302-012.pdf#page=55,bush-library-428080211,chronological-print-470766449-55-memorandum-of-telephone-conversation
140,High,Nearby high-priority print lead,Venezuela,1989-08-22,Telcon,Memorandum of Telephone Conversation,"August 22, 1989",0,Telephone Conversation with Carlos,Latin American Affairs Directorate Subject Files,High / 78,"presidential diplomacy; panama spillover","Verify the page image/OCR and decide whether this lead should be printed, used as annotation context, or ruled out against the anchor document.","Source: George H.W. Bush Library, Bush Presidential Records, National Security Council, Latin American Affairs Directorate Files, Subject File 1989, OA/ID CF00193, CF00193-018, Venezuela - January 20, 1989-December 31, 1989 [1]. Access restriction: Restricted - Possibly. FOIA 2009-0704-F.",https://s3.us-east-1.amazonaws.com/NARAprodstorage/lz/presidential-libraries/bush/gb-nsc/321498139/1989-08-22--Perez.pdf,https://catalog.archives.gov/id/428080211,https://s3.dualstack.us-east-1.amazonaws.com/NARAprodstorage/lz/presidential-libraries/bush/gb-nsc/Latin_Amer_Aff_Dir_Files/Subject_376217847/41-bpr-nsc-lat_amer_dir-subj-cf00193-018.pdf#page=64,bush-library-428080211,subject-print-470766533-64-memorandum-of-telephone-conversation
141,High,Nearby high-priority print lead,Venezuela,1989-09-25,Memcon,Memorandum of Conversation,"September 25, 1989",0,Meeting with Venezuelan President Carlos,Latin American Directorate Chronological Files,High / 72,"presidential diplomacy; regional policy","Verify the page image/OCR and decide whether this lead should be printed, used as annotation context, or ruled out against the anchor document.","Source: George H.W. Bush Library, Bush Presidential Records, National Security Council, Latin American Affairs Directorate Files, Chronological Files, OA/ID CF00303, CF00303-006, October 16, 1989-October 31, 1989 [3]. Access restriction: Restricted - Possibly. FOIA 2015-0017-S.",https://s3.us-east-1.amazonaws.com/NARAprodstorage/lz/presidential-libraries/bush/gb-nsc/321498039/1989-09-25--Perez.pdf,https://catalog.archives.gov/id/428080229,https://s3.dualstack.us-east-1.amazonaws.com/NARAprodstorage/lz/presidential-libraries/bush/gb-nsc/Latin_Amer_Aff_Dir_Files/Chronological_2197972/41-bpr-nsc-lat_amer_dir-chron-cf00303-006.pdf#page=7,bush-library-428080229,chronological-print-470766463-7-memorandum-of-conversation
142,High,Nearby high-priority print lead,Venezuela,1989-09-25,Memcon,Memorandum of Conversation,"September 25, 1989",0,Meeting with Venezuelan President Carlos,Latin American Affairs Directorate Subject Files,High / 72,"presidential diplomacy; regional policy","Verify the page image/OCR and decide whether this lead should be printed, used as annotation context, or ruled out against the anchor document.","Source: George H.W. Bush Library, Bush Presidential Records, National Security Council, Latin American Affairs Directorate Files, Subject File 1989, OA/ID CF00193, CF00193-018, Venezuela - January 20, 1989-December 31, 1989 [1]. Access restriction: Restricted - Possibly. FOIA 2009-0704-F.",https://s3.us-east-1.amazonaws.com/NARAprodstorage/lz/presidential-libraries/bush/gb-nsc/321498039/1989-09-25--Perez.pdf,https://catalog.archives.gov/id/428080229,https://s3.dualstack.us-east-1.amazonaws.com/NARAprodstorage/lz/presidential-libraries/bush/gb-nsc/Latin_Amer_Aff_Dir_Files/Subject_376217847/41-bpr-nsc-lat_amer_dir-subj-cf00193-018.pdf#page=25,bush-library-428080229,subject-print-470766533-25-memorandum-of-conversation
143,High,Nearby high-priority print lead,Venezuela,1989-11-01,Telcon,Memorandum of Telephone Conversation,"November 1, 1989",0,Memorandum of Telephone Conversation with,Latin American Directorate Chronological Files,High / 72,presidential diplomacy,"Verify the page image/OCR and decide whether this lead should be printed, used as annotation context, or ruled out against the anchor document.","Source: George H.W. Bush Library, Bush Presidential Records, National Security Council, Latin American Affairs Directorate Files, Chronological Files, OA/ID CF00303, CF00303-010, November 1, 1989-November 15, 1989 [2]. Access restriction: Restricted - Possibly. FOIA 2015-0017-S.",https://s3.us-east-1.amazonaws.com/NARAprodstorage/lz/presidential-libraries/bush/gb-nsc/321498139/1989-11-01--Perez.pdf,https://catalog.archives.gov/id/428080319,https://s3.dualstack.us-east-1.amazonaws.com/NARAprodstorage/lz/presidential-libraries/bush/gb-nsc/Latin_Amer_Aff_Dir_Files/Chronological_2197972/41-bpr-nsc-lat_amer_dir-chron-cf00303-010.pdf#page=91,bush-library-428080319,chronological-print-470766467-91-memorandum-of-telephone-conversation
144,High,Nearby high-priority print lead,Venezuela,1989-11-01,Telcon,Memorandum of Telephone Conversation,"November 1, 1989",0,Telephone Conversation with Venezuelan,Latin American Directorate Chronological Files,High / 72,presidential diplomacy,"Verify the page image/OCR and decide whether this lead should be printed, used as annotation context, or ruled out against the anchor document.","Source: George H.W. Bush Library, Bush Presidential Records, National Security Council, Latin American Affairs Directorate Files, Chronological Files, OA/ID CF00303, CF00303-010, November 1, 1989-November 15, 1989 [2]. Access restriction: Restricted - Possibly. FOIA 2015-0017-S.",https://s3.us-east-1.amazonaws.com/NARAprodstorage/lz/presidential-libraries/bush/gb-nsc/321498139/1989-11-01--Perez.pdf,https://catalog.archives.gov/id/428080319,https://s3.dualstack.us-east-1.amazonaws.com/NARAprodstorage/lz/presidential-libraries/bush/gb-nsc/Latin_Amer_Aff_Dir_Files/Chronological_2197972/41-bpr-nsc-lat_amer_dir-chron-cf00303-010.pdf#page=92,bush-library-428080319,chronological-print-470766467-92-memorandum-of-telephone-conversation
145,High,Nearby high-priority print lead,Venezuela,1989-11-01,Telcon,Memorandum of Telephone Conversation,"November 1, 1989",0,Telephone Conversation with Venezuelan,Latin American Affairs Directorate Subject Files,High / 72,presidential diplomacy,"Verify the page image/OCR and decide whether this lead should be printed, used as annotation context, or ruled out against the anchor document.","Source: George H.W. Bush Library, Bush Presidential Records, National Security Council, Latin American Affairs Directorate Files, Subject File 1989, OA/ID CF00193, CF00193-018, Venezuela - January 20, 1989-December 31, 1989 [1]. Access restriction: Restricted - Possibly. FOIA 2009-0704-F.",https://s3.us-east-1.amazonaws.com/NARAprodstorage/lz/presidential-libraries/bush/gb-nsc/321498139/1989-11-01--Perez.pdf,https://catalog.archives.gov/id/428080319,https://s3.dualstack.us-east-1.amazonaws.com/NARAprodstorage/lz/presidential-libraries/bush/gb-nsc/Latin_Amer_Aff_Dir_Files/Subject_376217847/41-bpr-nsc-lat_amer_dir-subj-cf00193-018.pdf#page=16,bush-library-428080319,subject-print-470766533-16-memorandum-of-telephone-conversation
146,High,Nearby high-priority print lead,Venezuela,1989-11-01,Telcon,Memorandum of Telephone Conversation,"November 3, 1989",2,Memorandum of Telephone Conversation with,Latin American Directorate Chronological Files,High / 72,presidential diplomacy,"Verify the page image/OCR and decide whether this lead should be printed, used as annotation context, or ruled out against the anchor document.","Source: George H.W. Bush Library, Bush Presidential Records, National Security Council, Latin American Affairs Directorate Files, Chronological Files, OA/ID CF00303, CF00303-010, November 1, 1989-November 15, 1989 [2]. Access restriction: Restricted - Possibly. FOIA 2015-0017-S.",https://s3.us-east-1.amazonaws.com/NARAprodstorage/lz/presidential-libraries/bush/gb-nsc/321498139/1989-11-01--Perez.pdf,https://catalog.archives.gov/id/428080319,https://s3.dualstack.us-east-1.amazonaws.com/NARAprodstorage/lz/presidential-libraries/bush/gb-nsc/Latin_Amer_Aff_Dir_Files/Chronological_2197972/41-bpr-nsc-lat_amer_dir-chron-cf00303-010.pdf#page=65,bush-library-428080319,chronological-print-470766467-65-memorandum-of-telephone-conversation
147,High,Nearby high-priority print lead,Venezuela,1989-11-01,Telcon,Memorandum of Telephone Conversation,"November 3, 1989",2,Memorandum of Telephone Conversation with,Latin American Affairs Directorate Subject Files,High / 72,presidential diplomacy,"Verify the page image/OCR and decide whether this lead should be printed, used as annotation context, or ruled out against the anchor document.","Source: George H.W. Bush Library, Bush Presidential Records, National Security Council, Latin American Affairs Directorate Files, Subject File 1989, OA/ID CF00193, CF00193-018, Venezuela - January 20, 1989-December 31, 1989 [1]. Access restriction: Restricted - Possibly. FOIA 2009-0704-F.",https://s3.us-east-1.amazonaws.com/NARAprodstorage/lz/presidential-libraries/bush/gb-nsc/321498139/1989-11-01--Perez.pdf,https://catalog.archives.gov/id/428080319,https://s3.dualstack.us-east-1.amazonaws.com/NARAprodstorage/lz/presidential-libraries/bush/gb-nsc/Latin_Amer_Aff_Dir_Files/Subject_376217847/41-bpr-nsc-lat_amer_dir-subj-cf00193-018.pdf#page=18,bush-library-428080319,subject-print-470766533-18-memorandum-of-telephone-conversation
148,High,Nearby high-priority print lead,Venezuela,1989-12-20,Telcon,Memorandum of Telephone Conversation,"December 21, 1989",1,Memorandum of Telephone Conversation with,Latin American Affairs Directorate Subject Files,High / 72,presidential diplomacy,"Verify the page image/OCR and decide whether this lead should be printed, used as annotation context, or ruled out against the anchor document.","Source: George H.W. Bush Library, Bush Presidential Records, National Security Council, Latin American Affairs Directorate Files, Subject File 1989, OA/ID CF00193, CF00193-018, Venezuela - January 20, 1989-December 31, 1989 [1]. Access restriction: Restricted - Possibly. FOIA 2009-0704-F.",https://s3.us-east-1.amazonaws.com/NARAprodstorage/lz/presidential-libraries/bush/gb-nsc/321498139/1989-12-20--Perez.pdf,https://catalog.archives.gov/id/428080461,https://s3.dualstack.us-east-1.amazonaws.com/NARAprodstorage/lz/presidential-libraries/bush/gb-nsc/Latin_Amer_Aff_Dir_Files/Subject_376217847/41-bpr-nsc-lat_amer_dir-subj-cf00193-018.pdf#page=7,bush-library-428080461,subject-print-470766533-7-memorandum-of-telephone-conversation
149,Medium,Daily Diary/backup timing support,Argentina,1989-01-23,Telcon,Memorandum of Telephone Conversation,1989-01-23,0,[Presidential Daily Backup] 1/23/1989,Presidential Daily Backup,Restricted - Possibly,"Latin America; South America; Argentina; Bush Library Memcons and Telcons; Telcon","Use to confirm timing, call/meeting status, participants, or backup packet context for a possible source note or editorial note.","Source: George H.W. Bush Library, Bush Presidential Records, White House Office of Appointments and Scheduling Files, Presidential Daily Diary and Presidential Daily Backup Materials, [Presidential Daily Backup] 1/23/1989. Access restriction: Restricted - Possibly.",https://s3.us-east-1.amazonaws.com/NARAprodstorage/lz/presidential-libraries/bush/gb-nsc/321498139/1989-01-23--Alfonsin.pdf,https://catalog.archives.gov/id/428079775,https://s3.amazonaws.com/NARAprodstorage/lz/presidential-libraries/bush/gb-whasf/Presidential_Daily_Diary_186322/1989/41-bpr-apts_sch-dd-01_23_89-12789-008_415889605.pdf,bush-library-428079775,415889605
150,Medium,Daily Diary/backup timing support,Argentina,1989-05-13,Telcon,Memorandum of Telephone Conversation,1989-05-13,0,[Presidential Daily Backup] 5/13/1989,Presidential Daily Backup,Restricted - Possibly,"Latin America; South America; Argentina; Bush Library Memcons and Telcons; Telcon","Use to confirm timing, call/meeting status, participants, or backup packet context for a possible source note or editorial note.","Source: George H.W. Bush Library, Bush Presidential Records, White House Office of Appointments and Scheduling Files, Presidential Daily Diary and Presidential Daily Backup Materials, [Presidential Daily Backup] 5/13/1989. Access restriction: Restricted - Possibly.",https://s3.us-east-1.amazonaws.com/NARAprodstorage/lz/presidential-libraries/bush/gb-nsc/321498139/1989-05-13--Alfonsin.pdf,https://catalog.archives.gov/id/428080013,https://s3.amazonaws.com/NARAprodstorage/lz/presidential-libraries/bush/gb-whasf/Presidential_Daily_Diary_186322/1989/41-bpr-apts_sch-dd-05_13_89-12796-024_415889825.pdf,bush-library-428080013,415889825
151,Medium,Daily Diary/backup timing support,Argentina,1989-05-13,Telcon,Memorandum of Telephone Conversation,1989-05-13,0,[Presidential Daily Diary] 5/13/1989,Presidential Daily Diary,Restricted - Possibly,"Latin America; South America; Argentina; Bush Library Memcons and Telcons; Telcon","Use to confirm timing, call/meeting status, participants, or backup packet context for a possible source note or editorial note.","Source: George H.W. Bush Library, Bush Presidential Records, White House Office of Appointments and Scheduling Files, Presidential Daily Diary and Presidential Daily Backup Materials, [Presidential Daily Diary] 5/13/1989. Access restriction: Restricted - Possibly.",https://s3.us-east-1.amazonaws.com/NARAprodstorage/lz/presidential-libraries/bush/gb-nsc/321498139/1989-05-13--Alfonsin.pdf,https://catalog.archives.gov/id/428080013,https://s3.amazonaws.com/NARAprodstorage/lz/presidential-libraries/bush/gb-whasf/Presidential_Daily_Diary_186322/1989/41-bpr-apts_sch-dd-05_13_89-12796-023_415889824.pdf,bush-library-428080013,415889824
152,Medium,Nearby high-priority print lead,Argentina,1989-05-13,Telcon,Memorandum of Telephone Conversation,"May 8, 1989",-5,PCC Meeting on Argentina,Latin American Affairs Directorate Subject Files,High / 90,"democracy; presidential diplomacy","Verify the page image/OCR and decide whether this lead should be printed, used as annotation context, or ruled out against the anchor document.","Source: George H.W. Bush Library, Bush Presidential Records, National Security Council, Latin American Affairs Directorate Files, Subject File 1989, OA/ID CF00189, CF00189-008, Argentina - January 20, 1989-December 31, 1989 [4]. Access restriction: Restricted - Possibly. FOIA 2015-0017-S.",https://s3.us-east-1.amazonaws.com/NARAprodstorage/lz/presidential-libraries/bush/gb-nsc/321498139/1989-05-13--Alfonsin.pdf,https://catalog.archives.gov/id/428080013,https://s3.dualstack.us-east-1.amazonaws.com/NARAprodstorage/lz/presidential-libraries/bush/gb-nsc/Latin_Amer_Aff_Dir_Files/Subject_376217847/41-bpr-nsc-lat_amer_dir-subj-cf00189-008.pdf#page=31,bush-library-428080013,subject-print-470766481-31-memorandum
153,Medium,Nearby high-priority print lead,Argentina,1989-05-13,Telcon,Memorandum of Telephone Conversation,"May 23, 1989",10,Appointment request for Ambassador to Argentina,Latin American Directorate Chronological Files,High / 72,"democracy; presidential diplomacy","Verify the page image/OCR and decide whether this lead should be printed, used as annotation context, or ruled out against the anchor document.","Source: George H.W. Bush Library, Bush Presidential Records, National Security Council, Latin American Affairs Directorate Files, Chronological Files, OA/ID CF00301, CF00301-013, May 16, 1989-May 30, 1989 [1]. Access restriction: Restricted - Possibly. FOIA 2015-0017-S.",https://s3.us-east-1.amazonaws.com/NARAprodstorage/lz/presidential-libraries/bush/gb-nsc/321498139/1989-05-13--Alfonsin.pdf,https://catalog.archives.gov/id/428080013,https://s3.dualstack.us-east-1.amazonaws.com/NARAprodstorage/lz/presidential-libraries/bush/gb-nsc/Latin_Amer_Aff_Dir_Files/Chronological_2197972/41-bpr-nsc-lat_amer_dir-chron-cf00301-013.pdf#page=41,bush-library-428080013,chronological-print-470766430-41-memorandum
154,Medium,Nearby high-priority print lead,Argentina,1989-05-13,Telcon,Memorandum of Telephone Conversation,"May 23, 1989",10,Appointment request for Ambassador to Argentina,Latin American Affairs Directorate Subject Files,High / 72,"democracy; presidential diplomacy","Verify the page image/OCR and decide whether this lead should be printed, used as annotation context, or ruled out against the anchor document.","Source: George H.W. Bush Library, Bush Presidential Records, National Security Council, Latin American Affairs Directorate Files, Subject File 1989, OA/ID CF00189, CF00189-008, Argentina - January 20, 1989-December 31, 1989 [4]. Access restriction: Restricted - Possibly. FOIA 2015-0017-S.",https://s3.us-east-1.amazonaws.com/NARAprodstorage/lz/presidential-libraries/bush/gb-nsc/321498139/1989-05-13--Alfonsin.pdf,https://catalog.archives.gov/id/428080013,https://s3.dualstack.us-east-1.amazonaws.com/NARAprodstorage/lz/presidential-libraries/bush/gb-nsc/Latin_Amer_Aff_Dir_Files/Subject_376217847/41-bpr-nsc-lat_amer_dir-subj-cf00189-008.pdf#page=20,bush-library-428080013,subject-print-470766481-20-memorandum
155,Medium,Nearby high-priority print lead,Argentina,1989-05-13,Telcon,Memorandum of Telephone Conversation,"May 3, 1989",-10,PCC Meeting on Managing Issues and Relations:,Latin American Affairs Directorate Subject Files,High / 72,"debt and economy; presidential diplomacy","Verify the page image/OCR and decide whether this lead should be printed, used as annotation context, or ruled out against the anchor document.","Source: George H.W. Bush Library, Bush Presidential Records, National Security Council, Latin American Affairs Directorate Files, Subject File 1989, OA/ID CF00189, CF00189-008, Argentina - January 20, 1989-December 31, 1989 [4]. Access restriction: Restricted - Possibly. FOIA 2015-0017-S.",https://s3.us-east-1.amazonaws.com/NARAprodstorage/lz/presidential-libraries/bush/gb-nsc/321498139/1989-05-13--Alfonsin.pdf,https://catalog.archives.gov/id/428080013,https://s3.dualstack.us-east-1.amazonaws.com/NARAprodstorage/lz/presidential-libraries/bush/gb-nsc/Latin_Amer_Aff_Dir_Files/Subject_376217847/41-bpr-nsc-lat_amer_dir-subj-cf00189-008.pdf#page=23,bush-library-428080013,subject-print-470766481-23-memorandum
156,Medium,Daily Diary/backup timing support,Argentina,1989-09-27,Memcon,Memorandum of Conversation,1989-09-27,0,[Presidential Daily Backup] 9/27/1989,Presidential Daily Backup,Restricted - Possibly,"Latin America; South America; Argentina; Brent Scowcroft Papers; Head-of-state memcons and telcons","Use to confirm timing, call/meeting status, participants, or backup packet context for a possible source note or editorial note.","Source: George H.W. Bush Library, Bush Presidential Records, White House Office of Appointments and Scheduling Files, Presidential Daily Diary and Presidential Daily Backup Materials, [Presidential Daily Backup] 9/27/1989. Access restriction: Restricted - Possibly.",documents/argentina/1989-09-27-bush-carlos-saul-menem-memcon-91107-005-p100-scowcroft.pdf,https://catalog.archives.gov/id/366551664,https://s3.amazonaws.com/NARAprodstorage/lz/presidential-libraries/bush/gb-whasf/Presidential_Daily_Diary_186322/1989/41-bpr-apts_sch-dd-09_27_89-12806-020_415890099.pdf,scowcroft-366551664-100-carlos-saul-menem-memcon,415890099
157,Medium,Daily Diary/backup timing support,Argentina,1989-09-27,Memcon,Memorandum of Conversation,1989-09-27,0,[Presidential Daily Backup] 9/27/1989,Presidential Daily Backup,Restricted - Possibly,"Latin America; South America; Argentina; Bush Library Memcons and Telcons; Memcon","Use to confirm timing, call/meeting status, participants, or backup packet context for a possible source note or editorial note.","Source: George H.W. Bush Library, Bush Presidential Records, White House Office of Appointments and Scheduling Files, Presidential Daily Diary and Presidential Daily Backup Materials, [Presidential Daily Backup] 9/27/1989. Access restriction: Restricted - Possibly.",https://s3.us-east-1.amazonaws.com/NARAprodstorage/lz/presidential-libraries/bush/gb-nsc/321498039/1989-09-27--Menem.pdf,https://catalog.archives.gov/id/428080237,https://s3.amazonaws.com/NARAprodstorage/lz/presidential-libraries/bush/gb-whasf/Presidential_Daily_Diary_186322/1989/41-bpr-apts_sch-dd-09_27_89-12806-020_415890099.pdf,bush-library-428080237,415890099
158,Medium,Nearby public statement,Argentina,1989-09-27,Memcon,Memorandum of Conversation,1989-09-27,0,Statement by Press Secretary Fitzwater on President Bush's Meeting With President Carlos Saul Menem of Argentina,Public Papers of the Presidents,Statement,Argentina,"Compare the public line with the private conversation; use for annotation when it explains public posture, timing, or follow-up.","Source: Public Papers of the Presidents of the United States: George H. W. Bush, 1989, Book II, September 27, 1989, ""Statement by Press Secretary Fitzwater on President Bush's Meeting With President Carlos Saul Menem of Argentina"", pp. 1267-1271. GovInfo, Government Publishing Office.",documents/argentina/1989-09-27-bush-carlos-saul-menem-memcon-91107-005-p100-scowcroft.pdf,https://catalog.archives.gov/id/366551664,https://www.govinfo.gov/content/pkg/PPP-1989-book2/pdf/PPP-1989-book2.pdf#page=401,scowcroft-366551664-100-carlos-saul-menem-memcon,govinfo-ppp-1989-book2-401-statement-by-press-secretary-fitzwater-on-president-bush-s-meeting-with-president-carlos-saul-menem-of-argentina
159,Medium,Nearby public statement,Argentina,1989-09-27,Memcon,Memorandum of Conversation,1989-09-27,0,Statement by Press Secretary Fitzwater on President Bush's Meeting With President Carlos Saul Menem of Argentina,Public Papers of the Presidents,Statement,Argentina,"Compare the public line with the private conversation; use for annotation when it explains public posture, timing, or follow-up.","Source: Public Papers of the Presidents of the United States: George H. W. Bush, 1989, Book II, September 27, 1989, ""Statement by Press Secretary Fitzwater on President Bush's Meeting With President Carlos Saul Menem of Argentina"", pp. 1267-1271. GovInfo, Government Publishing Office.",https://s3.us-east-1.amazonaws.com/NARAprodstorage/lz/presidential-libraries/bush/gb-nsc/321498039/1989-09-27--Menem.pdf,https://catalog.archives.gov/id/428080237,https://www.govinfo.gov/content/pkg/PPP-1989-book2/pdf/PPP-1989-book2.pdf#page=401,bush-library-428080237,govinfo-ppp-1989-book2-401-statement-by-press-secretary-fitzwater-on-president-bush-s-meeting-with-president-carlos-saul-menem-of-argentina
160,Medium,Daily Diary/backup timing support,Argentina,1989-12-20,Telcon,Memorandum of Telephone Conversation,1989-12-20,0,[Presidential Daily Backup] 12/20/1989,Presidential Daily Backup,Restricted - Possibly,"Latin America; South America; Argentina; Bush Library Memcons and Telcons; Telcon","Use to confirm timing, call/meeting status, participants, or backup packet context for a possible source note or editorial note.","Source: George H.W. Bush Library, Bush Presidential Records, White House Office of Appointments and Scheduling Files, Presidential Daily Diary and Presidential Daily Backup Materials, [Presidential Daily Backup] 12/20/1989. Access restriction: Restricted - Possibly.",https://s3.us-east-1.amazonaws.com/NARAprodstorage/lz/presidential-libraries/bush/gb-nsc/321498139/1989-12-20--Menem.pdf,https://catalog.archives.gov/id/428080455,https://s3.amazonaws.com/NARAprodstorage/lz/presidential-libraries/bush/gb-whasf/Presidential_Daily_Diary_186322/1989/41-bpr-apts_sch-dd-12_20_89-12813-022_415890267.pdf,bush-library-428080455,415890267
161,Medium,Nearby high-priority print lead,Argentina,1989-12-20,Telcon,Memorandum of Telephone Conversation,"December 15, 1989",-5,"Meeting with Argentine Ambassador Guido di Tella,",Latin American Directorate Chronological Files,High / 72,presidential diplomacy,"Verify the page image/OCR and decide whether this lead should be printed, used as annotation context, or ruled out against the anchor document.","Source: George H.W. Bush Library, Bush Presidential Records, National Security Council, Latin American Affairs Directorate Files, Chronological Files, OA/ID CF00303, CF00303-013, December 1, 1989-December 15, 1989 [1]. Access restriction: Restricted - Possibly. FOIA 2015-0017-S.",https://s3.us-east-1.amazonaws.com/NARAprodstorage/lz/presidential-libraries/bush/gb-nsc/321498139/1989-12-20--Menem.pdf,https://catalog.archives.gov/id/428080455,https://s3.dualstack.us-east-1.amazonaws.com/NARAprodstorage/lz/presidential-libraries/bush/gb-nsc/Latin_Amer_Aff_Dir_Files/Chronological_2197972/41-bpr-nsc-lat_amer_dir-chron-cf00303-013.pdf#page=21,bush-library-428080455,chronological-print-470766470-21-memorandum
162,Medium,Nearby high-priority print lead,Argentina,1989-12-20,Telcon,Memorandum of Telephone Conversation,"December 15, 1989",-5,"Meeting with Argentine Ambassador Guido di Tella,",Latin American Affairs Directorate Subject Files,High / 72,presidential diplomacy,"Verify the page image/OCR and decide whether this lead should be printed, used as annotation context, or ruled out against the anchor document.","Source: George H.W. Bush Library, Bush Presidential Records, National Security Council, Latin American Affairs Directorate Files, Subject File 1989, OA/ID CF00189, CF00189-005, Argentina - January 20, 1989-December 31, 1989 [1]. Access restriction: Restricted - Possibly. FOIA 2015-0017-S.",https://s3.us-east-1.amazonaws.com/NARAprodstorage/lz/presidential-libraries/bush/gb-nsc/321498139/1989-12-20--Menem.pdf,https://catalog.archives.gov/id/428080455,https://s3.dualstack.us-east-1.amazonaws.com/NARAprodstorage/lz/presidential-libraries/bush/gb-nsc/Latin_Amer_Aff_Dir_Files/Subject_376217847/41-bpr-nsc-lat_amer_dir-subj-cf00189-005.pdf#page=23,bush-library-428080455,subject-print-470766478-23-memorandum
163,Medium,Daily Diary/backup timing support,Argentina,1990-03-01,Telcon,Memorandum of a Telephone Conversation,1990-03-01,0,[Presidential Daily Backup] 3/1/1990,Presidential Daily Backup,Restricted - Possibly,"Latin America; South America; Argentina; Brent Scowcroft Papers; Head-of-state memcons and telcons","Use to confirm timing, call/meeting status, participants, or backup packet context for a possible source note or editorial note.","Source: George H.W. Bush Library, Bush Presidential Records, White House Office of Appointments and Scheduling Files, Presidential Daily Diary and Presidential Daily Backup Materials, [Presidential Daily Backup] 3/1/1990. Access restriction: Restricted - Possibly.",documents/argentina/1990-03-01-bush-carlos-saul-menem-telcon-91111-005-p88-scowcroft.pdf,https://catalog.archives.gov/id/366551690,https://s3.amazonaws.com/NARAprodstorage/lz/presidential-libraries/bush/gb-whasf/Presidential_Daily_Diary_186322/1990/41-bpr-apts_sch-dd-03_01_90-12819-016_415890409.pdf,scowcroft-366551690-88-carlos-saul-menem-telcon,415890409
164,Medium,Daily Diary/backup timing support,Argentina,1990-03-01,Telcon,Memorandum of Telephone Conversation,1990-03-01,0,[Presidential Daily Backup] 3/1/1990,Presidential Daily Backup,Restricted - Possibly,"Latin America; South America; Argentina; Bush Library Memcons and Telcons; Telcon","Use to confirm timing, call/meeting status, participants, or backup packet context for a possible source note or editorial note.","Source: George H.W. Bush Library, Bush Presidential Records, White House Office of Appointments and Scheduling Files, Presidential Daily Diary and Presidential Daily Backup Materials, [Presidential Daily Backup] 3/1/1990. Access restriction: Restricted - Possibly.",https://s3.us-east-1.amazonaws.com/NARAprodstorage/lz/presidential-libraries/bush/gb-nsc/321498139/1990-03-01--Menem.pdf,https://catalog.archives.gov/id/428080601,https://s3.amazonaws.com/NARAprodstorage/lz/presidential-libraries/bush/gb-whasf/Presidential_Daily_Diary_186322/1990/41-bpr-apts_sch-dd-03_01_90-12819-016_415890409.pdf,bush-library-428080601,415890409
165,Medium,Daily Diary/backup timing support,Argentina,1990-03-01,Telcon,Memorandum of a Telephone Conversation,1990-03-01,0,[Presidential Daily Diary] 3/1/1990,Presidential Daily Diary,Restricted - Possibly,"Latin America; South America; Argentina; Brent Scowcroft Papers; Head-of-state memcons and telcons","Use to confirm timing, call/meeting status, participants, or backup packet context for a possible source note or editorial note.","Source: George H.W. Bush Library, Bush Presidential Records, White House Office of Appointments and Scheduling Files, Presidential Daily Diary and Presidential Daily Backup Materials, [Presidential Daily Diary] 3/1/1990. Access restriction: Restricted - Possibly.",documents/argentina/1990-03-01-bush-carlos-saul-menem-telcon-91111-005-p88-scowcroft.pdf,https://catalog.archives.gov/id/366551690,https://s3.amazonaws.com/NARAprodstorage/lz/presidential-libraries/bush/gb-whasf/Presidential_Daily_Diary_186322/1990/41-bpr-apts_sch-dd-03_01_90-12819-015_415890408.pdf,scowcroft-366551690-88-carlos-saul-menem-telcon,415890408
166,Medium,Daily Diary/backup timing support,Argentina,1990-03-01,Telcon,Memorandum of Telephone Conversation,1990-03-01,0,[Presidential Daily Diary] 3/1/1990,Presidential Daily Diary,Restricted - Possibly,"Latin America; South America; Argentina; Bush Library Memcons and Telcons; Telcon","Use to confirm timing, call/meeting status, participants, or backup packet context for a possible source note or editorial note.","Source: George H.W. Bush Library, Bush Presidential Records, White House Office of Appointments and Scheduling Files, Presidential Daily Diary and Presidential Daily Backup Materials, [Presidential Daily Diary] 3/1/1990. Access restriction: Restricted - Possibly.",https://s3.us-east-1.amazonaws.com/NARAprodstorage/lz/presidential-libraries/bush/gb-nsc/321498139/1990-03-01--Menem.pdf,https://catalog.archives.gov/id/428080601,https://s3.amazonaws.com/NARAprodstorage/lz/presidential-libraries/bush/gb-whasf/Presidential_Daily_Diary_186322/1990/41-bpr-apts_sch-dd-03_01_90-12819-015_415890408.pdf,bush-library-428080601,415890408
167,Medium,Daily Diary/backup timing support,Argentina,1990-06-28,Telcon,Memorandum of a Telephone Conversation,1990-06-28,0,[Presidential Daily Backup] 6/28/1990,Presidential Daily Backup,Restricted - Possibly,"Latin America; South America; Argentina; Brent Scowcroft Papers; Head-of-state memcons and telcons","Use to confirm timing, call/meeting status, participants, or backup packet context for a possible source note or editorial note.","Source: George H.W. Bush Library, Bush Presidential Records, White House Office of Appointments and Scheduling Files, Presidential Daily Diary and Presidential Daily Backup Materials, [Presidential Daily Backup] 6/28/1990. Access restriction: Restricted - Possibly.",documents/argentina/1990-06-28-bush-carlos-saul-menem-telcon-91111-007-p20-scowcroft.pdf,https://catalog.archives.gov/id/366551692,https://s3.amazonaws.com/NARAprodstorage/lz/presidential-libraries/bush/gb-whasf/Presidential_Daily_Diary_186322/1990/41-bpr-apts_sch-dd-06_28_90-12831-002_415890647.pdf,scowcroft-366551692-20-carlos-saul-menem-telcon,415890647
168,Medium,Daily Diary/backup timing support,Argentina,1990-06-28,Telcon,Memorandum of Telephone Conversation,1990-06-28,0,[Presidential Daily Backup] 6/28/1990,Presidential Daily Backup,Restricted - Possibly,"Latin America; South America; Argentina; Bush Library Memcons and Telcons; Telcon","Use to confirm timing, call/meeting status, participants, or backup packet context for a possible source note or editorial note.","Source: George H.W. Bush Library, Bush Presidential Records, White House Office of Appointments and Scheduling Files, Presidential Daily Diary and Presidential Daily Backup Materials, [Presidential Daily Backup] 6/28/1990. Access restriction: Restricted - Possibly.",https://s3.us-east-1.amazonaws.com/NARAprodstorage/lz/presidential-libraries/bush/gb-nsc/321498139/1990-06-28--Menem.pdf,https://catalog.archives.gov/id/428080817,https://s3.amazonaws.com/NARAprodstorage/lz/presidential-libraries/bush/gb-whasf/Presidential_Daily_Diary_186322/1990/41-bpr-apts_sch-dd-06_28_90-12831-002_415890647.pdf,bush-library-428080817,415890647
169,Medium,Daily Diary/backup timing support,Argentina,1990-06-28,Telcon,Memorandum of a Telephone Conversation,1990-06-28,0,[Presidential Daily Diary] 6/28/1990,Presidential Daily Diary,Restricted - Possibly,"Latin America; South America; Argentina; Brent Scowcroft Papers; Head-of-state memcons and telcons","Use to confirm timing, call/meeting status, participants, or backup packet context for a possible source note or editorial note.","Source: George H.W. Bush Library, Bush Presidential Records, White House Office of Appointments and Scheduling Files, Presidential Daily Diary and Presidential Daily Backup Materials, [Presidential Daily Diary] 6/28/1990. Access restriction: Restricted - Possibly.",documents/argentina/1990-06-28-bush-carlos-saul-menem-telcon-91111-007-p20-scowcroft.pdf,https://catalog.archives.gov/id/366551692,https://s3.amazonaws.com/NARAprodstorage/lz/presidential-libraries/bush/gb-whasf/Presidential_Daily_Diary_186322/1990/41-bpr-apts_sch-dd-06_28_90-12831-001_415890646.pdf,scowcroft-366551692-20-carlos-saul-menem-telcon,415890646
170,Medium,Daily Diary/backup timing support,Argentina,1990-06-28,Telcon,Memorandum of Telephone Conversation,1990-06-28,0,[Presidential Daily Diary] 6/28/1990,Presidential Daily Diary,Restricted - Possibly,"Latin America; South America; Argentina; Bush Library Memcons and Telcons; Telcon","Use to confirm timing, call/meeting status, participants, or backup packet context for a possible source note or editorial note.","Source: George H.W. Bush Library, Bush Presidential Records, White House Office of Appointments and Scheduling Files, Presidential Daily Diary and Presidential Daily Backup Materials, [Presidential Daily Diary] 6/28/1990. Access restriction: Restricted - Possibly.",https://s3.us-east-1.amazonaws.com/NARAprodstorage/lz/presidential-libraries/bush/gb-nsc/321498139/1990-06-28--Menem.pdf,https://catalog.archives.gov/id/428080817,https://s3.amazonaws.com/NARAprodstorage/lz/presidential-libraries/bush/gb-whasf/Presidential_Daily_Diary_186322/1990/41-bpr-apts_sch-dd-06_28_90-12831-001_415890646.pdf,bush-library-428080817,415890646
171,Medium,Daily Diary/backup timing support,Argentina,1990-10-01,Memcon,Memorandum of Conversation,1990-10-01,0,[Presidential Daily Backup] 10/01/1990,Presidential Daily Backup,Restricted - Possibly,"Latin America; South America; Argentina; Bush Library Memcons and Telcons; Memcon","Use to confirm timing, call/meeting status, participants, or backup packet context for a possible source note or editorial note.","Source: George H.W. Bush Library, Bush Presidential Records, White House Office of Appointments and Scheduling Files, Presidential Daily Diary and Presidential Daily Backup Materials, [Presidential Daily Backup] 10/01/1990. Access restriction: Restricted - Possibly.",https://s3.us-east-1.amazonaws.com/NARAprodstorage/lz/presidential-libraries/bush/gb-nsc/321498039/1990-10-01--Menem.pdf,https://catalog.archives.gov/id/428081105,https://s3.amazonaws.com/NARAprodstorage/lz/presidential-libraries/bush/gb-whasf/Presidential_Daily_Diary_186322/1990/41-bpr-apts_sch-dd-10_01_90-12838-004_415890837.pdf,bush-library-428081105,415890837
172,Medium,Daily Diary/backup timing support,Argentina,1990-10-01,Memcon,Memorandum of Conversation,1990-10-01,0,[Presidential Daily Diary] 10/01/1990,Presidential Daily Diary,Restricted - Possibly,"Latin America; South America; Argentina; Bush Library Memcons and Telcons; Memcon","Use to confirm timing, call/meeting status, participants, or backup packet context for a possible source note or editorial note.","Source: George H.W. Bush Library, Bush Presidential Records, White House Office of Appointments and Scheduling Files, Presidential Daily Diary and Presidential Daily Backup Materials, [Presidential Daily Diary] 10/01/1990. Access restriction: Restricted - Possibly.",https://s3.us-east-1.amazonaws.com/NARAprodstorage/lz/presidential-libraries/bush/gb-nsc/321498039/1990-10-01--Menem.pdf,https://catalog.archives.gov/id/428081105,https://s3.amazonaws.com/NARAprodstorage/lz/presidential-libraries/bush/gb-whasf/Presidential_Daily_Diary_186322/1990/41-bpr-apts_sch-dd-10_01_90-12838-003_415890836.pdf,bush-library-428081105,415890836
173,Medium,Daily Diary/backup timing support,Argentina,1990-12-05,Memcon,Memorandum of Conversation,1990-12-05,0,[Presidential Daily Backup] 12/5/1990,Presidential Daily Backup,Restricted - Possibly,"Latin America; South America; Argentina; Brent Scowcroft Papers; Head-of-state memcons and telcons","Use to confirm timing, call/meeting status, participants, or backup packet context for a possible source note or editorial note.","Source: George H.W. Bush Library, Bush Presidential Records, White House Office of Appointments and Scheduling Files, Presidential Daily Diary and Presidential Daily Backup Materials, [Presidential Daily Backup] 12/5/1990. Access restriction: Restricted - Possibly.",documents/argentina/1990-12-05-bush-carlos-saul-menem-memcon-91108-003-p112-scowcroft.pdf,https://catalog.archives.gov/id/366551672,https://s3.amazonaws.com/NARAprodstorage/lz/presidential-libraries/bush/gb-whasf/Presidential_Daily_Diary_186322/1990/41-bpr-apts_sch-dd-12_05_90-12844-002_415890969.pdf,scowcroft-366551672-112-carlos-saul-menem-memcon,415890969
174,Medium,Daily Diary/backup timing support,Argentina,1990-12-05,Memcon,Memorandum of Conversation,1990-12-05,0,[Presidential Daily Backup] 12/5/1990,Presidential Daily Backup,Restricted - Possibly,"Latin America; South America; Argentina; Bush Library Memcons and Telcons; Memcon","Use to confirm timing, call/meeting status, participants, or backup packet context for a possible source note or editorial note.","Source: George H.W. Bush Library, Bush Presidential Records, White House Office of Appointments and Scheduling Files, Presidential Daily Diary and Presidential Daily Backup Materials, [Presidential Daily Backup] 12/5/1990. Access restriction: Restricted - Possibly.",https://s3.us-east-1.amazonaws.com/NARAprodstorage/lz/presidential-libraries/bush/gb-nsc/321498039/1990-12-05--Menem.pdf,https://catalog.archives.gov/id/428081237,https://s3.amazonaws.com/NARAprodstorage/lz/presidential-libraries/bush/gb-whasf/Presidential_Daily_Diary_186322/1990/41-bpr-apts_sch-dd-12_05_90-12844-002_415890969.pdf,bush-library-428081237,415890969
175,Medium,Nearby public statement,Argentina,1990-12-05,Memcon,Memorandum of Conversation,1990-12-05,0,"Question-and-Answer Session With Reporters in Buenos Aires, Argentina",Public Papers of the Presidents,Exchange,"Argentina; Brazil; Uruguay; Venezuela","Compare the public line with the private conversation; use for annotation when it explains public posture, timing, or follow-up.","Source: Public Papers of the Presidents of the United States: George H. W. Bush, 1990, Book II, December 5, 1990, ""Question-and-Answer Session With Reporters in Buenos Aires, Argentina"", pp. 1752-1755. GovInfo, Government Publishing Office.",documents/argentina/1990-12-05-bush-carlos-saul-menem-memcon-91108-003-p112-scowcroft.pdf,https://catalog.archives.gov/id/366551672,https://www.govinfo.gov/content/pkg/PPP-1990-book2/pdf/PPP-1990-book2.pdf#page=818,scowcroft-366551672-112-carlos-saul-menem-memcon,govinfo-ppp-1990-book2-818-question-and-answer-session-with-reporters-in-buenos-aires-argentina
176,Medium,Nearby public statement,Argentina,1990-12-05,Memcon,Memorandum of Conversation,1990-12-05,0,"Question-and-Answer Session With Reporters in Buenos Aires, Argentina",Public Papers of the Presidents,Exchange,"Argentina; Brazil; Uruguay; Venezuela","Compare the public line with the private conversation; use for annotation when it explains public posture, timing, or follow-up.","Source: Public Papers of the Presidents of the United States: George H. W. Bush, 1990, Book II, December 5, 1990, ""Question-and-Answer Session With Reporters in Buenos Aires, Argentina"", pp. 1752-1755. GovInfo, Government Publishing Office.",https://s3.us-east-1.amazonaws.com/NARAprodstorage/lz/presidential-libraries/bush/gb-nsc/321498039/1990-12-05--Menem.pdf,https://catalog.archives.gov/id/428081237,https://www.govinfo.gov/content/pkg/PPP-1990-book2/pdf/PPP-1990-book2.pdf#page=818,bush-library-428081237,govinfo-ppp-1990-book2-818-question-and-answer-session-with-reporters-in-buenos-aires-argentina
177,Medium,Nearby public statement,Argentina,1990-12-05,Memcon,Memorandum of Conversation,1990-12-05,0,"Remarks to a Joint Session of the Congress in Buenos Aires, Argentina",Public Papers of the Presidents,Remarks,"Argentina; Brazil; Uruguay; Venezuela","Compare the public line with the private conversation; use for annotation when it explains public posture, timing, or follow-up.","Source: Public Papers of the Presidents of the United States: George H. W. Bush, 1990, Book II, December 5, 1990, ""Remarks to a Joint Session of the Congress in Buenos Aires, Argentina"", pp. 1755-1758. GovInfo, Government Publishing Office.",documents/argentina/1990-12-05-bush-carlos-saul-menem-memcon-91108-003-p112-scowcroft.pdf,https://catalog.archives.gov/id/366551672,https://www.govinfo.gov/content/pkg/PPP-1990-book2/pdf/PPP-1990-book2.pdf#page=821,scowcroft-366551672-112-carlos-saul-menem-memcon,govinfo-ppp-1990-book2-821-remarks-to-a-joint-session-of-the-congress-in-buenos-aires-argentina
178,Medium,Nearby public statement,Argentina,1990-12-05,Memcon,Memorandum of Conversation,1990-12-05,0,"Remarks to a Joint Session of the Congress in Buenos Aires, Argentina",Public Papers of the Presidents,Remarks,"Argentina; Brazil; Uruguay; Venezuela","Compare the public line with the private conversation; use for annotation when it explains public posture, timing, or follow-up.","Source: Public Papers of the Presidents of the United States: George H. W. Bush, 1990, Book II, December 5, 1990, ""Remarks to a Joint Session of the Congress in Buenos Aires, Argentina"", pp. 1755-1758. GovInfo, Government Publishing Office.",https://s3.us-east-1.amazonaws.com/NARAprodstorage/lz/presidential-libraries/bush/gb-nsc/321498039/1990-12-05--Menem.pdf,https://catalog.archives.gov/id/428081237,https://www.govinfo.gov/content/pkg/PPP-1990-book2/pdf/PPP-1990-book2.pdf#page=821,bush-library-428081237,govinfo-ppp-1990-book2-821-remarks-to-a-joint-session-of-the-congress-in-buenos-aires-argentina
179,Medium,Nearby public statement,Argentina,1990-12-05,Memcon,Memorandum of Conversation,1990-12-05,0,"Toast at a State Dinner in Buenos Aires, Argentina",Public Papers of the Presidents,Public Paper,Argentina,"Compare the public line with the private conversation; use for annotation when it explains public posture, timing, or follow-up.","Source: Public Papers of the Presidents of the United States: George H. W. Bush, 1990, Book II, December 5, 1990, ""Toast at a State Dinner in Buenos Aires, Argentina"", pp. 1758-1759. GovInfo, Government Publishing Office.",documents/argentina/1990-12-05-bush-carlos-saul-menem-memcon-91108-003-p112-scowcroft.pdf,https://catalog.archives.gov/id/366551672,https://www.govinfo.gov/content/pkg/PPP-1990-book2/pdf/PPP-1990-book2.pdf#page=824,scowcroft-366551672-112-carlos-saul-menem-memcon,govinfo-ppp-1990-book2-824-toast-at-a-state-dinner-in-buenos-aires-argentina
180,Medium,Nearby public statement,Argentina,1990-12-05,Memcon,Memorandum of Conversation,1990-12-05,0,"Toast at a State Dinner in Buenos Aires, Argentina",Public Papers of the Presidents,Public Paper,Argentina,"Compare the public line with the private conversation; use for annotation when it explains public posture, timing, or follow-up.","Source: Public Papers of the Presidents of the United States: George H. W. Bush, 1990, Book II, December 5, 1990, ""Toast at a State Dinner in Buenos Aires, Argentina"", pp. 1758-1759. GovInfo, Government Publishing Office.",https://s3.us-east-1.amazonaws.com/NARAprodstorage/lz/presidential-libraries/bush/gb-nsc/321498039/1990-12-05--Menem.pdf,https://catalog.archives.gov/id/428081237,https://www.govinfo.gov/content/pkg/PPP-1990-book2/pdf/PPP-1990-book2.pdf#page=824,bush-library-428081237,govinfo-ppp-1990-book2-824-toast-at-a-state-dinner-in-buenos-aires-argentina
181,Medium,Nearby public statement,Argentina,1990-12-05,Memcon,Memorandum of Conversation,1990-12-04,-1,"Question-and-Answer Session With Reporters in Montevideo, Uruguay",Public Papers of the Presidents,Exchange,"Argentina; Brazil; Chile; Paraguay; Uruguay","Compare the public line with the private conversation; use for annotation when it explains public posture, timing, or follow-up.","Source: Public Papers of the Presidents of the United States: George H. W. Bush, 1990, Book II, December 4, 1990, ""Question-and-Answer Session With Reporters in Montevideo, Uruguay"", pp. 1743-1748. GovInfo, Government Publishing Office.",documents/argentina/1990-12-05-bush-carlos-saul-menem-memcon-91108-003-p112-scowcroft.pdf,https://catalog.archives.gov/id/366551672,https://www.govinfo.gov/content/pkg/PPP-1990-book2/pdf/PPP-1990-book2.pdf#page=809,scowcroft-366551672-112-carlos-saul-menem-memcon,govinfo-ppp-1990-book2-809-question-and-answer-session-with-reporters-in-montevideo-uruguay
182,Medium,Nearby public statement,Argentina,1990-12-05,Memcon,Memorandum of Conversation,1990-12-04,-1,"Question-and-Answer Session With Reporters in Montevideo, Uruguay",Public Papers of the Presidents,Exchange,"Argentina; Brazil; Chile; Paraguay; Uruguay","Compare the public line with the private conversation; use for annotation when it explains public posture, timing, or follow-up.","Source: Public Papers of the Presidents of the United States: George H. W. Bush, 1990, Book II, December 4, 1990, ""Question-and-Answer Session With Reporters in Montevideo, Uruguay"", pp. 1743-1748. GovInfo, Government Publishing Office.",https://s3.us-east-1.amazonaws.com/NARAprodstorage/lz/presidential-libraries/bush/gb-nsc/321498039/1990-12-05--Menem.pdf,https://catalog.archives.gov/id/428081237,https://www.govinfo.gov/content/pkg/PPP-1990-book2/pdf/PPP-1990-book2.pdf#page=809,bush-library-428081237,govinfo-ppp-1990-book2-809-question-and-answer-session-with-reporters-in-montevideo-uruguay
183,Medium,Nearby public statement,Argentina,1990-12-05,Memcon,Memorandum of Conversation,1990-12-04,-1,"Remarks to a Joint Session of the Congress in Montevideo, Uruguay",Public Papers of the Presidents,Remarks,"Argentina; Brazil; Paraguay; Uruguay","Compare the public line with the private conversation; use for annotation when it explains public posture, timing, or follow-up.","Source: Public Papers of the Presidents of the United States: George H. W. Bush, 1990, Book II, December 4, 1990, ""Remarks to a Joint Session of the Congress in Montevideo, Uruguay"", pp. 1748-1752. GovInfo, Government Publishing Office.",documents/argentina/1990-12-05-bush-carlos-saul-menem-memcon-91108-003-p112-scowcroft.pdf,https://catalog.archives.gov/id/366551672,https://www.govinfo.gov/content/pkg/PPP-1990-book2/pdf/PPP-1990-book2.pdf#page=814,scowcroft-366551672-112-carlos-saul-menem-memcon,govinfo-ppp-1990-book2-814-remarks-to-a-joint-session-of-the-congress-in-montevideo-uruguay
184,Medium,Nearby public statement,Argentina,1990-12-05,Memcon,Memorandum of Conversation,1990-12-04,-1,"Remarks to a Joint Session of the Congress in Montevideo, Uruguay",Public Papers of the Presidents,Remarks,"Argentina; Brazil; Paraguay; Uruguay","Compare the public line with the private conversation; use for annotation when it explains public posture, timing, or follow-up.","Source: Public Papers of the Presidents of the United States: George H. W. Bush, 1990, Book II, December 4, 1990, ""Remarks to a Joint Session of the Congress in Montevideo, Uruguay"", pp. 1748-1752. GovInfo, Government Publishing Office.",https://s3.us-east-1.amazonaws.com/NARAprodstorage/lz/presidential-libraries/bush/gb-nsc/321498039/1990-12-05--Menem.pdf,https://catalog.archives.gov/id/428081237,https://www.govinfo.gov/content/pkg/PPP-1990-book2/pdf/PPP-1990-book2.pdf#page=814,bush-library-428081237,govinfo-ppp-1990-book2-814-remarks-to-a-joint-session-of-the-congress-in-montevideo-uruguay
185,Medium,Daily Diary/backup timing support,Argentina,1991-01-14,Telcon,Memorandum of a Telephone Conversation,1991-01-14,0,[Presidential Daily Backup] 1/14/1991,Presidential Daily Backup,Restricted - Possibly,"Latin America; South America; Argentina; Brent Scowcroft Papers; Head-of-state memcons and telcons","Use to confirm timing, call/meeting status, participants, or backup packet context for a possible source note or editorial note.","Source: George H.W. Bush Library, Bush Presidential Records, White House Office of Appointments and Scheduling Files, Presidential Daily Diary and Presidential Daily Backup Materials, [Presidential Daily Backup] 1/14/1991. Access restriction: Restricted - Possibly.",documents/argentina/1991-01-14-bush-carlos-saul-menem-telcon-91112-004-p45-scowcroft.pdf,https://catalog.archives.gov/id/366551696,https://s3.amazonaws.com/NARAprodstorage/lz/presidential-libraries/bush/gb-whasf/Presidential_Daily_Diary_186322/1991/41-bpr-apts_sch-dd-01_14_91-12846-032_415891049.pdf,scowcroft-366551696-45-carlos-saul-menem-telcon,415891049
186,Medium,Daily Diary/backup timing support,Argentina,1991-01-14,Telcon,Memorandum of Telephone Conversation,1991-01-14,0,[Presidential Daily Backup] 1/14/1991,Presidential Daily Backup,Restricted - Possibly,"Latin America; South America; Argentina; Bush Library Memcons and Telcons; Telcon","Use to confirm timing, call/meeting status, participants, or backup packet context for a possible source note or editorial note.","Source: George H.W. Bush Library, Bush Presidential Records, White House Office of Appointments and Scheduling Files, Presidential Daily Diary and Presidential Daily Backup Materials, [Presidential Daily Backup] 1/14/1991. Access restriction: Restricted - Possibly.",https://s3.us-east-1.amazonaws.com/NARAprodstorage/lz/presidential-libraries/bush/gb-nsc/321498139/1991-01-14--Menem.pdf,https://catalog.archives.gov/id/428081341,https://s3.amazonaws.com/NARAprodstorage/lz/presidential-libraries/bush/gb-whasf/Presidential_Daily_Diary_186322/1991/41-bpr-apts_sch-dd-01_14_91-12846-032_415891049.pdf,bush-library-428081341,415891049
187,Medium,Daily Diary/backup timing support,Argentina,1991-01-14,Telcon,Memorandum of a Telephone Conversation,1991-01-14,0,[Presidential Daily Diary] 1/14/1991,Presidential Daily Diary,Restricted - Possibly,"Latin America; South America; Argentina; Brent Scowcroft Papers; Head-of-state memcons and telcons","Use to confirm timing, call/meeting status, participants, or backup packet context for a possible source note or editorial note.","Source: George H.W. Bush Library, Bush Presidential Records, White House Office of Appointments and Scheduling Files, Presidential Daily Diary and Presidential Daily Backup Materials, [Presidential Daily Diary] 1/14/1991. Access restriction: Restricted - Possibly.",documents/argentina/1991-01-14-bush-carlos-saul-menem-telcon-91112-004-p45-scowcroft.pdf,https://catalog.archives.gov/id/366551696,https://s3.amazonaws.com/NARAprodstorage/lz/presidential-libraries/bush/gb-whasf/Presidential_Daily_Diary_186322/1991/41-bpr-apts_sch-dd-01_14_91-12846-031_415891048.pdf,scowcroft-366551696-45-carlos-saul-menem-telcon,415891048
188,Medium,Daily Diary/backup timing support,Argentina,1991-01-14,Telcon,Memorandum of Telephone Conversation,1991-01-14,0,[Presidential Daily Diary] 1/14/1991,Presidential Daily Diary,Restricted - Possibly,"Latin America; South America; Argentina; Bush Library Memcons and Telcons; Telcon","Use to confirm timing, call/meeting status, participants, or backup packet context for a possible source note or editorial note.","Source: George H.W. Bush Library, Bush Presidential Records, White House Office of Appointments and Scheduling Files, Presidential Daily Diary and Presidential Daily Backup Materials, [Presidential Daily Diary] 1/14/1991. Access restriction: Restricted - Possibly.",https://s3.us-east-1.amazonaws.com/NARAprodstorage/lz/presidential-libraries/bush/gb-nsc/321498139/1991-01-14--Menem.pdf,https://catalog.archives.gov/id/428081341,https://s3.amazonaws.com/NARAprodstorage/lz/presidential-libraries/bush/gb-whasf/Presidential_Daily_Diary_186322/1991/41-bpr-apts_sch-dd-01_14_91-12846-031_415891048.pdf,bush-library-428081341,415891048
189,Medium,Daily Diary/backup timing support,Argentina,1991-01-19,Telcon,Memorandum of a Telephone Conversation,1991-01-19,0,[Presidential Daily Backup] 1/19/1991,Presidential Daily Backup,Restricted - Possibly,"Latin America; South America; Argentina; Brent Scowcroft Papers; Head-of-state memcons and telcons","Use to confirm timing, call/meeting status, participants, or backup packet context for a possible source note or editorial note.","Source: George H.W. Bush Library, Bush Presidential Records, White House Office of Appointments and Scheduling Files, Presidential Daily Diary and Presidential Daily Backup Materials, [Presidential Daily Backup] 1/19/1991. Access restriction: Restricted - Possibly.",documents/argentina/1991-01-19-bush-carlos-saul-menem-telcon-91112-004-p71-scowcroft.pdf,https://catalog.archives.gov/id/366551696,https://s3.amazonaws.com/NARAprodstorage/lz/presidential-libraries/bush/gb-whasf/Presidential_Daily_Diary_186322/1991/41-bpr-apts_sch-dd-01_19_91-12847-008_415891059.pdf,scowcroft-366551696-71-carlos-saul-menem-telcon,415891059
190,Medium,Daily Diary/backup timing support,Argentina,1991-01-19,Telcon,Memorandum of Telephone Conversation,1991-01-19,0,[Presidential Daily Backup] 1/19/1991,Presidential Daily Backup,Restricted - Possibly,"Latin America; South America; Argentina; Bush Library Memcons and Telcons; Telcon","Use to confirm timing, call/meeting status, participants, or backup packet context for a possible source note or editorial note.","Source: George H.W. Bush Library, Bush Presidential Records, White House Office of Appointments and Scheduling Files, Presidential Daily Diary and Presidential Daily Backup Materials, [Presidential Daily Backup] 1/19/1991. Access restriction: Restricted - Possibly.",https://s3.us-east-1.amazonaws.com/NARAprodstorage/lz/presidential-libraries/bush/gb-nsc/321498139/1991-01-19--Menem.pdf,https://catalog.archives.gov/id/428081361,https://s3.amazonaws.com/NARAprodstorage/lz/presidential-libraries/bush/gb-whasf/Presidential_Daily_Diary_186322/1991/41-bpr-apts_sch-dd-01_19_91-12847-008_415891059.pdf,bush-library-428081361,415891059
191,Medium,Daily Diary/backup timing support,Argentina,1991-01-19,Telcon,Memorandum of a Telephone Conversation,1991-01-19,0,[Presidential Daily Diary] 1/19/1991,Presidential Daily Diary,Restricted - Possibly,"Latin America; South America; Argentina; Brent Scowcroft Papers; Head-of-state memcons and telcons","Use to confirm timing, call/meeting status, participants, or backup packet context for a possible source note or editorial note.","Source: George H.W. Bush Library, Bush Presidential Records, White House Office of Appointments and Scheduling Files, Presidential Daily Diary and Presidential Daily Backup Materials, [Presidential Daily Diary] 1/19/1991. Access restriction: Restricted - Possibly.",documents/argentina/1991-01-19-bush-carlos-saul-menem-telcon-91112-004-p71-scowcroft.pdf,https://catalog.archives.gov/id/366551696,https://s3.amazonaws.com/NARAprodstorage/opastorage/live/25/1863/186325/content/arcmedia/media/images/40/19/40-1892a.gif,scowcroft-366551696-71-carlos-saul-menem-telcon,415891058
192,Medium,Daily Diary/backup timing support,Argentina,1991-01-19,Telcon,Memorandum of Telephone Conversation,1991-01-19,0,[Presidential Daily Diary] 1/19/1991,Presidential Daily Diary,Restricted - Possibly,"Latin America; South America; Argentina; Bush Library Memcons and Telcons; Telcon","Use to confirm timing, call/meeting status, participants, or backup packet context for a possible source note or editorial note.","Source: George H.W. Bush Library, Bush Presidential Records, White House Office of Appointments and Scheduling Files, Presidential Daily Diary and Presidential Daily Backup Materials, [Presidential Daily Diary] 1/19/1991. Access restriction: Restricted - Possibly.",https://s3.us-east-1.amazonaws.com/NARAprodstorage/lz/presidential-libraries/bush/gb-nsc/321498139/1991-01-19--Menem.pdf,https://catalog.archives.gov/id/428081361,https://s3.amazonaws.com/NARAprodstorage/opastorage/live/25/1863/186325/content/arcmedia/media/images/40/19/40-1892a.gif,bush-library-428081361,415891058
193,Medium,Daily Diary/backup timing support,Argentina,1991-02-08,Memcon,Memorandum of Conversation,1991-02-08,0,[Presidential Daily Backup] 2/8/1991,Presidential Daily Backup,Restricted - Possibly,"Latin America; South America; Argentina; Bush Library Memcons and Telcons; Memcon","Use to confirm timing, call/meeting status, participants, or backup packet context for a possible source note or editorial note.","Source: George H.W. Bush Library, Bush Presidential Records, White House Office of Appointments and Scheduling Files, Presidential Daily Diary and Presidential Daily Backup Materials, [Presidential Daily Backup] 2/8/1991. Access restriction: Restricted - Possibly.",https://s3.us-east-1.amazonaws.com/NARAprodstorage/lz/presidential-libraries/bush/gb-nsc/321498039/1991-02-08--Di-Tella.pdf,https://catalog.archives.gov/id/428081425,https://s3.amazonaws.com/NARAprodstorage/lz/presidential-libraries/bush/gb-whasf/Presidential_Daily_Diary_186322/1991/41-bpr-apts_sch-dd-02_08_91-12848-016_415891099.pdf,bush-library-428081425,415891099
194,Medium,Daily Diary/backup timing support,Argentina,1991-02-08,Telcon,Memorandum of a Telephone Conversation,1991-02-08,0,[Presidential Daily Backup] 2/8/1991,Presidential Daily Backup,Restricted - Possibly,"Latin America; South America; Argentina; Brent Scowcroft Papers; Head-of-state memcons and telcons","Use to confirm timing, call/meeting status, participants, or backup packet context for a possible source note or editorial note.","Source: George H.W. Bush Library, Bush Presidential Records, White House Office of Appointments and Scheduling Files, Presidential Daily Diary and Presidential Daily Backup Materials, [Presidential Daily Backup] 2/8/1991. Access restriction: Restricted - Possibly.",documents/argentina/1991-02-08-bush-carlos-saul-menem-telcon-91112-005-p49-scowcroft.pdf,https://catalog.archives.gov/id/366551697,https://s3.amazonaws.com/NARAprodstorage/lz/presidential-libraries/bush/gb-whasf/Presidential_Daily_Diary_186322/1991/41-bpr-apts_sch-dd-02_08_91-12848-016_415891099.pdf,scowcroft-366551697-49-carlos-saul-menem-telcon,415891099
195,Medium,Daily Diary/backup timing support,Argentina,1991-02-08,Telcon,Memorandum of Telephone Conversation,1991-02-08,0,[Presidential Daily Backup] 2/8/1991,Presidential Daily Backup,Restricted - Possibly,"Latin America; South America; Argentina; Bush Library Memcons and Telcons; Telcon","Use to confirm timing, call/meeting status, participants, or backup packet context for a possible source note or editorial note.","Source: George H.W. Bush Library, Bush Presidential Records, White House Office of Appointments and Scheduling Files, Presidential Daily Diary and Presidential Daily Backup Materials, [Presidential Daily Backup] 2/8/1991. Access restriction: Restricted - Possibly.",https://s3.us-east-1.amazonaws.com/NARAprodstorage/lz/presidential-libraries/bush/gb-nsc/321498139/1991-02-08--Menem.pdf,https://catalog.archives.gov/id/428081437,https://s3.amazonaws.com/NARAprodstorage/lz/presidential-libraries/bush/gb-whasf/Presidential_Daily_Diary_186322/1991/41-bpr-apts_sch-dd-02_08_91-12848-016_415891099.pdf,bush-library-428081437,415891099
196,Medium,Daily Diary/backup timing support,Argentina,1991-02-08,Memcon,Memorandum of Conversation,1991-02-08,0,[Presidential Daily Diary] 2/8/1991,Presidential Daily Diary,Restricted - Possibly,"Latin America; South America; Argentina; Bush Library Memcons and Telcons; Memcon","Use to confirm timing, call/meeting status, participants, or backup packet context for a possible source note or editorial note.","Source: George H.W. Bush Library, Bush Presidential Records, White House Office of Appointments and Scheduling Files, Presidential Daily Diary and Presidential Daily Backup Materials, [Presidential Daily Diary] 2/8/1991. Access restriction: Restricted - Possibly.",https://s3.us-east-1.amazonaws.com/NARAprodstorage/lz/presidential-libraries/bush/gb-nsc/321498039/1991-02-08--Di-Tella.pdf,https://catalog.archives.gov/id/428081425,https://s3.amazonaws.com/NARAprodstorage/opastorage/live/45/1863/186345/content/arcmedia/media/images/40/21/40-2097a.gif,bush-library-428081425,415891098
197,Medium,Daily Diary/backup timing support,Argentina,1991-02-08,Telcon,Memorandum of a Telephone Conversation,1991-02-08,0,[Presidential Daily Diary] 2/8/1991,Presidential Daily Diary,Restricted - Possibly,"Latin America; South America; Argentina; Brent Scowcroft Papers; Head-of-state memcons and telcons","Use to confirm timing, call/meeting status, participants, or backup packet context for a possible source note or editorial note.","Source: George H.W. Bush Library, Bush Presidential Records, White House Office of Appointments and Scheduling Files, Presidential Daily Diary and Presidential Daily Backup Materials, [Presidential Daily Diary] 2/8/1991. Access restriction: Restricted - Possibly.",documents/argentina/1991-02-08-bush-carlos-saul-menem-telcon-91112-005-p49-scowcroft.pdf,https://catalog.archives.gov/id/366551697,https://s3.amazonaws.com/NARAprodstorage/opastorage/live/45/1863/186345/content/arcmedia/media/images/40/21/40-2097a.gif,scowcroft-366551697-49-carlos-saul-menem-telcon,415891098
198,Medium,Daily Diary/backup timing support,Argentina,1991-02-08,Telcon,Memorandum of Telephone Conversation,1991-02-08,0,[Presidential Daily Diary] 2/8/1991,Presidential Daily Diary,Restricted - Possibly,"Latin America; South America; Argentina; Bush Library Memcons and Telcons; Telcon","Use to confirm timing, call/meeting status, participants, or backup packet context for a possible source note or editorial note.","Source: George H.W. Bush Library, Bush Presidential Records, White House Office of Appointments and Scheduling Files, Presidential Daily Diary and Presidential Daily Backup Materials, [Presidential Daily Diary] 2/8/1991. Access restriction: Restricted - Possibly.",https://s3.us-east-1.amazonaws.com/NARAprodstorage/lz/presidential-libraries/bush/gb-nsc/321498139/1991-02-08--Menem.pdf,https://catalog.archives.gov/id/428081437,https://s3.amazonaws.com/NARAprodstorage/opastorage/live/45/1863/186345/content/arcmedia/media/images/40/21/40-2097a.gif,bush-library-428081437,415891098
199,Medium,Nearby public statement,Argentina,1991-02-08,Memcon,Memorandum of Conversation,1991-02-08,0,Exchange With Reporters on the Persian Gulf Conflict,Public Papers of the Presidents,Exchange,Argentina,"Compare the public line with the private conversation; use for annotation when it explains public posture, timing, or follow-up.","Source: Public Papers of the Presidents of the United States: George H. W. Bush, 1991, Book I, February 8, 1991, ""Exchange With Reporters on the Persian Gulf Conflict"", p. 127. GovInfo, Government Publishing Office.",https://s3.us-east-1.amazonaws.com/NARAprodstorage/lz/presidential-libraries/bush/gb-nsc/321498039/1991-02-08--Di-Tella.pdf,https://catalog.archives.gov/id/428081425,https://www.govinfo.gov/content/pkg/PPP-1991-book1/pdf/PPP-1991-book1-doc-pg127.pdf,bush-library-428081425,govinfo-PPP-1991-book1-doc-pg127
200,Medium,Nearby public statement,Argentina,1991-02-08,Telcon,Memorandum of a Telephone Conversation,1991-02-08,0,Exchange With Reporters on the Persian Gulf Conflict,Public Papers of the Presidents,Exchange,Argentina,"Compare the public line with the private conversation; use for annotation when it explains public posture, timing, or follow-up.","Source: Public Papers of the Presidents of the United States: George H. W. Bush, 1991, Book I, February 8, 1991, ""Exchange With Reporters on the Persian Gulf Conflict"", p. 127. GovInfo, Government Publishing Office.",documents/argentina/1991-02-08-bush-carlos-saul-menem-telcon-91112-005-p49-scowcroft.pdf,https://catalog.archives.gov/id/366551697,https://www.govinfo.gov/content/pkg/PPP-1991-book1/pdf/PPP-1991-book1-doc-pg127.pdf,scowcroft-366551697-49-carlos-saul-menem-telcon,govinfo-PPP-1991-book1-doc-pg127
201,Medium,Nearby public statement,Argentina,1991-02-08,Telcon,Memorandum of Telephone Conversation,1991-02-08,0,Exchange With Reporters on the Persian Gulf Conflict,Public Papers of the Presidents,Exchange,Argentina,"Compare the public line with the private conversation; use for annotation when it explains public posture, timing, or follow-up.","Source: Public Papers of the Presidents of the United States: George H. W. Bush, 1991, Book I, February 8, 1991, ""Exchange With Reporters on the Persian Gulf Conflict"", p. 127. GovInfo, Government Publishing Office.",https://s3.us-east-1.amazonaws.com/NARAprodstorage/lz/presidential-libraries/bush/gb-nsc/321498139/1991-02-08--Menem.pdf,https://catalog.archives.gov/id/428081437,https://www.govinfo.gov/content/pkg/PPP-1991-book1/pdf/PPP-1991-book1-doc-pg127.pdf,bush-library-428081437,govinfo-PPP-1991-book1-doc-pg127
202,Medium,Daily Diary/backup timing support,Argentina,1991-03-04,Telcon,Memorandum of a Telephone Conversation,1991-03-04,0,[Presidential Daily Backup] 3/4/1991,Presidential Daily Backup,Restricted - Possibly,"Latin America; South America; Argentina; Brent Scowcroft Papers; Head-of-state memcons and telcons","Use to confirm timing, call/meeting status, participants, or backup packet context for a possible source note or editorial note.","Source: George H.W. Bush Library, Bush Presidential Records, White House Office of Appointments and Scheduling Files, Presidential Daily Diary and Presidential Daily Backup Materials, [Presidential Daily Backup] 3/4/1991. Access restriction: Restricted - Possibly.",documents/argentina/1991-03-04-bush-carlos-saul-menem-telcon-91112-006-p76-scowcroft.pdf,https://catalog.archives.gov/id/366551698,https://s3.amazonaws.com/NARAprodstorage/lz/presidential-libraries/bush/gb-whasf/Presidential_Daily_Diary_186322/1991/41-bpr-apts_sch-dd-03_04_91-12850-014_415891147.pdf,scowcroft-366551698-76-carlos-saul-menem-telcon,415891147
203,Medium,Daily Diary/backup timing support,Argentina,1991-03-04,Telcon,Memorandum of Telephone Conversation,1991-03-04,0,[Presidential Daily Backup] 3/4/1991,Presidential Daily Backup,Restricted - Possibly,"Latin America; South America; Argentina; Bush Library Memcons and Telcons; Telcon","Use to confirm timing, call/meeting status, participants, or backup packet context for a possible source note or editorial note.","Source: George H.W. Bush Library, Bush Presidential Records, White House Office of Appointments and Scheduling Files, Presidential Daily Diary and Presidential Daily Backup Materials, [Presidential Daily Backup] 3/4/1991. Access restriction: Restricted - Possibly.",https://s3.us-east-1.amazonaws.com/NARAprodstorage/lz/presidential-libraries/bush/gb-nsc/321498139/1991-03-04--Menem.pdf,https://catalog.archives.gov/id/428081559,https://s3.amazonaws.com/NARAprodstorage/lz/presidential-libraries/bush/gb-whasf/Presidential_Daily_Diary_186322/1991/41-bpr-apts_sch-dd-03_04_91-12850-014_415891147.pdf,bush-library-428081559,415891147
204,Medium,Daily Diary/backup timing support,Argentina,1991-03-04,Telcon,Memorandum of a Telephone Conversation,1991-03-04,0,[Presidential Daily Diary] 3/4/1991,Presidential Daily Diary,Restricted - Possibly,"Latin America; South America; Argentina; Brent Scowcroft Papers; Head-of-state memcons and telcons","Use to confirm timing, call/meeting status, participants, or backup packet context for a possible source note or editorial note.","Source: George H.W. Bush Library, Bush Presidential Records, White House Office of Appointments and Scheduling Files, Presidential Daily Diary and Presidential Daily Backup Materials, [Presidential Daily Diary] 3/4/1991. Access restriction: Restricted - Possibly.",documents/argentina/1991-03-04-bush-carlos-saul-menem-telcon-91112-006-p76-scowcroft.pdf,https://catalog.archives.gov/id/366551698,https://s3.amazonaws.com/NARAprodstorage/lz/presidential-libraries/bush/gb-whasf/Presidential_Daily_Diary_186322/1991/41-bpr-apts_sch-dd-03_04_91-12850-013_415891146.pdf,scowcroft-366551698-76-carlos-saul-menem-telcon,415891146
205,Medium,Daily Diary/backup timing support,Argentina,1991-03-04,Telcon,Memorandum of Telephone Conversation,1991-03-04,0,[Presidential Daily Diary] 3/4/1991,Presidential Daily Diary,Restricted - Possibly,"Latin America; South America; Argentina; Bush Library Memcons and Telcons; Telcon","Use to confirm timing, call/meeting status, participants, or backup packet context for a possible source note or editorial note.","Source: George H.W. Bush Library, Bush Presidential Records, White House Office of Appointments and Scheduling Files, Presidential Daily Diary and Presidential Daily Backup Materials, [Presidential Daily Diary] 3/4/1991. Access restriction: Restricted - Possibly.",https://s3.us-east-1.amazonaws.com/NARAprodstorage/lz/presidential-libraries/bush/gb-nsc/321498139/1991-03-04--Menem.pdf,https://catalog.archives.gov/id/428081559,https://s3.amazonaws.com/NARAprodstorage/lz/presidential-libraries/bush/gb-whasf/Presidential_Daily_Diary_186322/1991/41-bpr-apts_sch-dd-03_04_91-12850-013_415891146.pdf,bush-library-428081559,415891146
206,Medium,Daily Diary/backup timing support,Argentina,1991-08-20,Telcon,Memorandum of Telephone Conversation,1991-08-20,0,[Presidential Daily Backup] 8/20/1991,Presidential Daily Backup,Restricted - Possibly,"Latin America; South America; Argentina; Bush Library Memcons and Telcons; Telcon","Use to confirm timing, call/meeting status, participants, or backup packet context for a possible source note or editorial note.","Source: George H.W. Bush Library, Bush Presidential Records, White House Office of Appointments and Scheduling Files, Presidential Daily Diary and Presidential Daily Backup Materials, [Presidential Daily Backup] 8/20/1991. Access restriction: Restricted - Possibly.",https://s3.us-east-1.amazonaws.com/NARAprodstorage/lz/presidential-libraries/bush/gb-nsc/321498139/1991-08-20--Menem.pdf,https://catalog.archives.gov/id/428081839,https://s3.amazonaws.com/NARAprodstorage/lz/presidential-libraries/bush/gb-whasf/Presidential_Daily_Diary_186322/1991/41-bpr-apts_sch-dd-08_20_91-12866-006_415891486.pdf,bush-library-428081839,415891486
207,Medium,Daily Diary/backup timing support,Argentina,1991-08-20,Telcon,Memorandum of a Telephone Conversation,1991-08-20,0,[Presidential Daily Backup] 8/20/1991,Presidential Daily Backup,Restricted - Possibly,"Latin America; South America; Argentina; Brent Scowcroft Papers; Head-of-state memcons and telcons","Use to confirm timing, call/meeting status, participants, or backup packet context for a possible source note or editorial note.","Source: George H.W. Bush Library, Bush Presidential Records, White House Office of Appointments and Scheduling Files, Presidential Daily Diary and Presidential Daily Backup Materials, [Presidential Daily Backup] 8/20/1991. Access restriction: Restricted - Possibly.",documents/argentina/1991-08-20-bush-carlos-saul-menem-telcon-91113-001-p44-scowcroft.pdf,https://catalog.archives.gov/id/366551701,https://s3.amazonaws.com/NARAprodstorage/lz/presidential-libraries/bush/gb-whasf/Presidential_Daily_Diary_186322/1991/41-bpr-apts_sch-dd-08_20_91-12866-006_415891486.pdf,scowcroft-366551701-44-carlos-saul-menem-telcon,415891486
208,Medium,Daily Diary/backup timing support,Argentina,1991-08-20,Telcon,Memorandum of Telephone Conversation,1991-08-20,0,[Presidential Daily Diary] 8/20/1991,Presidential Daily Diary,Restricted - Possibly,"Latin America; South America; Argentina; Bush Library Memcons and Telcons; Telcon","Use to confirm timing, call/meeting status, participants, or backup packet context for a possible source note or editorial note.","Source: George H.W. Bush Library, Bush Presidential Records, White House Office of Appointments and Scheduling Files, Presidential Daily Diary and Presidential Daily Backup Materials, [Presidential Daily Diary] 8/20/1991. Access restriction: Restricted - Possibly.",https://s3.us-east-1.amazonaws.com/NARAprodstorage/lz/presidential-libraries/bush/gb-nsc/321498139/1991-08-20--Menem.pdf,https://catalog.archives.gov/id/428081839,https://s3.amazonaws.com/NARAprodstorage/lz/presidential-libraries/bush/gb-whasf/Presidential_Daily_Diary_186322/1991/41-bpr-apts_sch-dd-08_20_91-12866-005_415891485.pdf,bush-library-428081839,415891485
209,Medium,Daily Diary/backup timing support,Argentina,1991-08-20,Telcon,Memorandum of a Telephone Conversation,1991-08-20,0,[Presidential Daily Diary] 8/20/1991,Presidential Daily Diary,Restricted - Possibly,"Latin America; South America; Argentina; Brent Scowcroft Papers; Head-of-state memcons and telcons","Use to confirm timing, call/meeting status, participants, or backup packet context for a possible source note or editorial note.","Source: George H.W. Bush Library, Bush Presidential Records, White House Office of Appointments and Scheduling Files, Presidential Daily Diary and Presidential Daily Backup Materials, [Presidential Daily Diary] 8/20/1991. Access restriction: Restricted - Possibly.",documents/argentina/1991-08-20-bush-carlos-saul-menem-telcon-91113-001-p44-scowcroft.pdf,https://catalog.archives.gov/id/366551701,https://s3.amazonaws.com/NARAprodstorage/lz/presidential-libraries/bush/gb-whasf/Presidential_Daily_Diary_186322/1991/41-bpr-apts_sch-dd-08_20_91-12866-005_415891485.pdf,scowcroft-366551701-44-carlos-saul-menem-telcon,415891485
210,Medium,Nearby public statement,Argentina,1991-08-20,Telcon,Memorandum of Telephone Conversation,1991-08-21,1,"The President's News Conference in Kennebunkport, Maine, on the Attempted Coup in the Soviet Union",Public Papers of the Presidents,News Conference,Argentina,"Compare the public line with the private conversation; use for annotation when it explains public posture, timing, or follow-up.","Source: Public Papers of the Presidents of the United States: George H. W. Bush, 1991, Book II, August 21, 1991, ""The President's News Conference in Kennebunkport, Maine, on the Attempted Coup in the Soviet Union"", pp. 1071-1078. GovInfo, Government Publishing Office.",https://s3.us-east-1.amazonaws.com/NARAprodstorage/lz/presidential-libraries/bush/gb-nsc/321498139/1991-08-20--Menem.pdf,https://catalog.archives.gov/id/428081839,https://www.govinfo.gov/content/pkg/PPP-1991-book2/pdf/PPP-1991-book2.pdf#page=289,bush-library-428081839,govinfo-ppp-1991-book2-289-the-president-s-news-conference-in-kennebunkport-maine-on-the-attempted-coup-in-the-soviet-union
211,Medium,Nearby public statement,Argentina,1991-08-20,Telcon,Memorandum of a Telephone Conversation,1991-08-21,1,"The President's News Conference in Kennebunkport, Maine, on the Attempted Coup in the Soviet Union",Public Papers of the Presidents,News Conference,Argentina,"Compare the public line with the private conversation; use for annotation when it explains public posture, timing, or follow-up.","Source: Public Papers of the Presidents of the United States: George H. W. Bush, 1991, Book II, August 21, 1991, ""The President's News Conference in Kennebunkport, Maine, on the Attempted Coup in the Soviet Union"", pp. 1071-1078. GovInfo, Government Publishing Office.",documents/argentina/1991-08-20-bush-carlos-saul-menem-telcon-91113-001-p44-scowcroft.pdf,https://catalog.archives.gov/id/366551701,https://www.govinfo.gov/content/pkg/PPP-1991-book2/pdf/PPP-1991-book2.pdf#page=289,scowcroft-366551701-44-carlos-saul-menem-telcon,govinfo-ppp-1991-book2-289-the-president-s-news-conference-in-kennebunkport-maine-on-the-attempted-coup-in-the-soviet-union
212,Medium,Daily Diary/backup timing support,Argentina,1991-11-14,Memcon,Memorandum of Conversation,1991-11-14,0,[Presidential Daily Backup] 11/14/1991,Presidential Daily Backup,Restricted - Possibly,"Latin America; South America; Argentina; Bush Library Memcons and Telcons; Memcon","Use to confirm timing, call/meeting status, participants, or backup packet context for a possible source note or editorial note.","Source: George H.W. Bush Library, Bush Presidential Records, White House Office of Appointments and Scheduling Files, Presidential Daily Diary and Presidential Daily Backup Materials, [Presidential Daily Backup] 11/14/1991. Access restriction: Restricted - Possibly.",https://s3.us-east-1.amazonaws.com/NARAprodstorage/lz/presidential-libraries/bush/gb-nsc/321498039/1991-11-14--Menem.pdf,https://catalog.archives.gov/id/428082023,https://s3.amazonaws.com/NARAprodstorage/lz/presidential-libraries/bush/gb-whasf/Presidential_Daily_Diary_186322/1991/41-bpr-apts_sch-dd-11_14_91-12873-013_415891661.pdf,bush-library-428082023,415891661
213,Medium,Daily Diary/backup timing support,Argentina,1991-11-14,Memcon,Memorandum of Conversation,1991-11-14,0,[Presidential Daily Diary] 11/14/1991,Presidential Daily Diary,Restricted - Possibly,"Latin America; South America; Argentina; Bush Library Memcons and Telcons; Memcon","Use to confirm timing, call/meeting status, participants, or backup packet context for a possible source note or editorial note.","Source: George H.W. Bush Library, Bush Presidential Records, White House Office of Appointments and Scheduling Files, Presidential Daily Diary and Presidential Daily Backup Materials, [Presidential Daily Diary] 11/14/1991. Access restriction: Restricted - Possibly.",https://s3.us-east-1.amazonaws.com/NARAprodstorage/lz/presidential-libraries/bush/gb-nsc/321498039/1991-11-14--Menem.pdf,https://catalog.archives.gov/id/428082023,https://s3.amazonaws.com/NARAprodstorage/lz/presidential-libraries/bush/gb-whasf/Presidential_Daily_Diary_186322/1991/41-bpr-apts_sch-dd-11_14_91-12873-012_415891660.pdf,bush-library-428082023,415891660
214,Medium,Nearby public statement,Argentina,1991-11-14,Memcon,Memorandum of Conversation,1991-11-14,0,Remarks at the Welcoming Ceremony for President Carlos Menem of Argentina,Public Papers of the Presidents,Remarks,"Argentina; Bolivia; Brazil; Chile; Uruguay","Compare the public line with the private conversation; use for annotation when it explains public posture, timing, or follow-up.","Source: Public Papers of the Presidents of the United States: George H. W. Bush, 1991, Book II, November 14, 1991, ""Remarks at the Welcoming Ceremony for President Carlos Menem of Argentina"", pp. 1467-1470. GovInfo, Government Publishing Office.",https://s3.us-east-1.amazonaws.com/NARAprodstorage/lz/presidential-libraries/bush/gb-nsc/321498039/1991-11-14--Menem.pdf,https://catalog.archives.gov/id/428082023,https://www.govinfo.gov/content/pkg/PPP-1991-book2/pdf/PPP-1991-book2.pdf#page=693,bush-library-428082023,govinfo-ppp-1991-book2-693-remarks-at-the-welcoming-ceremony-for-president-carlos-menem-of-argentina
215,Medium,Nearby public statement,Argentina,1991-11-14,Memcon,Memorandum of Conversation,1991-11-14,0,Statement by Press Secretary Fitzwater on the President's Meeting with President Levon Ter-Petrosian of Armenia,Public Papers of the Presidents,Statement,Argentina,"Compare the public line with the private conversation; use for annotation when it explains public posture, timing, or follow-up.","Source: Public Papers of the Presidents of the United States: George H. W. Bush, 1991, Book II, November 14, 1991, ""Statement by Press Secretary Fitzwater on the President's Meeting with President Levon Ter-Petrosian of Armenia"", pp. 1472-1476. GovInfo, Government Publishing Office.",https://s3.us-east-1.amazonaws.com/NARAprodstorage/lz/presidential-libraries/bush/gb-nsc/321498039/1991-11-14--Menem.pdf,https://catalog.archives.gov/id/428082023,https://www.govinfo.gov/content/pkg/PPP-1991-book2/pdf/PPP-1991-book2.pdf#page=698,bush-library-428082023,govinfo-ppp-1991-book2-698-statement-by-press-secretary-fitzwater-on-the-president-s-meeting-with-president-levon-ter-petrosian-of-armenia
216,Medium,Daily Diary/backup timing support,Argentina,1992-01-16,Telcon,Memorandum of Telephone Conversation,1992-01-16,0,[Presidential Daily Backup] 1/16/1992,Presidential Daily Backup,Restricted - Possibly,"Latin America; South America; Argentina; Bush Library Memcons and Telcons; Telcon","Use to confirm timing, call/meeting status, participants, or backup packet context for a possible source note or editorial note.","Source: George H.W. Bush Library, Bush Presidential Records, White House Office of Appointments and Scheduling Files, Presidential Daily Diary and Presidential Daily Backup Materials, [Presidential Daily Backup] 1/16/1992. Access restriction: Restricted - Possibly.",https://s3.us-east-1.amazonaws.com/NARAprodstorage/lz/presidential-libraries/bush/gb-nsc/321498139/1992-01-16--Menem.pdf,https://catalog.archives.gov/id/428082119,https://s3.dualstack.us-east-1.amazonaws.com/NARAprodstorage/lz/presidential-libraries/bush/gb-whasf/Presidential_Daily_Diary_186322/1992/41-bpr-apts_sch-dd-01_16_92-12878-016_415891788.pdf,bush-library-428082119,415891788
217,Medium,Daily Diary/backup timing support,Argentina,1992-01-16,Telcon,Memorandum of Telephone Conversation,1992-01-16,0,[Presidential Daily Diary] 1/16/1992,Presidential Daily Diary,Restricted - Possibly,"Latin America; South America; Argentina; Bush Library Memcons and Telcons; Telcon","Use to confirm timing, call/meeting status, participants, or backup packet context for a possible source note or editorial note.","Source: George H.W. Bush Library, Bush Presidential Records, White House Office of Appointments and Scheduling Files, Presidential Daily Diary and Presidential Daily Backup Materials, [Presidential Daily Diary] 1/16/1992. Access restriction: Restricted - Possibly.",https://s3.us-east-1.amazonaws.com/NARAprodstorage/lz/presidential-libraries/bush/gb-nsc/321498139/1992-01-16--Menem.pdf,https://catalog.archives.gov/id/428082119,https://s3.dualstack.us-east-1.amazonaws.com/NARAprodstorage/lz/presidential-libraries/bush/gb-whasf/Presidential_Daily_Diary_186322/1992/41-bpr-apts_sch-dd-01_16_92-12878-015_415891787.pdf,bush-library-428082119,415891787
218,Medium,Nearby public statement,Argentina,1992-01-16,Telcon,Memorandum of Telephone Conversation,1992-01-15,-1,Remarks to Liberty Mutual Insurance Employees in Dover,Public Papers of the Presidents,Remarks,Argentina,"Compare the public line with the private conversation; use for annotation when it explains public posture, timing, or follow-up.","Source: Public Papers of the Presidents of the United States: George H. W. Bush, 1992, Book I, January 15, 1992, ""Remarks to Liberty Mutual Insurance Employees in Dover"", p. 102. GovInfo, Government Publishing Office.",https://s3.us-east-1.amazonaws.com/NARAprodstorage/lz/presidential-libraries/bush/gb-nsc/321498139/1992-01-16--Menem.pdf,https://catalog.archives.gov/id/428082119,https://www.govinfo.gov/content/pkg/PPP-1992-book1/pdf/PPP-1992-book1-doc-pg102.pdf,bush-library-428082119,govinfo-PPP-1992-book1-doc-pg102
219,Medium,Daily Diary/backup timing support,Argentina,1992-04-07,Telcon,Memorandum of Telephone Conversation,1992-04-07,0,[Presidential Daily Backup] 4/7/1992,Presidential Daily Backup,Restricted - Possibly,"Latin America; South America; Argentina; Bush Library Memcons and Telcons; Telcon","Use to confirm timing, call/meeting status, participants, or backup packet context for a possible source note or editorial note.","Source: George H.W. Bush Library, Bush Presidential Records, White House Office of Appointments and Scheduling Files, Presidential Daily Diary and Presidential Daily Backup Materials, [Presidential Daily Backup] 4/7/1992. Access restriction: Restricted - Possibly.",https://s3.us-east-1.amazonaws.com/NARAprodstorage/lz/presidential-libraries/bush/gb-nsc/321498139/1992-04-07--Menem.pdf,https://catalog.archives.gov/id/428082165,https://s3.dualstack.us-east-1.amazonaws.com/NARAprodstorage/lz/presidential-libraries/bush/gb-whasf/Presidential_Daily_Diary_186322/1992/41-bpr-apts_sch-dd-04_07_92-12886-006_415891953.pdf,bush-library-428082165,415891953
220,Medium,Daily Diary/backup timing support,Argentina,1992-04-07,Telcon,Memorandum of Telephone Conversation,1992-04-07,0,[Presidential Daily Diary] 4/7/1992,Presidential Daily Diary,Restricted - Possibly,"Latin America; South America; Argentina; Bush Library Memcons and Telcons; Telcon","Use to confirm timing, call/meeting status, participants, or backup packet context for a possible source note or editorial note.","Source: George H.W. Bush Library, Bush Presidential Records, White House Office of Appointments and Scheduling Files, Presidential Daily Diary and Presidential Daily Backup Materials, [Presidential Daily Diary] 4/7/1992. Access restriction: Restricted - Possibly.",https://s3.us-east-1.amazonaws.com/NARAprodstorage/lz/presidential-libraries/bush/gb-nsc/321498139/1992-04-07--Menem.pdf,https://catalog.archives.gov/id/428082165,https://s3.dualstack.us-east-1.amazonaws.com/NARAprodstorage/lz/presidential-libraries/bush/gb-whasf/Presidential_Daily_Diary_186322/1992/41-bpr-apts_sch-dd-04_07_92-12886-005_415891952.pdf,bush-library-428082165,415891952
221,Medium,Partial release / alternate-copy check,Argentina,1992-04-07,Telcon,Memorandum of Telephone Conversation,1992-04-07,,Memorandum of Telephone Conversation,Presidential Telcon Files,Partial,"Latin America; South America; Argentina; Bush Library Memcons and Telcons; Telcon","Before printing or annotating this document, check parallel Scowcroft, backup, later-release, or agency files for a less-redacted copy.","Source: George H.W. Bush Library, Bush Presidential Records, National Security Council, Presidential Telcon Files, [Memorandum of Telephone Conversations (Telcons) - January 1992-June 1992]: April 1992. Declassified; partial release: Partial.",https://s3.us-east-1.amazonaws.com/NARAprodstorage/lz/presidential-libraries/bush/gb-nsc/321498139/1992-04-07--Menem.pdf,https://catalog.archives.gov/id/428082165,https://s3.us-east-1.amazonaws.com/NARAprodstorage/lz/presidential-libraries/bush/gb-nsc/321498139/1992-04-07--Menem.pdf,bush-library-428082165,bush-library-428082165
222,Medium,Daily Diary/backup timing support,Argentina,1992-10-31,Telcon,Memorandum of a Telephone Conversation,1992-10-31,0,[Presidential Daily Backup] 10/31/1992,Presidential Daily Backup,Restricted - Possibly,"Latin America; South America; Argentina; Brent Scowcroft Papers; Head-of-state memcons and telcons","Use to confirm timing, call/meeting status, participants, or backup packet context for a possible source note or editorial note.","Source: George H.W. Bush Library, Bush Presidential Records, White House Office of Appointments and Scheduling Files, Presidential Daily Diary and Presidential Daily Backup Materials, [Presidential Daily Backup] 10/31/1992. Access restriction: Restricted - Possibly.",documents/argentina/1992-10-31-bush-carlos-saul-menem-telcon-91113-005-p70-scowcroft.pdf,https://catalog.archives.gov/id/366551705,https://s3.dualstack.us-east-1.amazonaws.com/NARAprodstorage/lz/presidential-libraries/bush/gb-whasf/Presidential_Daily_Diary_186322/1992/41-bpr-apts_sch-dd-10_31_92-26862-002_415892371.pdf,scowcroft-366551705-70-carlos-saul-menem-telcon,415892371
223,Medium,Daily Diary/backup timing support,Argentina,1992-10-31,Telcon,Memorandum of a Telephone Conversation,1992-10-31,0,[Presidential Daily Diary] 10/31/1992,Presidential Daily Diary,Restricted - Possibly,"Latin America; South America; Argentina; Brent Scowcroft Papers; Head-of-state memcons and telcons","Use to confirm timing, call/meeting status, participants, or backup packet context for a possible source note or editorial note.","Source: George H.W. Bush Library, Bush Presidential Records, White House Office of Appointments and Scheduling Files, Presidential Daily Diary and Presidential Daily Backup Materials, [Presidential Daily Diary] 10/31/1992. Access restriction: Restricted - Possibly.",documents/argentina/1992-10-31-bush-carlos-saul-menem-telcon-91113-005-p70-scowcroft.pdf,https://catalog.archives.gov/id/366551705,https://s3.dualstack.us-east-1.amazonaws.com/NARAprodstorage/lz/presidential-libraries/bush/gb-whasf/Presidential_Daily_Diary_186322/1992/41-bpr-apts_sch-dd-10_31_92-26862-001_415892370.pdf,scowcroft-366551705-70-carlos-saul-menem-telcon,415892370
224,Medium,Daily Diary/backup timing support,Argentina,1992-11-05,Telcon,Memorandum of Telephone Conversation,1992-11-05,0,[Presidential Daily Backup] 11/5/1992,Presidential Daily Backup,Restricted - Possibly,"Latin America; South America; Argentina; Bush Library Memcons and Telcons; Telcon","Use to confirm timing, call/meeting status, participants, or backup packet context for a possible source note or editorial note.","Source: George H.W. Bush Library, Bush Presidential Records, White House Office of Appointments and Scheduling Files, Presidential Daily Diary and Presidential Daily Backup Materials, [Presidential Daily Backup] 11/5/1992. Access restriction: Restricted - Possibly.",https://s3.us-east-1.amazonaws.com/NARAprodstorage/lz/presidential-libraries/bush/gb-nsc/321498139/1992-11-05--Menem.pdf,https://catalog.archives.gov/id/428082357,https://s3.dualstack.us-east-1.amazonaws.com/NARAprodstorage/lz/presidential-libraries/bush/gb-whasf/Presidential_Daily_Diary_186322/1992/41-bpr-apts_sch-dd-11_05_92-26862-012_415892381.pdf,bush-library-428082357,415892381
225,Medium,Daily Diary/backup timing support,Argentina,1992-11-05,Telcon,Memorandum of a Telephone Conversation,1992-11-05,0,[Presidential Daily Backup] 11/5/1992,Presidential Daily Backup,Restricted - Possibly,"Latin America; South America; Argentina; Brent Scowcroft Papers; Head-of-state memcons and telcons","Use to confirm timing, call/meeting status, participants, or backup packet context for a possible source note or editorial note.","Source: George H.W. Bush Library, Bush Presidential Records, White House Office of Appointments and Scheduling Files, Presidential Daily Diary and Presidential Daily Backup Materials, [Presidential Daily Backup] 11/5/1992. Access restriction: Restricted - Possibly.",documents/argentina/1992-11-05-bush-carlos-saul-menem-telcon-91113-005-p83-scowcroft.pdf,https://catalog.archives.gov/id/366551705,https://s3.dualstack.us-east-1.amazonaws.com/NARAprodstorage/lz/presidential-libraries/bush/gb-whasf/Presidential_Daily_Diary_186322/1992/41-bpr-apts_sch-dd-11_05_92-26862-012_415892381.pdf,scowcroft-366551705-83-carlos-saul-menem-telcon,415892381
226,Medium,Daily Diary/backup timing support,Argentina,1992-11-05,Telcon,Memorandum of Telephone Conversation,1992-11-05,0,[Presidential Daily Diary] 11/5/1992,Presidential Daily Diary,Restricted - Possibly,"Latin America; South America; Argentina; Bush Library Memcons and Telcons; Telcon","Use to confirm timing, call/meeting status, participants, or backup packet context for a possible source note or editorial note.","Source: George H.W. Bush Library, Bush Presidential Records, White House Office of Appointments and Scheduling Files, Presidential Daily Diary and Presidential Daily Backup Materials, [Presidential Daily Diary] 11/5/1992. Access restriction: Restricted - Possibly.",https://s3.us-east-1.amazonaws.com/NARAprodstorage/lz/presidential-libraries/bush/gb-nsc/321498139/1992-11-05--Menem.pdf,https://catalog.archives.gov/id/428082357,https://s3.dualstack.us-east-1.amazonaws.com/NARAprodstorage/lz/presidential-libraries/bush/gb-whasf/Presidential_Daily_Diary_186322/1992/41-bpr-apts_sch-dd-11_05_92-26862-011_415892380.pdf,bush-library-428082357,415892380
227,Medium,Daily Diary/backup timing support,Argentina,1992-11-05,Telcon,Memorandum of a Telephone Conversation,1992-11-05,0,[Presidential Daily Diary] 11/5/1992,Presidential Daily Diary,Restricted - Possibly,"Latin America; South America; Argentina; Brent Scowcroft Papers; Head-of-state memcons and telcons","Use to confirm timing, call/meeting status, participants, or backup packet context for a possible source note or editorial note.","Source: George H.W. Bush Library, Bush Presidential Records, White House Office of Appointments and Scheduling Files, Presidential Daily Diary and Presidential Daily Backup Materials, [Presidential Daily Diary] 11/5/1992. Access restriction: Restricted - Possibly.",documents/argentina/1992-11-05-bush-carlos-saul-menem-telcon-91113-005-p83-scowcroft.pdf,https://catalog.archives.gov/id/366551705,https://s3.dualstack.us-east-1.amazonaws.com/NARAprodstorage/lz/presidential-libraries/bush/gb-whasf/Presidential_Daily_Diary_186322/1992/41-bpr-apts_sch-dd-11_05_92-26862-011_415892380.pdf,scowcroft-366551705-83-carlos-saul-menem-telcon,415892380
228,Medium,Daily Diary/backup timing support,Argentina,1992-12-01,Telcon,Memorandum of Telephone Conversation,1992-12-01,0,[Presidential Daily Backup] 12/01/1992,Presidential Daily Backup,Restricted - Possibly,"Latin America; South America; Argentina; Bush Library Memcons and Telcons; Telcon","Use to confirm timing, call/meeting status, participants, or backup packet context for a possible source note or editorial note.","Source: George H.W. Bush Library, Bush Presidential Records, White House Office of Appointments and Scheduling Files, Presidential Daily Diary and Presidential Daily Backup Materials, [Presidential Daily Backup] 12/01/1992. Access restriction: Restricted - Possibly.",https://s3.us-east-1.amazonaws.com/NARAprodstorage/lz/presidential-libraries/bush/gb-nsc/321498139/1992-12-01--Menem.pdf,https://catalog.archives.gov/id/428082385,https://s3.dualstack.us-east-1.amazonaws.com/NARAprodstorage/lz/presidential-libraries/bush/gb-whasf/Presidential_Daily_Diary_186322/1992/41-bpr-apts_sch-dd-12_01_92-26863-032_415892433.pdf,bush-library-428082385,415892433
229,Medium,Daily Diary/backup timing support,Argentina,1992-12-01,Telcon,Memorandum of a Telephone Conversation,1992-12-01,0,[Presidential Daily Backup] 12/01/1992,Presidential Daily Backup,Restricted - Possibly,"Latin America; South America; Argentina; Brent Scowcroft Papers; Head-of-state memcons and telcons","Use to confirm timing, call/meeting status, participants, or backup packet context for a possible source note or editorial note.","Source: George H.W. Bush Library, Bush Presidential Records, White House Office of Appointments and Scheduling Files, Presidential Daily Diary and Presidential Daily Backup Materials, [Presidential Daily Backup] 12/01/1992. Access restriction: Restricted - Possibly.",documents/argentina/1992-12-01-bush-carlos-saul-menem-telcon-91113-006-p34-scowcroft.pdf,https://catalog.archives.gov/id/366551706,https://s3.dualstack.us-east-1.amazonaws.com/NARAprodstorage/lz/presidential-libraries/bush/gb-whasf/Presidential_Daily_Diary_186322/1992/41-bpr-apts_sch-dd-12_01_92-26863-032_415892433.pdf,scowcroft-366551706-34-carlos-saul-menem-telcon,415892433
230,Medium,Daily Diary/backup timing support,Argentina,1992-12-01,Telcon,Memorandum of Telephone Conversation,1992-12-01,0,[Presidential Daily Diary] 12/01/1992,Presidential Daily Diary,Restricted - Possibly,"Latin America; South America; Argentina; Bush Library Memcons and Telcons; Telcon","Use to confirm timing, call/meeting status, participants, or backup packet context for a possible source note or editorial note.","Source: George H.W. Bush Library, Bush Presidential Records, White House Office of Appointments and Scheduling Files, Presidential Daily Diary and Presidential Daily Backup Materials, [Presidential Daily Diary] 12/01/1992. Access restriction: Restricted - Possibly.",https://s3.us-east-1.amazonaws.com/NARAprodstorage/lz/presidential-libraries/bush/gb-nsc/321498139/1992-12-01--Menem.pdf,https://catalog.archives.gov/id/428082385,https://s3.dualstack.us-east-1.amazonaws.com/NARAprodstorage/lz/presidential-libraries/bush/gb-whasf/Presidential_Daily_Diary_186322/1992/41-bpr-apts_sch-dd-12_01_92-26863-031_415892432.pdf,bush-library-428082385,415892432
231,Medium,Daily Diary/backup timing support,Argentina,1992-12-01,Telcon,Memorandum of a Telephone Conversation,1992-12-01,0,[Presidential Daily Diary] 12/01/1992,Presidential Daily Diary,Restricted - Possibly,"Latin America; South America; Argentina; Brent Scowcroft Papers; Head-of-state memcons and telcons","Use to confirm timing, call/meeting status, participants, or backup packet context for a possible source note or editorial note.","Source: George H.W. Bush Library, Bush Presidential Records, White House Office of Appointments and Scheduling Files, Presidential Daily Diary and Presidential Daily Backup Materials, [Presidential Daily Diary] 12/01/1992. Access restriction: Restricted - Possibly.",documents/argentina/1992-12-01-bush-carlos-saul-menem-telcon-91113-006-p34-scowcroft.pdf,https://catalog.archives.gov/id/366551706,https://s3.dualstack.us-east-1.amazonaws.com/NARAprodstorage/lz/presidential-libraries/bush/gb-whasf/Presidential_Daily_Diary_186322/1992/41-bpr-apts_sch-dd-12_01_92-26863-031_415892432.pdf,scowcroft-366551706-34-carlos-saul-menem-telcon,415892432
232,Medium,Daily Diary/backup timing support,Bolivia,1989-07-07,Telcon,Memorandum of Telephone Conversation,1989-07-07,0,[Presidential Daily Backup] 7/7/1989,Presidential Daily Backup,Restricted - Possibly,"Latin America; South America; Bolivia; Bush Library Memcons and Telcons; Telcon","Use to confirm timing, call/meeting status, participants, or backup packet context for a possible source note or editorial note.","Source: George H.W. Bush Library, Bush Presidential Records, White House Office of Appointments and Scheduling Files, Presidential Daily Diary and Presidential Daily Backup Materials, [Presidential Daily Backup] 7/7/1989. Access restriction: Restricted - Possibly.",https://s3.us-east-1.amazonaws.com/NARAprodstorage/lz/presidential-libraries/bush/gb-nsc/321498139/1989-07-07--Estenssoro.pdf,https://catalog.archives.gov/id/428080119,https://s3.amazonaws.com/NARAprodstorage/lz/presidential-libraries/bush/gb-whasf/Presidential_Daily_Diary_186322/1989/41-bpr-apts_sch-dd-07_07_89-12801-016_415889935.pdf,bush-library-428080119,415889935
233,Medium,Daily Diary/backup timing support,Bolivia,1989-07-07,Telcon,Memorandum of Telephone Conversation,1989-07-07,0,[Presidential Daily Diary] 7/7/1989,Presidential Daily Diary,Restricted - Possibly,"Latin America; South America; Bolivia; Bush Library Memcons and Telcons; Telcon","Use to confirm timing, call/meeting status, participants, or backup packet context for a possible source note or editorial note.","Source: George H.W. Bush Library, Bush Presidential Records, White House Office of Appointments and Scheduling Files, Presidential Daily Diary and Presidential Daily Backup Materials, [Presidential Daily Diary] 7/7/1989. Access restriction: Restricted - Possibly.",https://s3.us-east-1.amazonaws.com/NARAprodstorage/lz/presidential-libraries/bush/gb-nsc/321498139/1989-07-07--Estenssoro.pdf,https://catalog.archives.gov/id/428080119,https://s3.amazonaws.com/NARAprodstorage/lz/presidential-libraries/bush/gb-whasf/Presidential_Daily_Diary_186322/1989/41-bpr-apts_sch-dd-07_07_89-12801-015_415889934.pdf,bush-library-428080119,415889934
234,Medium,Nearby high-priority print lead,Bolivia,1989-07-07,Telcon,Memorandum of Telephone Conversation,"July 12, 1989",5,The President’s Telephone Conversation with,Latin American Affairs Directorate Subject Files,High / 72,presidential diplomacy,"Verify the page image/OCR and decide whether this lead should be printed, used as annotation context, or ruled out against the anchor document.","Source: George H.W. Bush Library, Bush Presidential Records, National Security Council, Latin American Affairs Directorate Files, Subject File 1989, OA/ID CF00189, CF00189-012, Bolivia - January 20, 1989-December 31, 1989. Access restriction: Restricted - Possibly. FOIA 2015-0017-S.",https://s3.us-east-1.amazonaws.com/NARAprodstorage/lz/presidential-libraries/bush/gb-nsc/321498139/1989-07-07--Estenssoro.pdf,https://catalog.archives.gov/id/428080119,https://s3.dualstack.us-east-1.amazonaws.com/NARAprodstorage/lz/presidential-libraries/bush/gb-nsc/Latin_Amer_Aff_Dir_Files/Subject_376217847/41-bpr-nsc-lat_amer_dir-subj-cf00189-012.pdf#page=55,bush-library-428080119,subject-print-470766485-55-memorandum-of-telephone-conversation
235,Medium,Nearby high-priority print lead,Bolivia,1989-07-07,Telcon,Memorandum of Telephone Conversation,"July 13, 1989",6,Recommendation that the President Name an Official,Latin American Directorate Chronological Files,High / 90,"democracy; presidential diplomacy; panama spillover","Verify the page image/OCR and decide whether this lead should be printed, used as annotation context, or ruled out against the anchor document.","Source: George H.W. Bush Library, Bush Presidential Records, National Security Council, Latin American Affairs Directorate Files, Chronological Files, OA/ID CF00302, CF00302-005, July 16, 1989-July 30, 1989 [2]. Access restriction: Restricted - Possibly. FOIA 2015-0017-S.",https://s3.us-east-1.amazonaws.com/NARAprodstorage/lz/presidential-libraries/bush/gb-nsc/321498139/1989-07-07--Estenssoro.pdf,https://catalog.archives.gov/id/428080119,https://s3.dualstack.us-east-1.amazonaws.com/NARAprodstorage/lz/presidential-libraries/bush/gb-nsc/Latin_Amer_Aff_Dir_Files/Chronological_2197972/41-bpr-nsc-lat_amer_dir-chron-cf00302-005.pdf#page=94,bush-library-428080119,chronological-print-470766442-94-memorandum
236,Medium,Nearby high-priority print lead,Bolivia,1989-07-07,Telcon,Memorandum of Telephone Conversation,"June 30, 1989",-7,U.S. Delegation to the Inauguration of the New,Latin American Directorate Chronological Files,High / 72,presidential diplomacy,"Verify the page image/OCR and decide whether this lead should be printed, used as annotation context, or ruled out against the anchor document.","Source: George H.W. Bush Library, Bush Presidential Records, National Security Council, Latin American Affairs Directorate Files, Chronological Files, OA/ID CF00302, CF00302-005, July 16, 1989-July 30, 1989 [2]. Access restriction: Restricted - Possibly. FOIA 2015-0017-S.",https://s3.us-east-1.amazonaws.com/NARAprodstorage/lz/presidential-libraries/bush/gb-nsc/321498139/1989-07-07--Estenssoro.pdf,https://catalog.archives.gov/id/428080119,https://s3.dualstack.us-east-1.amazonaws.com/NARAprodstorage/lz/presidential-libraries/bush/gb-nsc/Latin_Amer_Aff_Dir_Files/Chronological_2197972/41-bpr-nsc-lat_amer_dir-chron-cf00302-005.pdf#page=105,bush-library-428080119,chronological-print-470766442-105-memorandum
237,Medium,Nearby high-priority print lead,Bolivia,1989-07-07,Telcon,Memorandum of Telephone Conversation,"June 30, 1989",-7,Vice President’s Trip t outh America,Latin American Affairs Directorate Subject Files,High / 72,"South America; presidential diplomacy; regional policy","Verify the page image/OCR and decide whether this lead should be printed, used as annotation context, or ruled out against the anchor document.","Source: George H.W. Bush Library, Bush Presidential Records, National Security Council, Latin American Affairs Directorate Files, Subject File 1989, OA/ID CF00193, CF00193-010, South America - January 20, 1989-December 31, 1989. Access restriction: Restricted - Possibly. FOIA 2015-0017-S.",https://s3.us-east-1.amazonaws.com/NARAprodstorage/lz/presidential-libraries/bush/gb-nsc/321498139/1989-07-07--Estenssoro.pdf,https://catalog.archives.gov/id/428080119,https://s3.dualstack.us-east-1.amazonaws.com/NARAprodstorage/lz/presidential-libraries/bush/gb-nsc/Latin_Amer_Aff_Dir_Files/Subject_376217847/41-bpr-nsc-lat_amer_dir-subj-cf00193-010.pdf#page=5,bush-library-428080119,subject-print-470766525-5-memorandum
238,Medium,Nearby high-priority print lead,Bolivia,1989-07-07,Telcon,Memorandum of Telephone Conversation,"June 30, 1989",-7,Vice President's Trip to South America,Latin American Affairs Directorate Subject Files,High / 72,"South America; presidential diplomacy; regional policy","Verify the page image/OCR and decide whether this lead should be printed, used as annotation context, or ruled out against the anchor document.","Source: George H.W. Bush Library, Bush Presidential Records, National Security Council, Latin American Affairs Directorate Files, Subject File 1989, OA/ID CF00193, CF00193-010, South America - January 20, 1989-December 31, 1989. Access restriction: Restricted - Possibly. FOIA 2015-0017-S.",https://s3.us-east-1.amazonaws.com/NARAprodstorage/lz/presidential-libraries/bush/gb-nsc/321498139/1989-07-07--Estenssoro.pdf,https://catalog.archives.gov/id/428080119,https://s3.dualstack.us-east-1.amazonaws.com/NARAprodstorage/lz/presidential-libraries/bush/gb-nsc/Latin_Amer_Aff_Dir_Files/Subject_376217847/41-bpr-nsc-lat_amer_dir-subj-cf00193-010.pdf#page=9,bush-library-428080119,subject-print-470766525-9-memorandum
239,Medium,Nearby high-priority print lead,Bolivia,1989-07-07,Telcon,Memorandum of Telephone Conversation,"June 30, 1989",-7,Vice President’s Trip to South America,Latin American Directorate Chronological Files,High / 72,"presidential diplomacy; regional policy","Verify the page image/OCR and decide whether this lead should be printed, used as annotation context, or ruled out against the anchor document.","Source: George H.W. Bush Library, Bush Presidential Records, National Security Council, Latin American Affairs Directorate Files, Chronological Files, OA/ID CF00302, CF00302-003, July 1, 1989-July 15, 1989 [3]. Access restriction: Restricted - Possibly. FOIA 2015-0017-S.",https://s3.us-east-1.amazonaws.com/NARAprodstorage/lz/presidential-libraries/bush/gb-nsc/321498139/1989-07-07--Estenssoro.pdf,https://catalog.archives.gov/id/428080119,https://s3.dualstack.us-east-1.amazonaws.com/NARAprodstorage/lz/presidential-libraries/bush/gb-nsc/Latin_Amer_Aff_Dir_Files/Chronological_2197972/41-bpr-nsc-lat_amer_dir-chron-cf00302-003.pdf#page=28,bush-library-428080119,chronological-print-470766440-28-memorandum
240,Medium,Daily Diary/backup timing support,Bolivia,1990-02-15,Memcon,Memorandum of Conversation,1990-02-15,0,[Presidential Daily Backup] 2/15/1990,Presidential Daily Backup,Restricted - Possibly,"Latin America; South America; Bolivia; Brent Scowcroft Papers; Head-of-state memcons and telcons","Use to confirm timing, call/meeting status, participants, or backup packet context for a possible source note or editorial note.","Source: George H.W. Bush Library, Bush Presidential Records, White House Office of Appointments and Scheduling Files, Presidential Daily Diary and Presidential Daily Backup Materials, [Presidential Daily Backup] 2/15/1990. Access restriction: Restricted - Possibly.",documents/bolivia/1990-02-15-bush-jaime-paz-zamora-memcon-91107-007-p73-scowcroft.pdf,https://catalog.archives.gov/id/366551666,https://s3.amazonaws.com/NARAprodstorage/lz/presidential-libraries/bush/gb-whasf/Presidential_Daily_Diary_186322/1990/41-bpr-apts_sch-dd-02_15_90-12818-010_415890381.pdf,scowcroft-366551666-73-jaime-paz-zamora-memcon,415890381
241,Medium,Daily Diary/backup timing support,Bolivia,1990-02-15,Memcon,Memorandum of Conversation,1990-02-15,0,[Presidential Daily Diary] 2/15/1990,Presidential Daily Diary,Restricted - Possibly,"Latin America; South America; Bolivia; Brent Scowcroft Papers; Head-of-state memcons and telcons","Use to confirm timing, call/meeting status, participants, or backup packet context for a possible source note or editorial note.","Source: George H.W. Bush Library, Bush Presidential Records, White House Office of Appointments and Scheduling Files, Presidential Daily Diary and Presidential Daily Backup Materials, [Presidential Daily Diary] 2/15/1990. Access restriction: Restricted - Possibly.",documents/bolivia/1990-02-15-bush-jaime-paz-zamora-memcon-91107-007-p73-scowcroft.pdf,https://catalog.archives.gov/id/366551666,https://s3.amazonaws.com/NARAprodstorage/lz/presidential-libraries/bush/gb-whasf/Presidential_Daily_Diary_186322/1990/41-bpr-apts_sch-dd-02_15_90-12818-009_415890380.pdf,scowcroft-366551666-73-jaime-paz-zamora-memcon,415890380
242,Medium,Nearby public statement,Bolivia,1990-02-15,Memcon,Memorandum of Conversation,1990-02-15,0,"Statement on the Drug Summit in Cartagena, Colombia",Public Papers of the Presidents,Statement,"Bolivia; Colombia; Peru","Compare the public line with the private conversation; use for annotation when it explains public posture, timing, or follow-up.","Source: Public Papers of the Presidents of the United States: George H. W. Bush, 1990, Book I, February 15, 1990, ""Statement on the Drug Summit in Cartagena, Colombia"", pp. 222-235. GovInfo, Government Publishing Office.",documents/bolivia/1990-02-15-bush-jaime-paz-zamora-memcon-91107-007-p73-scowcroft.pdf,https://catalog.archives.gov/id/366551666,https://www.govinfo.gov/content/pkg/PPP-1990-book1/pdf/PPP-1990-book1.pdf#page=240,scowcroft-366551666-73-jaime-paz-zamora-memcon,govinfo-ppp-1990-book1-240-statement-on-the-drug-summit-in-cartagena-colombia
243,Medium,Nearby public statement,Bolivia,1990-02-15,Memcon,Memorandum of Conversation,1990-02-15,0,"The President's News Conference Following the Drug Summit in Cartagena, Colombia",Public Papers of the Presidents,News Conference,"Bolivia; Brazil; Colombia; Peru","Compare the public line with the private conversation; use for annotation when it explains public posture, timing, or follow-up.","Source: Public Papers of the Presidents of the United States: George H. W. Bush, 1990, Book I, February 15, 1990, ""The President's News Conference Following the Drug Summit in Cartagena, Colombia"", pp. 235-238. GovInfo, Government Publishing Office.",documents/bolivia/1990-02-15-bush-jaime-paz-zamora-memcon-91107-007-p73-scowcroft.pdf,https://catalog.archives.gov/id/366551666,https://www.govinfo.gov/content/pkg/PPP-1990-book1/pdf/PPP-1990-book1.pdf#page=253,scowcroft-366551666-73-jaime-paz-zamora-memcon,govinfo-ppp-1990-book1-253-the-president-s-news-conference-following-the-drug-summit-in-cartagena-colombia
244,Medium,Daily Diary/backup timing support,Bolivia,1990-05-08,Memcon,Memorandum of Conversation,1990-05-08,0,[Presidential Daily Backup] 5/8/1990,Presidential Daily Backup,Restricted - Possibly,"Latin America; South America; Bolivia; Bush Library Memcons and Telcons; Memcon","Use to confirm timing, call/meeting status, participants, or backup packet context for a possible source note or editorial note.","Source: George H.W. Bush Library, Bush Presidential Records, White House Office of Appointments and Scheduling Files, Presidential Daily Diary and Presidential Daily Backup Materials, [Presidential Daily Backup] 5/8/1990. Access restriction: Restricted - Possibly.",https://s3.us-east-1.amazonaws.com/NARAprodstorage/lz/presidential-libraries/bush/gb-nsc/321498039/1990-05-08--Zamora-2.pdf,https://catalog.archives.gov/id/428080687,https://s3.amazonaws.com/NARAprodstorage/lz/presidential-libraries/bush/gb-whasf/Presidential_Daily_Diary_186322/1990/41-bpr-apts_sch-dd-05_08_90-12826-010_415890545.pdf,bush-library-428080687,415890545
245,Medium,Daily Diary/backup timing support,Bolivia,1990-05-08,Memcon,Memorandum of Conversation,1990-05-08,0,[Presidential Daily Backup] 5/8/1990,Presidential Daily Backup,Restricted - Possibly,"Latin America; South America; Bolivia; Bush Library Memcons and Telcons; Memcon","Use to confirm timing, call/meeting status, participants, or backup packet context for a possible source note or editorial note.","Source: George H.W. Bush Library, Bush Presidential Records, White House Office of Appointments and Scheduling Files, Presidential Daily Diary and Presidential Daily Backup Materials, [Presidential Daily Backup] 5/8/1990. Access restriction: Restricted - Possibly.",https://s3.us-east-1.amazonaws.com/NARAprodstorage/lz/presidential-libraries/bush/gb-nsc/321498039/1990-05-08--Zamora-1.pdf,https://catalog.archives.gov/id/428080685,https://s3.amazonaws.com/NARAprodstorage/lz/presidential-libraries/bush/gb-whasf/Presidential_Daily_Diary_186322/1990/41-bpr-apts_sch-dd-05_08_90-12826-010_415890545.pdf,bush-library-428080685,415890545
246,Medium,Daily Diary/backup timing support,Bolivia,1990-05-08,Memcon,Memorandum of Conversation,1990-05-08,0,[Presidential Daily Diary] 5/8/1990,Presidential Daily Diary,Restricted - Possibly,"Latin America; South America; Bolivia; Bush Library Memcons and Telcons; Memcon","Use to confirm timing, call/meeting status, participants, or backup packet context for a possible source note or editorial note.","Source: George H.W. Bush Library, Bush Presidential Records, White House Office of Appointments and Scheduling Files, Presidential Daily Diary and Presidential Daily Backup Materials, [Presidential Daily Diary] 5/8/1990. Access restriction: Restricted - Possibly.",https://s3.us-east-1.amazonaws.com/NARAprodstorage/lz/presidential-libraries/bush/gb-nsc/321498039/1990-05-08--Zamora-2.pdf,https://catalog.archives.gov/id/428080687,https://s3.amazonaws.com/NARAprodstorage/lz/presidential-libraries/bush/gb-whasf/Presidential_Daily_Diary_186322/1990/41-bpr-apts_sch-dd-05_08_90-12826-009_415890544.pdf,bush-library-428080687,415890544
247,Medium,Daily Diary/backup timing support,Bolivia,1990-05-08,Memcon,Memorandum of Conversation,1990-05-08,0,[Presidential Daily Diary] 5/8/1990,Presidential Daily Diary,Restricted - Possibly,"Latin America; South America; Bolivia; Bush Library Memcons and Telcons; Memcon","Use to confirm timing, call/meeting status, participants, or backup packet context for a possible source note or editorial note.","Source: George H.W. Bush Library, Bush Presidential Records, White House Office of Appointments and Scheduling Files, Presidential Daily Diary and Presidential Daily Backup Materials, [Presidential Daily Diary] 5/8/1990. Access restriction: Restricted - Possibly.",https://s3.us-east-1.amazonaws.com/NARAprodstorage/lz/presidential-libraries/bush/gb-nsc/321498039/1990-05-08--Zamora-1.pdf,https://catalog.archives.gov/id/428080685,https://s3.amazonaws.com/NARAprodstorage/lz/presidential-libraries/bush/gb-whasf/Presidential_Daily_Diary_186322/1990/41-bpr-apts_sch-dd-05_08_90-12826-009_415890544.pdf,bush-library-428080685,415890544
248,Medium,Nearby public statement,Bolivia,1990-05-08,Memcon,Memorandum of Conversation,1990-05-08,0,Remarks Following Discussions With President Jaime Paz Zamora of Bolivia,Public Papers of the Presidents,Remarks,"Bolivia; Colombia; Peru","Compare the public line with the private conversation; use for annotation when it explains public posture, timing, or follow-up.","Source: Public Papers of the Presidents of the United States: George H. W. Bush, 1990, Book I, May 8, 1990, ""Remarks Following Discussions With President Jaime Paz Zamora of Bolivia"", pp. 636-638. GovInfo, Government Publishing Office.",https://s3.us-east-1.amazonaws.com/NARAprodstorage/lz/presidential-libraries/bush/gb-nsc/321498039/1990-05-08--Zamora-2.pdf,https://catalog.archives.gov/id/428080687,https://www.govinfo.gov/content/pkg/PPP-1990-book1/pdf/PPP-1990-book1.pdf#page=662,bush-library-428080687,govinfo-ppp-1990-book1-662-remarks-following-discussions-with-president-jaime-paz-zamora-of-bolivia
249,Medium,Nearby public statement,Bolivia,1990-05-08,Memcon,Memorandum of Conversation,1990-05-08,0,Remarks Following Discussions With President Jaime Paz Zamora of Bolivia,Public Papers of the Presidents,Remarks,"Bolivia; Colombia; Peru","Compare the public line with the private conversation; use for annotation when it explains public posture, timing, or follow-up.","Source: Public Papers of the Presidents of the United States: George H. W. Bush, 1990, Book I, May 8, 1990, ""Remarks Following Discussions With President Jaime Paz Zamora of Bolivia"", pp. 636-638. GovInfo, Government Publishing Office.",https://s3.us-east-1.amazonaws.com/NARAprodstorage/lz/presidential-libraries/bush/gb-nsc/321498039/1990-05-08--Zamora-1.pdf,https://catalog.archives.gov/id/428080685,https://www.govinfo.gov/content/pkg/PPP-1990-book1/pdf/PPP-1990-book1.pdf#page=662,bush-library-428080685,govinfo-ppp-1990-book1-662-remarks-following-discussions-with-president-jaime-paz-zamora-of-bolivia
250,Medium,Nearby public statement,Bolivia,1990-05-08,Memcon,Memorandum of Conversation,1990-05-07,-1,Statement by Press Secretary Fitzwater Announcing Importation Restrictions on Archeological Treasures From Peru,Public Papers of the Presidents,Statement,"Bolivia; Peru","Compare the public line with the private conversation; use for annotation when it explains public posture, timing, or follow-up.","Source: Public Papers of the Presidents of the United States: George H. W. Bush, 1990, Book I, May 7, 1990, ""Statement by Press Secretary Fitzwater Announcing Importation Restrictions on Archeological Treasures From Peru"", p. 634. GovInfo, Government Publishing Office.",https://s3.us-east-1.amazonaws.com/NARAprodstorage/lz/presidential-libraries/bush/gb-nsc/321498039/1990-05-08--Zamora-2.pdf,https://catalog.archives.gov/id/428080687,https://www.govinfo.gov/content/pkg/PPP-1990-book1/pdf/PPP-1990-book1.pdf#page=660,bush-library-428080687,govinfo-ppp-1990-book1-660-statement-by-press-secretary-fitzwater-announcing-importation-restrictions-on-archeological-treasures-from-peru
251,Medium,Nearby public statement,Bolivia,1990-05-08,Memcon,Memorandum of Conversation,1990-05-07,-1,Statement by Press Secretary Fitzwater Announcing Importation Restrictions on Archeological Treasures From Peru,Public Papers of the Presidents,Statement,"Bolivia; Peru","Compare the public line with the private conversation; use for annotation when it explains public posture, timing, or follow-up.","Source: Public Papers of the Presidents of the United States: George H. W. Bush, 1990, Book I, May 7, 1990, ""Statement by Press Secretary Fitzwater Announcing Importation Restrictions on Archeological Treasures From Peru"", p. 634. GovInfo, Government Publishing Office.",https://s3.us-east-1.amazonaws.com/NARAprodstorage/lz/presidential-libraries/bush/gb-nsc/321498039/1990-05-08--Zamora-1.pdf,https://catalog.archives.gov/id/428080685,https://www.govinfo.gov/content/pkg/PPP-1990-book1/pdf/PPP-1990-book1.pdf#page=660,bush-library-428080685,govinfo-ppp-1990-book1-660-statement-by-press-secretary-fitzwater-announcing-importation-restrictions-on-archeological-treasures-from-peru
252,Medium,Daily Diary/backup timing support,Brazil,1989-02-25,Memcon,Memorandum of Conversation,1989-02-25,0,[Presidential Daily Backup] 2/25/1989,Presidential Daily Backup,Restricted - Possibly,"Latin America; South America; Brazil; Bush Library Memcons and Telcons; Memcon","Use to confirm timing, call/meeting status, participants, or backup packet context for a possible source note or editorial note.","Source: George H.W. Bush Library, Bush Presidential Records, White House Office of Appointments and Scheduling Files, Presidential Daily Diary and Presidential Daily Backup Materials, [Presidential Daily Backup] 2/25/1989. Access restriction: Restricted - Possibly.",https://s3.us-east-1.amazonaws.com/NARAprodstorage/lz/presidential-libraries/bush/gb-nsc/321498039/1989-02-25--Sarney.pdf,https://catalog.archives.gov/id/428079873,https://s3.amazonaws.com/NARAprodstorage/lz/presidential-libraries/bush/gb-whasf/Presidential_Daily_Diary_186322/1989/41-bpr-apts_sch-dd-02_25_89-12791-018_415889671.pdf,bush-library-428079873,415889671
253,Medium,Nearby public statement,Brazil,1989-02-25,Memcon,Memorandum of Conversation,1989-02-25,0,The President's News Conference in Tokyo,Public Papers of the Presidents,News Conference,Brazil,"Compare the public line with the private conversation; use for annotation when it explains public posture, timing, or follow-up.","Source: Public Papers of the Presidents of the United States: George H. W. Bush, 1989, Book I, February 25, 1989, ""The President's News Conference in Tokyo"", pp. 133-139. GovInfo, Government Publishing Office.",https://s3.us-east-1.amazonaws.com/NARAprodstorage/lz/presidential-libraries/bush/gb-nsc/321498039/1989-02-25--Sarney.pdf,https://catalog.archives.gov/id/428079873,https://www.govinfo.gov/content/pkg/PPP-1989-book1/pdf/PPP-1989-book1.pdf#page=151,bush-library-428079873,govinfo-ppp-1989-book1-151-the-president-s-news-conference-in-tokyo
254,Medium,Nearby high-priority print lead,Brazil,1989-02-25,Memcon,Memorandum of Conversation,"February 18, 1989",-7,Letter to President Sarney of Brazil on the,Latin American Affairs Directorate Subject Files,High / 78,"democracy; debt and economy; presidential diplomacy","Verify the page image/OCR and decide whether this lead should be printed, used as annotation context, or ruled out against the anchor document.","Source: George H.W. Bush Library, Bush Presidential Records, National Security Council, Latin American Affairs Directorate Files, Subject File 1989, OA/ID CF00189, CF00189-014, Brazil - January 20, 1989-December 31, 1989 [2]. Access restriction: Restricted - Possibly. FOIA 2004-0734-F.",https://s3.us-east-1.amazonaws.com/NARAprodstorage/lz/presidential-libraries/bush/gb-nsc/321498039/1989-02-25--Sarney.pdf,https://catalog.archives.gov/id/428079873,https://s3.dualstack.us-east-1.amazonaws.com/NARAprodstorage/lz/presidential-libraries/bush/gb-nsc/Latin_Amer_Aff_Dir_Files/Subject_376217847/41-bpr-nsc-lat_amer_dir-subj-cf00189-014.pdf#page=70,bush-library-428079873,subject-print-470766487-70-memorandum
255,Medium,Nearby high-priority print lead,Brazil,1989-02-25,Memcon,Memorandum of Conversation,"February 17, 1989",-8,Letter to OAS Secretary General Baena Soares,Latin American Directorate Chronological Files,High / 72,"presidential diplomacy; regional policy","Verify the page image/OCR and decide whether this lead should be printed, used as annotation context, or ruled out against the anchor document.","Source: George H.W. Bush Library, Bush Presidential Records, National Security Council, Latin American Affairs Directorate Files, Chronological Files, OA/ID CF00300, CF00300-006, February 1, 1989-March 1, 1989 [2]. Access restriction: Restricted - Possibly. FOIA 2015-0017-S.",https://s3.us-east-1.amazonaws.com/NARAprodstorage/lz/presidential-libraries/bush/gb-nsc/321498039/1989-02-25--Sarney.pdf,https://catalog.archives.gov/id/428079873,https://s3.dualstack.us-east-1.amazonaws.com/NARAprodstorage/lz/presidential-libraries/bush/gb-nsc/Latin_Amer_Aff_Dir_Files/Chronological_2197972/41-bpr-nsc-lat_amer_dir-chron-cf00300-006.pdf#page=45,bush-library-428079873,chronological-print-470766407-45-memorandum
256,Medium,Nearby high-priority print lead,Brazil,1989-02-25,Memcon,Memorandum of Conversation,"February 16, 1989",-9,Letter to President Sarney of Brazil,Latin American Affairs Directorate Subject Files,High / 90,"democracy; presidential diplomacy","Verify the page image/OCR and decide whether this lead should be printed, used as annotation context, or ruled out against the anchor document.","Source: George H.W. Bush Library, Bush Presidential Records, National Security Council, Latin American Affairs Directorate Files, Subject File 1989, OA/ID CF00189, CF00189-014, Brazil - January 20, 1989-December 31, 1989 [2]. Access restriction: Restricted - Possibly. FOIA 2004-0734-F.",https://s3.us-east-1.amazonaws.com/NARAprodstorage/lz/presidential-libraries/bush/gb-nsc/321498039/1989-02-25--Sarney.pdf,https://catalog.archives.gov/id/428079873,https://s3.dualstack.us-east-1.amazonaws.com/NARAprodstorage/lz/presidential-libraries/bush/gb-nsc/Latin_Amer_Aff_Dir_Files/Subject_376217847/41-bpr-nsc-lat_amer_dir-subj-cf00189-014.pdf#page=63,bush-library-428079873,subject-print-470766487-63-memorandum
257,Medium,Nearby high-priority print lead,Brazil,1989-02-25,Memcon,Memorandum of Conversation,"February 16, 1989",-9,Presidential Letter to Brazilian President,Latin American Directorate Chronological Files,High / 90,"debt and economy; presidential diplomacy","Verify the page image/OCR and decide whether this lead should be printed, used as annotation context, or ruled out against the anchor document.","Source: George H.W. Bush Library, Bush Presidential Records, National Security Council, Latin American Affairs Directorate Files, Chronological Files, OA/ID CF00300, CF00300-006, February 1, 1989-March 1, 1989 [2]. Access restriction: Restricted - Possibly. FOIA 2015-0017-S.",https://s3.us-east-1.amazonaws.com/NARAprodstorage/lz/presidential-libraries/bush/gb-nsc/321498039/1989-02-25--Sarney.pdf,https://catalog.archives.gov/id/428079873,https://s3.dualstack.us-east-1.amazonaws.com/NARAprodstorage/lz/presidential-libraries/bush/gb-nsc/Latin_Amer_Aff_Dir_Files/Chronological_2197972/41-bpr-nsc-lat_amer_dir-chron-cf00300-006.pdf#page=70,bush-library-428079873,chronological-print-470766407-70-memorandum
258,Medium,Nearby high-priority print lead,Brazil,1989-02-25,Memcon,Memorandum of Conversation,"February 16, 1989",-9,Presidential Letter to Brazilian President,Latin American Affairs Directorate Subject Files,High / 90,"debt and economy; presidential diplomacy","Verify the page image/OCR and decide whether this lead should be printed, used as annotation context, or ruled out against the anchor document.","Source: George H.W. Bush Library, Bush Presidential Records, National Security Council, Latin American Affairs Directorate Files, Subject File 1989, OA/ID CF00189, CF00189-014, Brazil - January 20, 1989-December 31, 1989 [2]. Access restriction: Restricted - Possibly. FOIA 2004-0734-F.",https://s3.us-east-1.amazonaws.com/NARAprodstorage/lz/presidential-libraries/bush/gb-nsc/321498039/1989-02-25--Sarney.pdf,https://catalog.archives.gov/id/428079873,https://s3.dualstack.us-east-1.amazonaws.com/NARAprodstorage/lz/presidential-libraries/bush/gb-nsc/Latin_Amer_Aff_Dir_Files/Subject_376217847/41-bpr-nsc-lat_amer_dir-subj-cf00189-014.pdf#page=71,bush-library-428079873,subject-print-470766487-71-memorandum
259,Medium,Nearby high-priority print lead,Brazil,1989-02-25,Memcon,Memorandum of Conversation,"MARCH 10, 1989",13,WRITES REGARDING DISCUSSIONS WITH JAPANESE,Latin American Affairs Directorate Subject Files,High / 72,presidential diplomacy,"Verify the page image/OCR and decide whether this lead should be printed, used as annotation context, or ruled out against the anchor document.","Source: George H.W. Bush Library, Bush Presidential Records, National Security Council, Latin American Affairs Directorate Files, Subject File 1989, OA/ID CF00189, CF00189-014, Brazil - January 20, 1989-December 31, 1989 [2]. Access restriction: Restricted - Possibly. FOIA 2004-0734-F.",https://s3.us-east-1.amazonaws.com/NARAprodstorage/lz/presidential-libraries/bush/gb-nsc/321498039/1989-02-25--Sarney.pdf,https://catalog.archives.gov/id/428079873,https://s3.dualstack.us-east-1.amazonaws.com/NARAprodstorage/lz/presidential-libraries/bush/gb-nsc/Latin_Amer_Aff_Dir_Files/Subject_376217847/41-bpr-nsc-lat_amer_dir-subj-cf00189-014.pdf#page=15,bush-library-428079873,subject-print-470766487-15-action-memo
260,Medium,Daily Diary/backup timing support,Brazil,1989-05-17,Telcon,Memorandum of Telephone Conversation,1989-05-17,0,[Presidential Daily Backup] 5/17/1989,Presidential Daily Backup,Restricted - Possibly,"Latin America; South America; Brazil; Bush Library Memcons and Telcons; Telcon","Use to confirm timing, call/meeting status, participants, or backup packet context for a possible source note or editorial note.","Source: George H.W. Bush Library, Bush Presidential Records, White House Office of Appointments and Scheduling Files, Presidential Daily Diary and Presidential Daily Backup Materials, [Presidential Daily Backup] 5/17/1989. Access restriction: Restricted - Possibly.",https://s3.us-east-1.amazonaws.com/NARAprodstorage/lz/presidential-libraries/bush/gb-nsc/321498139/1989-05-17--Sarney.pdf,https://catalog.archives.gov/id/428082459,https://s3.amazonaws.com/NARAprodstorage/lz/presidential-libraries/bush/gb-whasf/Presidential_Daily_Diary_186322/1989/41-bpr-apts_sch-dd-05_17_89-12797-006_415889833.pdf,bush-library-428082459,415889833
261,Medium,Daily Diary/backup timing support,Brazil,1989-05-17,Telcon,Memorandum of Telephone Conversation,1989-05-17,0,[Presidential Daily Diary] 5/17/1989,Presidential Daily Diary,Restricted - Possibly,"Latin America; South America; Brazil; Bush Library Memcons and Telcons; Telcon","Use to confirm timing, call/meeting status, participants, or backup packet context for a possible source note or editorial note.","Source: George H.W. Bush Library, Bush Presidential Records, White House Office of Appointments and Scheduling Files, Presidential Daily Diary and Presidential Daily Backup Materials, [Presidential Daily Diary] 5/17/1989. Access restriction: Restricted - Possibly.",https://s3.us-east-1.amazonaws.com/NARAprodstorage/lz/presidential-libraries/bush/gb-nsc/321498139/1989-05-17--Sarney.pdf,https://catalog.archives.gov/id/428082459,https://s3.amazonaws.com/NARAprodstorage/lz/presidential-libraries/bush/gb-whasf/Presidential_Daily_Diary_186322/1989/41-bpr-apts_sch-dd-05_17_89-12797-005_415889832.pdf,bush-library-428082459,415889832
262,Medium,Nearby high-priority print lead,Brazil,1989-05-17,Telcon,Memorandum of Telephone Conversation,"May 10, 1989",-7,PCC Meeting on Managing Issues and Relations: Brazil,Latin American Affairs Directorate Subject Files,High / 72,"debt and economy; presidential diplomacy","Verify the page image/OCR and decide whether this lead should be printed, used as annotation context, or ruled out against the anchor document.","Source: George H.W. Bush Library, Bush Presidential Records, National Security Council, Latin American Affairs Directorate Files, Subject File 1989, OA/ID CF00189, CF00189-013, Brazil - January 20, 1989-December 31, 1989 [1]. Access restriction: Restricted - Possibly. FOIA 2004-0734-F.",https://s3.us-east-1.amazonaws.com/NARAprodstorage/lz/presidential-libraries/bush/gb-nsc/321498139/1989-05-17--Sarney.pdf,https://catalog.archives.gov/id/428082459,https://s3.dualstack.us-east-1.amazonaws.com/NARAprodstorage/lz/presidential-libraries/bush/gb-nsc/Latin_Amer_Aff_Dir_Files/Subject_376217847/41-bpr-nsc-lat_amer_dir-subj-cf00189-013.pdf#page=129,bush-library-428082459,subject-print-470766486-129-memorandum
263,Medium,Nearby high-priority print lead,Brazil,1989-05-17,Telcon,Memorandum of Telephone Conversation,"May 5, 1989",-12,"To: CAROLYN ATKINSON; From: RE:",Latin American Directorate Chronological Files,High / 78,"democracy; presidential diplomacy","Verify the page image/OCR and decide whether this lead should be printed, used as annotation context, or ruled out against the anchor document.","Source: George H.W. Bush Library, Bush Presidential Records, National Security Council, Latin American Affairs Directorate Files, Chronological Files, OA/ID CF00301, CF00301-010, May 1, 1989-May 15, 1989 [1]. Access restriction: Restricted - Possibly. FOIA 2015-0017-S.",https://s3.us-east-1.amazonaws.com/NARAprodstorage/lz/presidential-libraries/bush/gb-nsc/321498139/1989-05-17--Sarney.pdf,https://catalog.archives.gov/id/428082459,https://s3.dualstack.us-east-1.amazonaws.com/NARAprodstorage/lz/presidential-libraries/bush/gb-nsc/Latin_Amer_Aff_Dir_Files/Chronological_2197972/41-bpr-nsc-lat_amer_dir-chron-cf00301-010.pdf#page=66,bush-library-428082459,chronological-print-470766427-66-memorandum
264,Medium,Daily Diary/backup timing support,Brazil,1989-09-25,Memcon,Memorandum of Conversation,1989-09-25,0,[Presidential Daily Backup] 9/25/1989,Presidential Daily Backup,Restricted - Possibly,"Latin America; South America; Brazil; Presidential Memcon Files; Memcon","Use to confirm timing, call/meeting status, participants, or backup packet context for a possible source note or editorial note.","Source: George H.W. Bush Library, Bush Presidential Records, White House Office of Appointments and Scheduling Files, Presidential Daily Diary and Presidential Daily Backup Materials, [Presidential Daily Backup] 9/25/1989. Access restriction: Restricted - Possibly.",https://s3.us-east-1.amazonaws.com/NARAprodstorage/lz/presidential-libraries/bush/gb-nsc/321498039/1989-09-25--Sarney.pdf,https://catalog.archives.gov/id/428080259,https://s3.amazonaws.com/NARAprodstorage/lz/presidential-libraries/bush/gb-whasf/Presidential_Daily_Diary_186322/1989/41-bpr-apts_sch-dd-09_25_89-12806-016_415890095.pdf,presidential-series-428080259,415890095
265,Medium,Daily Diary/backup timing support,Brazil,1989-09-25,Memcon,Memorandum of Conversation,1989-09-25,0,[Presidential Daily Diary] 9/25/1989,Presidential Daily Diary,Restricted - Possibly,"Latin America; South America; Brazil; Presidential Memcon Files; Memcon","Use to confirm timing, call/meeting status, participants, or backup packet context for a possible source note or editorial note.","Source: George H.W. Bush Library, Bush Presidential Records, White House Office of Appointments and Scheduling Files, Presidential Daily Diary and Presidential Daily Backup Materials, [Presidential Daily Diary] 9/25/1989. Access restriction: Restricted - Possibly.",https://s3.us-east-1.amazonaws.com/NARAprodstorage/lz/presidential-libraries/bush/gb-nsc/321498039/1989-09-25--Sarney.pdf,https://catalog.archives.gov/id/428080259,https://s3.amazonaws.com/NARAprodstorage/lz/presidential-libraries/bush/gb-whasf/Presidential_Daily_Diary_186322/1989/41-bpr-apts_sch-dd-09_25_89-12806-015_415890094.pdf,presidential-series-428080259,415890094
266,Medium,Daily Diary/backup timing support,Brazil,1990-01-26,Memcon,Memorandum of Conversation,1990-01-26,0,[Presidential Daily Backup] 1/26/1990,Presidential Daily Backup,Restricted - Possibly,"Latin America; South America; Brazil; Presidential Memcon Files; Memcon","Use to confirm timing, call/meeting status, participants, or backup packet context for a possible source note or editorial note.","Source: George H.W. Bush Library, Bush Presidential Records, White House Office of Appointments and Scheduling Files, Presidential Daily Diary and Presidential Daily Backup Materials, [Presidential Daily Backup] 1/26/1990. Access restriction: Restricted - Possibly.",https://s3.us-east-1.amazonaws.com/NARAprodstorage/lz/presidential-libraries/bush/gb-nsc/321498039/1990-01-26--Collor-de-Mello.pdf,https://catalog.archives.gov/id/428080489,https://s3.amazonaws.com/NARAprodstorage/lz/presidential-libraries/bush/gb-whasf/Presidential_Daily_Diary_186322/1990/41-bpr-apts_sch-dd-01_26_90-12816-006_415890341.pdf,presidential-series-428080489,415890341
267,Medium,Daily Diary/backup timing support,Brazil,1990-01-26,Memcon,Memorandum of Conversation,1990-01-26,0,[Presidential Daily Diary] 1/26/1990,Presidential Daily Diary,Restricted - Possibly,"Latin America; South America; Brazil; Presidential Memcon Files; Memcon","Use to confirm timing, call/meeting status, participants, or backup packet context for a possible source note or editorial note.","Source: George H.W. Bush Library, Bush Presidential Records, White House Office of Appointments and Scheduling Files, Presidential Daily Diary and Presidential Daily Backup Materials, [Presidential Daily Diary] 1/26/1990. Access restriction: Restricted - Possibly.",https://s3.us-east-1.amazonaws.com/NARAprodstorage/lz/presidential-libraries/bush/gb-nsc/321498039/1990-01-26--Collor-de-Mello.pdf,https://catalog.archives.gov/id/428080489,https://s3.amazonaws.com/NARAprodstorage/lz/presidential-libraries/bush/gb-whasf/Presidential_Daily_Diary_186322/1990/41-bpr-apts_sch-dd-01_26_90-12816-005_415890340.pdf,presidential-series-428080489,415890340
268,Medium,Nearby public statement,Brazil,1990-01-26,Memcon,Memorandum of Conversation,1990-01-26,0,Statement by Press Secretary Fitzwater on President Bush's Meeting With President-Elect Fernando Collor de Mello of Brazil,Public Papers of the Presidents,Statement,Brazil,"Compare the public line with the private conversation; use for annotation when it explains public posture, timing, or follow-up.","Source: Public Papers of the Presidents of the United States: George H. W. Bush, 1990, Book I, January 26, 1990, ""Statement by Press Secretary Fitzwater on President Bush's Meeting With President-Elect Fernando Collor de Mello of Brazil"", pp. 117-118. GovInfo, Government Publishing Office.",https://s3.us-east-1.amazonaws.com/NARAprodstorage/lz/presidential-libraries/bush/gb-nsc/321498039/1990-01-26--Collor-de-Mello.pdf,https://catalog.archives.gov/id/428080489,https://www.govinfo.gov/content/pkg/PPP-1990-book1/pdf/PPP-1990-book1.pdf#page=135,presidential-series-428080489,govinfo-ppp-1990-book1-135-statement-by-press-secretary-fitzwater-on-president-bush-s-meeting-with-president-elect-fernando-collor-de-mello-of-brazil
269,Medium,Daily Diary/backup timing support,Brazil,1990-03-23,Telcon,Memorandum of Telephone Conversation,1990-03-23,0,[Presidential Daily Backup] 3/23/1990,Presidential Daily Backup,Restricted - Possibly,"Latin America; South America; Brazil; Bush Library Memcons and Telcons; Telcon","Use to confirm timing, call/meeting status, participants, or backup packet context for a possible source note or editorial note.","Source: George H.W. Bush Library, Bush Presidential Records, White House Office of Appointments and Scheduling Files, Presidential Daily Diary and Presidential Daily Backup Materials, [Presidential Daily Backup] 3/23/1990. Access restriction: Restricted - Possibly.",https://s3.us-east-1.amazonaws.com/NARAprodstorage/lz/presidential-libraries/bush/gb-nsc/321498139/1990-03-23--Collor-de-Mello.pdf,https://catalog.archives.gov/id/428080617,https://s3.amazonaws.com/NARAprodstorage/lz/presidential-libraries/bush/gb-whasf/Presidential_Daily_Diary_186322/1990/41-bpr-apts_sch-dd-03_23_90-12821-020_415890453.pdf,bush-library-428080617,415890453
270,Medium,Daily Diary/backup timing support,Brazil,1990-03-23,Telcon,Memorandum of Telephone Conversation,1990-03-23,0,[Presidential Daily Diary] 3/23/1990,Presidential Daily Diary,Restricted - Possibly,"Latin America; South America; Brazil; Bush Library Memcons and Telcons; Telcon","Use to confirm timing, call/meeting status, participants, or backup packet context for a possible source note or editorial note.","Source: George H.W. Bush Library, Bush Presidential Records, White House Office of Appointments and Scheduling Files, Presidential Daily Diary and Presidential Daily Backup Materials, [Presidential Daily Diary] 3/23/1990. Access restriction: Restricted - Possibly.",https://s3.us-east-1.amazonaws.com/NARAprodstorage/lz/presidential-libraries/bush/gb-nsc/321498139/1990-03-23--Collor-de-Mello.pdf,https://catalog.archives.gov/id/428080617,https://s3.amazonaws.com/NARAprodstorage/lz/presidential-libraries/bush/gb-whasf/Presidential_Daily_Diary_186322/1990/41-bpr-apts_sch-dd-03_23_90-12821-019_415890452.pdf,bush-library-428080617,415890452
271,Medium,Daily Diary/backup timing support,Brazil,1990-06-06,Telcon,Memorandum of Telephone Conversation,1990-06-06,0,[Presidential Daily Backup] 6/6/1990,Presidential Daily Backup,Restricted - Possibly,"Latin America; South America; Brazil; Bush Library Memcons and Telcons; Telcon","Use to confirm timing, call/meeting status, participants, or backup packet context for a possible source note or editorial note.","Source: George H.W. Bush Library, Bush Presidential Records, White House Office of Appointments and Scheduling Files, Presidential Daily Diary and Presidential Daily Backup Materials, [Presidential Daily Backup] 6/6/1990. Access restriction: Restricted - Possibly.",https://s3.us-east-1.amazonaws.com/NARAprodstorage/lz/presidential-libraries/bush/gb-nsc/321498139/1990-06-06--Collor-de-Mello.pdf,https://catalog.archives.gov/id/428080767,https://s3.amazonaws.com/NARAprodstorage/lz/presidential-libraries/bush/gb-whasf/Presidential_Daily_Diary_186322/1990/41-bpr-apts_sch-dd-06_06_90-12828-028_415890603.pdf,bush-library-428080767,415890603
272,Medium,Daily Diary/backup timing support,Brazil,1990-06-06,Telcon,Memorandum of Telephone Conversation,1990-06-06,0,[Presidential Daily Diary] 6/6/1990,Presidential Daily Diary,Restricted - Possibly,"Latin America; South America; Brazil; Bush Library Memcons and Telcons; Telcon","Use to confirm timing, call/meeting status, participants, or backup packet context for a possible source note or editorial note.","Source: George H.W. Bush Library, Bush Presidential Records, White House Office of Appointments and Scheduling Files, Presidential Daily Diary and Presidential Daily Backup Materials, [Presidential Daily Diary] 6/6/1990. Access restriction: Restricted - Possibly.",https://s3.us-east-1.amazonaws.com/NARAprodstorage/lz/presidential-libraries/bush/gb-nsc/321498139/1990-06-06--Collor-de-Mello.pdf,https://catalog.archives.gov/id/428080767,https://s3.amazonaws.com/NARAprodstorage/lz/presidential-libraries/bush/gb-whasf/Presidential_Daily_Diary_186322/1990/41-bpr-apts_sch-dd-06_06_90-12828-027_415890602.pdf,bush-library-428080767,415890602
273,Medium,Nearby public statement,Brazil,1990-06-06,Telcon,Memorandum of Telephone Conversation,1990-06-07,1,"Remarks at a Fundraising Dinner for Gubernatorial Candidate Jim Edgar in Chicago, Illinois",Public Papers of the Presidents,Remarks,Brazil,"Compare the public line with the private conversation; use for annotation when it explains public posture, timing, or follow-up.","Source: Public Papers of the Presidents of the United States: George H. W. Bush, 1990, Book I, June 7, 1990, ""Remarks at a Fundraising Dinner for Gubernatorial Candidate Jim Edgar in Chicago, Illinois"", pp. 788-795. GovInfo, Government Publishing Office.",https://s3.us-east-1.amazonaws.com/NARAprodstorage/lz/presidential-libraries/bush/gb-nsc/321498139/1990-06-06--Collor-de-Mello.pdf,https://catalog.archives.gov/id/428080767,https://www.govinfo.gov/content/pkg/PPP-1990-book1/pdf/PPP-1990-book1.pdf#page=814,bush-library-428080767,govinfo-ppp-1990-book1-814-remarks-at-a-fundraising-dinner-for-gubernatorial-candidate-jim-edgar-in-chicago-illinois
274,Medium,Daily Diary/backup timing support,Brazil,1990-06-28,Telcon,Memorandum of Telephone Conversation,1990-06-28,0,[Presidential Daily Backup] 6/28/1990,Presidential Daily Backup,Restricted - Possibly,"Latin America; South America; Brazil; Bush Library Memcons and Telcons; Telcon","Use to confirm timing, call/meeting status, participants, or backup packet context for a possible source note or editorial note.","Source: George H.W. Bush Library, Bush Presidential Records, White House Office of Appointments and Scheduling Files, Presidential Daily Diary and Presidential Daily Backup Materials, [Presidential Daily Backup] 6/28/1990. Access restriction: Restricted - Possibly.",https://s3.us-east-1.amazonaws.com/NARAprodstorage/lz/presidential-libraries/bush/gb-nsc/321498139/1990-06-28--Collor-de-Mello.pdf,https://catalog.archives.gov/id/428080813,https://s3.amazonaws.com/NARAprodstorage/lz/presidential-libraries/bush/gb-whasf/Presidential_Daily_Diary_186322/1990/41-bpr-apts_sch-dd-06_28_90-12831-002_415890647.pdf,bush-library-428080813,415890647
275,Medium,Daily Diary/backup timing support,Brazil,1990-06-28,Telcon,Memorandum of Telephone Conversation,1990-06-28,0,[Presidential Daily Diary] 6/28/1990,Presidential Daily Diary,Restricted - Possibly,"Latin America; South America; Brazil; Bush Library Memcons and Telcons; Telcon","Use to confirm timing, call/meeting status, participants, or backup packet context for a possible source note or editorial note.","Source: George H.W. Bush Library, Bush Presidential Records, White House Office of Appointments and Scheduling Files, Presidential Daily Diary and Presidential Daily Backup Materials, [Presidential Daily Diary] 6/28/1990. Access restriction: Restricted - Possibly.",https://s3.us-east-1.amazonaws.com/NARAprodstorage/lz/presidential-libraries/bush/gb-nsc/321498139/1990-06-28--Collor-de-Mello.pdf,https://catalog.archives.gov/id/428080813,https://s3.amazonaws.com/NARAprodstorage/lz/presidential-libraries/bush/gb-whasf/Presidential_Daily_Diary_186322/1990/41-bpr-apts_sch-dd-06_28_90-12831-001_415890646.pdf,bush-library-428080813,415890646
276,Medium,Daily Diary/backup timing support,Brazil,1990-10-01,Memcon,Memorandum of Conversation,1990-10-01,0,[Presidential Daily Backup] 10/01/1990,Presidential Daily Backup,Restricted - Possibly,"Latin America; South America; Brazil; Bush Library Memcons and Telcons; Memcon","Use to confirm timing, call/meeting status, participants, or backup packet context for a possible source note or editorial note.","Source: George H.W. Bush Library, Bush Presidential Records, White House Office of Appointments and Scheduling Files, Presidential Daily Diary and Presidential Daily Backup Materials, [Presidential Daily Backup] 10/01/1990. Access restriction: Restricted - Possibly.",https://s3.us-east-1.amazonaws.com/NARAprodstorage/lz/presidential-libraries/bush/gb-nsc/321498039/1990-10-01--Collor-de-Mello.pdf,https://catalog.archives.gov/id/428081095,https://s3.amazonaws.com/NARAprodstorage/lz/presidential-libraries/bush/gb-whasf/Presidential_Daily_Diary_186322/1990/41-bpr-apts_sch-dd-10_01_90-12838-004_415890837.pdf,bush-library-428081095,415890837
277,Medium,Daily Diary/backup timing support,Brazil,1990-10-01,Memcon,Memorandum of Conversation,1990-10-01,0,[Presidential Daily Diary] 10/01/1990,Presidential Daily Diary,Restricted - Possibly,"Latin America; South America; Brazil; Bush Library Memcons and Telcons; Memcon","Use to confirm timing, call/meeting status, participants, or backup packet context for a possible source note or editorial note.","Source: George H.W. Bush Library, Bush Presidential Records, White House Office of Appointments and Scheduling Files, Presidential Daily Diary and Presidential Daily Backup Materials, [Presidential Daily Diary] 10/01/1990. Access restriction: Restricted - Possibly.",https://s3.us-east-1.amazonaws.com/NARAprodstorage/lz/presidential-libraries/bush/gb-nsc/321498039/1990-10-01--Collor-de-Mello.pdf,https://catalog.archives.gov/id/428081095,https://s3.amazonaws.com/NARAprodstorage/lz/presidential-libraries/bush/gb-whasf/Presidential_Daily_Diary_186322/1990/41-bpr-apts_sch-dd-10_01_90-12838-003_415890836.pdf,bush-library-428081095,415890836
278,Medium,Daily Diary/backup timing support,Brazil,1990-12-03,Memcon,Memorandum of Conversation,1990-12-03,0,[Presidential Daily Backup] 12/3/1990,Presidential Daily Backup,Restricted - Possibly,"Latin America; South America; Brazil; Bush Library Memcons and Telcons; Memcon","Use to confirm timing, call/meeting status, participants, or backup packet context for a possible source note or editorial note.","Source: George H.W. Bush Library, Bush Presidential Records, White House Office of Appointments and Scheduling Files, Presidential Daily Diary and Presidential Daily Backup Materials, [Presidential Daily Backup] 12/3/1990. Access restriction: Restricted - Possibly.",https://s3.us-east-1.amazonaws.com/NARAprodstorage/lz/presidential-libraries/bush/gb-nsc/321498039/1990-12-03--Collor-de-Mello.pdf,https://catalog.archives.gov/id/428081233,https://s3.amazonaws.com/NARAprodstorage/lz/presidential-libraries/bush/gb-whasf/Presidential_Daily_Diary_186322/1990/41-bpr-apts_sch-dd-12_03_90-12843-026_415890965.pdf,bush-library-428081233,415890965
279,Medium,Nearby public statement,Brazil,1990-12-03,Memcon,Memorandum of Conversation,1990-12-03,0,"Remarks at a Luncheon for the Business Community in Brasilia, Brazil",Public Papers of the Presidents,Remarks,"Argentina; Brazil; Paraguay; Uruguay","Compare the public line with the private conversation; use for annotation when it explains public posture, timing, or follow-up.","Source: Public Papers of the Presidents of the United States: George H. W. Bush, 1990, Book II, December 3, 1990, ""Remarks at a Luncheon for the Business Community in Brasilia, Brazil"", pp. 1741-1742. GovInfo, Government Publishing Office.",https://s3.us-east-1.amazonaws.com/NARAprodstorage/lz/presidential-libraries/bush/gb-nsc/321498039/1990-12-03--Collor-de-Mello.pdf,https://catalog.archives.gov/id/428081233,https://www.govinfo.gov/content/pkg/PPP-1990-book2/pdf/PPP-1990-book2.pdf#page=807,bush-library-428081233,govinfo-ppp-1990-book2-807-remarks-at-a-luncheon-for-the-business-community-in-brasilia-brazil
280,Medium,Nearby public statement,Brazil,1990-12-03,Memcon,Memorandum of Conversation,1990-12-03,0,"Remarks to a Joint Session of the Congress in Brasilia, Brazil",Public Papers of the Presidents,Remarks,"Argentina; Brazil","Compare the public line with the private conversation; use for annotation when it explains public posture, timing, or follow-up.","Source: Public Papers of the Presidents of the United States: George H. W. Bush, 1990, Book II, December 3, 1990, ""Remarks to a Joint Session of the Congress in Brasilia, Brazil"", pp. 1737-1741. GovInfo, Government Publishing Office.",https://s3.us-east-1.amazonaws.com/NARAprodstorage/lz/presidential-libraries/bush/gb-nsc/321498039/1990-12-03--Collor-de-Mello.pdf,https://catalog.archives.gov/id/428081233,https://www.govinfo.gov/content/pkg/PPP-1990-book2/pdf/PPP-1990-book2.pdf#page=803,bush-library-428081233,govinfo-ppp-1990-book2-803-remarks-to-a-joint-session-of-the-congress-in-brasilia-brazil
281,Medium,Nearby public statement,Brazil,1990-12-03,Memcon,Memorandum of Conversation,1990-12-03,0,"Toast at a State Dinner in Brasilia, Brazil",Public Papers of the Presidents,Public Paper,Brazil,"Compare the public line with the private conversation; use for annotation when it explains public posture, timing, or follow-up.","Source: Public Papers of the Presidents of the United States: George H. W. Bush, 1990, Book II, December 3, 1990, ""Toast at a State Dinner in Brasilia, Brazil"", pp. 1742-1743. GovInfo, Government Publishing Office.",https://s3.us-east-1.amazonaws.com/NARAprodstorage/lz/presidential-libraries/bush/gb-nsc/321498039/1990-12-03--Collor-de-Mello.pdf,https://catalog.archives.gov/id/428081233,https://www.govinfo.gov/content/pkg/PPP-1990-book2/pdf/PPP-1990-book2.pdf#page=808,bush-library-428081233,govinfo-ppp-1990-book2-808-toast-at-a-state-dinner-in-brasilia-brazil
282,Medium,Nearby public statement,Brazil,1990-12-03,Memcon,Memorandum of Conversation,1990-12-04,1,"Question-and-Answer Session With Reporters in Montevideo, Uruguay",Public Papers of the Presidents,Exchange,"Argentina; Brazil; Chile; Paraguay; Uruguay","Compare the public line with the private conversation; use for annotation when it explains public posture, timing, or follow-up.","Source: Public Papers of the Presidents of the United States: George H. W. Bush, 1990, Book II, December 4, 1990, ""Question-and-Answer Session With Reporters in Montevideo, Uruguay"", pp. 1743-1748. GovInfo, Government Publishing Office.",https://s3.us-east-1.amazonaws.com/NARAprodstorage/lz/presidential-libraries/bush/gb-nsc/321498039/1990-12-03--Collor-de-Mello.pdf,https://catalog.archives.gov/id/428081233,https://www.govinfo.gov/content/pkg/PPP-1990-book2/pdf/PPP-1990-book2.pdf#page=809,bush-library-428081233,govinfo-ppp-1990-book2-809-question-and-answer-session-with-reporters-in-montevideo-uruguay
283,Medium,Nearby public statement,Brazil,1990-12-03,Memcon,Memorandum of Conversation,1990-12-04,1,"Remarks to a Joint Session of the Congress in Montevideo, Uruguay",Public Papers of the Presidents,Remarks,"Argentina; Brazil; Paraguay; Uruguay","Compare the public line with the private conversation; use for annotation when it explains public posture, timing, or follow-up.","Source: Public Papers of the Presidents of the United States: George H. W. Bush, 1990, Book II, December 4, 1990, ""Remarks to a Joint Session of the Congress in Montevideo, Uruguay"", pp. 1748-1752. GovInfo, Government Publishing Office.",https://s3.us-east-1.amazonaws.com/NARAprodstorage/lz/presidential-libraries/bush/gb-nsc/321498039/1990-12-03--Collor-de-Mello.pdf,https://catalog.archives.gov/id/428081233,https://www.govinfo.gov/content/pkg/PPP-1990-book2/pdf/PPP-1990-book2.pdf#page=814,bush-library-428081233,govinfo-ppp-1990-book2-814-remarks-to-a-joint-session-of-the-congress-in-montevideo-uruguay
284,Medium,Daily Diary/backup timing support,Brazil,1991-06-18,Memcon,Memorandum of Conversation,1991-06-18,0,[Presidential Daily Backup] 6/18/1991,Presidential Daily Backup,Restricted - Possibly,"Latin America; South America; Brazil; Bush Library Memcons and Telcons; Memcon","Use to confirm timing, call/meeting status, participants, or backup packet context for a possible source note or editorial note.","Source: George H.W. Bush Library, Bush Presidential Records, White House Office of Appointments and Scheduling Files, Presidential Daily Diary and Presidential Daily Backup Materials, [Presidential Daily Backup] 6/18/1991. Access restriction: Restricted - Possibly.",https://s3.us-east-1.amazonaws.com/NARAprodstorage/lz/presidential-libraries/bush/gb-nsc/321498039/1991-06-18--Collor-de-Mello.pdf,https://catalog.archives.gov/id/428081693,https://s3.amazonaws.com/NARAprodstorage/lz/presidential-libraries/bush/gb-whasf/Presidential_Daily_Diary_186322/1991/41-bpr-apts_sch-dd-06_18_91-12861-004_415891360.pdf,bush-library-428081693,415891360
285,Medium,Daily Diary/backup timing support,Brazil,1991-06-18,Memcon,Memorandum of Conversation,1991-06-18,0,[Presidential Daily Diary] 6/18/1991,Presidential Daily Diary,Restricted - Possibly,"Latin America; South America; Brazil; Bush Library Memcons and Telcons; Memcon","Use to confirm timing, call/meeting status, participants, or backup packet context for a possible source note or editorial note.","Source: George H.W. Bush Library, Bush Presidential Records, White House Office of Appointments and Scheduling Files, Presidential Daily Diary and Presidential Daily Backup Materials, [Presidential Daily Diary] 6/18/1991. Access restriction: Restricted - Possibly.",https://s3.us-east-1.amazonaws.com/NARAprodstorage/lz/presidential-libraries/bush/gb-nsc/321498039/1991-06-18--Collor-de-Mello.pdf,https://catalog.archives.gov/id/428081693,https://s3.amazonaws.com/NARAprodstorage/lz/presidential-libraries/bush/gb-whasf/Presidential_Daily_Diary_186322/1991/41-bpr-apts_sch-dd-06_18_91-12861-003_415891359.pdf,bush-library-428081693,415891359
286,Medium,Nearby public statement,Brazil,1991-06-18,Memcon,Memorandum of Conversation,1991-06-18,0,Remarks at the Welcoming Ceremony for President Fernando Collor de Mello of Brazil,Public Papers of the Presidents,Remarks,"Argentina; Brazil; Paraguay; Uruguay","Compare the public line with the private conversation; use for annotation when it explains public posture, timing, or follow-up.","Source: Public Papers of the Presidents of the United States: George H. W. Bush, 1991, Book I, June 18, 1991, ""Remarks at the Welcoming Ceremony for President Fernando Collor de Mello of Brazil"", p. 688. GovInfo, Government Publishing Office.",https://s3.us-east-1.amazonaws.com/NARAprodstorage/lz/presidential-libraries/bush/gb-nsc/321498039/1991-06-18--Collor-de-Mello.pdf,https://catalog.archives.gov/id/428081693,https://www.govinfo.gov/content/pkg/PPP-1991-book1/pdf/PPP-1991-book1-doc-pg688.pdf,bush-library-428081693,govinfo-PPP-1991-book1-doc-pg688
287,Medium,Nearby public statement,Brazil,1991-06-18,Memcon,Memorandum of Conversation,1991-06-18,0,Remarks Prior to Discussions With President Fernando Collor de Mello of Brazil,Public Papers of the Presidents,Remarks,Brazil,"Compare the public line with the private conversation; use for annotation when it explains public posture, timing, or follow-up.","Source: Public Papers of the Presidents of the United States: George H. W. Bush, 1991, Book I, June 18, 1991, ""Remarks Prior to Discussions With President Fernando Collor de Mello of Brazil"", p. 690. GovInfo, Government Publishing Office.",https://s3.us-east-1.amazonaws.com/NARAprodstorage/lz/presidential-libraries/bush/gb-nsc/321498039/1991-06-18--Collor-de-Mello.pdf,https://catalog.archives.gov/id/428081693,https://www.govinfo.gov/content/pkg/PPP-1991-book1/pdf/PPP-1991-book1-doc-pg690.pdf,bush-library-428081693,govinfo-PPP-1991-book1-doc-pg690
288,Medium,Nearby public statement,Brazil,1991-06-18,Memcon,Memorandum of Conversation,1991-06-18,0,Toasts at the State Dinner for President Fernando Collor de Mello of Brazil,Public Papers of the Presidents,Public Paper,Brazil,"Compare the public line with the private conversation; use for annotation when it explains public posture, timing, or follow-up.","Source: Public Papers of the Presidents of the United States: George H. W. Bush, 1991, Book I, June 18, 1991, ""Toasts at the State Dinner for President Fernando Collor de Mello of Brazil"", p. 692. GovInfo, Government Publishing Office.",https://s3.us-east-1.amazonaws.com/NARAprodstorage/lz/presidential-libraries/bush/gb-nsc/321498039/1991-06-18--Collor-de-Mello.pdf,https://catalog.archives.gov/id/428081693,https://www.govinfo.gov/content/pkg/PPP-1991-book1/pdf/PPP-1991-book1-doc-pg692.pdf,bush-library-428081693,govinfo-PPP-1991-book1-doc-pg692
289,Medium,Nearby public statement,Brazil,1991-06-18,Memcon,Memorandum of Conversation,1991-06-19,1,Remarks by President Bush and President Collor of Brazil on Signing an Enterprise for the Americas Initiative Multilateral Trade Agreement,Public Papers of the Presidents,Remarks,"Argentina; Brazil; Paraguay; Uruguay","Compare the public line with the private conversation; use for annotation when it explains public posture, timing, or follow-up.","Source: Public Papers of the Presidents of the United States: George H. W. Bush, 1991, Book I, June 19, 1991, ""Remarks by President Bush and President Collor of Brazil on Signing an Enterprise for the Americas Initiative Multilateral Trade Agreement"", p. 698. GovInfo, Government Publishing Office.",https://s3.us-east-1.amazonaws.com/NARAprodstorage/lz/presidential-libraries/bush/gb-nsc/321498039/1991-06-18--Collor-de-Mello.pdf,https://catalog.archives.gov/id/428081693,https://www.govinfo.gov/content/pkg/PPP-1991-book1/pdf/PPP-1991-book1-doc-pg698.pdf,bush-library-428081693,govinfo-PPP-1991-book1-doc-pg698
290,Medium,Nearby public statement,Brazil,1991-06-18,Memcon,Memorandum of Conversation,1991-06-19,1,Statement by Press Secretary Fitzwater on the Establishment of the Council on Trade and Investment,Public Papers of the Presidents,Statement,"Argentina; Brazil; Paraguay; Uruguay","Compare the public line with the private conversation; use for annotation when it explains public posture, timing, or follow-up.","Source: Public Papers of the Presidents of the United States: George H. W. Bush, 1991, Book I, June 19, 1991, ""Statement by Press Secretary Fitzwater on the Establishment of the Council on Trade and Investment"", p. 700. GovInfo, Government Publishing Office.",https://s3.us-east-1.amazonaws.com/NARAprodstorage/lz/presidential-libraries/bush/gb-nsc/321498039/1991-06-18--Collor-de-Mello.pdf,https://catalog.archives.gov/id/428081693,https://www.govinfo.gov/content/pkg/PPP-1991-book1/pdf/PPP-1991-book1-doc-pg700.pdf,bush-library-428081693,govinfo-PPP-1991-book1-doc-pg700
291,Medium,Daily Diary/backup timing support,Brazil,1991-09-23,Memcon,Memorandum of Conversation,1991-09-23,0,[Presidential Daily Backup] 9/23/1991,Presidential Daily Backup,Restricted - Possibly,"Latin America; South America; Brazil; Bush Library Memcons and Telcons; Memcon","Use to confirm timing, call/meeting status, participants, or backup packet context for a possible source note or editorial note.","Source: George H.W. Bush Library, Bush Presidential Records, White House Office of Appointments and Scheduling Files, Presidential Daily Diary and Presidential Daily Backup Materials, [Presidential Daily Backup] 9/23/1991. Access restriction: Restricted - Possibly.",https://s3.us-east-1.amazonaws.com/NARAprodstorage/lz/presidential-libraries/bush/gb-nsc/321498039/1991-09-23--Collor-de-Mello.pdf,https://catalog.archives.gov/id/428081891,https://s3.amazonaws.com/NARAprodstorage/lz/presidential-libraries/bush/gb-whasf/Presidential_Daily_Diary_186322/1991/41-bpr-apts_sch-dd-09_23_91-12868-010_415891554.pdf,bush-library-428081891,415891554
292,Medium,Daily Diary/backup timing support,Brazil,1991-09-23,Memcon,Memorandum of Conversation,1991-09-23,0,[Presidential Daily Diary] 9/23/1991,Presidential Daily Diary,Restricted - Possibly,"Latin America; South America; Brazil; Bush Library Memcons and Telcons; Memcon","Use to confirm timing, call/meeting status, participants, or backup packet context for a possible source note or editorial note.","Source: George H.W. Bush Library, Bush Presidential Records, White House Office of Appointments and Scheduling Files, Presidential Daily Diary and Presidential Daily Backup Materials, [Presidential Daily Diary] 9/23/1991. Access restriction: Restricted - Possibly.",https://s3.us-east-1.amazonaws.com/NARAprodstorage/lz/presidential-libraries/bush/gb-nsc/321498039/1991-09-23--Collor-de-Mello.pdf,https://catalog.archives.gov/id/428081891,https://s3.amazonaws.com/NARAprodstorage/lz/presidential-libraries/bush/gb-whasf/Presidential_Daily_Diary_186322/1991/41-bpr-apts_sch-dd-09_23_91-12868-009_415891553.pdf,bush-library-428081891,415891553
293,Medium,Nearby public statement,Brazil,1991-09-23,Memcon,Memorandum of Conversation,1991-09-23,0,Exchange With Reporters in New York City on the Situation in Iraq,Public Papers of the Presidents,Exchange,Brazil,"Compare the public line with the private conversation; use for annotation when it explains public posture, timing, or follow-up.","Source: Public Papers of the Presidents of the United States: George H. W. Bush, 1991, Book II, September 23, 1991, ""Exchange With Reporters in New York City on the Situation in Iraq"", p. 1205. GovInfo, Government Publishing Office.",https://s3.us-east-1.amazonaws.com/NARAprodstorage/lz/presidential-libraries/bush/gb-nsc/321498039/1991-09-23--Collor-de-Mello.pdf,https://catalog.archives.gov/id/428081891,https://www.govinfo.gov/content/pkg/PPP-1991-book2/pdf/PPP-1991-book2.pdf#page=423,bush-library-428081891,govinfo-ppp-1991-book2-423-exchange-with-reporters-in-new-york-city-on-the-situation-in-iraq
294,Medium,Nearby public statement,Brazil,1991-09-23,Memcon,Memorandum of Conversation,1991-09-23,0,Remarks at a Luncheon Hosted by United Nations Secretary- General Javier Perez de Cuellar in New York City,Public Papers of the Presidents,Remarks,"Brazil; Peru","Compare the public line with the private conversation; use for annotation when it explains public posture, timing, or follow-up.","Source: Public Papers of the Presidents of the United States: George H. W. Bush, 1991, Book II, September 23, 1991, ""Remarks at a Luncheon Hosted by United Nations Secretary- General Javier Perez de Cuellar in New York City"", pp. 1203-1205. GovInfo, Government Publishing Office.",https://s3.us-east-1.amazonaws.com/NARAprodstorage/lz/presidential-libraries/bush/gb-nsc/321498039/1991-09-23--Collor-de-Mello.pdf,https://catalog.archives.gov/id/428081891,https://www.govinfo.gov/content/pkg/PPP-1991-book2/pdf/PPP-1991-book2.pdf#page=421,bush-library-428081891,govinfo-ppp-1991-book2-421-remarks-at-a-luncheon-hosted-by-united-nations-secretary-general-javier-perez-de-cuellar-in-new-york-city
295,Medium,Daily Diary/backup timing support,Brazil,1992-03-25,Telcon,Memorandum of a Telephone Conversation,1992-03-25,0,[Presidential Daily Backup] 3/25/1992,Presidential Daily Backup,Restricted - Possibly,"Latin America; South America; Brazil; Brent Scowcroft Papers; Head-of-state memcons and telcons","Use to confirm timing, call/meeting status, participants, or backup packet context for a possible source note or editorial note.","Source: George H.W. Bush Library, Bush Presidential Records, White House Office of Appointments and Scheduling Files, Presidential Daily Diary and Presidential Daily Backup Materials, [Presidential Daily Backup] 3/25/1992. Access restriction: Restricted - Possibly.",documents/brazil/1992-03-25-bush-fernando-collor-de-mello-telcon-91113-003-p45-scowcroft.pdf,https://catalog.archives.gov/id/366551703,https://s3.dualstack.us-east-1.amazonaws.com/NARAprodstorage/lz/presidential-libraries/bush/gb-whasf/Presidential_Daily_Diary_186322/1992/41-bpr-apts_sch-dd-03_25_92-12885-006_415891927.pdf,scowcroft-366551703-45-fernando-collor-de-mello-telcon,415891927
296,Medium,Daily Diary/backup timing support,Brazil,1992-03-25,Telcon,Memorandum of a Telephone Conversation,1992-03-25,0,[Presidential Daily Diary] 3/25/1992,Presidential Daily Diary,Restricted - Possibly,"Latin America; South America; Brazil; Brent Scowcroft Papers; Head-of-state memcons and telcons","Use to confirm timing, call/meeting status, participants, or backup packet context for a possible source note or editorial note.","Source: George H.W. Bush Library, Bush Presidential Records, White House Office of Appointments and Scheduling Files, Presidential Daily Diary and Presidential Daily Backup Materials, [Presidential Daily Diary] 3/25/1992. Access restriction: Restricted - Possibly.",documents/brazil/1992-03-25-bush-fernando-collor-de-mello-telcon-91113-003-p45-scowcroft.pdf,https://catalog.archives.gov/id/366551703,https://s3.dualstack.us-east-1.amazonaws.com/NARAprodstorage/lz/presidential-libraries/bush/gb-whasf/Presidential_Daily_Diary_186322/1992/41-bpr-apts_sch-dd-03_25_92-12885-005_415891926.pdf,scowcroft-366551703-45-fernando-collor-de-mello-telcon,415891926
297,Medium,Nearby public statement,Brazil,1992-03-25,Telcon,Memorandum of a Telephone Conversation,1992-03-24,-1,Message to the Congress on Environmental Goals,Public Papers of the Presidents,Message,Brazil,"Compare the public line with the private conversation; use for annotation when it explains public posture, timing, or follow-up.","Source: Public Papers of the Presidents of the United States: George H. W. Bush, 1992, Book I, March 24, 1992, ""Message to the Congress on Environmental Goals"", p. 498. GovInfo, Government Publishing Office.",documents/brazil/1992-03-25-bush-fernando-collor-de-mello-telcon-91113-003-p45-scowcroft.pdf,https://catalog.archives.gov/id/366551703,https://www.govinfo.gov/content/pkg/PPP-1992-book1/pdf/PPP-1992-book1-doc-pg498.pdf,scowcroft-366551703-45-fernando-collor-de-mello-telcon,govinfo-PPP-1992-book1-doc-pg498
298,Medium,Daily Diary/backup timing support,Brazil,1992-05-12,Telcon,Memorandum of Telephone Conversation,1992-05-12,0,[Presidential Daily Backup] 5/12/1992,Presidential Daily Backup,Restricted - Possibly,"Latin America; South America; Brazil; Bush Library Memcons and Telcons; Telcon","Use to confirm timing, call/meeting status, participants, or backup packet context for a possible source note or editorial note.","Source: George H.W. Bush Library, Bush Presidential Records, White House Office of Appointments and Scheduling Files, Presidential Daily Diary and Presidential Daily Backup Materials, [Presidential Daily Backup] 5/12/1992. Access restriction: Restricted - Possibly.",https://s3.us-east-1.amazonaws.com/NARAprodstorage/lz/presidential-libraries/bush/gb-nsc/321498139/1992-05-12--Collor-de-Mello.pdf,https://catalog.archives.gov/id/428082219,https://s3.dualstack.us-east-1.amazonaws.com/NARAprodstorage/lz/presidential-libraries/bush/gb-whasf/Presidential_Daily_Diary_186322/1992/41-bpr-apts_sch-dd-05_12_92-12890-002_415892024.pdf,bush-library-428082219,415892024
299,Medium,Daily Diary/backup timing support,Brazil,1992-05-12,Telcon,Memorandum of Telephone Conversation,1992-05-12,0,[Presidential Daily Diary] 5/12/1992,Presidential Daily Diary,Restricted - Possibly,"Latin America; South America; Brazil; Bush Library Memcons and Telcons; Telcon","Use to confirm timing, call/meeting status, participants, or backup packet context for a possible source note or editorial note.","Source: George H.W. Bush Library, Bush Presidential Records, White House Office of Appointments and Scheduling Files, Presidential Daily Diary and Presidential Daily Backup Materials, [Presidential Daily Diary] 5/12/1992. Access restriction: Restricted - Possibly.",https://s3.us-east-1.amazonaws.com/NARAprodstorage/lz/presidential-libraries/bush/gb-nsc/321498139/1992-05-12--Collor-de-Mello.pdf,https://catalog.archives.gov/id/428082219,https://s3.dualstack.us-east-1.amazonaws.com/NARAprodstorage/lz/presidential-libraries/bush/gb-whasf/Presidential_Daily_Diary_186322/1992/41-bpr-apts_sch-dd-05_12_92-12890-001_415892023.pdf,bush-library-428082219,415892023
300,Medium,Nearby public statement,Brazil,1992-05-12,Telcon,Memorandum of Telephone Conversation,1992-05-12,0,Remarks and an Exchange With Reporters Prior to Discussions With United Nations Secretary-General Boutros Boutros-Ghali,Public Papers of the Presidents,Exchange,Brazil,"Compare the public line with the private conversation; use for annotation when it explains public posture, timing, or follow-up.","Source: Public Papers of the Presidents of the United States: George H. W. Bush, 1992, Book I, May 12, 1992, ""Remarks and an Exchange With Reporters Prior to Discussions With United Nations Secretary-General Boutros Boutros-Ghali"", p. 752. GovInfo, Government Publishing Office.",https://s3.us-east-1.amazonaws.com/NARAprodstorage/lz/presidential-libraries/bush/gb-nsc/321498139/1992-05-12--Collor-de-Mello.pdf,https://catalog.archives.gov/id/428082219,https://www.govinfo.gov/content/pkg/PPP-1992-book1/pdf/PPP-1992-book1-doc-pg752.pdf,bush-library-428082219,govinfo-PPP-1992-book1-doc-pg752
301,Medium,Nearby public statement,Brazil,1992-05-12,Telcon,Memorandum of Telephone Conversation,1992-05-12,0,"Statement on Attending the United Nations Conference on Environment and Development in Rio de Janeiro, Brazil",Public Papers of the Presidents,Statement,Brazil,"Compare the public line with the private conversation; use for annotation when it explains public posture, timing, or follow-up.","Source: Public Papers of the Presidents of the United States: George H. W. Bush, 1992, Book I, May 12, 1992, ""Statement on Attending the United Nations Conference on Environment and Development in Rio de Janeiro, Brazil"", p. 753. GovInfo, Government Publishing Office.",https://s3.us-east-1.amazonaws.com/NARAprodstorage/lz/presidential-libraries/bush/gb-nsc/321498139/1992-05-12--Collor-de-Mello.pdf,https://catalog.archives.gov/id/428082219,https://www.govinfo.gov/content/pkg/PPP-1992-book1/pdf/PPP-1992-book1-doc-pg753.pdf,bush-library-428082219,govinfo-PPP-1992-book1-doc-pg753
302,Medium,Daily Diary/backup timing support,Brazil,1992-07-10,Telcon,Memorandum of Telephone Conversation,1992-07-10,0,[Presidential Daily Backup] 7/10/1992,Presidential Daily Backup,Restricted - Possibly,"Latin America; South America; Brazil; Bush Library Memcons and Telcons; Telcon","Use to confirm timing, call/meeting status, participants, or backup packet context for a possible source note or editorial note.","Source: George H.W. Bush Library, Bush Presidential Records, White House Office of Appointments and Scheduling Files, Presidential Daily Diary and Presidential Daily Backup Materials, [Presidential Daily Backup] 7/10/1992. Access restriction: Restricted - Possibly.",https://s3.us-east-1.amazonaws.com/NARAprodstorage/lz/presidential-libraries/bush/gb-nsc/321498139/1992-07-10--Collor-de-Mello.pdf,https://catalog.archives.gov/id/428082309,https://s3.dualstack.us-east-1.amazonaws.com/NARAprodstorage/lz/presidential-libraries/bush/gb-whasf/Presidential_Daily_Diary_186322/1992/41-bpr-apts_sch-dd-07_10_92-12895-016_415892144.pdf,bush-library-428082309,415892144
303,Medium,Daily Diary/backup timing support,Chile,1990-03-30,Telcon,Memorandum of Telephone Conversation,1990-03-30,0,[Presidential Daily Backup] 3/30/1990,Presidential Daily Backup,Restricted - Possibly,"Latin America; South America; Chile; Bush Library Memcons and Telcons; Telcon","Use to confirm timing, call/meeting status, participants, or backup packet context for a possible source note or editorial note.","Source: George H.W. Bush Library, Bush Presidential Records, White House Office of Appointments and Scheduling Files, Presidential Daily Diary and Presidential Daily Backup Materials, [Presidential Daily Backup] 3/30/1990. Access restriction: Restricted - Possibly.",https://s3.us-east-1.amazonaws.com/NARAprodstorage/lz/presidential-libraries/bush/gb-nsc/321498139/1990-03-30--Aylwin.pdf,https://catalog.archives.gov/id/428080659,https://s3.amazonaws.com/NARAprodstorage/lz/presidential-libraries/bush/gb-whasf/Presidential_Daily_Diary_186322/1990/41-bpr-apts_sch-dd-03_30_90-12822-014_415890467.pdf,bush-library-428080659,415890467
304,Medium,Daily Diary/backup timing support,Chile,1990-03-30,Telcon,Memorandum of Telephone Conversation,1990-03-30,0,[Presidential Daily Diary] 3/30/1990,Presidential Daily Diary,Restricted - Possibly,"Latin America; South America; Chile; Bush Library Memcons and Telcons; Telcon","Use to confirm timing, call/meeting status, participants, or backup packet context for a possible source note or editorial note.","Source: George H.W. Bush Library, Bush Presidential Records, White House Office of Appointments and Scheduling Files, Presidential Daily Diary and Presidential Daily Backup Materials, [Presidential Daily Diary] 3/30/1990. Access restriction: Restricted - Possibly.",https://s3.us-east-1.amazonaws.com/NARAprodstorage/lz/presidential-libraries/bush/gb-nsc/321498139/1990-03-30--Aylwin.pdf,https://catalog.archives.gov/id/428080659,https://s3.amazonaws.com/NARAprodstorage/lz/presidential-libraries/bush/gb-whasf/Presidential_Daily_Diary_186322/1990/41-bpr-apts_sch-dd-03_30_90-12822-013_415890466.pdf,bush-library-428080659,415890466
305,Medium,Daily Diary/backup timing support,Chile,1990-10-02,Memcon,Memorandum of Conversation,1990-10-02,0,[Presidential Daily Backup] 10/2/1990,Presidential Daily Backup,Restricted - Possibly,"Latin America; South America; Chile; Bush Library Memcons and Telcons; Memcon","Use to confirm timing, call/meeting status, participants, or backup packet context for a possible source note or editorial note.","Source: George H.W. Bush Library, Bush Presidential Records, White House Office of Appointments and Scheduling Files, Presidential Daily Diary and Presidential Daily Backup Materials, [Presidential Daily Backup] 10/2/1990. Access restriction: Restricted - Possibly.",https://s3.us-east-1.amazonaws.com/NARAprodstorage/lz/presidential-libraries/bush/gb-nsc/321498039/1990-10-02--Aylwin.pdf,https://catalog.archives.gov/id/428081115,https://s3.amazonaws.com/NARAprodstorage/lz/presidential-libraries/bush/gb-whasf/Presidential_Daily_Diary_186322/1990/41-bpr-apts_sch-dd-10_02_90-12838-006_415890839.pdf,bush-library-428081115,415890839
306,Medium,Daily Diary/backup timing support,Chile,1990-10-02,Memcon,Memorandum of Conversation,1990-10-02,0,[Presidential Daily Diary] 10/2/1990,Presidential Daily Diary,Restricted - Possibly,"Latin America; South America; Chile; Bush Library Memcons and Telcons; Memcon","Use to confirm timing, call/meeting status, participants, or backup packet context for a possible source note or editorial note.","Source: George H.W. Bush Library, Bush Presidential Records, White House Office of Appointments and Scheduling Files, Presidential Daily Diary and Presidential Daily Backup Materials, [Presidential Daily Diary] 10/2/1990. Access restriction: Restricted - Possibly.",https://s3.us-east-1.amazonaws.com/NARAprodstorage/lz/presidential-libraries/bush/gb-nsc/321498039/1990-10-02--Aylwin.pdf,https://catalog.archives.gov/id/428081115,https://s3.amazonaws.com/NARAprodstorage/lz/presidential-libraries/bush/gb-whasf/Presidential_Daily_Diary_186322/1990/41-bpr-apts_sch-dd-10_02_90-12838-005_415890838.pdf,bush-library-428081115,415890838
307,Medium,Nearby public statement,Chile,1990-10-02,Memcon,Memorandum of Conversation,1990-10-02,0,Statement by Press Secretary Fitzwater on President Bush's Meeting With President Patricio Aylwin Azocar of Chile,Public Papers of the Presidents,Statement,"Chile; Colombia","Compare the public line with the private conversation; use for annotation when it explains public posture, timing, or follow-up.","Source: Public Papers of the Presidents of the United States: George H. W. Bush, 1990, Book II, October 2, 1990, ""Statement by Press Secretary Fitzwater on President Bush's Meeting With President Patricio Aylwin Azocar of Chile"", pp. 1343-1344. GovInfo, Government Publishing Office.",https://s3.us-east-1.amazonaws.com/NARAprodstorage/lz/presidential-libraries/bush/gb-nsc/321498039/1990-10-02--Aylwin.pdf,https://catalog.archives.gov/id/428081115,https://www.govinfo.gov/content/pkg/PPP-1990-book2/pdf/PPP-1990-book2.pdf#page=401,bush-library-428081115,govinfo-ppp-1990-book2-401-statement-by-press-secretary-fitzwater-on-president-bush-s-meeting-with-president-patricio-aylwin-azocar-of-chile
308,Medium,Daily Diary/backup timing support,Chile,1992-05-13,Memcon,Memorandum of Conversation,1992-05-13,0,[Presidential Daily Backup] 5/13/1992,Presidential Daily Backup,Restricted - Possibly,"Latin America; South America; Chile; Bush Library Memcons and Telcons; Memcon","Use to confirm timing, call/meeting status, participants, or backup packet context for a possible source note or editorial note.","Source: George H.W. Bush Library, Bush Presidential Records, White House Office of Appointments and Scheduling Files, Presidential Daily Diary and Presidential Daily Backup Materials, [Presidential Daily Backup] 5/13/1992. Access restriction: Restricted - Possibly.",https://s3.us-east-1.amazonaws.com/NARAprodstorage/lz/presidential-libraries/bush/gb-nsc/321498039/1992-05-13--Azocar.pdf,https://catalog.archives.gov/id/428082199,https://s3.dualstack.us-east-1.amazonaws.com/NARAprodstorage/lz/presidential-libraries/bush/gb-whasf/Presidential_Daily_Diary_186322/1992/41-bpr-apts_sch-dd-05_13_92-12890-004_415892026.pdf,bush-library-428082199,415892026
309,Medium,Daily Diary/backup timing support,Chile,1992-05-13,Memcon,Memorandum of Conversation,1992-05-13,0,[Presidential Daily Diary] 5/13/1992,Presidential Daily Diary,Restricted - Possibly,"Latin America; South America; Chile; Bush Library Memcons and Telcons; Memcon","Use to confirm timing, call/meeting status, participants, or backup packet context for a possible source note or editorial note.","Source: George H.W. Bush Library, Bush Presidential Records, White House Office of Appointments and Scheduling Files, Presidential Daily Diary and Presidential Daily Backup Materials, [Presidential Daily Diary] 5/13/1992. Access restriction: Restricted - Possibly.",https://s3.us-east-1.amazonaws.com/NARAprodstorage/lz/presidential-libraries/bush/gb-nsc/321498039/1992-05-13--Azocar.pdf,https://catalog.archives.gov/id/428082199,https://s3.dualstack.us-east-1.amazonaws.com/NARAprodstorage/lz/presidential-libraries/bush/gb-whasf/Presidential_Daily_Diary_186322/1992/41-bpr-apts_sch-dd-05_13_92-12890-003_415892025.pdf,bush-library-428082199,415892025
310,Medium,Nearby public statement,Chile,1992-05-13,Memcon,Memorandum of Conversation,1992-05-13,0,Remarks at the Arrival Ceremony for President Patricio Aylwin of Chile,Public Papers of the Presidents,Remarks,"Chile; Peru; Venezuela","Compare the public line with the private conversation; use for annotation when it explains public posture, timing, or follow-up.","Source: Public Papers of the Presidents of the United States: George H. W. Bush, 1992, Book I, May 13, 1992, ""Remarks at the Arrival Ceremony for President Patricio Aylwin of Chile"", p. 758. GovInfo, Government Publishing Office.",https://s3.us-east-1.amazonaws.com/NARAprodstorage/lz/presidential-libraries/bush/gb-nsc/321498039/1992-05-13--Azocar.pdf,https://catalog.archives.gov/id/428082199,https://www.govinfo.gov/content/pkg/PPP-1992-book1/pdf/PPP-1992-book1-doc-pg758-2.pdf,bush-library-428082199,govinfo-PPP-1992-book1-doc-pg758-2
311,Medium,Nearby public statement,Chile,1992-05-13,Memcon,Memorandum of Conversation,1992-05-13,0,Remarks at the State Dinner for President Patricio Aylwin of Chile,Public Papers of the Presidents,Remarks,"Chile; Peru; Venezuela","Compare the public line with the private conversation; use for annotation when it explains public posture, timing, or follow-up.","Source: Public Papers of the Presidents of the United States: George H. W. Bush, 1992, Book I, May 13, 1992, ""Remarks at the State Dinner for President Patricio Aylwin of Chile"", p. 766. GovInfo, Government Publishing Office.",https://s3.us-east-1.amazonaws.com/NARAprodstorage/lz/presidential-libraries/bush/gb-nsc/321498039/1992-05-13--Azocar.pdf,https://catalog.archives.gov/id/428082199,https://www.govinfo.gov/content/pkg/PPP-1992-book1/pdf/PPP-1992-book1-doc-pg766.pdf,bush-library-428082199,govinfo-PPP-1992-book1-doc-pg766
312,Medium,Nearby public statement,Chile,1992-05-13,Memcon,Memorandum of Conversation,1992-05-13,0,Statement by Press Secretary Fitzwater on the President's Meeting With President Patricio Aylwin of Chile,Public Papers of the Presidents,Statement,"Chile; Peru; Venezuela","Compare the public line with the private conversation; use for annotation when it explains public posture, timing, or follow-up.","Source: Public Papers of the Presidents of the United States: George H. W. Bush, 1992, Book I, May 13, 1992, ""Statement by Press Secretary Fitzwater on the President's Meeting With President Patricio Aylwin of Chile"", p. 765. GovInfo, Government Publishing Office.",https://s3.us-east-1.amazonaws.com/NARAprodstorage/lz/presidential-libraries/bush/gb-nsc/321498039/1992-05-13--Azocar.pdf,https://catalog.archives.gov/id/428082199,https://www.govinfo.gov/content/pkg/PPP-1992-book1/pdf/PPP-1992-book1-doc-pg765-2.pdf,bush-library-428082199,govinfo-PPP-1992-book1-doc-pg765-2
313,Medium,Daily Diary/backup timing support,Colombia,1989-03-08,Telcon,Memorandum of Telephone Conversation,1989-03-08,0,[Presidential Daily Backup] 3/8/1989,Presidential Daily Backup,Restricted - Possibly,"Latin America; South America; Colombia; Bush Library Memcons and Telcons; Telcon","Use to confirm timing, call/meeting status, participants, or backup packet context for a possible source note or editorial note.","Source: George H.W. Bush Library, Bush Presidential Records, White House Office of Appointments and Scheduling Files, Presidential Daily Diary and Presidential Daily Backup Materials, [Presidential Daily Backup] 3/8/1989. Access restriction: Restricted - Possibly.",https://s3.us-east-1.amazonaws.com/NARAprodstorage/lz/presidential-libraries/bush/gb-nsc/321498139/1989-03-08--Barco.pdf,https://catalog.archives.gov/id/428079919,https://s3.amazonaws.com/NARAprodstorage/lz/presidential-libraries/bush/gb-whasf/Presidential_Daily_Diary_186322/1989/41-bpr-apts_sch-dd-03_08_89-12792-006_415889693.pdf,bush-library-428079919,415889693
314,Medium,Daily Diary/backup timing support,Colombia,1989-03-08,Telcon,Memorandum of Telephone Conversation,1989-03-08,0,[Presidential Daily Diary] 3/8/1989,Presidential Daily Diary,Restricted - Possibly,"Latin America; South America; Colombia; Bush Library Memcons and Telcons; Telcon","Use to confirm timing, call/meeting status, participants, or backup packet context for a possible source note or editorial note.","Source: George H.W. Bush Library, Bush Presidential Records, White House Office of Appointments and Scheduling Files, Presidential Daily Diary and Presidential Daily Backup Materials, [Presidential Daily Diary] 3/8/1989. Access restriction: Restricted - Possibly.",https://s3.us-east-1.amazonaws.com/NARAprodstorage/lz/presidential-libraries/bush/gb-nsc/321498139/1989-03-08--Barco.pdf,https://catalog.archives.gov/id/428079919,https://s3.amazonaws.com/NARAprodstorage/lz/presidential-libraries/bush/gb-whasf/Presidential_Daily_Diary_186322/1989/41-bpr-apts_sch-dd-03_08_89-12792-005_415889692.pdf,bush-library-428079919,415889692
315,Medium,Nearby public statement,Colombia,1989-03-08,Telcon,Memorandum of Telephone Conversation,1989-03-09,1,"Remarks to Drug Enforcement Administration Officers in New York, New York",Public Papers of the Presidents,Remarks,"Bolivia; Colombia; Peru","Compare the public line with the private conversation; use for annotation when it explains public posture, timing, or follow-up.","Source: Public Papers of the Presidents of the United States: George H. W. Bush, 1989, Book I, March 9, 1989, ""Remarks to Drug Enforcement Administration Officers in New York, New York"", pp. 198-201. GovInfo, Government Publishing Office.",https://s3.us-east-1.amazonaws.com/NARAprodstorage/lz/presidential-libraries/bush/gb-nsc/321498139/1989-03-08--Barco.pdf,https://catalog.archives.gov/id/428079919,https://www.govinfo.gov/content/pkg/PPP-1989-book1/pdf/PPP-1989-book1.pdf#page=216,bush-library-428079919,govinfo-ppp-1989-book1-216-remarks-to-drug-enforcement-administration-officers-in-new-york-new-york
316,Medium,Daily Diary/backup timing support,Colombia,1989-04-14,Telcon,Memorandum of Telephone Conversation,1989-04-14,0,[Presidential Daily Backup] 4/14/1989,Presidential Daily Backup,Restricted - Possibly,"Latin America; South America; Colombia; Bush Library Memcons and Telcons; Telcon","Use to confirm timing, call/meeting status, participants, or backup packet context for a possible source note or editorial note.","Source: George H.W. Bush Library, Bush Presidential Records, White House Office of Appointments and Scheduling Files, Presidential Daily Diary and Presidential Daily Backup Materials, [Presidential Daily Backup] 4/14/1989. Access restriction: Restricted - Possibly.",https://s3.us-east-1.amazonaws.com/NARAprodstorage/lz/presidential-libraries/bush/gb-nsc/321498139/1989-04-14--Barco.pdf,https://catalog.archives.gov/id/428079963,https://s3.amazonaws.com/NARAprodstorage/lz/presidential-libraries/bush/gb-whasf/Presidential_Daily_Diary_186322/1989/41-bpr-apts_sch-dd-04_14_89-12794-024_415889767.pdf,bush-library-428079963,415889767
317,Medium,Daily Diary/backup timing support,Colombia,1989-04-14,Telcon,Memorandum of Telephone Conversation,1989-04-14,0,[Presidential Daily Diary] 4/14/1989,Presidential Daily Diary,Restricted - Possibly,"Latin America; South America; Colombia; Bush Library Memcons and Telcons; Telcon","Use to confirm timing, call/meeting status, participants, or backup packet context for a possible source note or editorial note.","Source: George H.W. Bush Library, Bush Presidential Records, White House Office of Appointments and Scheduling Files, Presidential Daily Diary and Presidential Daily Backup Materials, [Presidential Daily Diary] 4/14/1989. Access restriction: Restricted - Possibly.",https://s3.us-east-1.amazonaws.com/NARAprodstorage/lz/presidential-libraries/bush/gb-nsc/321498139/1989-04-14--Barco.pdf,https://catalog.archives.gov/id/428079963,https://s3.amazonaws.com/NARAprodstorage/lz/presidential-libraries/bush/gb-whasf/Presidential_Daily_Diary_186322/1989/41-bpr-apts_sch-dd-04_14_89-12794-023_415889766.pdf,bush-library-428079963,415889766
318,Medium,Nearby high-priority print lead,Colombia,1989-04-14,Telcon,Memorandum of Telephone Conversation,"April 19, 1989",5,Determination to Authorize Export-Import Bank,Latin American Affairs Directorate Subject Files,High / 78,"narcotics; presidential diplomacy","Verify the page image/OCR and decide whether this lead should be printed, used as annotation context, or ruled out against the anchor document.","Source: George H.W. Bush Library, Bush Presidential Records, National Security Council, Latin American Affairs Directorate Files, Subject File 1989, OA/ID CF00195, CF00195-010, Colombia - January 20, 1989-December 31, 1989 [4]. Access restriction: Restricted - Possibly. FOIA 2001-0434-F.",https://s3.us-east-1.amazonaws.com/NARAprodstorage/lz/presidential-libraries/bush/gb-nsc/321498139/1989-04-14--Barco.pdf,https://catalog.archives.gov/id/428079963,https://s3.dualstack.us-east-1.amazonaws.com/NARAprodstorage/lz/presidential-libraries/bush/gb-nsc/Latin_Amer_Aff_Dir_Files/Subject_376217847/41-bpr-nsc-lat_amer_dir-subj-cf00195-010.pdf#page=37,bush-library-428079963,subject-print-470766567-37-memorandum
319,Medium,Daily Diary/backup timing support,Colombia,1989-05-16,Telcon,Memorandum of Telephone Conversation,1989-05-16,0,[Presidential Daily Backup] 5/16/1989,Presidential Daily Backup,Restricted - Possibly,"Latin America; South America; Colombia; Bush Library Memcons and Telcons; Telcon","Use to confirm timing, call/meeting status, participants, or backup packet context for a possible source note or editorial note.","Source: George H.W. Bush Library, Bush Presidential Records, White House Office of Appointments and Scheduling Files, Presidential Daily Diary and Presidential Daily Backup Materials, [Presidential Daily Backup] 5/16/1989. Access restriction: Restricted - Possibly.",https://s3.us-east-1.amazonaws.com/NARAprodstorage/lz/presidential-libraries/bush/gb-nsc/321498139/1989-05-16--Barco.pdf,https://catalog.archives.gov/id/428082453,https://s3.amazonaws.com/NARAprodstorage/lz/presidential-libraries/bush/gb-whasf/Presidential_Daily_Diary_186322/1989/41-bpr-apts_sch-dd-05_16_89-12797-004_415889831.pdf,bush-library-428082453,415889831
320,Medium,Daily Diary/backup timing support,Colombia,1989-05-16,Telcon,Memorandum of Telephone Conversation,1989-05-16,0,[Presidential Daily Diary] 5/16/1989,Presidential Daily Diary,Restricted - Possibly,"Latin America; South America; Colombia; Bush Library Memcons and Telcons; Telcon","Use to confirm timing, call/meeting status, participants, or backup packet context for a possible source note or editorial note.","Source: George H.W. Bush Library, Bush Presidential Records, White House Office of Appointments and Scheduling Files, Presidential Daily Diary and Presidential Daily Backup Materials, [Presidential Daily Diary] 5/16/1989. Access restriction: Restricted - Possibly.",https://s3.us-east-1.amazonaws.com/NARAprodstorage/lz/presidential-libraries/bush/gb-nsc/321498139/1989-05-16--Barco.pdf,https://catalog.archives.gov/id/428082453,https://s3.amazonaws.com/NARAprodstorage/lz/presidential-libraries/bush/gb-whasf/Presidential_Daily_Diary_186322/1989/41-bpr-apts_sch-dd-05_16_89-12797-003_415889830.pdf,bush-library-428082453,415889830
321,Medium,Nearby high-priority print lead,Colombia,1989-05-16,Telcon,Memorandum of Telephone Conversation,"May 11, 1989",-5,Colombian President Virgilio Barco Suggests July 5-7,Latin American Directorate Chronological Files,High / 72,presidential diplomacy,"Verify the page image/OCR and decide whether this lead should be printed, used as annotation context, or ruled out against the anchor document.","Source: George H.W. Bush Library, Bush Presidential Records, National Security Council, Latin American Affairs Directorate Files, Chronological Files, OA/ID CF00301, CF00301-010, May 1, 1989-May 15, 1989 [1]. Access restriction: Restricted - Possibly. FOIA 2015-0017-S.",https://s3.us-east-1.amazonaws.com/NARAprodstorage/lz/presidential-libraries/bush/gb-nsc/321498139/1989-05-16--Barco.pdf,https://catalog.archives.gov/id/428082453,https://s3.dualstack.us-east-1.amazonaws.com/NARAprodstorage/lz/presidential-libraries/bush/gb-nsc/Latin_Amer_Aff_Dir_Files/Chronological_2197972/41-bpr-nsc-lat_amer_dir-chron-cf00301-010.pdf#page=51,bush-library-428082453,chronological-print-470766427-51-memorandum
322,Medium,Nearby high-priority print lead,Colombia,1989-05-16,Telcon,Memorandum of Telephone Conversation,"May 11, 1989",-5,Colombian President Virgilio Barco Suggests July 5-7,Latin American Affairs Directorate Subject Files,High / 72,presidential diplomacy,"Verify the page image/OCR and decide whether this lead should be printed, used as annotation context, or ruled out against the anchor document.","Source: George H.W. Bush Library, Bush Presidential Records, National Security Council, Latin American Affairs Directorate Files, Subject File 1989, OA/ID CF00195, CF00195-010, Colombia - January 20, 1989-December 31, 1989 [4]. Access restriction: Restricted - Possibly. FOIA 2001-0434-F.",https://s3.us-east-1.amazonaws.com/NARAprodstorage/lz/presidential-libraries/bush/gb-nsc/321498139/1989-05-16--Barco.pdf,https://catalog.archives.gov/id/428082453,https://s3.dualstack.us-east-1.amazonaws.com/NARAprodstorage/lz/presidential-libraries/bush/gb-nsc/Latin_Amer_Aff_Dir_Files/Subject_376217847/41-bpr-nsc-lat_amer_dir-subj-cf00195-010.pdf#page=50,bush-library-428082453,subject-print-470766567-50-memorandum
323,Medium,Daily Diary/backup timing support,Colombia,1989-05-31,Telcon,Memorandum of a Telephone Conversation,1989-05-31,0,[Presidential Daily Backup] 5/31/1989,Presidential Daily Backup,Restricted - Possibly,"Latin America; South America; Colombia; Brent Scowcroft Papers; Head-of-state memcons and telcons","Use to confirm timing, call/meeting status, participants, or backup packet context for a possible source note or editorial note.","Source: George H.W. Bush Library, Bush Presidential Records, White House Office of Appointments and Scheduling Files, Presidential Daily Diary and Presidential Daily Backup Materials, [Presidential Daily Backup] 5/31/1989. Access restriction: Restricted - Possibly.",documents/colombia/1989-05-31-bush-virgilio-barco-telcon-91111-002-p38-scowcroft.pdf,https://catalog.archives.gov/id/366551687,https://s3.amazonaws.com/NARAprodstorage/lz/presidential-libraries/bush/gb-whasf/Presidential_Daily_Diary_186322/1989/41-bpr-apts_sch-dd-05_31_89-12798-014_415889861.pdf,scowcroft-366551687-38-virgilio-barco-telcon,415889861
324,Medium,Nearby high-priority print lead,Colombia,1989-05-31,Telcon,Memorandum of a Telephone Conversation,"June 13, 1989",13,Presidential Determination on Export-Import,Latin American Affairs Directorate Subject Files,High / 78,"narcotics; presidential diplomacy","Verify the page image/OCR and decide whether this lead should be printed, used as annotation context, or ruled out against the anchor document.","Source: George H.W. Bush Library, Bush Presidential Records, National Security Council, Latin American Affairs Directorate Files, Subject File 1989, OA/ID CF00195, CF00195-010, Colombia - January 20, 1989-December 31, 1989 [4]. Access restriction: Restricted - Possibly. FOIA 2001-0434-F.",documents/colombia/1989-05-31-bush-virgilio-barco-telcon-91111-002-p38-scowcroft.pdf,https://catalog.archives.gov/id/366551687,https://s3.dualstack.us-east-1.amazonaws.com/NARAprodstorage/lz/presidential-libraries/bush/gb-nsc/Latin_Amer_Aff_Dir_Files/Subject_376217847/41-bpr-nsc-lat_amer_dir-subj-cf00195-010.pdf#page=34,scowcroft-366551687-38-virgilio-barco-telcon,subject-print-470766567-34-memorandum
325,Medium,Nearby high-priority print lead,Colombia,1989-05-31,Telcon,Memorandum of a Telephone Conversation,"May 18, 1989",-13,Telephone Conversation Between the President,Latin American Directorate Chronological Files,High / 72,presidential diplomacy,"Verify the page image/OCR and decide whether this lead should be printed, used as annotation context, or ruled out against the anchor document.","Source: George H.W. Bush Library, Bush Presidential Records, National Security Council, Latin American Affairs Directorate Files, Chronological Files, OA/ID CF00301, CF00301-015, May 16, 1989-May 30, 1989 [3]. Access restriction: Restricted - Possibly. FOIA 2015-0017-S.",documents/colombia/1989-05-31-bush-virgilio-barco-telcon-91111-002-p38-scowcroft.pdf,https://catalog.archives.gov/id/366551687,https://s3.dualstack.us-east-1.amazonaws.com/NARAprodstorage/lz/presidential-libraries/bush/gb-nsc/Latin_Amer_Aff_Dir_Files/Chronological_2197972/41-bpr-nsc-lat_amer_dir-chron-cf00301-015.pdf#page=6,scowcroft-366551687-38-virgilio-barco-telcon,chronological-print-470766432-6-memorandum-of-conversation
326,Medium,Nearby high-priority print lead,Colombia,1989-05-31,Telcon,Memorandum of a Telephone Conversation,"May 18, 1989",-13,Telephone Conversation Between the President,Latin American Affairs Directorate Subject Files,High / 72,presidential diplomacy,"Verify the page image/OCR and decide whether this lead should be printed, used as annotation context, or ruled out against the anchor document.","Source: George H.W. Bush Library, Bush Presidential Records, National Security Council, Latin American Affairs Directorate Files, Subject File 1989, OA/ID CF00195, CF00195-010, Colombia - January 20, 1989-December 31, 1989 [4]. Access restriction: Restricted - Possibly. FOIA 2001-0434-F.",documents/colombia/1989-05-31-bush-virgilio-barco-telcon-91111-002-p38-scowcroft.pdf,https://catalog.archives.gov/id/366551687,https://s3.dualstack.us-east-1.amazonaws.com/NARAprodstorage/lz/presidential-libraries/bush/gb-nsc/Latin_Amer_Aff_Dir_Files/Subject_376217847/41-bpr-nsc-lat_amer_dir-subj-cf00195-010.pdf#page=44,scowcroft-366551687-38-virgilio-barco-telcon,subject-print-470766567-44-memorandum-of-conversation
327,Medium,Daily Diary/backup timing support,Colombia,1989-08-21,Telcon,Memorandum of Telephone Conversation,1989-08-21,0,[Presidential Daily Backup] 8/21/1989,Presidential Daily Backup,Restricted - Possibly,"Latin America; South America; Colombia; Bush Library Memcons and Telcons; Telcon","Use to confirm timing, call/meeting status, participants, or backup packet context for a possible source note or editorial note.","Source: George H.W. Bush Library, Bush Presidential Records, White House Office of Appointments and Scheduling Files, Presidential Daily Diary and Presidential Daily Backup Materials, [Presidential Daily Backup] 8/21/1989. Access restriction: Restricted - Possibly.",https://s3.us-east-1.amazonaws.com/NARAprodstorage/lz/presidential-libraries/bush/gb-nsc/321498139/1989-08-21--Barco.pdf,https://catalog.archives.gov/id/428080207,https://s3.amazonaws.com/NARAprodstorage/lz/presidential-libraries/bush/gb-whasf/Presidential_Daily_Diary_186322/1989/41-bpr-apts_sch-dd-08_21_89-12804-014_415890025.pdf,bush-library-428080207,415890025
328,Medium,Daily Diary/backup timing support,Colombia,1989-08-21,Telcon,Memorandum of Telephone Conversation,1989-08-21,0,[Presidential Daily Diary] 8/21/1989,Presidential Daily Diary,Restricted - Possibly,"Latin America; South America; Colombia; Bush Library Memcons and Telcons; Telcon","Use to confirm timing, call/meeting status, participants, or backup packet context for a possible source note or editorial note.","Source: George H.W. Bush Library, Bush Presidential Records, White House Office of Appointments and Scheduling Files, Presidential Daily Diary and Presidential Daily Backup Materials, [Presidential Daily Diary] 8/21/1989. Access restriction: Restricted - Possibly.",https://s3.us-east-1.amazonaws.com/NARAprodstorage/lz/presidential-libraries/bush/gb-nsc/321498139/1989-08-21--Barco.pdf,https://catalog.archives.gov/id/428080207,https://s3.amazonaws.com/NARAprodstorage/lz/presidential-libraries/bush/gb-whasf/Presidential_Daily_Diary_186322/1989/41-bpr-apts_sch-dd-08_21_89-12804-013_415890024.pdf,bush-library-428080207,415890024
329,Medium,Nearby public statement,Colombia,1989-08-21,Telcon,Memorandum of Telephone Conversation,1989-08-21,0,Statement by Press Secretary Fitzwater on President Bush's Telephone Conversation With President Virgilio Barco Vargas of Colombia,Public Papers of the Presidents,Statement,Colombia,"Compare the public line with the private conversation; use for annotation when it explains public posture, timing, or follow-up.","Source: Public Papers of the Presidents of the United States: George H. W. Bush, 1989, Book II, August 21, 1989, ""Statement by Press Secretary Fitzwater on President Bush's Telephone Conversation With President Virgilio Barco Vargas of Colombia"", p. 1096. GovInfo, Government Publishing Office.",https://s3.us-east-1.amazonaws.com/NARAprodstorage/lz/presidential-libraries/bush/gb-nsc/321498139/1989-08-21--Barco.pdf,https://catalog.archives.gov/id/428080207,https://www.govinfo.gov/content/pkg/PPP-1989-book2/pdf/PPP-1989-book2.pdf#page=230,bush-library-428080207,govinfo-ppp-1989-book2-230-statement-by-press-secretary-fitzwater-on-president-bush-s-telephone-conversation-with-president-virgilio-barco-vargas-of-colombia
330,Medium,Nearby high-priority print lead,Colombia,1989-08-21,Telcon,Memorandum of Telephone Conversation,"August 28, 1989",7,PARTICIPANTS:,Latin American Affairs Directorate Subject Files,High / 78,"narcotics; presidential diplomacy","Verify the page image/OCR and decide whether this lead should be printed, used as annotation context, or ruled out against the anchor document.","Source: George H.W. Bush Library, Bush Presidential Records, National Security Council, Latin American Affairs Directorate Files, Subject File 1989, OA/ID CF00195, CF00195-009, Colombia - January 20, 1989-December 31, 1989 [3]. Access restriction: Restricted - Possibly. FOIA 2001-0434-F.",https://s3.us-east-1.amazonaws.com/NARAprodstorage/lz/presidential-libraries/bush/gb-nsc/321498139/1989-08-21--Barco.pdf,https://catalog.archives.gov/id/428080207,https://s3.dualstack.us-east-1.amazonaws.com/NARAprodstorage/lz/presidential-libraries/bush/gb-nsc/Latin_Amer_Aff_Dir_Files/Subject_376217847/41-bpr-nsc-lat_amer_dir-subj-cf00195-009.pdf#page=8,bush-library-428080207,subject-print-470766566-8-memorandum-of-telephone-conversation
331,Medium,Daily Diary/backup timing support,Colombia,1989-08-28,Telcon,Memorandum of Telephone Conversation,1989-08-28,0,[Presidential Daily Backup] 8/28/1989,Presidential Daily Backup,Restricted - Possibly,"Latin America; South America; Colombia; Bush Library Memcons and Telcons; Telcon","Use to confirm timing, call/meeting status, participants, or backup packet context for a possible source note or editorial note.","Source: George H.W. Bush Library, Bush Presidential Records, White House Office of Appointments and Scheduling Files, Presidential Daily Diary and Presidential Daily Backup Materials, [Presidential Daily Backup] 8/28/1989. Access restriction: Restricted - Possibly.",https://s3.us-east-1.amazonaws.com/NARAprodstorage/lz/presidential-libraries/bush/gb-nsc/321498139/1989-08-28--Barco.pdf,https://catalog.archives.gov/id/428080215,https://s3.amazonaws.com/NARAprodstorage/lz/presidential-libraries/bush/gb-whasf/Presidential_Daily_Diary_186322/1989/41-bpr-apts_sch-dd-08_28_89-12804-028_415890039.pdf,bush-library-428080215,415890039
332,Medium,Daily Diary/backup timing support,Colombia,1989-08-28,Telcon,Memorandum of Telephone Conversation,1989-08-28,0,[Presidential Daily Diary] 8/28/1989,Presidential Daily Diary,Restricted - Possibly,"Latin America; South America; Colombia; Bush Library Memcons and Telcons; Telcon","Use to confirm timing, call/meeting status, participants, or backup packet context for a possible source note or editorial note.","Source: George H.W. Bush Library, Bush Presidential Records, White House Office of Appointments and Scheduling Files, Presidential Daily Diary and Presidential Daily Backup Materials, [Presidential Daily Diary] 8/28/1989. Access restriction: Restricted - Possibly.",https://s3.us-east-1.amazonaws.com/NARAprodstorage/lz/presidential-libraries/bush/gb-nsc/321498139/1989-08-28--Barco.pdf,https://catalog.archives.gov/id/428080215,https://s3.amazonaws.com/NARAprodstorage/lz/presidential-libraries/bush/gb-whasf/Presidential_Daily_Diary_186322/1989/41-bpr-apts_sch-dd-08_28_89-12804-027_415890038.pdf,bush-library-428080215,415890038
333,Medium,Nearby public statement,Colombia,1989-08-28,Telcon,Memorandum of Telephone Conversation,1989-08-28,0,"Remarks and a Question-and-Answer Session With Reporters in Kennebunkport, Maine",Public Papers of the Presidents,Exchange,Colombia,"Compare the public line with the private conversation; use for annotation when it explains public posture, timing, or follow-up.","Source: Public Papers of the Presidents of the United States: George H. W. Bush, 1989, Book II, August 28, 1989, ""Remarks and a Question-and-Answer Session With Reporters in Kennebunkport, Maine"", pp. 1113-1116. GovInfo, Government Publishing Office.",https://s3.us-east-1.amazonaws.com/NARAprodstorage/lz/presidential-libraries/bush/gb-nsc/321498139/1989-08-28--Barco.pdf,https://catalog.archives.gov/id/428080215,https://www.govinfo.gov/content/pkg/PPP-1989-book2/pdf/PPP-1989-book2.pdf#page=247,bush-library-428080215,govinfo-ppp-1989-book2-247-remarks-and-a-question-and-answer-session-with-reporters-in-kennebunkport-maine
334,Medium,Nearby public statement,Colombia,1989-08-28,Telcon,Memorandum of Telephone Conversation,1989-08-29,1,"Exchange With Reporters Following a National Drug Control Strategy Meeting in Kennebunkport, Maine",Public Papers of the Presidents,Exchange,Colombia,"Compare the public line with the private conversation; use for annotation when it explains public posture, timing, or follow-up.","Source: Public Papers of the Presidents of the United States: George H. W. Bush, 1989, Book II, August 29, 1989, ""Exchange With Reporters Following a National Drug Control Strategy Meeting in Kennebunkport, Maine"", pp. 1118-1119. GovInfo, Government Publishing Office.",https://s3.us-east-1.amazonaws.com/NARAprodstorage/lz/presidential-libraries/bush/gb-nsc/321498139/1989-08-28--Barco.pdf,https://catalog.archives.gov/id/428080215,https://www.govinfo.gov/content/pkg/PPP-1989-book2/pdf/PPP-1989-book2.pdf#page=252,bush-library-428080215,govinfo-ppp-1989-book2-252-exchange-with-reporters-following-a-national-drug-control-strategy-meeting-in-kennebunkport-maine
335,Medium,Nearby high-priority print lead,Colombia,1989-08-28,Telcon,Memorandum of Telephone Conversation,"August 23, 1989",-5,Colombian Coffee Complaint,Latin American Directorate Chronological Files,High / 72,presidential diplomacy,"Verify the page image/OCR and decide whether this lead should be printed, used as annotation context, or ruled out against the anchor document.","Source: George H.W. Bush Library, Bush Presidential Records, National Security Council, Latin American Affairs Directorate Files, Chronological Files, OA/ID CF00302, CF00302-012, August 16, 1989-August 31, 1989 [2]. Access restriction: Restricted - Possibly. FOIA 2015-0017-S.",https://s3.us-east-1.amazonaws.com/NARAprodstorage/lz/presidential-libraries/bush/gb-nsc/321498139/1989-08-28--Barco.pdf,https://catalog.archives.gov/id/428080215,https://s3.dualstack.us-east-1.amazonaws.com/NARAprodstorage/lz/presidential-libraries/bush/gb-nsc/Latin_Amer_Aff_Dir_Files/Chronological_2197972/41-bpr-nsc-lat_amer_dir-chron-cf00302-012.pdf#page=34,bush-library-428080215,chronological-print-470766449-34-memorandum
336,Medium,Nearby high-priority print lead,Colombia,1989-08-28,Telcon,Memorandum of Telephone Conversation,"September 2, 1989",5,Talking Points on Narcotics Cooperation,Latin American Directorate Chronological Files,High / 90,"narcotics; presidential diplomacy","Verify the page image/OCR and decide whether this lead should be printed, used as annotation context, or ruled out against the anchor document.","Source: George H.W. Bush Library, Bush Presidential Records, National Security Council, Latin American Affairs Directorate Files, Chronological Files, OA/ID CF00302, CF00302-016, September 1, 1989-September 15, 1989 [2]. Access restriction: Restricted - Possibly. FOIA 2015-0017-S.",https://s3.us-east-1.amazonaws.com/NARAprodstorage/lz/presidential-libraries/bush/gb-nsc/321498139/1989-08-28--Barco.pdf,https://catalog.archives.gov/id/428080215,https://s3.dualstack.us-east-1.amazonaws.com/NARAprodstorage/lz/presidential-libraries/bush/gb-nsc/Latin_Amer_Aff_Dir_Files/Chronological_2197972/41-bpr-nsc-lat_amer_dir-chron-cf00302-016.pdf#page=76,bush-library-428080215,chronological-print-470766453-76-memorandum
337,Medium,Nearby high-priority print lead,Colombia,1989-08-28,Telcon,Memorandum of Telephone Conversation,"September 2, 1989",5,"To: BRENT SCOWCROFT 07; ); From: RICHARD LAMAGNA",Latin American Affairs Directorate Subject Files,High / 72,presidential diplomacy,"Verify the page image/OCR and decide whether this lead should be printed, used as annotation context, or ruled out against the anchor document.","Source: George H.W. Bush Library, Bush Presidential Records, National Security Council, Latin American Affairs Directorate Files, Subject File 1989, OA/ID CF00195, CF00195-009, Colombia - January 20, 1989-December 31, 1989 [3]. Access restriction: Restricted - Possibly. FOIA 2001-0434-F.",https://s3.us-east-1.amazonaws.com/NARAprodstorage/lz/presidential-libraries/bush/gb-nsc/321498139/1989-08-28--Barco.pdf,https://catalog.archives.gov/id/428080215,https://s3.dualstack.us-east-1.amazonaws.com/NARAprodstorage/lz/presidential-libraries/bush/gb-nsc/Latin_Amer_Aff_Dir_Files/Subject_376217847/41-bpr-nsc-lat_amer_dir-subj-cf00195-009.pdf#page=64,bush-library-428080215,subject-print-470766566-64-memorandum
338,Medium,Nearby high-priority print lead,Colombia,1989-08-28,Telcon,Memorandum of Telephone Conversation,"August 22, 1989",-6,Memorandum of Telephone Conversation with,Latin American Directorate Chronological Files,High / 72,presidential diplomacy,"Verify the page image/OCR and decide whether this lead should be printed, used as annotation context, or ruled out against the anchor document.","Source: George H.W. Bush Library, Bush Presidential Records, National Security Council, Latin American Affairs Directorate Files, Chronological Files, OA/ID CF00302, CF00302-012, August 16, 1989-August 31, 1989 [2]. Access restriction: Restricted - Possibly. FOIA 2015-0017-S.",https://s3.us-east-1.amazonaws.com/NARAprodstorage/lz/presidential-libraries/bush/gb-nsc/321498139/1989-08-28--Barco.pdf,https://catalog.archives.gov/id/428080215,https://s3.dualstack.us-east-1.amazonaws.com/NARAprodstorage/lz/presidential-libraries/bush/gb-nsc/Latin_Amer_Aff_Dir_Files/Chronological_2197972/41-bpr-nsc-lat_amer_dir-chron-cf00302-012.pdf#page=62,bush-library-428080215,chronological-print-470766449-62-memorandum-of-telephone-conversation
339,Medium,Daily Diary/backup timing support,Colombia,1989-09-26,Telcon,Memorandum of Telephone Conversation,1989-09-26,0,[Presidential Daily Backup] 9/26/1989,Presidential Daily Backup,Restricted - Possibly,"Latin America; South America; Colombia; Bush Library Memcons and Telcons; Telcon","Use to confirm timing, call/meeting status, participants, or backup packet context for a possible source note or editorial note.","Source: George H.W. Bush Library, Bush Presidential Records, White House Office of Appointments and Scheduling Files, Presidential Daily Diary and Presidential Daily Backup Materials, [Presidential Daily Backup] 9/26/1989. Access restriction: Restricted - Possibly.",https://s3.us-east-1.amazonaws.com/NARAprodstorage/lz/presidential-libraries/bush/gb-nsc/321498139/1989-09-26--Barco.pdf,https://catalog.archives.gov/id/428080265,https://s3.amazonaws.com/NARAprodstorage/lz/presidential-libraries/bush/gb-whasf/Presidential_Daily_Diary_186322/1989/41-bpr-apts_sch-dd-09_26_89-12806-018_415890097.pdf,bush-library-428080265,415890097
340,Medium,Daily Diary/backup timing support,Colombia,1989-09-26,Telcon,Memorandum of Telephone Conversation,1989-09-26,0,[Presidential Daily Diary] 9/26/1989,Presidential Daily Diary,Restricted - Possibly,"Latin America; South America; Colombia; Bush Library Memcons and Telcons; Telcon","Use to confirm timing, call/meeting status, participants, or backup packet context for a possible source note or editorial note.","Source: George H.W. Bush Library, Bush Presidential Records, White House Office of Appointments and Scheduling Files, Presidential Daily Diary and Presidential Daily Backup Materials, [Presidential Daily Diary] 9/26/1989. Access restriction: Restricted - Possibly.",https://s3.us-east-1.amazonaws.com/NARAprodstorage/lz/presidential-libraries/bush/gb-nsc/321498139/1989-09-26--Barco.pdf,https://catalog.archives.gov/id/428080265,https://s3.amazonaws.com/NARAprodstorage/lz/presidential-libraries/bush/gb-whasf/Presidential_Daily_Diary_186322/1989/41-bpr-apts_sch-dd-09_26_89-12806-017_415890096.pdf,bush-library-428080265,415890096
341,Medium,Nearby public statement,Colombia,1989-09-26,Telcon,Memorandum of Telephone Conversation,1989-09-25,-1,"Address to the 44th Session of the United Nations General Assembly in New York, New York",Public Papers of the Presidents,Public Paper,"Colombia; Venezuela","Compare the public line with the private conversation; use for annotation when it explains public posture, timing, or follow-up.","Source: Public Papers of the Presidents of the United States: George H. W. Bush, 1989, Book II, September 25, 1989, ""Address to the 44th Session of the United Nations General Assembly in New York, New York"", pp. 1248-1252. GovInfo, Government Publishing Office.",https://s3.us-east-1.amazonaws.com/NARAprodstorage/lz/presidential-libraries/bush/gb-nsc/321498139/1989-09-26--Barco.pdf,https://catalog.archives.gov/id/428080265,https://www.govinfo.gov/content/pkg/PPP-1989-book2/pdf/PPP-1989-book2.pdf#page=382,bush-library-428080265,govinfo-ppp-1989-book2-382-address-to-the-44th-session-of-the-united-nations-general-assembly-in-new-york-new-york
342,Medium,Nearby public statement,Colombia,1989-09-26,Telcon,Memorandum of Telephone Conversation,1989-09-27,1,Remarks on the Education Summit and a Question-and-Answer Session With Reporters,Public Papers of the Presidents,Exchange,Colombia,"Compare the public line with the private conversation; use for annotation when it explains public posture, timing, or follow-up.","Source: Public Papers of the Presidents of the United States: George H. W. Bush, 1989, Book II, September 27, 1989, ""Remarks on the Education Summit and a Question-and-Answer Session With Reporters"", pp. 1260-1265. GovInfo, Government Publishing Office.",https://s3.us-east-1.amazonaws.com/NARAprodstorage/lz/presidential-libraries/bush/gb-nsc/321498139/1989-09-26--Barco.pdf,https://catalog.archives.gov/id/428080265,https://www.govinfo.gov/content/pkg/PPP-1989-book2/pdf/PPP-1989-book2.pdf#page=394,bush-library-428080265,govinfo-ppp-1989-book2-394-remarks-on-the-education-summit-and-a-question-and-answer-session-with-reporters
343,Medium,Nearby high-priority print lead,Colombia,1989-09-26,Telcon,Memorandum of Telephone Conversation,"October 3, 1989",7,Guidance: Colombia Extraditions,Latin American Directorate Chronological Files,High / 70,narcotics,"Verify the page image/OCR and decide whether this lead should be printed, used as annotation context, or ruled out against the anchor document.","Source: George H.W. Bush Library, Bush Presidential Records, National Security Council, Latin American Affairs Directorate Files, Chronological Files, OA/ID CF00303, CF00303-005, October 16, 1989-October 31, 1989 [2]. Access restriction: Restricted - Possibly. FOIA 2015-0017-S.",https://s3.us-east-1.amazonaws.com/NARAprodstorage/lz/presidential-libraries/bush/gb-nsc/321498139/1989-09-26--Barco.pdf,https://catalog.archives.gov/id/428080265,https://s3.dualstack.us-east-1.amazonaws.com/NARAprodstorage/lz/presidential-libraries/bush/gb-nsc/Latin_Amer_Aff_Dir_Files/Chronological_2197972/41-bpr-nsc-lat_amer_dir-chron-cf00303-005.pdf#page=69,bush-library-428080265,chronological-print-470766462-69-memorandum
344,Medium,Nearby high-priority print lead,Colombia,1989-09-26,Telcon,Memorandum of Telephone Conversation,"September 18, 1989",-8,Request for Meeting with the President for U.S.,Latin American Directorate Chronological Files,High / 90,"narcotics; presidential diplomacy","Verify the page image/OCR and decide whether this lead should be printed, used as annotation context, or ruled out against the anchor document.","Source: George H.W. Bush Library, Bush Presidential Records, National Security Council, Latin American Affairs Directorate Files, Chronological Files, OA/ID CF00302, CF00302-020, September 16, 1989-September 30, 1989 [4]. Access restriction: Restricted - Possibly. FOIA 2015-0017-S.",https://s3.us-east-1.amazonaws.com/NARAprodstorage/lz/presidential-libraries/bush/gb-nsc/321498139/1989-09-26--Barco.pdf,https://catalog.archives.gov/id/428080265,https://s3.dualstack.us-east-1.amazonaws.com/NARAprodstorage/lz/presidential-libraries/bush/gb-nsc/Latin_Amer_Aff_Dir_Files/Chronological_2197972/41-bpr-nsc-lat_amer_dir-chron-cf00302-020.pdf#page=76,bush-library-428080265,chronological-print-470766457-76-memorandum
345,Medium,Daily Diary/backup timing support,Colombia,1989-09-28,Memcon,Memorandum of Conversation,1989-09-28,0,[Presidential Daily Backup] 9/28/1989,Presidential Daily Backup,Restricted - Possibly,"Latin America; South America; Colombia; Bush Library Memcons and Telcons; Memcon","Use to confirm timing, call/meeting status, participants, or backup packet context for a possible source note or editorial note.","Source: George H.W. Bush Library, Bush Presidential Records, White House Office of Appointments and Scheduling Files, Presidential Daily Diary and Presidential Daily Backup Materials, [Presidential Daily Backup] 9/28/1989. Access restriction: Restricted - Possibly.",https://s3.us-east-1.amazonaws.com/NARAprodstorage/lz/presidential-libraries/bush/gb-nsc/321498039/1989-09-28--Barco.pdf,https://catalog.archives.gov/id/428080241,https://s3.amazonaws.com/NARAprodstorage/lz/presidential-libraries/bush/gb-whasf/Presidential_Daily_Diary_186322/1989/41-bpr-apts_sch-dd-09_28_89-12806-022_415890101.pdf,bush-library-428080241,415890101
346,Medium,Nearby public statement,Colombia,1989-09-28,Memcon,Memorandum of Conversation,1989-09-28,0,Statement by Press Secretary Fitzwater on President Bush's Meeting With President Virgilio Barco Vargas of Colombia,Public Papers of the Presidents,Statement,Colombia,"Compare the public line with the private conversation; use for annotation when it explains public posture, timing, or follow-up.","Source: Public Papers of the Presidents of the United States: George H. W. Bush, 1989, Book II, September 28, 1989, ""Statement by Press Secretary Fitzwater on President Bush's Meeting With President Virgilio Barco Vargas of Colombia"", pp. 1284-1285. GovInfo, Government Publishing Office.",https://s3.us-east-1.amazonaws.com/NARAprodstorage/lz/presidential-libraries/bush/gb-nsc/321498039/1989-09-28--Barco.pdf,https://catalog.archives.gov/id/428080241,https://www.govinfo.gov/content/pkg/PPP-1989-book2/pdf/PPP-1989-book2.pdf#page=418,bush-library-428080241,govinfo-ppp-1989-book2-418-statement-by-press-secretary-fitzwater-on-president-bush-s-meeting-with-president-virgilio-barco-vargas-of-colombia
347,Medium,Nearby public statement,Colombia,1989-09-28,Memcon,Memorandum of Conversation,1989-09-27,-1,Remarks on the Education Summit and a Question-and-Answer Session With Reporters,Public Papers of the Presidents,Exchange,Colombia,"Compare the public line with the private conversation; use for annotation when it explains public posture, timing, or follow-up.","Source: Public Papers of the Presidents of the United States: George H. W. Bush, 1989, Book II, September 27, 1989, ""Remarks on the Education Summit and a Question-and-Answer Session With Reporters"", pp. 1260-1265. GovInfo, Government Publishing Office.",https://s3.us-east-1.amazonaws.com/NARAprodstorage/lz/presidential-libraries/bush/gb-nsc/321498039/1989-09-28--Barco.pdf,https://catalog.archives.gov/id/428080241,https://www.govinfo.gov/content/pkg/PPP-1989-book2/pdf/PPP-1989-book2.pdf#page=394,bush-library-428080241,govinfo-ppp-1989-book2-394-remarks-on-the-education-summit-and-a-question-and-answer-session-with-reporters
348,Medium,Nearby high-priority print lead,Colombia,1989-09-28,Memcon,Memorandum of Conversation,"October 3, 1989",5,Guidance: Colombia Extraditions,Latin American Directorate Chronological Files,High / 70,narcotics,"Verify the page image/OCR and decide whether this lead should be printed, used as annotation context, or ruled out against the anchor document.","Source: George H.W. Bush Library, Bush Presidential Records, National Security Council, Latin American Affairs Directorate Files, Chronological Files, OA/ID CF00303, CF00303-005, October 16, 1989-October 31, 1989 [2]. Access restriction: Restricted - Possibly. FOIA 2015-0017-S.",https://s3.us-east-1.amazonaws.com/NARAprodstorage/lz/presidential-libraries/bush/gb-nsc/321498039/1989-09-28--Barco.pdf,https://catalog.archives.gov/id/428080241,https://s3.dualstack.us-east-1.amazonaws.com/NARAprodstorage/lz/presidential-libraries/bush/gb-nsc/Latin_Amer_Aff_Dir_Files/Chronological_2197972/41-bpr-nsc-lat_amer_dir-chron-cf00303-005.pdf#page=69,bush-library-428080241,chronological-print-470766462-69-memorandum
349,Medium,Nearby high-priority print lead,Colombia,1989-09-28,Memcon,Memorandum of Conversation,"September 18, 1989",-10,Request for Meeting with the President for U.S.,Latin American Directorate Chronological Files,High / 90,"narcotics; presidential diplomacy","Verify the page image/OCR and decide whether this lead should be printed, used as annotation context, or ruled out against the anchor document.","Source: George H.W. Bush Library, Bush Presidential Records, National Security Council, Latin American Affairs Directorate Files, Chronological Files, OA/ID CF00302, CF00302-020, September 16, 1989-September 30, 1989 [4]. Access restriction: Restricted - Possibly. FOIA 2015-0017-S.",https://s3.us-east-1.amazonaws.com/NARAprodstorage/lz/presidential-libraries/bush/gb-nsc/321498039/1989-09-28--Barco.pdf,https://catalog.archives.gov/id/428080241,https://s3.dualstack.us-east-1.amazonaws.com/NARAprodstorage/lz/presidential-libraries/bush/gb-nsc/Latin_Amer_Aff_Dir_Files/Chronological_2197972/41-bpr-nsc-lat_amer_dir-chron-cf00302-020.pdf#page=76,bush-library-428080241,chronological-print-470766457-76-memorandum
350,Medium,Daily Diary/backup timing support,Colombia,1989-10-30,Telcon,Memorandum of Telephone Conversation,1989-10-30,0,[Presidential Daily Backup] 10/30/1989,Presidential Daily Backup,Restricted - Possibly,"Latin America; South America; Colombia; Bush Library Memcons and Telcons; Telcon","Use to confirm timing, call/meeting status, participants, or backup packet context for a possible source note or editorial note.","Source: George H.W. Bush Library, Bush Presidential Records, White House Office of Appointments and Scheduling Files, Presidential Daily Diary and Presidential Daily Backup Materials, [Presidential Daily Backup] 10/30/1989. Access restriction: Restricted - Possibly.",https://s3.us-east-1.amazonaws.com/NARAprodstorage/lz/presidential-libraries/bush/gb-nsc/321498139/1989-10-30--Barco.pdf,https://catalog.archives.gov/id/428080315,https://s3.amazonaws.com/NARAprodstorage/lz/presidential-libraries/bush/gb-whasf/Presidential_Daily_Diary_186322/1989/41-bpr-apts_sch-dd-10_30_89-12809-022_415890165.pdf,bush-library-428080315,415890165
351,Medium,Daily Diary/backup timing support,Colombia,1989-10-30,Telcon,Memorandum of Telephone Conversation,1989-10-30,0,[Presidential Daily Diary] 10/30/1989,Presidential Daily Diary,Restricted - Possibly,"Latin America; South America; Colombia; Bush Library Memcons and Telcons; Telcon","Use to confirm timing, call/meeting status, participants, or backup packet context for a possible source note or editorial note.","Source: George H.W. Bush Library, Bush Presidential Records, White House Office of Appointments and Scheduling Files, Presidential Daily Diary and Presidential Daily Backup Materials, [Presidential Daily Diary] 10/30/1989. Access restriction: Restricted - Possibly.",https://s3.us-east-1.amazonaws.com/NARAprodstorage/lz/presidential-libraries/bush/gb-nsc/321498139/1989-10-30--Barco.pdf,https://catalog.archives.gov/id/428080315,https://s3.amazonaws.com/NARAprodstorage/lz/presidential-libraries/bush/gb-whasf/Presidential_Daily_Diary_186322/1989/41-bpr-apts_sch-dd-10_30_89-12809-021_415890164.pdf,bush-library-428080315,415890164
352,Medium,Daily Diary/backup timing support,Colombia,1989-11-27,Telcon,Memorandum of Telephone Conversation,1989-11-27,0,[Presidential Daily Backup] 11/27/1989,Presidential Daily Backup,Restricted - Possibly,"Latin America; South America; Colombia; Bush Library Memcons and Telcons; Telcon","Use to confirm timing, call/meeting status, participants, or backup packet context for a possible source note or editorial note.","Source: George H.W. Bush Library, Bush Presidential Records, White House Office of Appointments and Scheduling Files, Presidential Daily Diary and Presidential Daily Backup Materials, [Presidential Daily Backup] 11/27/1989. Access restriction: Restricted - Possibly.",https://s3.us-east-1.amazonaws.com/NARAprodstorage/lz/presidential-libraries/bush/gb-nsc/321498139/1989-11-27--Barco.pdf,https://catalog.archives.gov/id/428080357,https://s3.amazonaws.com/NARAprodstorage/lz/presidential-libraries/bush/gb-whasf/Presidential_Daily_Diary_186322/1989/41-bpr-apts_sch-dd-11_27_89-12812-012_415890221.pdf,bush-library-428080357,415890221
353,Medium,Partial release / alternate-copy check,Colombia,1989-11-27,Telcon,Memorandum of Telephone Conversation,1989-11-27,,Memorandum of Telephone Conversation,Presidential Telcon Files,Partial,"Latin America; South America; Colombia; Bush Library Memcons and Telcons; Telcon","Before printing or annotating this document, check parallel Scowcroft, backup, later-release, or agency files for a less-redacted copy.","Source: George H.W. Bush Library, Bush Presidential Records, National Security Council, Presidential Telcon Files, [Memorandum of Telephone Conversations (Telcons) - August 1989-December 1989]: November 1989. Declassified; partial release: Partial.",https://s3.us-east-1.amazonaws.com/NARAprodstorage/lz/presidential-libraries/bush/gb-nsc/321498139/1989-11-27--Barco.pdf,https://catalog.archives.gov/id/428080357,https://s3.us-east-1.amazonaws.com/NARAprodstorage/lz/presidential-libraries/bush/gb-nsc/321498139/1989-11-27--Barco.pdf,bush-library-428080357,bush-library-428080357
354,Medium,Nearby high-priority print lead,Colombia,1989-11-27,Telcon,Memorandum of Telephone Conversation,"November 22, 1989",-5,"Security Survey of Cartagena, Colombia",Latin American Affairs Directorate Subject Files,High / 90,"Andean; drug; narcotics; presidential diplomacy; regional policy","Verify the page image/OCR and decide whether this lead should be printed, used as annotation context, or ruled out against the anchor document.","Source: George H.W. Bush Library, Bush Presidential Records, National Security Council, Latin American Affairs Directorate Files, Subject File 1989, OA/ID CF00189, CF00189-003, Andean [Drug] Summit 1989 [2]. Access restriction: Restricted - Possibly. FOIA 2015-0017-S.",https://s3.us-east-1.amazonaws.com/NARAprodstorage/lz/presidential-libraries/bush/gb-nsc/321498139/1989-11-27--Barco.pdf,https://catalog.archives.gov/id/428080357,https://s3.dualstack.us-east-1.amazonaws.com/NARAprodstorage/lz/presidential-libraries/bush/gb-nsc/Latin_Amer_Aff_Dir_Files/Subject_376217847/41-bpr-nsc-lat_amer_dir-subj-cf00189-003.pdf#page=37,bush-library-428080357,subject-print-470766476-37-memorandum
355,Medium,Nearby high-priority print lead,Colombia,1989-11-27,Telcon,Memorandum of Telephone Conversation,"November 22, 1989",-5,"Security Survey of Cartagena, Colombia",Latin American Affairs Directorate Subject Files,High / 90,"narcotics; presidential diplomacy; regional policy","Verify the page image/OCR and decide whether this lead should be printed, used as annotation context, or ruled out against the anchor document.","Source: George H.W. Bush Library, Bush Presidential Records, National Security Council, Latin American Affairs Directorate Files, Subject File 1989, OA/ID CF00195, CF00195-007, Colombia - January 20, 1989-December 31, 1989 [1]. Access restriction: Restricted - Possibly. FOIA 2001-0434-F.",https://s3.us-east-1.amazonaws.com/NARAprodstorage/lz/presidential-libraries/bush/gb-nsc/321498139/1989-11-27--Barco.pdf,https://catalog.archives.gov/id/428080357,https://s3.dualstack.us-east-1.amazonaws.com/NARAprodstorage/lz/presidential-libraries/bush/gb-nsc/Latin_Amer_Aff_Dir_Files/Subject_376217847/41-bpr-nsc-lat_amer_dir-subj-cf00195-007.pdf#page=54,bush-library-428080357,subject-print-470766564-54-memorandum
356,Medium,Nearby high-priority print lead,Colombia,1989-11-27,Telcon,Memorandum of Telephone Conversation,"November 22, 1989",-5,Telephone Call to Colombian President,Latin American Directorate Chronological Files,High / 90,"narcotics; presidential diplomacy","Verify the page image/OCR and decide whether this lead should be printed, used as annotation context, or ruled out against the anchor document.","Source: George H.W. Bush Library, Bush Presidential Records, National Security Council, Latin American Affairs Directorate Files, Chronological Files, OA/ID CF00303, CF00303-012, November 16, 1989-November 30, 1989 [2]. Access restriction: Restricted - Possibly. FOIA 2015-0017-S.",https://s3.us-east-1.amazonaws.com/NARAprodstorage/lz/presidential-libraries/bush/gb-nsc/321498139/1989-11-27--Barco.pdf,https://catalog.archives.gov/id/428080357,https://s3.dualstack.us-east-1.amazonaws.com/NARAprodstorage/lz/presidential-libraries/bush/gb-nsc/Latin_Amer_Aff_Dir_Files/Chronological_2197972/41-bpr-nsc-lat_amer_dir-chron-cf00303-012.pdf#page=16,bush-library-428080357,chronological-print-470766469-16-memorandum
357,Medium,Nearby high-priority print lead,Colombia,1989-11-27,Telcon,Memorandum of Telephone Conversation,"December 4, 1989",7,Proposed U.S.-Andean Public Awareness,Latin American Affairs Directorate Subject Files,High / 70,"Andean; drug; narcotics","Verify the page image/OCR and decide whether this lead should be printed, used as annotation context, or ruled out against the anchor document.","Source: George H.W. Bush Library, Bush Presidential Records, National Security Council, Latin American Affairs Directorate Files, Subject File 1989, OA/ID CF00189, CF00189-004, Andean [Drug] Summit 1989 [3]. Access restriction: Restricted - Possibly. FOIA 2015-0017-S.",https://s3.us-east-1.amazonaws.com/NARAprodstorage/lz/presidential-libraries/bush/gb-nsc/321498139/1989-11-27--Barco.pdf,https://catalog.archives.gov/id/428080357,https://s3.dualstack.us-east-1.amazonaws.com/NARAprodstorage/lz/presidential-libraries/bush/gb-nsc/Latin_Amer_Aff_Dir_Files/Subject_376217847/41-bpr-nsc-lat_amer_dir-subj-cf00189-004.pdf#page=109,bush-library-428080357,subject-print-470766477-109-memorandum
358,Medium,Nearby high-priority print lead,Colombia,1989-11-27,Telcon,Memorandum of Telephone Conversation,"December 4, 1989",7,Report by Bruce Gelb on His Trip to the Andean,Latin American Directorate Chronological Files,High / 90,"narcotics; presidential diplomacy","Verify the page image/OCR and decide whether this lead should be printed, used as annotation context, or ruled out against the anchor document.","Source: George H.W. Bush Library, Bush Presidential Records, National Security Council, Latin American Affairs Directorate Files, Chronological Files, OA/ID CF00303, CF00303-014, December 1, 1989-December 15, 1989 [2]. Access restriction: Restricted - Possibly. FOIA 2015-0017-S.",https://s3.us-east-1.amazonaws.com/NARAprodstorage/lz/presidential-libraries/bush/gb-nsc/321498139/1989-11-27--Barco.pdf,https://catalog.archives.gov/id/428080357,https://s3.dualstack.us-east-1.amazonaws.com/NARAprodstorage/lz/presidential-libraries/bush/gb-nsc/Latin_Amer_Aff_Dir_Files/Chronological_2197972/41-bpr-nsc-lat_amer_dir-chron-cf00303-014.pdf#page=63,bush-library-428080357,chronological-print-470766471-63-memorandum
359,Medium,Nearby high-priority print lead,Colombia,1989-11-27,Telcon,Memorandum of Telephone Conversation,"December 4, 1989",7,Report by Bruce Gelb on His Trip to the Andean,Latin American Affairs Directorate Subject Files,High / 90,"Andean; drug; narcotics; presidential diplomacy","Verify the page image/OCR and decide whether this lead should be printed, used as annotation context, or ruled out against the anchor document.","Source: George H.W. Bush Library, Bush Presidential Records, National Security Council, Latin American Affairs Directorate Files, Subject File 1989, OA/ID CF00189, CF00189-002, Andean [Drug] Summit 1989 [1]. Access restriction: Restricted - Possibly. FOIA 2015-0017-S.",https://s3.us-east-1.amazonaws.com/NARAprodstorage/lz/presidential-libraries/bush/gb-nsc/321498139/1989-11-27--Barco.pdf,https://catalog.archives.gov/id/428080357,https://s3.dualstack.us-east-1.amazonaws.com/NARAprodstorage/lz/presidential-libraries/bush/gb-nsc/Latin_Amer_Aff_Dir_Files/Subject_376217847/41-bpr-nsc-lat_amer_dir-subj-cf00189-002.pdf#page=14,bush-library-428080357,subject-print-470766475-14-memorandum
360,Medium,Daily Diary/backup timing support,Colombia,1989-12-20,Telcon,Memorandum of Telephone Conversation,1989-12-20,0,[Presidential Daily Backup] 12/20/1989,Presidential Daily Backup,Restricted - Possibly,"Latin America; South America; Colombia; Bush Library Memcons and Telcons; Telcon","Use to confirm timing, call/meeting status, participants, or backup packet context for a possible source note or editorial note.","Source: George H.W. Bush Library, Bush Presidential Records, White House Office of Appointments and Scheduling Files, Presidential Daily Diary and Presidential Daily Backup Materials, [Presidential Daily Backup] 12/20/1989. Access restriction: Restricted - Possibly.",https://s3.us-east-1.amazonaws.com/NARAprodstorage/lz/presidential-libraries/bush/gb-nsc/321498139/1989-12-20--Barco.pdf,https://catalog.archives.gov/id/428080421,https://s3.amazonaws.com/NARAprodstorage/lz/presidential-libraries/bush/gb-whasf/Presidential_Daily_Diary_186322/1989/41-bpr-apts_sch-dd-12_20_89-12813-022_415890267.pdf,bush-library-428080421,415890267
361,Medium,Nearby high-priority print lead,Colombia,1989-12-20,Telcon,Memorandum of Telephone Conversation,"December 15, 1989",-5,Request for an Appointment by U.S. to,Latin American Directorate Chronological Files,High / 72,presidential diplomacy,"Verify the page image/OCR and decide whether this lead should be printed, used as annotation context, or ruled out against the anchor document.","Source: George H.W. Bush Library, Bush Presidential Records, National Security Council, Latin American Affairs Directorate Files, Chronological Files, OA/ID CF00303, CF00303-013, December 1, 1989-December 15, 1989 [1]. Access restriction: Restricted - Possibly. FOIA 2015-0017-S.",https://s3.us-east-1.amazonaws.com/NARAprodstorage/lz/presidential-libraries/bush/gb-nsc/321498139/1989-12-20--Barco.pdf,https://catalog.archives.gov/id/428080421,https://s3.dualstack.us-east-1.amazonaws.com/NARAprodstorage/lz/presidential-libraries/bush/gb-nsc/Latin_Amer_Aff_Dir_Files/Chronological_2197972/41-bpr-nsc-lat_amer_dir-chron-cf00303-013.pdf#page=20,bush-library-428080421,chronological-print-470766470-20-memorandum
362,Medium,Nearby high-priority print lead,Colombia,1989-12-20,Telcon,Memorandum of Telephone Conversation,"December 15, 1989",-5,"To: BRENT SCOWCROFT fo; From: WILLIAM T. PRYCE oe am b.",Latin American Affairs Directorate Subject Files,High / 72,presidential diplomacy,"Verify the page image/OCR and decide whether this lead should be printed, used as annotation context, or ruled out against the anchor document.","Source: George H.W. Bush Library, Bush Presidential Records, National Security Council, Latin American Affairs Directorate Files, Subject File 1989, OA/ID CF00195, CF00195-007, Colombia - January 20, 1989-December 31, 1989 [1]. Access restriction: Restricted - Possibly. FOIA 2001-0434-F.",https://s3.us-east-1.amazonaws.com/NARAprodstorage/lz/presidential-libraries/bush/gb-nsc/321498139/1989-12-20--Barco.pdf,https://catalog.archives.gov/id/428080421,https://s3.dualstack.us-east-1.amazonaws.com/NARAprodstorage/lz/presidential-libraries/bush/gb-nsc/Latin_Amer_Aff_Dir_Files/Subject_376217847/41-bpr-nsc-lat_amer_dir-subj-cf00195-007.pdf#page=46,bush-library-428080421,subject-print-470766564-46-memorandum
363,Medium,Daily Diary/backup timing support,Colombia,1990-01-28,Telcon,Memorandum of Telephone Conversation,1990-01-28,0,[Presidential Daily Backup] 1/28/1990,Presidential Daily Backup,Restricted - Possibly,"Latin America; South America; Colombia; Bush Library Memcons and Telcons; Telcon","Use to confirm timing, call/meeting status, participants, or backup packet context for a possible source note or editorial note.","Source: George H.W. Bush Library, Bush Presidential Records, White House Office of Appointments and Scheduling Files, Presidential Daily Diary and Presidential Daily Backup Materials, [Presidential Daily Backup] 1/28/1990. Access restriction: Restricted - Possibly.",https://s3.us-east-1.amazonaws.com/NARAprodstorage/lz/presidential-libraries/bush/gb-nsc/321498139/1990-01-28--Barco.pdf,https://catalog.archives.gov/id/428080509,https://s3.amazonaws.com/NARAprodstorage/lz/presidential-libraries/bush/gb-whasf/Presidential_Daily_Diary_186322/1990/41-bpr-apts_sch-dd-01_28_90-12816-010_415890345.pdf,bush-library-428080509,415890345
364,Medium,Daily Diary/backup timing support,Colombia,1990-01-28,Telcon,Memorandum of Telephone Conversation,1990-01-28,0,[Presidential Daily Diary] 1/28/1990,Presidential Daily Diary,Restricted - Possibly,"Latin America; South America; Colombia; Bush Library Memcons and Telcons; Telcon","Use to confirm timing, call/meeting status, participants, or backup packet context for a possible source note or editorial note.","Source: George H.W. Bush Library, Bush Presidential Records, White House Office of Appointments and Scheduling Files, Presidential Daily Diary and Presidential Daily Backup Materials, [Presidential Daily Diary] 1/28/1990. Access restriction: Restricted - Possibly.",https://s3.us-east-1.amazonaws.com/NARAprodstorage/lz/presidential-libraries/bush/gb-nsc/321498139/1990-01-28--Barco.pdf,https://catalog.archives.gov/id/428080509,https://s3.amazonaws.com/NARAprodstorage/lz/presidential-libraries/bush/gb-whasf/Presidential_Daily_Diary_186322/1990/41-bpr-apts_sch-dd-01_28_90-12816-009_415890344.pdf,bush-library-428080509,415890344
365,Medium,Daily Diary/backup timing support,Colombia,1990-04-27,Telcon,Memorandum of Telephone Conversation,1990-04-27,0,[Presidential Daily Backup] 4/27/1990,Presidential Daily Backup,Restricted - Possibly,"Latin America; South America; Colombia; Bush Library Memcons and Telcons; Telcon","Use to confirm timing, call/meeting status, participants, or backup packet context for a possible source note or editorial note.","Source: George H.W. Bush Library, Bush Presidential Records, White House Office of Appointments and Scheduling Files, Presidential Daily Diary and Presidential Daily Backup Materials, [Presidential Daily Backup] 4/27/1990. Access restriction: Restricted - Possibly.",https://s3.us-east-1.amazonaws.com/NARAprodstorage/lz/presidential-libraries/bush/gb-nsc/321498139/1990-04-27--Barco.pdf,https://catalog.archives.gov/id/428080673,https://s3.amazonaws.com/NARAprodstorage/lz/presidential-libraries/bush/gb-whasf/Presidential_Daily_Diary_186322/1990/41-bpr-apts_sch-dd-04_27_90-12825-004_415890523.pdf,bush-library-428080673,415890523
366,Medium,Daily Diary/backup timing support,Colombia,1990-04-27,Telcon,Memorandum of Telephone Conversation,1990-04-27,0,[Presidential Daily Diary] 4/27/1990,Presidential Daily Diary,Restricted - Possibly,"Latin America; South America; Colombia; Bush Library Memcons and Telcons; Telcon","Use to confirm timing, call/meeting status, participants, or backup packet context for a possible source note or editorial note.","Source: George H.W. Bush Library, Bush Presidential Records, White House Office of Appointments and Scheduling Files, Presidential Daily Diary and Presidential Daily Backup Materials, [Presidential Daily Diary] 4/27/1990. Access restriction: Restricted - Possibly.",https://s3.us-east-1.amazonaws.com/NARAprodstorage/lz/presidential-libraries/bush/gb-nsc/321498139/1990-04-27--Barco.pdf,https://catalog.archives.gov/id/428080673,https://s3.amazonaws.com/NARAprodstorage/lz/presidential-libraries/bush/gb-whasf/Presidential_Daily_Diary_186322/1990/41-bpr-apts_sch-dd-04_27_90-12825-003_415890522.pdf,bush-library-428080673,415890522
367,Medium,Daily Diary/backup timing support,Colombia,1990-06-05,Memcon,Memorandum of Conversation,1990-06-05,0,[Presidential Daily Backup] 6/5/1990,Presidential Daily Backup,Restricted - Possibly,"Latin America; South America; Colombia; Bush Library Memcons and Telcons; Memcon","Use to confirm timing, call/meeting status, participants, or backup packet context for a possible source note or editorial note.","Source: George H.W. Bush Library, Bush Presidential Records, White House Office of Appointments and Scheduling Files, Presidential Daily Diary and Presidential Daily Backup Materials, [Presidential Daily Backup] 6/5/1990. Access restriction: Restricted - Possibly.",https://s3.us-east-1.amazonaws.com/NARAprodstorage/lz/presidential-libraries/bush/gb-nsc/321498039/1990-06-05--Barco.pdf,https://catalog.archives.gov/id/428080733,https://s3.amazonaws.com/NARAprodstorage/lz/presidential-libraries/bush/gb-whasf/Presidential_Daily_Diary_186322/1990/41-bpr-apts_sch-dd-06_05_90-12828-026_415890601.pdf,bush-library-428080733,415890601
368,Medium,Daily Diary/backup timing support,Colombia,1990-06-05,Memcon,Memorandum of Conversation,1990-06-05,0,[Presidential Daily Diary] 6/5/1990,Presidential Daily Diary,Restricted - Possibly,"Latin America; South America; Colombia; Bush Library Memcons and Telcons; Memcon","Use to confirm timing, call/meeting status, participants, or backup packet context for a possible source note or editorial note.","Source: George H.W. Bush Library, Bush Presidential Records, White House Office of Appointments and Scheduling Files, Presidential Daily Diary and Presidential Daily Backup Materials, [Presidential Daily Diary] 6/5/1990. Access restriction: Restricted - Possibly.",https://s3.us-east-1.amazonaws.com/NARAprodstorage/lz/presidential-libraries/bush/gb-nsc/321498039/1990-06-05--Barco.pdf,https://catalog.archives.gov/id/428080733,https://s3.amazonaws.com/NARAprodstorage/lz/presidential-libraries/bush/gb-whasf/Presidential_Daily_Diary_186322/1990/41-bpr-apts_sch-dd-06_05_90-12828-025_415890600.pdf,bush-library-428080733,415890600
369,Medium,Daily Diary/backup timing support,Colombia,1990-07-13,Memcon,Memorandum of Conversation,1990-07-13,0,[Presidential Daily Backup] 7/13/1990,Presidential Daily Backup,Restricted - Possibly,"Latin America; South America; Colombia; Brent Scowcroft Papers; Head-of-state memcons and telcons","Use to confirm timing, call/meeting status, participants, or backup packet context for a possible source note or editorial note.","Source: George H.W. Bush Library, Bush Presidential Records, White House Office of Appointments and Scheduling Files, Presidential Daily Diary and Presidential Daily Backup Materials, [Presidential Daily Backup] 7/13/1990. Access restriction: Restricted - Possibly.",documents/colombia/1990-07-13-bush-virgilio-barco-memcon-91108-001-p73-scowcroft.pdf,https://catalog.archives.gov/id/366551670,https://s3.amazonaws.com/NARAprodstorage/lz/presidential-libraries/bush/gb-whasf/Presidential_Daily_Diary_186322/1990/41-bpr-apts_sch-dd-07_13_90-12832-004_415890677.pdf,scowcroft-366551670-73-virgilio-barco-memcon,415890677
370,Medium,Daily Diary/backup timing support,Colombia,1990-07-13,Memcon,Memorandum of Conversation,1990-07-13,0,[Presidential Daily Backup] 7/13/1990,Presidential Daily Backup,Restricted - Possibly,"Latin America; South America; Colombia; Bush Library Memcons and Telcons; Memcon","Use to confirm timing, call/meeting status, participants, or backup packet context for a possible source note or editorial note.","Source: George H.W. Bush Library, Bush Presidential Records, White House Office of Appointments and Scheduling Files, Presidential Daily Diary and Presidential Daily Backup Materials, [Presidential Daily Backup] 7/13/1990. Access restriction: Restricted - Possibly.",https://s3.us-east-1.amazonaws.com/NARAprodstorage/lz/presidential-libraries/bush/gb-nsc/321498039/1990-07-13--Gaviria-Trujillo.pdf,https://catalog.archives.gov/id/428080837,https://s3.amazonaws.com/NARAprodstorage/lz/presidential-libraries/bush/gb-whasf/Presidential_Daily_Diary_186322/1990/41-bpr-apts_sch-dd-07_13_90-12832-004_415890677.pdf,bush-library-428080837,415890677
371,Medium,Daily Diary/backup timing support,Colombia,1990-07-13,Memcon,Memorandum of Conversation,1990-07-13,0,[Presidential Daily Diary] 7/13/1990,Presidential Daily Diary,Restricted - Possibly,"Latin America; South America; Colombia; Brent Scowcroft Papers; Head-of-state memcons and telcons","Use to confirm timing, call/meeting status, participants, or backup packet context for a possible source note or editorial note.","Source: George H.W. Bush Library, Bush Presidential Records, White House Office of Appointments and Scheduling Files, Presidential Daily Diary and Presidential Daily Backup Materials, [Presidential Daily Diary] 7/13/1990. Access restriction: Restricted - Possibly.",documents/colombia/1990-07-13-bush-virgilio-barco-memcon-91108-001-p73-scowcroft.pdf,https://catalog.archives.gov/id/366551670,https://s3.amazonaws.com/NARAprodstorage/lz/presidential-libraries/bush/gb-whasf/Presidential_Daily_Diary_186322/1990/41-bpr-apts_sch-dd-07_13_90-12832-003_415890676.pdf,scowcroft-366551670-73-virgilio-barco-memcon,415890676
372,Medium,Daily Diary/backup timing support,Colombia,1990-07-13,Memcon,Memorandum of Conversation,1990-07-13,0,[Presidential Daily Diary] 7/13/1990,Presidential Daily Diary,Restricted - Possibly,"Latin America; South America; Colombia; Bush Library Memcons and Telcons; Memcon","Use to confirm timing, call/meeting status, participants, or backup packet context for a possible source note or editorial note.","Source: George H.W. Bush Library, Bush Presidential Records, White House Office of Appointments and Scheduling Files, Presidential Daily Diary and Presidential Daily Backup Materials, [Presidential Daily Diary] 7/13/1990. Access restriction: Restricted - Possibly.",https://s3.us-east-1.amazonaws.com/NARAprodstorage/lz/presidential-libraries/bush/gb-nsc/321498039/1990-07-13--Gaviria-Trujillo.pdf,https://catalog.archives.gov/id/428080837,https://s3.amazonaws.com/NARAprodstorage/lz/presidential-libraries/bush/gb-whasf/Presidential_Daily_Diary_186322/1990/41-bpr-apts_sch-dd-07_13_90-12832-003_415890676.pdf,bush-library-428080837,415890676
373,Medium,Nearby public statement,Colombia,1990-07-13,Memcon,Memorandum of Conversation,1990-07-13,0,Statement by Press Secretary Fitzwater on President Bush's Meeting With President-Elect Cesar Gaviria of Colombia,Public Papers of the Presidents,Statement,Colombia,"Compare the public line with the private conversation; use for annotation when it explains public posture, timing, or follow-up.","Source: Public Papers of the Presidents of the United States: George H. W. Bush, 1990, Book II, July 13, 1990, ""Statement by Press Secretary Fitzwater on President Bush's Meeting With President-Elect Cesar Gaviria of Colombia"", p. 1012. GovInfo, Government Publishing Office.",documents/colombia/1990-07-13-bush-virgilio-barco-memcon-91108-001-p73-scowcroft.pdf,https://catalog.archives.gov/id/366551670,https://www.govinfo.gov/content/pkg/PPP-1990-book2/pdf/PPP-1990-book2.pdf#page=70,scowcroft-366551670-73-virgilio-barco-memcon,govinfo-ppp-1990-book2-70-statement-by-press-secretary-fitzwater-on-president-bush-s-meeting-with-president-elect-cesar-gaviria-of-colombia
374,Medium,Nearby public statement,Colombia,1990-07-13,Memcon,Memorandum of Conversation,1990-07-13,0,Statement by Press Secretary Fitzwater on President Bush's Meeting With President-Elect Cesar Gaviria of Colombia,Public Papers of the Presidents,Statement,Colombia,"Compare the public line with the private conversation; use for annotation when it explains public posture, timing, or follow-up.","Source: Public Papers of the Presidents of the United States: George H. W. Bush, 1990, Book II, July 13, 1990, ""Statement by Press Secretary Fitzwater on President Bush's Meeting With President-Elect Cesar Gaviria of Colombia"", p. 1012. GovInfo, Government Publishing Office.",https://s3.us-east-1.amazonaws.com/NARAprodstorage/lz/presidential-libraries/bush/gb-nsc/321498039/1990-07-13--Gaviria-Trujillo.pdf,https://catalog.archives.gov/id/428080837,https://www.govinfo.gov/content/pkg/PPP-1990-book2/pdf/PPP-1990-book2.pdf#page=70,bush-library-428080837,govinfo-ppp-1990-book2-70-statement-by-press-secretary-fitzwater-on-president-bush-s-meeting-with-president-elect-cesar-gaviria-of-colombia
375,Medium,Daily Diary/backup timing support,Colombia,1990-09-29,Memcon,Memorandum of Conversation,1990-09-29,0,[Presidential Daily Backup] 9/29/1990,Presidential Daily Backup,Restricted - Possibly,"Latin America; South America; Colombia; Brent Scowcroft Papers; Head-of-state memcons and telcons","Use to confirm timing, call/meeting status, participants, or backup packet context for a possible source note or editorial note.","Source: George H.W. Bush Library, Bush Presidential Records, White House Office of Appointments and Scheduling Files, Presidential Daily Diary and Presidential Daily Backup Materials, [Presidential Daily Backup] 9/29/1990. Access restriction: Restricted - Possibly.",documents/colombia/1990-09-29-bush-cesar-gaviria-memcon-91108-002-p27-scowcroft.pdf,https://catalog.archives.gov/id/366551671,https://s3.amazonaws.com/NARAprodstorage/lz/presidential-libraries/bush/gb-whasf/Presidential_Daily_Diary_186322/1990/41-bpr-apts_sch-dd-09_29_90-12837-010_415890833.pdf,scowcroft-366551671-27-cesar-gaviria-memcon,415890833
376,Medium,Daily Diary/backup timing support,Colombia,1990-09-29,Memcon,Memorandum of Conversation,1990-09-29,0,[Presidential Daily Backup] 9/29/1990,Presidential Daily Backup,Restricted - Possibly,"Latin America; South America; Colombia; Bush Library Memcons and Telcons; Memcon","Use to confirm timing, call/meeting status, participants, or backup packet context for a possible source note or editorial note.","Source: George H.W. Bush Library, Bush Presidential Records, White House Office of Appointments and Scheduling Files, Presidential Daily Diary and Presidential Daily Backup Materials, [Presidential Daily Backup] 9/29/1990. Access restriction: Restricted - Possibly.",https://s3.us-east-1.amazonaws.com/NARAprodstorage/lz/presidential-libraries/bush/gb-nsc/321498039/1990-09-29--Gaviria-Trujillo.pdf,https://catalog.archives.gov/id/428081077,https://s3.amazonaws.com/NARAprodstorage/lz/presidential-libraries/bush/gb-whasf/Presidential_Daily_Diary_186322/1990/41-bpr-apts_sch-dd-09_29_90-12837-010_415890833.pdf,bush-library-428081077,415890833
377,Medium,Daily Diary/backup timing support,Colombia,1990-09-29,Memcon,Memorandum of Conversation,1990-09-29,0,[Presidential Daily Diary] 9/29/1990,Presidential Daily Diary,Restricted - Possibly,"Latin America; South America; Colombia; Brent Scowcroft Papers; Head-of-state memcons and telcons","Use to confirm timing, call/meeting status, participants, or backup packet context for a possible source note or editorial note.","Source: George H.W. Bush Library, Bush Presidential Records, White House Office of Appointments and Scheduling Files, Presidential Daily Diary and Presidential Daily Backup Materials, [Presidential Daily Diary] 9/29/1990. Access restriction: Restricted - Possibly.",documents/colombia/1990-09-29-bush-cesar-gaviria-memcon-91108-002-p27-scowcroft.pdf,https://catalog.archives.gov/id/366551671,https://s3.amazonaws.com/NARAprodstorage/lz/presidential-libraries/bush/gb-whasf/Presidential_Daily_Diary_186322/1990/41-bpr-apts_sch-dd-09_29_90-12837-009_415890832.pdf,scowcroft-366551671-27-cesar-gaviria-memcon,415890832
378,Medium,Daily Diary/backup timing support,Colombia,1990-09-29,Memcon,Memorandum of Conversation,1990-09-29,0,[Presidential Daily Diary] 9/29/1990,Presidential Daily Diary,Restricted - Possibly,"Latin America; South America; Colombia; Bush Library Memcons and Telcons; Memcon","Use to confirm timing, call/meeting status, participants, or backup packet context for a possible source note or editorial note.","Source: George H.W. Bush Library, Bush Presidential Records, White House Office of Appointments and Scheduling Files, Presidential Daily Diary and Presidential Daily Backup Materials, [Presidential Daily Diary] 9/29/1990. Access restriction: Restricted - Possibly.",https://s3.us-east-1.amazonaws.com/NARAprodstorage/lz/presidential-libraries/bush/gb-nsc/321498039/1990-09-29--Gaviria-Trujillo.pdf,https://catalog.archives.gov/id/428081077,https://s3.amazonaws.com/NARAprodstorage/lz/presidential-libraries/bush/gb-whasf/Presidential_Daily_Diary_186322/1990/41-bpr-apts_sch-dd-09_29_90-12837-009_415890832.pdf,bush-library-428081077,415890832
379,Medium,Nearby public statement,Colombia,1990-09-29,Memcon,Memorandum of Conversation,1990-09-29,0,Statement by Press Secretary Fitzwater on President Bush's Meeting in New York City With President Cesar Gaviria of Colombia,Public Papers of the Presidents,Statement,Colombia,"Compare the public line with the private conversation; use for annotation when it explains public posture, timing, or follow-up.","Source: Public Papers of the Presidents of the United States: George H. W. Bush, 1990, Book II, September 29, 1990, ""Statement by Press Secretary Fitzwater on President Bush's Meeting in New York City With President Cesar Gaviria of Colombia"", p. 1322. GovInfo, Government Publishing Office.",documents/colombia/1990-09-29-bush-cesar-gaviria-memcon-91108-002-p27-scowcroft.pdf,https://catalog.archives.gov/id/366551671,https://www.govinfo.gov/content/pkg/PPP-1990-book2/pdf/PPP-1990-book2.pdf#page=380,scowcroft-366551671-27-cesar-gaviria-memcon,govinfo-ppp-1990-book2-380-statement-by-press-secretary-fitzwater-on-president-bush-s-meeting-in-new-york-city-with-president-cesar-gaviria-of-colombia
380,Medium,Nearby public statement,Colombia,1990-09-29,Memcon,Memorandum of Conversation,1990-09-29,0,Statement by Press Secretary Fitzwater on President Bush's Meeting in New York City With President Cesar Gaviria of Colombia,Public Papers of the Presidents,Statement,Colombia,"Compare the public line with the private conversation; use for annotation when it explains public posture, timing, or follow-up.","Source: Public Papers of the Presidents of the United States: George H. W. Bush, 1990, Book II, September 29, 1990, ""Statement by Press Secretary Fitzwater on President Bush's Meeting in New York City With President Cesar Gaviria of Colombia"", p. 1322. GovInfo, Government Publishing Office.",https://s3.us-east-1.amazonaws.com/NARAprodstorage/lz/presidential-libraries/bush/gb-nsc/321498039/1990-09-29--Gaviria-Trujillo.pdf,https://catalog.archives.gov/id/428081077,https://www.govinfo.gov/content/pkg/PPP-1990-book2/pdf/PPP-1990-book2.pdf#page=380,bush-library-428081077,govinfo-ppp-1990-book2-380-statement-by-press-secretary-fitzwater-on-president-bush-s-meeting-in-new-york-city-with-president-cesar-gaviria-of-colombia
381,Medium,Daily Diary/backup timing support,Colombia,1990-11-23,Telcon,Memorandum of Telephone Conversation,1990-11-23,0,[Presidential Daily Backup] 11/23/1990,Presidential Daily Backup,Restricted - Possibly,"Latin America; South America; Colombia; Bush Library Memcons and Telcons; Telcon","Use to confirm timing, call/meeting status, participants, or backup packet context for a possible source note or editorial note.","Source: George H.W. Bush Library, Bush Presidential Records, White House Office of Appointments and Scheduling Files, Presidential Daily Diary and Presidential Daily Backup Materials, [Presidential Daily Backup] 11/23/1990. Access restriction: Restricted - Possibly.",https://s3.us-east-1.amazonaws.com/NARAprodstorage/lz/presidential-libraries/bush/gb-nsc/321498139/1990-11-23--Gaviria-Trujillo.pdf,https://catalog.archives.gov/id/428081223,https://s3.amazonaws.com/NARAprodstorage/lz/presidential-libraries/bush/gb-whasf/Presidential_Daily_Diary_186322/1990/41-bpr-apts_sch-dd-11_23_90-12843-006_415890945.pdf,bush-library-428081223,415890945
382,Medium,Daily Diary/backup timing support,Colombia,1990-11-23,Telcon,Memorandum of a Telephone Conversation,1990-11-23,0,[Presidential Daily Backup] 11/23/1990,Presidential Daily Backup,Restricted - Possibly,"Latin America; South America; Colombia; Brent Scowcroft Papers; Head-of-state memcons and telcons","Use to confirm timing, call/meeting status, participants, or backup packet context for a possible source note or editorial note.","Source: George H.W. Bush Library, Bush Presidential Records, White House Office of Appointments and Scheduling Files, Presidential Daily Diary and Presidential Daily Backup Materials, [Presidential Daily Backup] 11/23/1990. Access restriction: Restricted - Possibly.",documents/colombia/1990-11-23-bush-cesar-gaviria-telcon-91112-003-p63-scowcroft.pdf,https://catalog.archives.gov/id/366551695,https://s3.amazonaws.com/NARAprodstorage/lz/presidential-libraries/bush/gb-whasf/Presidential_Daily_Diary_186322/1990/41-bpr-apts_sch-dd-11_23_90-12843-006_415890945.pdf,scowcroft-366551695-63-cesar-gaviria-telcon,415890945
383,Medium,Daily Diary/backup timing support,Colombia,1991-02-26,Memcon,Memorandum of Conversation,1991-02-26,0,[Presidential Daily Backup] 2/26/1991,Presidential Daily Backup,Restricted - Possibly,"Latin America; South America; Colombia; Brent Scowcroft Papers; Head-of-state memcons and telcons","Use to confirm timing, call/meeting status, participants, or backup packet context for a possible source note or editorial note.","Source: George H.W. Bush Library, Bush Presidential Records, White House Office of Appointments and Scheduling Files, Presidential Daily Diary and Presidential Daily Backup Materials, [Presidential Daily Backup] 2/26/1991. Access restriction: Restricted - Possibly.",documents/colombia/1991-02-26-bush-cesar-gaviria-memcon-91108-004-p33-scowcroft.pdf,https://catalog.archives.gov/id/366551673,https://s3.amazonaws.com/NARAprodstorage/lz/presidential-libraries/bush/gb-whasf/Presidential_Daily_Diary_186322/1991/41-bpr-apts_sch-dd-02_26_91-12850-002_415891135.pdf,scowcroft-366551673-33-cesar-gaviria-memcon,415891135
384,Medium,Daily Diary/backup timing support,Colombia,1991-02-26,Memcon,Memorandum of Conversation,1991-02-26,0,[Presidential Daily Backup] 2/26/1991,Presidential Daily Backup,Restricted - Possibly,"Latin America; South America; Colombia; Bush Library Memcons and Telcons; Memcon","Use to confirm timing, call/meeting status, participants, or backup packet context for a possible source note or editorial note.","Source: George H.W. Bush Library, Bush Presidential Records, White House Office of Appointments and Scheduling Files, Presidential Daily Diary and Presidential Daily Backup Materials, [Presidential Daily Backup] 2/26/1991. Access restriction: Restricted - Possibly.",https://s3.us-east-1.amazonaws.com/NARAprodstorage/lz/presidential-libraries/bush/gb-nsc/321498039/1991-02-26--Gaviria-Trujillo.pdf,https://catalog.archives.gov/id/428082499,https://s3.amazonaws.com/NARAprodstorage/lz/presidential-libraries/bush/gb-whasf/Presidential_Daily_Diary_186322/1991/41-bpr-apts_sch-dd-02_26_91-12850-002_415891135.pdf,bush-library-428082499,415891135
385,Medium,Daily Diary/backup timing support,Colombia,1991-02-26,Memcon,Memorandum of Conversation,1991-02-26,0,[Presidential Daily Diary] 2/26/1991,Presidential Daily Diary,Restricted - Possibly,"Latin America; South America; Colombia; Brent Scowcroft Papers; Head-of-state memcons and telcons","Use to confirm timing, call/meeting status, participants, or backup packet context for a possible source note or editorial note.","Source: George H.W. Bush Library, Bush Presidential Records, White House Office of Appointments and Scheduling Files, Presidential Daily Diary and Presidential Daily Backup Materials, [Presidential Daily Diary] 2/26/1991. Access restriction: Restricted - Possibly.",documents/colombia/1991-02-26-bush-cesar-gaviria-memcon-91108-004-p33-scowcroft.pdf,https://catalog.archives.gov/id/366551673,https://s3.amazonaws.com/NARAprodstorage/opastorage/live/62/1863/186362/content/arcmedia/media/images/40/23/40-2260a.gif,scowcroft-366551673-33-cesar-gaviria-memcon,415891134
386,Medium,Daily Diary/backup timing support,Colombia,1991-02-26,Memcon,Memorandum of Conversation,1991-02-26,0,[Presidential Daily Diary] 2/26/1991,Presidential Daily Diary,Restricted - Possibly,"Latin America; South America; Colombia; Bush Library Memcons and Telcons; Memcon","Use to confirm timing, call/meeting status, participants, or backup packet context for a possible source note or editorial note.","Source: George H.W. Bush Library, Bush Presidential Records, White House Office of Appointments and Scheduling Files, Presidential Daily Diary and Presidential Daily Backup Materials, [Presidential Daily Diary] 2/26/1991. Access restriction: Restricted - Possibly.",https://s3.us-east-1.amazonaws.com/NARAprodstorage/lz/presidential-libraries/bush/gb-nsc/321498039/1991-02-26--Gaviria-Trujillo.pdf,https://catalog.archives.gov/id/428082499,https://s3.amazonaws.com/NARAprodstorage/opastorage/live/62/1863/186362/content/arcmedia/media/images/40/23/40-2260a.gif,bush-library-428082499,415891134
387,Medium,Nearby public statement,Colombia,1991-02-26,Memcon,Memorandum of Conversation,1991-02-26,0,Remarks Following Discussions With President Cesar Gaviria Trujillo of Colombia,Public Papers of the Presidents,Remarks,Colombia,"Compare the public line with the private conversation; use for annotation when it explains public posture, timing, or follow-up.","Source: Public Papers of the Presidents of the United States: George H. W. Bush, 1991, Book I, February 26, 1991, ""Remarks Following Discussions With President Cesar Gaviria Trujillo of Colombia"", p. 177. GovInfo, Government Publishing Office.",documents/colombia/1991-02-26-bush-cesar-gaviria-memcon-91108-004-p33-scowcroft.pdf,https://catalog.archives.gov/id/366551673,https://www.govinfo.gov/content/pkg/PPP-1991-book1/pdf/PPP-1991-book1-doc-pg177.pdf,scowcroft-366551673-33-cesar-gaviria-memcon,govinfo-PPP-1991-book1-doc-pg177
388,Medium,Nearby public statement,Colombia,1991-02-26,Memcon,Memorandum of Conversation,1991-02-26,0,Remarks Following Discussions With President Cesar Gaviria Trujillo of Colombia,Public Papers of the Presidents,Remarks,Colombia,"Compare the public line with the private conversation; use for annotation when it explains public posture, timing, or follow-up.","Source: Public Papers of the Presidents of the United States: George H. W. Bush, 1991, Book I, February 26, 1991, ""Remarks Following Discussions With President Cesar Gaviria Trujillo of Colombia"", p. 177. GovInfo, Government Publishing Office.",https://s3.us-east-1.amazonaws.com/NARAprodstorage/lz/presidential-libraries/bush/gb-nsc/321498039/1991-02-26--Gaviria-Trujillo.pdf,https://catalog.archives.gov/id/428082499,https://www.govinfo.gov/content/pkg/PPP-1991-book1/pdf/PPP-1991-book1-doc-pg177.pdf,bush-library-428082499,govinfo-PPP-1991-book1-doc-pg177
389,Medium,Daily Diary/backup timing support,Colombia,1991-06-20,Telcon,Memorandum of Telephone Conversation,1991-06-20,0,[Presidential Daily Backup] 6/20/1991,Presidential Daily Backup,Restricted - Possibly,"Latin America; South America; Colombia; Bush Library Memcons and Telcons; Telcon","Use to confirm timing, call/meeting status, participants, or backup packet context for a possible source note or editorial note.","Source: George H.W. Bush Library, Bush Presidential Records, White House Office of Appointments and Scheduling Files, Presidential Daily Diary and Presidential Daily Backup Materials, [Presidential Daily Backup] 6/20/1991. Access restriction: Restricted - Possibly.",https://s3.us-east-1.amazonaws.com/NARAprodstorage/lz/presidential-libraries/bush/gb-nsc/321498139/1991-06-20--Gaviria-Trujillo.pdf,https://catalog.archives.gov/id/428081721,https://s3.amazonaws.com/NARAprodstorage/lz/presidential-libraries/bush/gb-whasf/Presidential_Daily_Diary_186322/1991/41-bpr-apts_sch-dd-06_20_91-12861-008_415891364.pdf,bush-library-428081721,415891364
390,Medium,Daily Diary/backup timing support,Colombia,1991-06-20,Telcon,Memorandum of a Telephone Conversation,1991-06-20,0,[Presidential Daily Backup] 6/20/1991,Presidential Daily Backup,Restricted - Possibly,"Latin America; South America; Colombia; Brent Scowcroft Papers; Head-of-state memcons and telcons","Use to confirm timing, call/meeting status, participants, or backup packet context for a possible source note or editorial note.","Source: George H.W. Bush Library, Bush Presidential Records, White House Office of Appointments and Scheduling Files, Presidential Daily Diary and Presidential Daily Backup Materials, [Presidential Daily Backup] 6/20/1991. Access restriction: Restricted - Possibly.",documents/colombia/1991-06-20-bush-cesar-gaviria-telcon-91112-008-p74-scowcroft.pdf,https://catalog.archives.gov/id/366551700,https://s3.amazonaws.com/NARAprodstorage/lz/presidential-libraries/bush/gb-whasf/Presidential_Daily_Diary_186322/1991/41-bpr-apts_sch-dd-06_20_91-12861-008_415891364.pdf,scowcroft-366551700-74-cesar-gaviria-telcon,415891364
391,Medium,Daily Diary/backup timing support,Colombia,1991-06-20,Telcon,Memorandum of Telephone Conversation,1991-06-20,0,[Presidential Daily Diary] 6/20/1991,Presidential Daily Diary,Restricted - Possibly,"Latin America; South America; Colombia; Bush Library Memcons and Telcons; Telcon","Use to confirm timing, call/meeting status, participants, or backup packet context for a possible source note or editorial note.","Source: George H.W. Bush Library, Bush Presidential Records, White House Office of Appointments and Scheduling Files, Presidential Daily Diary and Presidential Daily Backup Materials, [Presidential Daily Diary] 6/20/1991. Access restriction: Restricted - Possibly.",https://s3.us-east-1.amazonaws.com/NARAprodstorage/lz/presidential-libraries/bush/gb-nsc/321498139/1991-06-20--Gaviria-Trujillo.pdf,https://catalog.archives.gov/id/428081721,https://s3.amazonaws.com/NARAprodstorage/lz/presidential-libraries/bush/gb-whasf/Presidential_Daily_Diary_186322/1991/41-bpr-apts_sch-dd-06_20_91-12861-007_415891363.pdf,bush-library-428081721,415891363
392,Medium,Daily Diary/backup timing support,Colombia,1991-06-20,Telcon,Memorandum of a Telephone Conversation,1991-06-20,0,[Presidential Daily Diary] 6/20/1991,Presidential Daily Diary,Restricted - Possibly,"Latin America; South America; Colombia; Brent Scowcroft Papers; Head-of-state memcons and telcons","Use to confirm timing, call/meeting status, participants, or backup packet context for a possible source note or editorial note.","Source: George H.W. Bush Library, Bush Presidential Records, White House Office of Appointments and Scheduling Files, Presidential Daily Diary and Presidential Daily Backup Materials, [Presidential Daily Diary] 6/20/1991. Access restriction: Restricted - Possibly.",documents/colombia/1991-06-20-bush-cesar-gaviria-telcon-91112-008-p74-scowcroft.pdf,https://catalog.archives.gov/id/366551700,https://s3.amazonaws.com/NARAprodstorage/lz/presidential-libraries/bush/gb-whasf/Presidential_Daily_Diary_186322/1991/41-bpr-apts_sch-dd-06_20_91-12861-007_415891363.pdf,scowcroft-366551700-74-cesar-gaviria-telcon,415891363
393,Medium,Daily Diary/backup timing support,Ecuador,1990-07-23,Memcon,Memorandum of Conversation,1990-07-23,0,[Presidential Daily Backup] 7/23/1990,Presidential Daily Backup,Restricted - Possibly,"Latin America; South America; Ecuador; Bush Library Memcons and Telcons; Memcon","Use to confirm timing, call/meeting status, participants, or backup packet context for a possible source note or editorial note.","Source: George H.W. Bush Library, Bush Presidential Records, White House Office of Appointments and Scheduling Files, Presidential Daily Diary and Presidential Daily Backup Materials, [Presidential Daily Backup] 7/23/1990. Access restriction: Restricted - Possibly.",https://s3.us-east-1.amazonaws.com/NARAprodstorage/lz/presidential-libraries/bush/gb-nsc/321498039/1990-07-23--Borja-1.pdf,https://catalog.archives.gov/id/428080839,https://s3.amazonaws.com/NARAprodstorage/lz/presidential-libraries/bush/gb-whasf/Presidential_Daily_Diary_186322/1990/41-bpr-apts_sch-dd-07_23_90-12832-024_415890697.pdf,bush-library-428080839,415890697
394,Medium,Daily Diary/backup timing support,Ecuador,1990-07-23,Memcon,Memorandum of Conversation,1990-07-23,0,[Presidential Daily Backup] 7/23/1990,Presidential Daily Backup,Restricted - Possibly,"Latin America; South America; Ecuador; Bush Library Memcons and Telcons; Memcon","Use to confirm timing, call/meeting status, participants, or backup packet context for a possible source note or editorial note.","Source: George H.W. Bush Library, Bush Presidential Records, White House Office of Appointments and Scheduling Files, Presidential Daily Diary and Presidential Daily Backup Materials, [Presidential Daily Backup] 7/23/1990. Access restriction: Restricted - Possibly.",https://s3.us-east-1.amazonaws.com/NARAprodstorage/lz/presidential-libraries/bush/gb-nsc/321498039/1990-07-23--Borja-2.pdf,https://catalog.archives.gov/id/428080841,https://s3.amazonaws.com/NARAprodstorage/lz/presidential-libraries/bush/gb-whasf/Presidential_Daily_Diary_186322/1990/41-bpr-apts_sch-dd-07_23_90-12832-024_415890697.pdf,bush-library-428080841,415890697
395,Medium,Daily Diary/backup timing support,Ecuador,1990-07-23,Memcon,Memorandum of Conversation,1990-07-23,0,[Presidential Daily Diary] 7/23/1990,Presidential Daily Diary,Restricted - Possibly,"Latin America; South America; Ecuador; Bush Library Memcons and Telcons; Memcon","Use to confirm timing, call/meeting status, participants, or backup packet context for a possible source note or editorial note.","Source: George H.W. Bush Library, Bush Presidential Records, White House Office of Appointments and Scheduling Files, Presidential Daily Diary and Presidential Daily Backup Materials, [Presidential Daily Diary] 7/23/1990. Access restriction: Restricted - Possibly.",https://s3.us-east-1.amazonaws.com/NARAprodstorage/lz/presidential-libraries/bush/gb-nsc/321498039/1990-07-23--Borja-1.pdf,https://catalog.archives.gov/id/428080839,https://s3.amazonaws.com/NARAprodstorage/lz/presidential-libraries/bush/gb-whasf/Presidential_Daily_Diary_186322/1990/41-bpr-apts_sch-dd-07_23_90-12832-023_415890696.pdf,bush-library-428080839,415890696
396,Medium,Daily Diary/backup timing support,Ecuador,1990-07-23,Memcon,Memorandum of Conversation,1990-07-23,0,[Presidential Daily Diary] 7/23/1990,Presidential Daily Diary,Restricted - Possibly,"Latin America; South America; Ecuador; Bush Library Memcons and Telcons; Memcon","Use to confirm timing, call/meeting status, participants, or backup packet context for a possible source note or editorial note.","Source: George H.W. Bush Library, Bush Presidential Records, White House Office of Appointments and Scheduling Files, Presidential Daily Diary and Presidential Daily Backup Materials, [Presidential Daily Diary] 7/23/1990. Access restriction: Restricted - Possibly.",https://s3.us-east-1.amazonaws.com/NARAprodstorage/lz/presidential-libraries/bush/gb-nsc/321498039/1990-07-23--Borja-2.pdf,https://catalog.archives.gov/id/428080841,https://s3.amazonaws.com/NARAprodstorage/lz/presidential-libraries/bush/gb-whasf/Presidential_Daily_Diary_186322/1990/41-bpr-apts_sch-dd-07_23_90-12832-023_415890696.pdf,bush-library-428080841,415890696
397,Medium,Nearby public statement,Ecuador,1990-07-23,Memcon,Memorandum of Conversation,1990-07-23,0,Remarks Following Discussions With President Rodrigo Borja Cevallos of Ecuador,Public Papers of the Presidents,Remarks,"Bolivia; Colombia; Ecuador; Peru","Compare the public line with the private conversation; use for annotation when it explains public posture, timing, or follow-up.","Source: Public Papers of the Presidents of the United States: George H. W. Bush, 1990, Book II, July 23, 1990, ""Remarks Following Discussions With President Rodrigo Borja Cevallos of Ecuador"", pp. 1044-1046. GovInfo, Government Publishing Office.",https://s3.us-east-1.amazonaws.com/NARAprodstorage/lz/presidential-libraries/bush/gb-nsc/321498039/1990-07-23--Borja-1.pdf,https://catalog.archives.gov/id/428080839,https://www.govinfo.gov/content/pkg/PPP-1990-book2/pdf/PPP-1990-book2.pdf#page=102,bush-library-428080839,govinfo-ppp-1990-book2-102-remarks-following-discussions-with-president-rodrigo-borja-cevallos-of-ecuador
398,Medium,Nearby public statement,Ecuador,1990-07-23,Memcon,Memorandum of Conversation,1990-07-23,0,Remarks Following Discussions With President Rodrigo Borja Cevallos of Ecuador,Public Papers of the Presidents,Remarks,"Bolivia; Colombia; Ecuador; Peru","Compare the public line with the private conversation; use for annotation when it explains public posture, timing, or follow-up.","Source: Public Papers of the Presidents of the United States: George H. W. Bush, 1990, Book II, July 23, 1990, ""Remarks Following Discussions With President Rodrigo Borja Cevallos of Ecuador"", pp. 1044-1046. GovInfo, Government Publishing Office.",https://s3.us-east-1.amazonaws.com/NARAprodstorage/lz/presidential-libraries/bush/gb-nsc/321498039/1990-07-23--Borja-2.pdf,https://catalog.archives.gov/id/428080841,https://www.govinfo.gov/content/pkg/PPP-1990-book2/pdf/PPP-1990-book2.pdf#page=102,bush-library-428080841,govinfo-ppp-1990-book2-102-remarks-following-discussions-with-president-rodrigo-borja-cevallos-of-ecuador
399,Medium,Daily Diary/backup timing support,Ecuador,1992-07-28,Memcon,Memorandum of Conversation,1992-07-28,0,[Presidential Daily Backup] 7/28/1992,Presidential Daily Backup,Restricted - Possibly,"Latin America; South America; Ecuador; Bush Library Memcons and Telcons; Memcon","Use to confirm timing, call/meeting status, participants, or backup packet context for a possible source note or editorial note.","Source: George H.W. Bush Library, Bush Presidential Records, White House Office of Appointments and Scheduling Files, Presidential Daily Diary and Presidential Daily Backup Materials, [Presidential Daily Backup] 7/28/1992. Access restriction: Restricted - Possibly.",https://s3.us-east-1.amazonaws.com/NARAprodstorage/lz/presidential-libraries/bush/gb-nsc/321498039/1992-07-28--Ballen.pdf,https://catalog.archives.gov/id/428082307,https://s3.dualstack.us-east-1.amazonaws.com/NARAprodstorage/lz/presidential-libraries/bush/gb-whasf/Presidential_Daily_Diary_186322/1992/41-bpr-apts_sch-dd-07_28_92-12897-002_415892181.pdf,bush-library-428082307,415892181
400,Medium,Daily Diary/backup timing support,Ecuador,1992-07-28,Memcon,Memorandum of Conversation,1992-07-28,0,[Presidential Daily Diary] 7/28/1992,Presidential Daily Diary,Restricted - Possibly,"Latin America; South America; Ecuador; Bush Library Memcons and Telcons; Memcon","Use to confirm timing, call/meeting status, participants, or backup packet context for a possible source note or editorial note.","Source: George H.W. Bush Library, Bush Presidential Records, White House Office of Appointments and Scheduling Files, Presidential Daily Diary and Presidential Daily Backup Materials, [Presidential Daily Diary] 7/28/1992. Access restriction: Restricted - Possibly.",https://s3.us-east-1.amazonaws.com/NARAprodstorage/lz/presidential-libraries/bush/gb-nsc/321498039/1992-07-28--Ballen.pdf,https://catalog.archives.gov/id/428082307,https://s3.dualstack.us-east-1.amazonaws.com/NARAprodstorage/lz/presidential-libraries/bush/gb-whasf/Presidential_Daily_Diary_186322/1992/41-bpr-apts_sch-dd-07_28_92-12897-001_415892180.pdf,bush-library-428082307,415892180
401,Medium,Nearby public statement,Ecuador,1992-07-28,Memcon,Memorandum of Conversation,1992-07-28,0,Statement by Press Secretary Fitzwater on the President's Meeting With President-Elect Sixto Duran-Ballen of Ecuador,Public Papers of the Presidents,Statement,Ecuador,"Compare the public line with the private conversation; use for annotation when it explains public posture, timing, or follow-up.","Source: Public Papers of the Presidents of the United States: George H. W. Bush, 1992, Book I, July 28, 1992, ""Statement by Press Secretary Fitzwater on the President's Meeting With President-Elect Sixto Duran-Ballen of Ecuador"", p. 1199. GovInfo, Government Publishing Office.",https://s3.us-east-1.amazonaws.com/NARAprodstorage/lz/presidential-libraries/bush/gb-nsc/321498039/1992-07-28--Ballen.pdf,https://catalog.archives.gov/id/428082307,https://www.govinfo.gov/content/pkg/PPP-1992-book1/pdf/PPP-1992-book1-doc-pg1199.pdf,bush-library-428082307,govinfo-PPP-1992-book1-doc-pg1199
402,Medium,Daily Diary/backup timing support,Guyana,1989-06-19,Memcon,Memorandum of Conversation,1989-06-19,0,[Presidential Daily Backup] 6/19/1989,Presidential Daily Backup,Restricted - Possibly,"Latin America; South America; Guyana; Bush Library Memcons and Telcons; Memcon","Use to confirm timing, call/meeting status, participants, or backup packet context for a possible source note or editorial note.","Source: George H.W. Bush Library, Bush Presidential Records, White House Office of Appointments and Scheduling Files, Presidential Daily Diary and Presidential Daily Backup Materials, [Presidential Daily Backup] 6/19/1989. Access restriction: Restricted - Possibly.",https://s3.us-east-1.amazonaws.com/NARAprodstorage/lz/presidential-libraries/bush/gb-nsc/321498039/1989-06-19--Hoyte.pdf,https://catalog.archives.gov/id/428080045,https://s3.amazonaws.com/NARAprodstorage/lz/presidential-libraries/bush/gb-whasf/Presidential_Daily_Diary_186322/1989/41-bpr-apts_sch-dd-06_19_89-12799-022_415889899.pdf,bush-library-428080045,415889899
403,Medium,Daily Diary/backup timing support,Guyana,1989-06-19,Memcon,Memorandum of Conversation,1989-06-19,0,[Presidential Daily Diary] 6/19/1989,Presidential Daily Diary,Restricted - Possibly,"Latin America; South America; Guyana; Bush Library Memcons and Telcons; Memcon","Use to confirm timing, call/meeting status, participants, or backup packet context for a possible source note or editorial note.","Source: George H.W. Bush Library, Bush Presidential Records, White House Office of Appointments and Scheduling Files, Presidential Daily Diary and Presidential Daily Backup Materials, [Presidential Daily Diary] 6/19/1989. Access restriction: Restricted - Possibly.",https://s3.us-east-1.amazonaws.com/NARAprodstorage/lz/presidential-libraries/bush/gb-nsc/321498039/1989-06-19--Hoyte.pdf,https://catalog.archives.gov/id/428080045,https://s3.amazonaws.com/NARAprodstorage/lz/presidential-libraries/bush/gb-whasf/Presidential_Daily_Diary_186322/1989/41-bpr-apts_sch-dd-06_19_89-12799-021_415889898.pdf,bush-library-428080045,415889898
404,Medium,Daily Diary/backup timing support,Paraguay,1990-06-15,Memcon,Memorandum of Conversation,1990-06-15,0,[Presidential Daily Backup] 6/15/1990,Presidential Daily Backup,Restricted - Possibly,"Latin America; South America; Paraguay; Presidential Memcon Files; Memcon","Use to confirm timing, call/meeting status, participants, or backup packet context for a possible source note or editorial note.","Source: George H.W. Bush Library, Bush Presidential Records, White House Office of Appointments and Scheduling Files, Presidential Daily Diary and Presidential Daily Backup Materials, [Presidential Daily Backup] 6/15/1990. Access restriction: Restricted - Possibly.",https://s3.us-east-1.amazonaws.com/NARAprodstorage/lz/presidential-libraries/bush/gb-nsc/321498039/1990-06-15--Rodriguez.pdf,https://catalog.archives.gov/id/428080795,https://s3.amazonaws.com/NARAprodstorage/lz/presidential-libraries/bush/gb-whasf/Presidential_Daily_Diary_186322/1990/41-bpr-apts_sch-dd-06_15_90-12829-018_415890621.pdf,presidential-series-428080795,415890621
405,Medium,Daily Diary/backup timing support,Paraguay,1990-06-15,Memcon,Memorandum of Conversation,1990-06-15,0,[Presidential Daily Diary] 6/15/1990,Presidential Daily Diary,Restricted - Possibly,"Latin America; South America; Paraguay; Presidential Memcon Files; Memcon","Use to confirm timing, call/meeting status, participants, or backup packet context for a possible source note or editorial note.","Source: George H.W. Bush Library, Bush Presidential Records, White House Office of Appointments and Scheduling Files, Presidential Daily Diary and Presidential Daily Backup Materials, [Presidential Daily Diary] 6/15/1990. Access restriction: Restricted - Possibly.",https://s3.us-east-1.amazonaws.com/NARAprodstorage/lz/presidential-libraries/bush/gb-nsc/321498039/1990-06-15--Rodriguez.pdf,https://catalog.archives.gov/id/428080795,https://s3.amazonaws.com/NARAprodstorage/lz/presidential-libraries/bush/gb-whasf/Presidential_Daily_Diary_186322/1990/41-bpr-apts_sch-dd-06_15_90-12829-017_415890620.pdf,presidential-series-428080795,415890620
406,Medium,Nearby public statement,Paraguay,1990-06-15,Memcon,Memorandum of Conversation,1990-06-15,0,Statement by Press Secretary Fitzwater on President Bush's Meeting With President Andrés Rodriguez Pedotti of Paraguay,Public Papers of the Presidents,Statement,Paraguay,"Compare the public line with the private conversation; use for annotation when it explains public posture, timing, or follow-up.","Source: Public Papers of the Presidents of the United States: George H. W. Bush, 1990, Book I, June 15, 1990, ""Statement by Press Secretary Fitzwater on President Bush's Meeting With President Andrés Rodriguez Pedotti of Paraguay"", p. 828. GovInfo, Government Publishing Office.",https://s3.us-east-1.amazonaws.com/NARAprodstorage/lz/presidential-libraries/bush/gb-nsc/321498039/1990-06-15--Rodriguez.pdf,https://catalog.archives.gov/id/428080795,https://www.govinfo.gov/content/pkg/PPP-1990-book1/pdf/PPP-1990-book1.pdf#page=854,presidential-series-428080795,govinfo-ppp-1990-book1-854-statement-by-press-secretary-fitzwater-on-president-bush-s-meeting-with-president-andr-s-rodriguez-pedotti-of-paraguay
407,Medium,Daily Diary/backup timing support,Paraguay,1991-01-31,Telcon,Memorandum of Telephone Conversation,1991-01-31,0,[Presidential Daily Backup] 1/31/1991,Presidential Daily Backup,Restricted - Possibly,"Latin America; South America; Paraguay; Bush Library Memcons and Telcons; Telcon","Use to confirm timing, call/meeting status, participants, or backup packet context for a possible source note or editorial note.","Source: George H.W. Bush Library, Bush Presidential Records, White House Office of Appointments and Scheduling Files, Presidential Daily Diary and Presidential Daily Backup Materials, [Presidential Daily Backup] 1/31/1991. Access restriction: Restricted - Possibly.",https://s3.us-east-1.amazonaws.com/NARAprodstorage/lz/presidential-libraries/bush/gb-nsc/321498139/1991-01-31--Rodriguez.pdf,https://catalog.archives.gov/id/428081403,https://s3.amazonaws.com/NARAprodstorage/lz/presidential-libraries/bush/gb-whasf/Presidential_Daily_Diary_186322/1991/41-bpr-apts_sch-dd-01_31_91-12847-032_415891083.pdf,bush-library-428081403,415891083
408,Medium,Daily Diary/backup timing support,Paraguay,1991-01-31,Telcon,Memorandum of Telephone Conversation,1991-01-31,0,[Presidential Daily Diary] 1/31/1991,Presidential Daily Diary,Restricted - Possibly,"Latin America; South America; Paraguay; Bush Library Memcons and Telcons; Telcon","Use to confirm timing, call/meeting status, participants, or backup packet context for a possible source note or editorial note.","Source: George H.W. Bush Library, Bush Presidential Records, White House Office of Appointments and Scheduling Files, Presidential Daily Diary and Presidential Daily Backup Materials, [Presidential Daily Diary] 1/31/1991. Access restriction: Restricted - Possibly.",https://s3.us-east-1.amazonaws.com/NARAprodstorage/lz/presidential-libraries/bush/gb-nsc/321498139/1991-01-31--Rodriguez.pdf,https://catalog.archives.gov/id/428081403,https://s3.amazonaws.com/NARAprodstorage/opastorage/live/37/1863/186337/content/arcmedia/media/images/40/20/40-1995a.gif,bush-library-428081403,415891082
409,Medium,Daily Diary/backup timing support,Peru,1989-05-13,Telcon,Memorandum of Telephone Conversation,1989-05-13,0,[Presidential Daily Backup] 5/13/1989,Presidential Daily Backup,Restricted - Possibly,"Latin America; South America; Peru; Bush Library Memcons and Telcons; Telcon","Use to confirm timing, call/meeting status, participants, or backup packet context for a possible source note or editorial note.","Source: George H.W. Bush Library, Bush Presidential Records, White House Office of Appointments and Scheduling Files, Presidential Daily Diary and Presidential Daily Backup Materials, [Presidential Daily Backup] 5/13/1989. Access restriction: Restricted - Possibly.",https://s3.us-east-1.amazonaws.com/NARAprodstorage/lz/presidential-libraries/bush/gb-nsc/321498139/1989-05-13--Garcia.pdf,https://catalog.archives.gov/id/428080015,https://s3.amazonaws.com/NARAprodstorage/lz/presidential-libraries/bush/gb-whasf/Presidential_Daily_Diary_186322/1989/41-bpr-apts_sch-dd-05_13_89-12796-024_415889825.pdf,bush-library-428080015,415889825
410,Medium,Daily Diary/backup timing support,Peru,1989-05-13,Telcon,Memorandum of Telephone Conversation,1989-05-13,0,[Presidential Daily Diary] 5/13/1989,Presidential Daily Diary,Restricted - Possibly,"Latin America; South America; Peru; Bush Library Memcons and Telcons; Telcon","Use to confirm timing, call/meeting status, participants, or backup packet context for a possible source note or editorial note.","Source: George H.W. Bush Library, Bush Presidential Records, White House Office of Appointments and Scheduling Files, Presidential Daily Diary and Presidential Daily Backup Materials, [Presidential Daily Diary] 5/13/1989. Access restriction: Restricted - Possibly.",https://s3.us-east-1.amazonaws.com/NARAprodstorage/lz/presidential-libraries/bush/gb-nsc/321498139/1989-05-13--Garcia.pdf,https://catalog.archives.gov/id/428080015,https://s3.amazonaws.com/NARAprodstorage/lz/presidential-libraries/bush/gb-whasf/Presidential_Daily_Diary_186322/1989/41-bpr-apts_sch-dd-05_13_89-12796-023_415889824.pdf,bush-library-428080015,415889824
411,Medium,Nearby high-priority print lead,Peru,1989-05-13,Telcon,Memorandum of Telephone Conversation,"May 20, 1989",7,Letters to Families of Peru Victims and Phone Call,Latin American Affairs Directorate Subject Files,High / 78,"narcotics; presidential diplomacy","Verify the page image/OCR and decide whether this lead should be printed, used as annotation context, or ruled out against the anchor document.","Source: George H.W. Bush Library, Bush Presidential Records, National Security Council, Latin American Affairs Directorate Files, Subject File 1989, OA/ID CF00193, CF00193-003, Peru - January 20, 1989-December 31, 1989. Access restriction: Restricted - Possibly. FOIA 2001-0010-F.",https://s3.us-east-1.amazonaws.com/NARAprodstorage/lz/presidential-libraries/bush/gb-nsc/321498139/1989-05-13--Garcia.pdf,https://catalog.archives.gov/id/428080015,https://s3.dualstack.us-east-1.amazonaws.com/NARAprodstorage/lz/presidential-libraries/bush/gb-nsc/Latin_Amer_Aff_Dir_Files/Subject_376217847/41-bpr-nsc-lat_amer_dir-subj-cf00193-003.pdf#page=36,bush-library-428080015,subject-print-470766518-36-memorandum
412,Medium,Nearby high-priority print lead,Peru,1989-05-13,Telcon,Memorandum of Telephone Conversation,"May 22, 1989",9,Possible Call to the President from Peruvian,Latin American Directorate Chronological Files,High / 90,"narcotics; presidential diplomacy; regional policy","Verify the page image/OCR and decide whether this lead should be printed, used as annotation context, or ruled out against the anchor document.","Source: George H.W. Bush Library, Bush Presidential Records, National Security Council, Latin American Affairs Directorate Files, Chronological Files, OA/ID CF00301, CF00301-014, May 16, 1989-May 30, 1989 [2]. Access restriction: Restricted - Possibly. FOIA 2015-0017-S.",https://s3.us-east-1.amazonaws.com/NARAprodstorage/lz/presidential-libraries/bush/gb-nsc/321498139/1989-05-13--Garcia.pdf,https://catalog.archives.gov/id/428080015,https://s3.dualstack.us-east-1.amazonaws.com/NARAprodstorage/lz/presidential-libraries/bush/gb-nsc/Latin_Amer_Aff_Dir_Files/Chronological_2197972/41-bpr-nsc-lat_amer_dir-chron-cf00301-014.pdf#page=59,bush-library-428080015,chronological-print-470766431-59-memorandum
413,Medium,Nearby high-priority print lead,Peru,1989-05-13,Telcon,Memorandum of Telephone Conversation,"May 22, 1989",9,Possible Call to the President from Peruvian,Latin American Affairs Directorate Subject Files,High / 90,"narcotics; presidential diplomacy; regional policy","Verify the page image/OCR and decide whether this lead should be printed, used as annotation context, or ruled out against the anchor document.","Source: George H.W. Bush Library, Bush Presidential Records, National Security Council, Latin American Affairs Directorate Files, Subject File 1989, OA/ID CF00193, CF00193-003, Peru - January 20, 1989-December 31, 1989. Access restriction: Restricted - Possibly. FOIA 2001-0010-F.",https://s3.us-east-1.amazonaws.com/NARAprodstorage/lz/presidential-libraries/bush/gb-nsc/321498139/1989-05-13--Garcia.pdf,https://catalog.archives.gov/id/428080015,https://s3.dualstack.us-east-1.amazonaws.com/NARAprodstorage/lz/presidential-libraries/bush/gb-nsc/Latin_Amer_Aff_Dir_Files/Subject_376217847/41-bpr-nsc-lat_amer_dir-subj-cf00193-003.pdf#page=80,bush-library-428080015,subject-print-470766518-80-memorandum
414,Medium,Daily Diary/backup timing support,Peru,1991-09-17,Memcon,Memorandum of Conversation,1991-09-17,0,[Presidential Daily Backup] 9/17/1991,Presidential Daily Backup,Restricted - Possibly,"Latin America; South America; Peru; Bush Library Memcons and Telcons; Memcon","Use to confirm timing, call/meeting status, participants, or backup packet context for a possible source note or editorial note.","Source: George H.W. Bush Library, Bush Presidential Records, White House Office of Appointments and Scheduling Files, Presidential Daily Diary and Presidential Daily Backup Materials, [Presidential Daily Backup] 9/17/1991. Access restriction: Restricted - Possibly.",https://s3.us-east-1.amazonaws.com/NARAprodstorage/lz/presidential-libraries/bush/gb-nsc/321498039/1991-09-17--Fujimori-2.pdf,https://catalog.archives.gov/id/428081889,https://s3.amazonaws.com/NARAprodstorage/lz/presidential-libraries/bush/gb-whasf/Presidential_Daily_Diary_186322/1991/41-bpr-apts_sch-dd-09_17_91-12867-022_415891542.pdf,bush-library-428081889,415891542
415,Medium,Daily Diary/backup timing support,Peru,1991-09-17,Memcon,Memorandum of Conversation,1991-09-17,0,[Presidential Daily Backup] 9/17/1991,Presidential Daily Backup,Restricted - Possibly,"Latin America; South America; Peru; Bush Library Memcons and Telcons; Memcon","Use to confirm timing, call/meeting status, participants, or backup packet context for a possible source note or editorial note.","Source: George H.W. Bush Library, Bush Presidential Records, White House Office of Appointments and Scheduling Files, Presidential Daily Diary and Presidential Daily Backup Materials, [Presidential Daily Backup] 9/17/1991. Access restriction: Restricted - Possibly.",https://s3.us-east-1.amazonaws.com/NARAprodstorage/lz/presidential-libraries/bush/gb-nsc/321498039/1991-09-17--Fujimori-1.pdf,https://catalog.archives.gov/id/428081887,https://s3.amazonaws.com/NARAprodstorage/lz/presidential-libraries/bush/gb-whasf/Presidential_Daily_Diary_186322/1991/41-bpr-apts_sch-dd-09_17_91-12867-022_415891542.pdf,bush-library-428081887,415891542
416,Medium,Daily Diary/backup timing support,Peru,1991-09-17,Memcon,Memorandum of Conversation,1991-09-17,0,[Presidential Daily Diary] 9/17/1991,Presidential Daily Diary,Restricted - Possibly,"Latin America; South America; Peru; Bush Library Memcons and Telcons; Memcon","Use to confirm timing, call/meeting status, participants, or backup packet context for a possible source note or editorial note.","Source: George H.W. Bush Library, Bush Presidential Records, White House Office of Appointments and Scheduling Files, Presidential Daily Diary and Presidential Daily Backup Materials, [Presidential Daily Diary] 9/17/1991. Access restriction: Restricted - Possibly.",https://s3.us-east-1.amazonaws.com/NARAprodstorage/lz/presidential-libraries/bush/gb-nsc/321498039/1991-09-17--Fujimori-2.pdf,https://catalog.archives.gov/id/428081889,https://s3.amazonaws.com/NARAprodstorage/lz/presidential-libraries/bush/gb-whasf/Presidential_Daily_Diary_186322/1991/41-bpr-apts_sch-dd-09_17_91-12867-021_415891541.pdf,bush-library-428081889,415891541
417,Medium,Daily Diary/backup timing support,Peru,1991-09-17,Memcon,Memorandum of Conversation,1991-09-17,0,[Presidential Daily Diary] 9/17/1991,Presidential Daily Diary,Restricted - Possibly,"Latin America; South America; Peru; Bush Library Memcons and Telcons; Memcon","Use to confirm timing, call/meeting status, participants, or backup packet context for a possible source note or editorial note.","Source: George H.W. Bush Library, Bush Presidential Records, White House Office of Appointments and Scheduling Files, Presidential Daily Diary and Presidential Daily Backup Materials, [Presidential Daily Diary] 9/17/1991. Access restriction: Restricted - Possibly.",https://s3.us-east-1.amazonaws.com/NARAprodstorage/lz/presidential-libraries/bush/gb-nsc/321498039/1991-09-17--Fujimori-1.pdf,https://catalog.archives.gov/id/428081887,https://s3.amazonaws.com/NARAprodstorage/lz/presidential-libraries/bush/gb-whasf/Presidential_Daily_Diary_186322/1991/41-bpr-apts_sch-dd-09_17_91-12867-021_415891541.pdf,bush-library-428081887,415891541
418,Medium,Nearby public statement,Peru,1991-09-17,Memcon,Memorandum of Conversation,1991-09-17,0,Remarks Following Discussions With President Alberto Fujimori of Peru,Public Papers of the Presidents,Remarks,Peru,"Compare the public line with the private conversation; use for annotation when it explains public posture, timing, or follow-up.","Source: Public Papers of the Presidents of the United States: George H. W. Bush, 1991, Book II, September 17, 1991, ""Remarks Following Discussions With President Alberto Fujimori of Peru"", pp. 1165-1172. GovInfo, Government Publishing Office.",https://s3.us-east-1.amazonaws.com/NARAprodstorage/lz/presidential-libraries/bush/gb-nsc/321498039/1991-09-17--Fujimori-2.pdf,https://catalog.archives.gov/id/428081889,https://www.govinfo.gov/content/pkg/PPP-1991-book2/pdf/PPP-1991-book2.pdf#page=383,bush-library-428081889,govinfo-ppp-1991-book2-383-remarks-following-discussions-with-president-alberto-fujimori-of-peru
419,Medium,Nearby public statement,Peru,1991-09-17,Memcon,Memorandum of Conversation,1991-09-17,0,Remarks Following Discussions With President Alberto Fujimori of Peru,Public Papers of the Presidents,Remarks,Peru,"Compare the public line with the private conversation; use for annotation when it explains public posture, timing, or follow-up.","Source: Public Papers of the Presidents of the United States: George H. W. Bush, 1991, Book II, September 17, 1991, ""Remarks Following Discussions With President Alberto Fujimori of Peru"", pp. 1165-1172. GovInfo, Government Publishing Office.",https://s3.us-east-1.amazonaws.com/NARAprodstorage/lz/presidential-libraries/bush/gb-nsc/321498039/1991-09-17--Fujimori-1.pdf,https://catalog.archives.gov/id/428081887,https://www.govinfo.gov/content/pkg/PPP-1991-book2/pdf/PPP-1991-book2.pdf#page=383,bush-library-428081887,govinfo-ppp-1991-book2-383-remarks-following-discussions-with-president-alberto-fujimori-of-peru
420,Medium,Daily Diary/backup timing support,Peru,1992-04-20,Telcon,Memorandum of Telephone Conversation,1992-04-20,0,[Presidential Daily Backup] 4/20/1992,Presidential Daily Backup,Restricted - Possibly,"Latin America; South America; Peru; Bush Library Memcons and Telcons; Telcon","Use to confirm timing, call/meeting status, participants, or backup packet context for a possible source note or editorial note.","Source: George H.W. Bush Library, Bush Presidential Records, White House Office of Appointments and Scheduling Files, Presidential Daily Diary and Presidential Daily Backup Materials, [Presidential Daily Backup] 4/20/1992. Access restriction: Restricted - Possibly.",https://s3.us-east-1.amazonaws.com/NARAprodstorage/lz/presidential-libraries/bush/gb-nsc/321498139/1992-04-20--Fujimori.pdf,https://catalog.archives.gov/id/428082203,https://s3.dualstack.us-east-1.amazonaws.com/NARAprodstorage/lz/presidential-libraries/bush/gb-whasf/Presidential_Daily_Diary_186322/1992/41-bpr-apts_sch-dd-04_20_92-12887-014_415891979.pdf,bush-library-428082203,415891979
421,Medium,Daily Diary/backup timing support,Peru,1992-04-20,Telcon,Memorandum of Telephone Conversation,1992-04-20,0,[Presidential Daily Diary] 4/20/1992,Presidential Daily Diary,Restricted - Possibly,"Latin America; South America; Peru; Bush Library Memcons and Telcons; Telcon","Use to confirm timing, call/meeting status, participants, or backup packet context for a possible source note or editorial note.","Source: George H.W. Bush Library, Bush Presidential Records, White House Office of Appointments and Scheduling Files, Presidential Daily Diary and Presidential Daily Backup Materials, [Presidential Daily Diary] 4/20/1992. Access restriction: Restricted - Possibly.",https://s3.us-east-1.amazonaws.com/NARAprodstorage/lz/presidential-libraries/bush/gb-nsc/321498139/1992-04-20--Fujimori.pdf,https://catalog.archives.gov/id/428082203,https://s3.dualstack.us-east-1.amazonaws.com/NARAprodstorage/lz/presidential-libraries/bush/gb-whasf/Presidential_Daily_Diary_186322/1992/41-bpr-apts_sch-dd-04_20_92-12887-013_415891978.pdf,bush-library-428082203,415891978
422,Medium,Daily Diary/backup timing support,Uruguay,1989-05-13,Telcon,Memorandum of Telephone Conversation,1989-05-13,0,[Presidential Daily Backup] 5/13/1989,Presidential Daily Backup,Restricted - Possibly,"Latin America; South America; Uruguay; Bush Library Memcons and Telcons; Telcon","Use to confirm timing, call/meeting status, participants, or backup packet context for a possible source note or editorial note.","Source: George H.W. Bush Library, Bush Presidential Records, White House Office of Appointments and Scheduling Files, Presidential Daily Diary and Presidential Daily Backup Materials, [Presidential Daily Backup] 5/13/1989. Access restriction: Restricted - Possibly.",https://s3.us-east-1.amazonaws.com/NARAprodstorage/lz/presidential-libraries/bush/gb-nsc/321498139/1989-05-13--Sanguinetti-2.pdf,https://catalog.archives.gov/id/428080019,https://s3.amazonaws.com/NARAprodstorage/lz/presidential-libraries/bush/gb-whasf/Presidential_Daily_Diary_186322/1989/41-bpr-apts_sch-dd-05_13_89-12796-024_415889825.pdf,bush-library-428080019,415889825
423,Medium,Daily Diary/backup timing support,Uruguay,1989-05-13,Telcon,Memorandum of Telephone Conversation,1989-05-13,0,[Presidential Daily Backup] 5/13/1989,Presidential Daily Backup,Restricted - Possibly,"Latin America; South America; Uruguay; Bush Library Memcons and Telcons; Telcon","Use to confirm timing, call/meeting status, participants, or backup packet context for a possible source note or editorial note.","Source: George H.W. Bush Library, Bush Presidential Records, White House Office of Appointments and Scheduling Files, Presidential Daily Diary and Presidential Daily Backup Materials, [Presidential Daily Backup] 5/13/1989. Access restriction: Restricted - Possibly.",https://s3.us-east-1.amazonaws.com/NARAprodstorage/lz/presidential-libraries/bush/gb-nsc/321498139/1989-05-13--Sanguinetti-1.pdf,https://catalog.archives.gov/id/428080017,https://s3.amazonaws.com/NARAprodstorage/lz/presidential-libraries/bush/gb-whasf/Presidential_Daily_Diary_186322/1989/41-bpr-apts_sch-dd-05_13_89-12796-024_415889825.pdf,bush-library-428080017,415889825
424,Medium,Daily Diary/backup timing support,Uruguay,1989-05-13,Telcon,Memorandum of Telephone Conversation,1989-05-13,0,[Presidential Daily Diary] 5/13/1989,Presidential Daily Diary,Restricted - Possibly,"Latin America; South America; Uruguay; Bush Library Memcons and Telcons; Telcon","Use to confirm timing, call/meeting status, participants, or backup packet context for a possible source note or editorial note.","Source: George H.W. Bush Library, Bush Presidential Records, White House Office of Appointments and Scheduling Files, Presidential Daily Diary and Presidential Daily Backup Materials, [Presidential Daily Diary] 5/13/1989. Access restriction: Restricted - Possibly.",https://s3.us-east-1.amazonaws.com/NARAprodstorage/lz/presidential-libraries/bush/gb-nsc/321498139/1989-05-13--Sanguinetti-2.pdf,https://catalog.archives.gov/id/428080019,https://s3.amazonaws.com/NARAprodstorage/lz/presidential-libraries/bush/gb-whasf/Presidential_Daily_Diary_186322/1989/41-bpr-apts_sch-dd-05_13_89-12796-023_415889824.pdf,bush-library-428080019,415889824
425,Medium,Daily Diary/backup timing support,Uruguay,1989-05-13,Telcon,Memorandum of Telephone Conversation,1989-05-13,0,[Presidential Daily Diary] 5/13/1989,Presidential Daily Diary,Restricted - Possibly,"Latin America; South America; Uruguay; Bush Library Memcons and Telcons; Telcon","Use to confirm timing, call/meeting status, participants, or backup packet context for a possible source note or editorial note.","Source: George H.W. Bush Library, Bush Presidential Records, White House Office of Appointments and Scheduling Files, Presidential Daily Diary and Presidential Daily Backup Materials, [Presidential Daily Diary] 5/13/1989. Access restriction: Restricted - Possibly.",https://s3.us-east-1.amazonaws.com/NARAprodstorage/lz/presidential-libraries/bush/gb-nsc/321498139/1989-05-13--Sanguinetti-1.pdf,https://catalog.archives.gov/id/428080017,https://s3.amazonaws.com/NARAprodstorage/lz/presidential-libraries/bush/gb-whasf/Presidential_Daily_Diary_186322/1989/41-bpr-apts_sch-dd-05_13_89-12796-023_415889824.pdf,bush-library-428080017,415889824
426,Medium,Daily Diary/backup timing support,Uruguay,1989-09-15,Memcon,Memorandum of Conversation,1989-09-15,0,[Presidential Daily Backup] 9/15/1989,Presidential Daily Backup,Restricted - Possibly,"Latin America; South America; Uruguay; Bush Library Memcons and Telcons; Memcon","Use to confirm timing, call/meeting status, participants, or backup packet context for a possible source note or editorial note.","Source: George H.W. Bush Library, Bush Presidential Records, White House Office of Appointments and Scheduling Files, Presidential Daily Diary and Presidential Daily Backup Materials, [Presidential Daily Backup] 9/15/1989. Access restriction: Restricted - Possibly.",https://s3.us-east-1.amazonaws.com/NARAprodstorage/lz/presidential-libraries/bush/gb-nsc/321498039/1989-09-15--Sanguinetti.pdf,https://catalog.archives.gov/id/428080181,https://s3.amazonaws.com/NARAprodstorage/lz/presidential-libraries/bush/gb-whasf/Presidential_Daily_Diary_186322/1989/41-bpr-apts_sch-dd-09_15_89-12805-020_415890075.pdf,bush-library-428080181,415890075
427,Medium,Daily Diary/backup timing support,Uruguay,1989-09-15,Memcon,Memorandum of Conversation,1989-09-15,0,[Presidential Daily Diary] 9/15/1989,Presidential Daily Diary,Restricted - Possibly,"Latin America; South America; Uruguay; Bush Library Memcons and Telcons; Memcon","Use to confirm timing, call/meeting status, participants, or backup packet context for a possible source note or editorial note.","Source: George H.W. Bush Library, Bush Presidential Records, White House Office of Appointments and Scheduling Files, Presidential Daily Diary and Presidential Daily Backup Materials, [Presidential Daily Diary] 9/15/1989. Access restriction: Restricted - Possibly.",https://s3.us-east-1.amazonaws.com/NARAprodstorage/lz/presidential-libraries/bush/gb-nsc/321498039/1989-09-15--Sanguinetti.pdf,https://catalog.archives.gov/id/428080181,https://s3.amazonaws.com/NARAprodstorage/lz/presidential-libraries/bush/gb-whasf/Presidential_Daily_Diary_186322/1989/41-bpr-apts_sch-dd-09_15_89-12805-019_415890074.pdf,bush-library-428080181,415890074
428,Medium,Daily Diary/backup timing support,Uruguay,1990-02-05,Memcon,Memorandum of Conversation,1990-02-05,0,[Presidential Daily Backup] 2/5/1990,Presidential Daily Backup,Restricted - Possibly,"Latin America; South America; Uruguay; Bush Library Memcons and Telcons; Memcon","Use to confirm timing, call/meeting status, participants, or backup packet context for a possible source note or editorial note.","Source: George H.W. Bush Library, Bush Presidential Records, White House Office of Appointments and Scheduling Files, Presidential Daily Diary and Presidential Daily Backup Materials, [Presidential Daily Backup] 2/5/1990. Access restriction: Restricted - Possibly.",https://s3.us-east-1.amazonaws.com/NARAprodstorage/lz/presidential-libraries/bush/gb-nsc/321498039/1990-02-05--Lacalle.pdf,https://catalog.archives.gov/id/428080481,https://s3.amazonaws.com/NARAprodstorage/lz/presidential-libraries/bush/gb-whasf/Presidential_Daily_Diary_186322/1990/41-bpr-apts_sch-dd-02_05_90-12817-008_415890361.pdf,bush-library-428080481,415890361
429,Medium,Daily Diary/backup timing support,Uruguay,1990-02-05,Memcon,Memorandum of Conversation,1990-02-05,0,[Presidential Daily Diary] 2/5/1990,Presidential Daily Diary,Restricted - Possibly,"Latin America; South America; Uruguay; Bush Library Memcons and Telcons; Memcon","Use to confirm timing, call/meeting status, participants, or backup packet context for a possible source note or editorial note.","Source: George H.W. Bush Library, Bush Presidential Records, White House Office of Appointments and Scheduling Files, Presidential Daily Diary and Presidential Daily Backup Materials, [Presidential Daily Diary] 2/5/1990. Access restriction: Restricted - Possibly.",https://s3.us-east-1.amazonaws.com/NARAprodstorage/lz/presidential-libraries/bush/gb-nsc/321498039/1990-02-05--Lacalle.pdf,https://catalog.archives.gov/id/428080481,https://s3.amazonaws.com/NARAprodstorage/lz/presidential-libraries/bush/gb-whasf/Presidential_Daily_Diary_186322/1990/41-bpr-apts_sch-dd-02_05_90-12817-007_415890360.pdf,bush-library-428080481,415890360
430,Medium,Nearby public statement,Uruguay,1990-02-05,Memcon,Memorandum of Conversation,1990-02-05,0,Statement by Press Secretary Fitzwater on President Bush's Meeting With President-Elect Luis Alberto Lacalle of Uruguay,Public Papers of the Presidents,Statement,Uruguay,"Compare the public line with the private conversation; use for annotation when it explains public posture, timing, or follow-up.","Source: Public Papers of the Presidents of the United States: George H. W. Bush, 1990, Book I, February 5, 1990, ""Statement by Press Secretary Fitzwater on President Bush's Meeting With President-Elect Luis Alberto Lacalle of Uruguay"", p. 160. GovInfo, Government Publishing Office.",https://s3.us-east-1.amazonaws.com/NARAprodstorage/lz/presidential-libraries/bush/gb-nsc/321498039/1990-02-05--Lacalle.pdf,https://catalog.archives.gov/id/428080481,https://www.govinfo.gov/content/pkg/PPP-1990-book1/pdf/PPP-1990-book1.pdf#page=178,bush-library-428080481,govinfo-ppp-1990-book1-178-statement-by-press-secretary-fitzwater-on-president-bush-s-meeting-with-president-elect-luis-alberto-lacalle-of-uruguay
431,Medium,Nearby high-priority print lead,Uruguay,1990-02-05,Memcon,Memorandum of Conversation,"February 1, 1990",-4,President’s Meeting with President-Elect,Latin American Affairs Directorate Subject Files,High / 72,presidential diplomacy,"Verify the page image/OCR and decide whether this lead should be printed, used as annotation context, or ruled out against the anchor document.","Source: George H.W. Bush Library, Bush Presidential Records, National Security Council, Latin American Affairs Directorate Files, Subject File 1989, OA/ID CF00193, CF00193-016, Uruguay - January 20, 1989-December 31, 1989. Access restriction: Restricted - Possibly. FOIA 2015-0017-S.",https://s3.us-east-1.amazonaws.com/NARAprodstorage/lz/presidential-libraries/bush/gb-nsc/321498039/1990-02-05--Lacalle.pdf,https://catalog.archives.gov/id/428080481,https://s3.dualstack.us-east-1.amazonaws.com/NARAprodstorage/lz/presidential-libraries/bush/gb-nsc/Latin_Amer_Aff_Dir_Files/Subject_376217847/41-bpr-nsc-lat_amer_dir-subj-cf00193-016.pdf#page=29,bush-library-428080481,subject-print-470766531-29-memorandum
432,Medium,Daily Diary/backup timing support,Uruguay,1990-06-28,Telcon,Memorandum of Telephone Conversation,1990-06-28,0,[Presidential Daily Backup] 6/28/1990,Presidential Daily Backup,Restricted - Possibly,"Latin America; South America; Uruguay; Bush Library Memcons and Telcons; Telcon","Use to confirm timing, call/meeting status, participants, or backup packet context for a possible source note or editorial note.","Source: George H.W. Bush Library, Bush Presidential Records, White House Office of Appointments and Scheduling Files, Presidential Daily Diary and Presidential Daily Backup Materials, [Presidential Daily Backup] 6/28/1990. Access restriction: Restricted - Possibly.",https://s3.us-east-1.amazonaws.com/NARAprodstorage/lz/presidential-libraries/bush/gb-nsc/321498139/1990-06-28--Lacalle.pdf,https://catalog.archives.gov/id/428080815,https://s3.amazonaws.com/NARAprodstorage/lz/presidential-libraries/bush/gb-whasf/Presidential_Daily_Diary_186322/1990/41-bpr-apts_sch-dd-06_28_90-12831-002_415890647.pdf,bush-library-428080815,415890647
433,Medium,Daily Diary/backup timing support,Uruguay,1990-06-28,Telcon,Memorandum of Telephone Conversation,1990-06-28,0,[Presidential Daily Diary] 6/28/1990,Presidential Daily Diary,Restricted - Possibly,"Latin America; South America; Uruguay; Bush Library Memcons and Telcons; Telcon","Use to confirm timing, call/meeting status, participants, or backup packet context for a possible source note or editorial note.","Source: George H.W. Bush Library, Bush Presidential Records, White House Office of Appointments and Scheduling Files, Presidential Daily Diary and Presidential Daily Backup Materials, [Presidential Daily Diary] 6/28/1990. Access restriction: Restricted - Possibly.",https://s3.us-east-1.amazonaws.com/NARAprodstorage/lz/presidential-libraries/bush/gb-nsc/321498139/1990-06-28--Lacalle.pdf,https://catalog.archives.gov/id/428080815,https://s3.amazonaws.com/NARAprodstorage/lz/presidential-libraries/bush/gb-whasf/Presidential_Daily_Diary_186322/1990/41-bpr-apts_sch-dd-06_28_90-12831-001_415890646.pdf,bush-library-428080815,415890646
434,Medium,Daily Diary/backup timing support,Uruguay,1990-10-01,Memcon,Memorandum of Conversation,1990-10-01,0,[Presidential Daily Backup] 10/01/1990,Presidential Daily Backup,Restricted - Possibly,"Latin America; South America; Uruguay; Bush Library Memcons and Telcons; Memcon","Use to confirm timing, call/meeting status, participants, or backup packet context for a possible source note or editorial note.","Source: George H.W. Bush Library, Bush Presidential Records, White House Office of Appointments and Scheduling Files, Presidential Daily Diary and Presidential Daily Backup Materials, [Presidential Daily Backup] 10/01/1990. Access restriction: Restricted - Possibly.",https://s3.us-east-1.amazonaws.com/NARAprodstorage/lz/presidential-libraries/bush/gb-nsc/321498039/1990-10-01--Lacalle.pdf,https://catalog.archives.gov/id/428081103,https://s3.amazonaws.com/NARAprodstorage/lz/presidential-libraries/bush/gb-whasf/Presidential_Daily_Diary_186322/1990/41-bpr-apts_sch-dd-10_01_90-12838-004_415890837.pdf,bush-library-428081103,415890837
435,Medium,Daily Diary/backup timing support,Uruguay,1990-10-01,Memcon,Memorandum of Conversation,1990-10-01,0,[Presidential Daily Diary] 10/01/1990,Presidential Daily Diary,Restricted - Possibly,"Latin America; South America; Uruguay; Bush Library Memcons and Telcons; Memcon","Use to confirm timing, call/meeting status, participants, or backup packet context for a possible source note or editorial note.","Source: George H.W. Bush Library, Bush Presidential Records, White House Office of Appointments and Scheduling Files, Presidential Daily Diary and Presidential Daily Backup Materials, [Presidential Daily Diary] 10/01/1990. Access restriction: Restricted - Possibly.",https://s3.us-east-1.amazonaws.com/NARAprodstorage/lz/presidential-libraries/bush/gb-nsc/321498039/1990-10-01--Lacalle.pdf,https://catalog.archives.gov/id/428081103,https://s3.amazonaws.com/NARAprodstorage/lz/presidential-libraries/bush/gb-whasf/Presidential_Daily_Diary_186322/1990/41-bpr-apts_sch-dd-10_01_90-12838-003_415890836.pdf,bush-library-428081103,415890836
436,Medium,Daily Diary/backup timing support,Uruguay,1990-12-04,Memcon,Memorandum of Conversation,1990-12-04,0,[Presidential Daily Backup] 12/4/1990,Presidential Daily Backup,Restricted - Possibly,"Latin America; South America; Uruguay; Bush Library Memcons and Telcons; Memcon","Use to confirm timing, call/meeting status, participants, or backup packet context for a possible source note or editorial note.","Source: George H.W. Bush Library, Bush Presidential Records, White House Office of Appointments and Scheduling Files, Presidential Daily Diary and Presidential Daily Backup Materials, [Presidential Daily Backup] 12/4/1990. Access restriction: Restricted - Possibly.",https://s3.us-east-1.amazonaws.com/NARAprodstorage/lz/presidential-libraries/bush/gb-nsc/321498039/1990-12-04--Lacalle.pdf,https://catalog.archives.gov/id/428081235,https://s3.amazonaws.com/NARAprodstorage/lz/presidential-libraries/bush/gb-whasf/Presidential_Daily_Diary_186322/1990/41-bpr-apts_sch-dd-12_04_90-12843-028_415890967.pdf,bush-library-428081235,415890967
437,Medium,Nearby public statement,Uruguay,1990-12-04,Memcon,Memorandum of Conversation,1990-12-04,0,"Question-and-Answer Session With Reporters in Montevideo, Uruguay",Public Papers of the Presidents,Exchange,"Argentina; Brazil; Chile; Paraguay; Uruguay","Compare the public line with the private conversation; use for annotation when it explains public posture, timing, or follow-up.","Source: Public Papers of the Presidents of the United States: George H. W. Bush, 1990, Book II, December 4, 1990, ""Question-and-Answer Session With Reporters in Montevideo, Uruguay"", pp. 1743-1748. GovInfo, Government Publishing Office.",https://s3.us-east-1.amazonaws.com/NARAprodstorage/lz/presidential-libraries/bush/gb-nsc/321498039/1990-12-04--Lacalle.pdf,https://catalog.archives.gov/id/428081235,https://www.govinfo.gov/content/pkg/PPP-1990-book2/pdf/PPP-1990-book2.pdf#page=809,bush-library-428081235,govinfo-ppp-1990-book2-809-question-and-answer-session-with-reporters-in-montevideo-uruguay
438,Medium,Nearby public statement,Uruguay,1990-12-04,Memcon,Memorandum of Conversation,1990-12-04,0,"Remarks to a Joint Session of the Congress in Montevideo, Uruguay",Public Papers of the Presidents,Remarks,"Argentina; Brazil; Paraguay; Uruguay","Compare the public line with the private conversation; use for annotation when it explains public posture, timing, or follow-up.","Source: Public Papers of the Presidents of the United States: George H. W. Bush, 1990, Book II, December 4, 1990, ""Remarks to a Joint Session of the Congress in Montevideo, Uruguay"", pp. 1748-1752. GovInfo, Government Publishing Office.",https://s3.us-east-1.amazonaws.com/NARAprodstorage/lz/presidential-libraries/bush/gb-nsc/321498039/1990-12-04--Lacalle.pdf,https://catalog.archives.gov/id/428081235,https://www.govinfo.gov/content/pkg/PPP-1990-book2/pdf/PPP-1990-book2.pdf#page=814,bush-library-428081235,govinfo-ppp-1990-book2-814-remarks-to-a-joint-session-of-the-congress-in-montevideo-uruguay
439,Medium,Nearby public statement,Uruguay,1990-12-04,Memcon,Memorandum of Conversation,1990-12-05,1,"Question-and-Answer Session With Reporters in Buenos Aires, Argentina",Public Papers of the Presidents,Exchange,"Argentina; Brazil; Uruguay; Venezuela","Compare the public line with the private conversation; use for annotation when it explains public posture, timing, or follow-up.","Source: Public Papers of the Presidents of the United States: George H. W. Bush, 1990, Book II, December 5, 1990, ""Question-and-Answer Session With Reporters in Buenos Aires, Argentina"", pp. 1752-1755. GovInfo, Government Publishing Office.",https://s3.us-east-1.amazonaws.com/NARAprodstorage/lz/presidential-libraries/bush/gb-nsc/321498039/1990-12-04--Lacalle.pdf,https://catalog.archives.gov/id/428081235,https://www.govinfo.gov/content/pkg/PPP-1990-book2/pdf/PPP-1990-book2.pdf#page=818,bush-library-428081235,govinfo-ppp-1990-book2-818-question-and-answer-session-with-reporters-in-buenos-aires-argentina
440,Medium,Nearby public statement,Uruguay,1990-12-04,Memcon,Memorandum of Conversation,1990-12-03,-1,"Remarks at a Luncheon for the Business Community in Brasilia, Brazil",Public Papers of the Presidents,Remarks,"Argentina; Brazil; Paraguay; Uruguay","Compare the public line with the private conversation; use for annotation when it explains public posture, timing, or follow-up.","Source: Public Papers of the Presidents of the United States: George H. W. Bush, 1990, Book II, December 3, 1990, ""Remarks at a Luncheon for the Business Community in Brasilia, Brazil"", pp. 1741-1742. GovInfo, Government Publishing Office.",https://s3.us-east-1.amazonaws.com/NARAprodstorage/lz/presidential-libraries/bush/gb-nsc/321498039/1990-12-04--Lacalle.pdf,https://catalog.archives.gov/id/428081235,https://www.govinfo.gov/content/pkg/PPP-1990-book2/pdf/PPP-1990-book2.pdf#page=807,bush-library-428081235,govinfo-ppp-1990-book2-807-remarks-at-a-luncheon-for-the-business-community-in-brasilia-brazil
441,Medium,Nearby public statement,Uruguay,1990-12-04,Memcon,Memorandum of Conversation,1990-12-05,1,"Remarks to a Joint Session of the Congress in Buenos Aires, Argentina",Public Papers of the Presidents,Remarks,"Argentina; Brazil; Uruguay; Venezuela","Compare the public line with the private conversation; use for annotation when it explains public posture, timing, or follow-up.","Source: Public Papers of the Presidents of the United States: George H. W. Bush, 1990, Book II, December 5, 1990, ""Remarks to a Joint Session of the Congress in Buenos Aires, Argentina"", pp. 1755-1758. GovInfo, Government Publishing Office.",https://s3.us-east-1.amazonaws.com/NARAprodstorage/lz/presidential-libraries/bush/gb-nsc/321498039/1990-12-04--Lacalle.pdf,https://catalog.archives.gov/id/428081235,https://www.govinfo.gov/content/pkg/PPP-1990-book2/pdf/PPP-1990-book2.pdf#page=821,bush-library-428081235,govinfo-ppp-1990-book2-821-remarks-to-a-joint-session-of-the-congress-in-buenos-aires-argentina
442,Medium,Daily Diary/backup timing support,Uruguay,1991-01-16,Telcon,Memorandum of Telephone Conversation,1991-01-16,0,[Presidential Daily Backup] 1/16/1991,Presidential Daily Backup,Restricted - Possibly,"Latin America; South America; Uruguay; Bush Library Memcons and Telcons; Telcon","Use to confirm timing, call/meeting status, participants, or backup packet context for a possible source note or editorial note.","Source: George H.W. Bush Library, Bush Presidential Records, White House Office of Appointments and Scheduling Files, Presidential Daily Diary and Presidential Daily Backup Materials, [Presidential Daily Backup] 1/16/1991. Access restriction: Restricted - Possibly.",https://s3.us-east-1.amazonaws.com/NARAprodstorage/lz/presidential-libraries/bush/gb-nsc/321498139/1991-01-16--Lacalle.pdf,https://catalog.archives.gov/id/428081349,https://s3.amazonaws.com/NARAprodstorage/lz/presidential-libraries/bush/gb-whasf/Presidential_Daily_Diary_186322/1991/41-bpr-apts_sch-dd-01_16_91-12847-002_415891053.pdf,bush-library-428081349,415891053
443,Medium,Daily Diary/backup timing support,Uruguay,1991-01-16,Telcon,Memorandum of Telephone Conversation,1991-01-16,0,[Presidential Daily Diary] 1/16/1991,Presidential Daily Diary,Restricted - Possibly,"Latin America; South America; Uruguay; Bush Library Memcons and Telcons; Telcon","Use to confirm timing, call/meeting status, participants, or backup packet context for a possible source note or editorial note.","Source: George H.W. Bush Library, Bush Presidential Records, White House Office of Appointments and Scheduling Files, Presidential Daily Diary and Presidential Daily Backup Materials, [Presidential Daily Diary] 1/16/1991. Access restriction: Restricted - Possibly.",https://s3.us-east-1.amazonaws.com/NARAprodstorage/lz/presidential-libraries/bush/gb-nsc/321498139/1991-01-16--Lacalle.pdf,https://catalog.archives.gov/id/428081349,https://s3.amazonaws.com/NARAprodstorage/lz/presidential-libraries/bush/gb-whasf/Presidential_Daily_Diary_186322/1991/41-bpr-apts_sch-dd-01_16_91-12847-001_415891052.pdf,bush-library-428081349,415891052
444,Medium,Daily Diary/backup timing support,Uruguay,1991-05-21,Memcon,Memorandum of Conversation,1991-05-21,0,[Presidential Daily Backup] 5/21/1991,Presidential Daily Backup,Restricted - Possibly,"Latin America; South America; Uruguay; Bush Library Memcons and Telcons; Memcon","Use to confirm timing, call/meeting status, participants, or backup packet context for a possible source note or editorial note.","Source: George H.W. Bush Library, Bush Presidential Records, White House Office of Appointments and Scheduling Files, Presidential Daily Diary and Presidential Daily Backup Materials, [Presidential Daily Backup] 5/21/1991. Access restriction: Restricted - Possibly.",https://s3.us-east-1.amazonaws.com/NARAprodstorage/lz/presidential-libraries/bush/gb-nsc/321498039/1991-05-21--Lacalle.pdf,https://catalog.archives.gov/id/428081675,https://s3.amazonaws.com/NARAprodstorage/lz/presidential-libraries/bush/gb-whasf/Presidential_Daily_Diary_186322/1991/41-bpr-apts_sch-dd-05_21_91-12858-008_415891303.pdf,bush-library-428081675,415891303
445,Medium,Daily Diary/backup timing support,Uruguay,1991-05-21,Memcon,Memorandum of Conversation,1991-05-21,0,[Presidential Daily Diary] 5/21/1991,Presidential Daily Diary,Restricted - Possibly,"Latin America; South America; Uruguay; Bush Library Memcons and Telcons; Memcon","Use to confirm timing, call/meeting status, participants, or backup packet context for a possible source note or editorial note.","Source: George H.W. Bush Library, Bush Presidential Records, White House Office of Appointments and Scheduling Files, Presidential Daily Diary and Presidential Daily Backup Materials, [Presidential Daily Diary] 5/21/1991. Access restriction: Restricted - Possibly.",https://s3.us-east-1.amazonaws.com/NARAprodstorage/lz/presidential-libraries/bush/gb-nsc/321498039/1991-05-21--Lacalle.pdf,https://catalog.archives.gov/id/428081675,https://s3.amazonaws.com/NARAprodstorage/lz/presidential-libraries/bush/gb-whasf/Presidential_Daily_Diary_186322/1991/41-bpr-apts_sch-dd-05_21_91-12858-007_415891302.pdf,bush-library-428081675,415891302
446,Medium,Nearby public statement,Uruguay,1991-05-21,Memcon,Memorandum of Conversation,1991-05-21,0,Exchange With Reporters Prior to a Meeting With President Luis Alberto Lacalle of Uruguay,Public Papers of the Presidents,Exchange,Uruguay,"Compare the public line with the private conversation; use for annotation when it explains public posture, timing, or follow-up.","Source: Public Papers of the Presidents of the United States: George H. W. Bush, 1991, Book I, May 21, 1991, ""Exchange With Reporters Prior to a Meeting With President Luis Alberto Lacalle of Uruguay"", p. 530. GovInfo, Government Publishing Office.",https://s3.us-east-1.amazonaws.com/NARAprodstorage/lz/presidential-libraries/bush/gb-nsc/321498039/1991-05-21--Lacalle.pdf,https://catalog.archives.gov/id/428081675,https://www.govinfo.gov/content/pkg/PPP-1991-book1/pdf/PPP-1991-book1-doc-pg530.pdf,bush-library-428081675,govinfo-PPP-1991-book1-doc-pg530
447,Medium,Nearby public statement,Uruguay,1991-05-21,Memcon,Memorandum of Conversation,1991-05-21,0,Statement by Deputy Press Secretary Popadiuk on President Bush's Meeting With President Luis Alberto Lacalle of Uruguay,Public Papers of the Presidents,Statement,"Brazil; Uruguay","Compare the public line with the private conversation; use for annotation when it explains public posture, timing, or follow-up.","Source: Public Papers of the Presidents of the United States: George H. W. Bush, 1991, Book I, May 21, 1991, ""Statement by Deputy Press Secretary Popadiuk on President Bush's Meeting With President Luis Alberto Lacalle of Uruguay"", p. 531. GovInfo, Government Publishing Office.",https://s3.us-east-1.amazonaws.com/NARAprodstorage/lz/presidential-libraries/bush/gb-nsc/321498039/1991-05-21--Lacalle.pdf,https://catalog.archives.gov/id/428081675,https://www.govinfo.gov/content/pkg/PPP-1991-book1/pdf/PPP-1991-book1-doc-pg531.pdf,bush-library-428081675,govinfo-PPP-1991-book1-doc-pg531
448,Medium,Daily Diary/backup timing support,Venezuela,1989-01-24,Telcon,Memorandum of Telephone Conversation,1989-01-24,0,[Presidential Daily Backup] 1/24/1989,Presidential Daily Backup,Restricted - Possibly,"Latin America; South America; Venezuela; Bush Library Memcons and Telcons; Telcon","Use to confirm timing, call/meeting status, participants, or backup packet context for a possible source note or editorial note.","Source: George H.W. Bush Library, Bush Presidential Records, White House Office of Appointments and Scheduling Files, Presidential Daily Diary and Presidential Daily Backup Materials, [Presidential Daily Backup] 1/24/1989. Access restriction: Restricted - Possibly.",https://s3.us-east-1.amazonaws.com/NARAprodstorage/lz/presidential-libraries/bush/gb-nsc/321498139/1989-01-24--Perez.pdf,https://catalog.archives.gov/id/428079799,https://s3.amazonaws.com/NARAprodstorage/lz/presidential-libraries/bush/gb-whasf/Presidential_Daily_Diary_186322/1989/41-bpr-apts_sch-dd-01_24_89-12789-010_415889607.pdf,bush-library-428079799,415889607
449,Medium,Daily Diary/backup timing support,Venezuela,1989-01-24,Telcon,Memorandum of Telephone Conversation,1989-01-24,0,[Presidential Daily Diary] 1/24/1989,Presidential Daily Diary,Restricted - Possibly,"Latin America; South America; Venezuela; Bush Library Memcons and Telcons; Telcon","Use to confirm timing, call/meeting status, participants, or backup packet context for a possible source note or editorial note.","Source: George H.W. Bush Library, Bush Presidential Records, White House Office of Appointments and Scheduling Files, Presidential Daily Diary and Presidential Daily Backup Materials, [Presidential Daily Diary] 1/24/1989. Access restriction: Restricted - Possibly.",https://s3.us-east-1.amazonaws.com/NARAprodstorage/lz/presidential-libraries/bush/gb-nsc/321498139/1989-01-24--Perez.pdf,https://catalog.archives.gov/id/428079799,https://s3.amazonaws.com/NARAprodstorage/lz/presidential-libraries/bush/gb-whasf/Presidential_Daily_Diary_186322/1989/41-bpr-apts_sch-dd-01_24_89-12789-009_415889606.pdf,bush-library-428079799,415889606
450,Medium,Nearby high-priority print lead,Venezuela,1989-01-24,Telcon,Memorandum of Telephone Conversation,"January 28, 1989",4,Letters from the President to Jaime Lusinchi and,Latin American Directorate Chronological Files,High / 72,"presidential diplomacy; regional policy","Verify the page image/OCR and decide whether this lead should be printed, used as annotation context, or ruled out against the anchor document.","Source: George H.W. Bush Library, Bush Presidential Records, National Security Council, Latin American Affairs Directorate Files, Chronological Files, OA/ID CF00300, CF00300-003, January 20, 1989-February 1, 1989 [1]. Access restriction: Restricted - Possibly. FOIA 2015-0017-S.",https://s3.us-east-1.amazonaws.com/NARAprodstorage/lz/presidential-libraries/bush/gb-nsc/321498139/1989-01-24--Perez.pdf,https://catalog.archives.gov/id/428079799,https://s3.dualstack.us-east-1.amazonaws.com/NARAprodstorage/lz/presidential-libraries/bush/gb-nsc/Latin_Amer_Aff_Dir_Files/Chronological_2197972/41-bpr-nsc-lat_amer_dir-chron-cf00300-003.pdf#page=33,bush-library-428079799,chronological-print-470766404-33-memorandum
451,Medium,Nearby high-priority print lead,Venezuela,1989-01-24,Telcon,Memorandum of Telephone Conversation,"January 28, 1989",4,Letters from the President to Jaime Lusinchi and,Latin American Affairs Directorate Subject Files,High / 72,"presidential diplomacy; regional policy","Verify the page image/OCR and decide whether this lead should be printed, used as annotation context, or ruled out against the anchor document.","Source: George H.W. Bush Library, Bush Presidential Records, National Security Council, Latin American Affairs Directorate Files, Subject File 1989, OA/ID CF00193, CF00193-019, Venezuela - January 20, 1989-December 31, 1989 [2]. Access restriction: Restricted - Possibly. FOIA 2009-0704-F.",https://s3.us-east-1.amazonaws.com/NARAprodstorage/lz/presidential-libraries/bush/gb-nsc/321498139/1989-01-24--Perez.pdf,https://catalog.archives.gov/id/428079799,https://s3.dualstack.us-east-1.amazonaws.com/NARAprodstorage/lz/presidential-libraries/bush/gb-nsc/Latin_Amer_Aff_Dir_Files/Subject_376217847/41-bpr-nsc-lat_amer_dir-subj-cf00193-019.pdf#page=132,bush-library-428079799,subject-print-470766534-132-memorandum
452,Medium,Nearby high-priority print lead,Venezuela,1989-01-24,Telcon,Memorandum of Telephone Conversation,"January 30, 1989",6,BRENT SCOWCROFT (@),Latin American Affairs Directorate Subject Files,High / 72,presidential diplomacy,"Verify the page image/OCR and decide whether this lead should be printed, used as annotation context, or ruled out against the anchor document.","Source: George H.W. Bush Library, Bush Presidential Records, National Security Council, Latin American Affairs Directorate Files, Subject File 1989, OA/ID CF00193, CF00193-019, Venezuela - January 20, 1989-December 31, 1989 [2]. Access restriction: Restricted - Possibly. FOIA 2009-0704-F.",https://s3.us-east-1.amazonaws.com/NARAprodstorage/lz/presidential-libraries/bush/gb-nsc/321498139/1989-01-24--Perez.pdf,https://catalog.archives.gov/id/428079799,https://s3.dualstack.us-east-1.amazonaws.com/NARAprodstorage/lz/presidential-libraries/bush/gb-nsc/Latin_Amer_Aff_Dir_Files/Subject_376217847/41-bpr-nsc-lat_amer_dir-subj-cf00193-019.pdf#page=130,bush-library-428079799,subject-print-470766534-130-memorandum
453,Medium,Nearby high-priority print lead,Venezuela,1989-01-24,Telcon,Memorandum of Telephone Conversation,"January 30, 1989",6,Presidential Letters for Vice President Quayle to,Latin American Directorate Chronological Files,High / 72,presidential diplomacy,"Verify the page image/OCR and decide whether this lead should be printed, used as annotation context, or ruled out against the anchor document.","Source: George H.W. Bush Library, Bush Presidential Records, National Security Council, Latin American Affairs Directorate Files, Chronological Files, OA/ID CF00300, CF00300-003, January 20, 1989-February 1, 1989 [1]. Access restriction: Restricted - Possibly. FOIA 2015-0017-S.",https://s3.us-east-1.amazonaws.com/NARAprodstorage/lz/presidential-libraries/bush/gb-nsc/321498139/1989-01-24--Perez.pdf,https://catalog.archives.gov/id/428079799,https://s3.dualstack.us-east-1.amazonaws.com/NARAprodstorage/lz/presidential-libraries/bush/gb-nsc/Latin_Amer_Aff_Dir_Files/Chronological_2197972/41-bpr-nsc-lat_amer_dir-chron-cf00300-003.pdf#page=28,bush-library-428079799,chronological-print-470766404-28-memorandum
454,Medium,Nearby high-priority print lead,Venezuela,1989-01-24,Telcon,Memorandum of Telephone Conversation,"January 30, 1989",6,Presidential Letters for Vice President Quayle to,Latin American Affairs Directorate Subject Files,High / 72,presidential diplomacy,"Verify the page image/OCR and decide whether this lead should be printed, used as annotation context, or ruled out against the anchor document.","Source: George H.W. Bush Library, Bush Presidential Records, National Security Council, Latin American Affairs Directorate Files, Subject File 1989, OA/ID CF00193, CF00193-019, Venezuela - January 20, 1989-December 31, 1989 [2]. Access restriction: Restricted - Possibly. FOIA 2009-0704-F.",https://s3.us-east-1.amazonaws.com/NARAprodstorage/lz/presidential-libraries/bush/gb-nsc/321498139/1989-01-24--Perez.pdf,https://catalog.archives.gov/id/428079799,https://s3.dualstack.us-east-1.amazonaws.com/NARAprodstorage/lz/presidential-libraries/bush/gb-nsc/Latin_Amer_Aff_Dir_Files/Subject_376217847/41-bpr-nsc-lat_amer_dir-subj-cf00193-019.pdf#page=131,bush-library-428079799,subject-print-470766534-131-memorandum
455,Medium,Nearby high-priority print lead,Venezuela,1989-01-24,Telcon,Memorandum of Telephone Conversation,"January 31, 1989",7,Request for Travel Orders,Latin American Directorate Chronological Files,High / 72,presidential diplomacy,"Verify the page image/OCR and decide whether this lead should be printed, used as annotation context, or ruled out against the anchor document.","Source: George H.W. Bush Library, Bush Presidential Records, National Security Council, Latin American Affairs Directorate Files, Chronological Files, OA/ID CF00300, CF00300-003, January 20, 1989-February 1, 1989 [1]. Access restriction: Restricted - Possibly. FOIA 2015-0017-S.",https://s3.us-east-1.amazonaws.com/NARAprodstorage/lz/presidential-libraries/bush/gb-nsc/321498139/1989-01-24--Perez.pdf,https://catalog.archives.gov/id/428079799,https://s3.dualstack.us-east-1.amazonaws.com/NARAprodstorage/lz/presidential-libraries/bush/gb-nsc/Latin_Amer_Aff_Dir_Files/Chronological_2197972/41-bpr-nsc-lat_amer_dir-chron-cf00300-003.pdf#page=20,bush-library-428079799,chronological-print-470766404-20-memorandum
456,Medium,Daily Diary/backup timing support,Venezuela,1989-03-03,Telcon,Memorandum of Telephone Conversation,1989-03-03,0,[Presidential Daily Backup] 3/3/1989,Presidential Daily Backup,Restricted - Possibly,"Latin America; South America; Venezuela; Bush Library Memcons and Telcons; Telcon","Use to confirm timing, call/meeting status, participants, or backup packet context for a possible source note or editorial note.","Source: George H.W. Bush Library, Bush Presidential Records, White House Office of Appointments and Scheduling Files, Presidential Daily Diary and Presidential Daily Backup Materials, [Presidential Daily Backup] 3/3/1989. Access restriction: Restricted - Possibly.",https://s3.us-east-1.amazonaws.com/NARAprodstorage/lz/presidential-libraries/bush/gb-nsc/321498139/1989-03-03--Perez.pdf,https://catalog.archives.gov/id/428079917,https://s3.amazonaws.com/NARAprodstorage/lz/presidential-libraries/bush/gb-whasf/Presidential_Daily_Diary_186322/1989/41-bpr-apts_sch-dd-03_03_89-12791-030_415889683.pdf,bush-library-428079917,415889683
457,Medium,Daily Diary/backup timing support,Venezuela,1989-03-03,Telcon,Memorandum of Telephone Conversation,1989-03-03,0,[Presidential Daily Diary] 3/3/1989,Presidential Daily Diary,Restricted - Possibly,"Latin America; South America; Venezuela; Bush Library Memcons and Telcons; Telcon","Use to confirm timing, call/meeting status, participants, or backup packet context for a possible source note or editorial note.","Source: George H.W. Bush Library, Bush Presidential Records, White House Office of Appointments and Scheduling Files, Presidential Daily Diary and Presidential Daily Backup Materials, [Presidential Daily Diary] 3/3/1989. Access restriction: Restricted - Possibly.",https://s3.us-east-1.amazonaws.com/NARAprodstorage/lz/presidential-libraries/bush/gb-nsc/321498139/1989-03-03--Perez.pdf,https://catalog.archives.gov/id/428079917,https://s3.amazonaws.com/NARAprodstorage/lz/presidential-libraries/bush/gb-whasf/Presidential_Daily_Diary_186322/1989/41-bpr-apts_sch-dd-03_03_89-12791-029_415889682.pdf,bush-library-428079917,415889682
458,Medium,Daily Diary/backup timing support,Venezuela,1989-04-01,Memcon,Memorandum of Conversation,1989-04-01,0,[Presidential Daily Backup] 4/1/1989,Presidential Daily Backup,Restricted - Possibly,"Latin America; South America; Venezuela; Bush Library Memcons and Telcons; Memcon","Use to confirm timing, call/meeting status, participants, or backup packet context for a possible source note or editorial note.","Source: George H.W. Bush Library, Bush Presidential Records, White House Office of Appointments and Scheduling Files, Presidential Daily Diary and Presidential Daily Backup Materials, [Presidential Daily Backup] 4/1/1989. Access restriction: Restricted - Possibly.",https://s3.us-east-1.amazonaws.com/NARAprodstorage/lz/presidential-libraries/bush/gb-nsc/321498039/1989-04-01--Perez.pdf,https://catalog.archives.gov/id/428079937,https://s3.amazonaws.com/NARAprodstorage/lz/presidential-libraries/bush/gb-whasf/Presidential_Daily_Diary_186322/1989/41-bpr-apts_sch-dd-04_01_89-12793-030_415889741.pdf,bush-library-428079937,415889741
459,Medium,Daily Diary/backup timing support,Venezuela,1989-04-01,Memcon,Memorandum of Conversation,1989-04-01,0,[Presidential Daily Diary] 4/1/1989,Presidential Daily Diary,Restricted - Possibly,"Latin America; South America; Venezuela; Bush Library Memcons and Telcons; Memcon","Use to confirm timing, call/meeting status, participants, or backup packet context for a possible source note or editorial note.","Source: George H.W. Bush Library, Bush Presidential Records, White House Office of Appointments and Scheduling Files, Presidential Daily Diary and Presidential Daily Backup Materials, [Presidential Daily Diary] 4/1/1989. Access restriction: Restricted - Possibly.",https://s3.us-east-1.amazonaws.com/NARAprodstorage/lz/presidential-libraries/bush/gb-nsc/321498039/1989-04-01--Perez.pdf,https://catalog.archives.gov/id/428079937,https://s3.amazonaws.com/NARAprodstorage/lz/presidential-libraries/bush/gb-whasf/Presidential_Daily_Diary_186322/1989/41-bpr-apts_sch-dd-04_01_89-12793-029_415889740.pdf,bush-library-428079937,415889740
460,Medium,Nearby public statement,Venezuela,1989-04-01,Memcon,Memorandum of Conversation,1989-04-01,0,Statement by Press Secretary Fitzwater on President Bush's Meeting With President Carlos Andres Perez of Venezuela,Public Papers of the Presidents,Statement,Venezuela,"Compare the public line with the private conversation; use for annotation when it explains public posture, timing, or follow-up.","Source: Public Papers of the Presidents of the United States: George H. W. Bush, 1989, Book I, April 1, 1989, ""Statement by Press Secretary Fitzwater on President Bush's Meeting With President Carlos Andres Perez of Venezuela"", p. 347. GovInfo, Government Publishing Office.",https://s3.us-east-1.amazonaws.com/NARAprodstorage/lz/presidential-libraries/bush/gb-nsc/321498039/1989-04-01--Perez.pdf,https://catalog.archives.gov/id/428079937,https://www.govinfo.gov/content/pkg/PPP-1989-book1/pdf/PPP-1989-book1.pdf#page=365,bush-library-428079937,govinfo-ppp-1989-book1-365-statement-by-press-secretary-fitzwater-on-president-bush-s-meeting-with-president-carlos-andres-perez-of-venezuela
461,Medium,Daily Diary/backup timing support,Venezuela,1989-05-10,Telcon,Memorandum of Telephone Conversation,1989-05-10,0,[Presidential Daily Backup] 5/10/1989,Presidential Daily Backup,Restricted - Possibly,"Latin America; South America; Venezuela; Bush Library Memcons and Telcons; Telcon","Use to confirm timing, call/meeting status, participants, or backup packet context for a possible source note or editorial note.","Source: George H.W. Bush Library, Bush Presidential Records, White House Office of Appointments and Scheduling Files, Presidential Daily Diary and Presidential Daily Backup Materials, [Presidential Daily Backup] 5/10/1989. Access restriction: Restricted - Possibly.",https://s3.us-east-1.amazonaws.com/NARAprodstorage/lz/presidential-libraries/bush/gb-nsc/321498139/1989-05-10--Perez.pdf,https://catalog.archives.gov/id/428080003,https://s3.amazonaws.com/NARAprodstorage/lz/presidential-libraries/bush/gb-whasf/Presidential_Daily_Diary_186322/1989/41-bpr-apts_sch-dd-05_10_89-12796-018_415889819.pdf,bush-library-428080003,415889819
462,Medium,Daily Diary/backup timing support,Venezuela,1989-05-10,Telcon,Memorandum of Telephone Conversation,1989-05-10,0,[Presidential Daily Diary] 5/10/1989,Presidential Daily Diary,Restricted - Possibly,"Latin America; South America; Venezuela; Bush Library Memcons and Telcons; Telcon","Use to confirm timing, call/meeting status, participants, or backup packet context for a possible source note or editorial note.","Source: George H.W. Bush Library, Bush Presidential Records, White House Office of Appointments and Scheduling Files, Presidential Daily Diary and Presidential Daily Backup Materials, [Presidential Daily Diary] 5/10/1989. Access restriction: Restricted - Possibly.",https://s3.us-east-1.amazonaws.com/NARAprodstorage/lz/presidential-libraries/bush/gb-nsc/321498139/1989-05-10--Perez.pdf,https://catalog.archives.gov/id/428080003,https://s3.amazonaws.com/NARAprodstorage/lz/presidential-libraries/bush/gb-whasf/Presidential_Daily_Diary_186322/1989/41-bpr-apts_sch-dd-05_10_89-12796-017_415889818.pdf,bush-library-428080003,415889818
463,Medium,Nearby public statement,Venezuela,1989-05-10,Telcon,Memorandum of Telephone Conversation,1989-05-09,-1,Interview With Members of the White House Press Corps,Public Papers of the Presidents,Interview,"Peru; Venezuela","Compare the public line with the private conversation; use for annotation when it explains public posture, timing, or follow-up.","Source: Public Papers of the Presidents of the United States: George H. W. Bush, 1989, Book I, May 9, 1989, ""Interview With Members of the White House Press Corps"", pp. 533-535. GovInfo, Government Publishing Office.",https://s3.us-east-1.amazonaws.com/NARAprodstorage/lz/presidential-libraries/bush/gb-nsc/321498139/1989-05-10--Perez.pdf,https://catalog.archives.gov/id/428080003,https://www.govinfo.gov/content/pkg/PPP-1989-book1/pdf/PPP-1989-book1.pdf#page=559,bush-library-428080003,govinfo-ppp-1989-book1-559-interview-with-members-of-the-white-house-press-corps
464,Medium,Nearby high-priority print lead,Venezuela,1989-05-10,Telcon,Memorandum of Telephone Conversation,"May 18, 1989",8,Telephone call to Venezuelan President Carlos,Latin American Directorate Chronological Files,High / 90,"presidential diplomacy; regional policy; panama spillover","Verify the page image/OCR and decide whether this lead should be printed, used as annotation context, or ruled out against the anchor document.","Source: George H.W. Bush Library, Bush Presidential Records, National Security Council, Latin American Affairs Directorate Files, Chronological Files, OA/ID CF00301, CF00301-014, May 16, 1989-May 30, 1989 [2]. Access restriction: Restricted - Possibly. FOIA 2015-0017-S.",https://s3.us-east-1.amazonaws.com/NARAprodstorage/lz/presidential-libraries/bush/gb-nsc/321498139/1989-05-10--Perez.pdf,https://catalog.archives.gov/id/428080003,https://s3.dualstack.us-east-1.amazonaws.com/NARAprodstorage/lz/presidential-libraries/bush/gb-nsc/Latin_Amer_Aff_Dir_Files/Chronological_2197972/41-bpr-nsc-lat_amer_dir-chron-cf00301-014.pdf#page=49,bush-library-428080003,chronological-print-470766431-49-memorandum
465,Medium,Nearby high-priority print lead,Venezuela,1989-05-10,Telcon,Memorandum of Telephone Conversation,"May 18, 1989",8,Telephone call to Venezuelan President Carlos,Latin American Affairs Directorate Subject Files,High / 90,"presidential diplomacy; regional policy; panama spillover","Verify the page image/OCR and decide whether this lead should be printed, used as annotation context, or ruled out against the anchor document.","Source: George H.W. Bush Library, Bush Presidential Records, National Security Council, Latin American Affairs Directorate Files, Subject File 1989, OA/ID CF00193, CF00193-019, Venezuela - January 20, 1989-December 31, 1989 [2]. Access restriction: Restricted - Possibly. FOIA 2009-0704-F.",https://s3.us-east-1.amazonaws.com/NARAprodstorage/lz/presidential-libraries/bush/gb-nsc/321498139/1989-05-10--Perez.pdf,https://catalog.archives.gov/id/428080003,https://s3.dualstack.us-east-1.amazonaws.com/NARAprodstorage/lz/presidential-libraries/bush/gb-nsc/Latin_Amer_Aff_Dir_Files/Subject_376217847/41-bpr-nsc-lat_amer_dir-subj-cf00193-019.pdf#page=15,bush-library-428080003,subject-print-470766534-15-memorandum
466,Medium,Nearby high-priority print lead,Venezuela,1989-05-10,Telcon,Memorandum of Telephone Conversation,"April 28, 1989",-12,Transmittal to the State Department of the,Latin American Directorate Chronological Files,High / 72,presidential diplomacy,"Verify the page image/OCR and decide whether this lead should be printed, used as annotation context, or ruled out against the anchor document.","Source: George H.W. Bush Library, Bush Presidential Records, National Security Council, Latin American Affairs Directorate Files, Chronological Files, OA/ID CF00301, CF00301-004, April 16, 1989-April 30, 1989 [1]. Access restriction: Restricted - Possibly. FOIA 2015-0017-S.",https://s3.us-east-1.amazonaws.com/NARAprodstorage/lz/presidential-libraries/bush/gb-nsc/321498139/1989-05-10--Perez.pdf,https://catalog.archives.gov/id/428080003,https://s3.dualstack.us-east-1.amazonaws.com/NARAprodstorage/lz/presidential-libraries/bush/gb-nsc/Latin_Amer_Aff_Dir_Files/Chronological_2197972/41-bpr-nsc-lat_amer_dir-chron-cf00301-004.pdf#page=74,bush-library-428080003,chronological-print-470766421-74-memorandum-of-conversation
467,Medium,Nearby high-priority print lead,Venezuela,1989-05-10,Telcon,Memorandum of Telephone Conversation,"April 28, 1989",-12,Transmittal to the State Department of the,Latin American Affairs Directorate Subject Files,High / 72,presidential diplomacy,"Verify the page image/OCR and decide whether this lead should be printed, used as annotation context, or ruled out against the anchor document.","Source: George H.W. Bush Library, Bush Presidential Records, National Security Council, Latin American Affairs Directorate Files, Subject File 1989, OA/ID CF00193, CF00193-019, Venezuela - January 20, 1989-December 31, 1989 [2]. Access restriction: Restricted - Possibly. FOIA 2009-0704-F.",https://s3.us-east-1.amazonaws.com/NARAprodstorage/lz/presidential-libraries/bush/gb-nsc/321498139/1989-05-10--Perez.pdf,https://catalog.archives.gov/id/428080003,https://s3.dualstack.us-east-1.amazonaws.com/NARAprodstorage/lz/presidential-libraries/bush/gb-nsc/Latin_Amer_Aff_Dir_Files/Subject_376217847/41-bpr-nsc-lat_amer_dir-subj-cf00193-019.pdf#page=18,bush-library-428080003,subject-print-470766534-18-memorandum-of-conversation
468,Medium,Nearby high-priority print lead,Venezuela,1989-05-10,Telcon,Memorandum of Telephone Conversation,"May 23, 1989",13,Recommended Presidential Telephone Call to,Latin American Directorate Chronological Files,High / 72,"presidential diplomacy; regional policy; panama spillover","Verify the page image/OCR and decide whether this lead should be printed, used as annotation context, or ruled out against the anchor document.","Source: George H.W. Bush Library, Bush Presidential Records, National Security Council, Latin American Affairs Directorate Files, Chronological Files, OA/ID CF00301, CF00301-014, May 16, 1989-May 30, 1989 [2]. Access restriction: Restricted - Possibly. FOIA 2015-0017-S.",https://s3.us-east-1.amazonaws.com/NARAprodstorage/lz/presidential-libraries/bush/gb-nsc/321498139/1989-05-10--Perez.pdf,https://catalog.archives.gov/id/428080003,https://s3.dualstack.us-east-1.amazonaws.com/NARAprodstorage/lz/presidential-libraries/bush/gb-nsc/Latin_Amer_Aff_Dir_Files/Chronological_2197972/41-bpr-nsc-lat_amer_dir-chron-cf00301-014.pdf#page=45,bush-library-428080003,chronological-print-470766431-45-memorandum
469,Medium,Nearby high-priority print lead,Venezuela,1989-05-10,Telcon,Memorandum of Telephone Conversation,"May 23, 1989",13,Recommended Presidential Telephone Call to,Latin American Affairs Directorate Subject Files,High / 72,"presidential diplomacy; regional policy; panama spillover","Verify the page image/OCR and decide whether this lead should be printed, used as annotation context, or ruled out against the anchor document.","Source: George H.W. Bush Library, Bush Presidential Records, National Security Council, Latin American Affairs Directorate Files, Subject File 1989, OA/ID CF00193, CF00193-019, Venezuela - January 20, 1989-December 31, 1989 [2]. Access restriction: Restricted - Possibly. FOIA 2009-0704-F.",https://s3.us-east-1.amazonaws.com/NARAprodstorage/lz/presidential-libraries/bush/gb-nsc/321498139/1989-05-10--Perez.pdf,https://catalog.archives.gov/id/428080003,https://s3.dualstack.us-east-1.amazonaws.com/NARAprodstorage/lz/presidential-libraries/bush/gb-nsc/Latin_Amer_Aff_Dir_Files/Subject_376217847/41-bpr-nsc-lat_amer_dir-subj-cf00193-019.pdf#page=12,bush-library-428080003,subject-print-470766534-12-memorandum
470,Medium,Daily Diary/backup timing support,Venezuela,1989-06-23,Telcon,Memorandum of Telephone Conversation,1989-06-23,0,[Presidential Daily Backup] 6/23/1989,Presidential Daily Backup,Restricted - Possibly,"Latin America; South America; Venezuela; Bush Library Memcons and Telcons; Telcon","Use to confirm timing, call/meeting status, participants, or backup packet context for a possible source note or editorial note.","Source: George H.W. Bush Library, Bush Presidential Records, White House Office of Appointments and Scheduling Files, Presidential Daily Diary and Presidential Daily Backup Materials, [Presidential Daily Backup] 6/23/1989. Access restriction: Restricted - Possibly.",https://s3.us-east-1.amazonaws.com/NARAprodstorage/lz/presidential-libraries/bush/gb-nsc/321498139/1989-06-23--Perez.pdf,https://catalog.archives.gov/id/428080073,https://s3.amazonaws.com/NARAprodstorage/lz/presidential-libraries/bush/gb-whasf/Presidential_Daily_Diary_186322/1989/41-bpr-apts_sch-dd-06_23_89-12800-008_415889907.pdf,bush-library-428080073,415889907
471,Medium,Daily Diary/backup timing support,Venezuela,1989-06-23,Telcon,Memorandum of Telephone Conversation,1989-06-23,0,[Presidential Daily Diary] 6/23/1989,Presidential Daily Diary,Restricted - Possibly,"Latin America; South America; Venezuela; Bush Library Memcons and Telcons; Telcon","Use to confirm timing, call/meeting status, participants, or backup packet context for a possible source note or editorial note.","Source: George H.W. Bush Library, Bush Presidential Records, White House Office of Appointments and Scheduling Files, Presidential Daily Diary and Presidential Daily Backup Materials, [Presidential Daily Diary] 6/23/1989. Access restriction: Restricted - Possibly.",https://s3.us-east-1.amazonaws.com/NARAprodstorage/lz/presidential-libraries/bush/gb-nsc/321498139/1989-06-23--Perez.pdf,https://catalog.archives.gov/id/428080073,https://s3.amazonaws.com/NARAprodstorage/lz/presidential-libraries/bush/gb-whasf/Presidential_Daily_Diary_186322/1989/41-bpr-apts_sch-dd-06_23_89-12800-007_415889906.pdf,bush-library-428080073,415889906
472,Medium,Nearby high-priority print lead,Venezuela,1989-06-23,Telcon,Memorandum of Telephone Conversation,"June 17, 1989",-6,Panama -~ Recommendation that President Bush,Latin American Directorate Chronological Files,High / 90,"presidential diplomacy; regional policy; panama spillover","Verify the page image/OCR and decide whether this lead should be printed, used as annotation context, or ruled out against the anchor document.","Source: George H.W. Bush Library, Bush Presidential Records, National Security Council, Latin American Affairs Directorate Files, Chronological Files, OA/ID CF00302, CF00302-005, July 16, 1989-July 30, 1989 [2]. Access restriction: Restricted - Possibly. FOIA 2015-0017-S.",https://s3.us-east-1.amazonaws.com/NARAprodstorage/lz/presidential-libraries/bush/gb-nsc/321498139/1989-06-23--Perez.pdf,https://catalog.archives.gov/id/428080073,https://s3.dualstack.us-east-1.amazonaws.com/NARAprodstorage/lz/presidential-libraries/bush/gb-nsc/Latin_Amer_Aff_Dir_Files/Chronological_2197972/41-bpr-nsc-lat_amer_dir-chron-cf00302-005.pdf#page=60,bush-library-428080073,chronological-print-470766442-60-memorandum
473,Medium,Daily Diary/backup timing support,Venezuela,1989-08-22,Telcon,Memorandum of Telephone Conversation,1989-08-22,0,[Presidential Daily Backup] 8/22/1989,Presidential Daily Backup,Restricted - Possibly,"Latin America; South America; Venezuela; Bush Library Memcons and Telcons; Telcon","Use to confirm timing, call/meeting status, participants, or backup packet context for a possible source note or editorial note.","Source: George H.W. Bush Library, Bush Presidential Records, White House Office of Appointments and Scheduling Files, Presidential Daily Diary and Presidential Daily Backup Materials, [Presidential Daily Backup] 8/22/1989. Access restriction: Restricted - Possibly.",https://s3.us-east-1.amazonaws.com/NARAprodstorage/lz/presidential-libraries/bush/gb-nsc/321498139/1989-08-22--Perez.pdf,https://catalog.archives.gov/id/428080211,https://s3.amazonaws.com/NARAprodstorage/lz/presidential-libraries/bush/gb-whasf/Presidential_Daily_Diary_186322/1989/41-bpr-apts_sch-dd-08_22_89-12804-016_415890027.pdf,bush-library-428080211,415890027
474,Medium,Daily Diary/backup timing support,Venezuela,1989-08-22,Telcon,Memorandum of Telephone Conversation,1989-08-22,0,[Presidential Daily Diary] 8/22/1989,Presidential Daily Diary,Restricted - Possibly,"Latin America; South America; Venezuela; Bush Library Memcons and Telcons; Telcon","Use to confirm timing, call/meeting status, participants, or backup packet context for a possible source note or editorial note.","Source: George H.W. Bush Library, Bush Presidential Records, White House Office of Appointments and Scheduling Files, Presidential Daily Diary and Presidential Daily Backup Materials, [Presidential Daily Diary] 8/22/1989. Access restriction: Restricted - Possibly.",https://s3.us-east-1.amazonaws.com/NARAprodstorage/lz/presidential-libraries/bush/gb-nsc/321498139/1989-08-22--Perez.pdf,https://catalog.archives.gov/id/428080211,https://s3.amazonaws.com/NARAprodstorage/lz/presidential-libraries/bush/gb-whasf/Presidential_Daily_Diary_186322/1989/41-bpr-apts_sch-dd-08_22_89-12804-015_415890026.pdf,bush-library-428080211,415890026
475,Medium,Daily Diary/backup timing support,Venezuela,1989-09-25,Memcon,Memorandum of Conversation,1989-09-25,0,[Presidential Daily Backup] 9/25/1989,Presidential Daily Backup,Restricted - Possibly,"Latin America; South America; Venezuela; Bush Library Memcons and Telcons; Memcon","Use to confirm timing, call/meeting status, participants, or backup packet context for a possible source note or editorial note.","Source: George H.W. Bush Library, Bush Presidential Records, White House Office of Appointments and Scheduling Files, Presidential Daily Diary and Presidential Daily Backup Materials, [Presidential Daily Backup] 9/25/1989. Access restriction: Restricted - Possibly.",https://s3.us-east-1.amazonaws.com/NARAprodstorage/lz/presidential-libraries/bush/gb-nsc/321498039/1989-09-25--Perez.pdf,https://catalog.archives.gov/id/428080229,https://s3.amazonaws.com/NARAprodstorage/lz/presidential-libraries/bush/gb-whasf/Presidential_Daily_Diary_186322/1989/41-bpr-apts_sch-dd-09_25_89-12806-016_415890095.pdf,bush-library-428080229,415890095
476,Medium,Daily Diary/backup timing support,Venezuela,1989-09-25,Memcon,Memorandum of Conversation,1989-09-25,0,[Presidential Daily Diary] 9/25/1989,Presidential Daily Diary,Restricted - Possibly,"Latin America; South America; Venezuela; Bush Library Memcons and Telcons; Memcon","Use to confirm timing, call/meeting status, participants, or backup packet context for a possible source note or editorial note.","Source: George H.W. Bush Library, Bush Presidential Records, White House Office of Appointments and Scheduling Files, Presidential Daily Diary and Presidential Daily Backup Materials, [Presidential Daily Diary] 9/25/1989. Access restriction: Restricted - Possibly.",https://s3.us-east-1.amazonaws.com/NARAprodstorage/lz/presidential-libraries/bush/gb-nsc/321498039/1989-09-25--Perez.pdf,https://catalog.archives.gov/id/428080229,https://s3.amazonaws.com/NARAprodstorage/lz/presidential-libraries/bush/gb-whasf/Presidential_Daily_Diary_186322/1989/41-bpr-apts_sch-dd-09_25_89-12806-015_415890094.pdf,bush-library-428080229,415890094
477,Medium,Nearby public statement,Venezuela,1989-09-25,Memcon,Memorandum of Conversation,1989-09-25,0,"Address to the 44th Session of the United Nations General Assembly in New York, New York",Public Papers of the Presidents,Public Paper,"Colombia; Venezuela","Compare the public line with the private conversation; use for annotation when it explains public posture, timing, or follow-up.","Source: Public Papers of the Presidents of the United States: George H. W. Bush, 1989, Book II, September 25, 1989, ""Address to the 44th Session of the United Nations General Assembly in New York, New York"", pp. 1248-1252. GovInfo, Government Publishing Office.",https://s3.us-east-1.amazonaws.com/NARAprodstorage/lz/presidential-libraries/bush/gb-nsc/321498039/1989-09-25--Perez.pdf,https://catalog.archives.gov/id/428080229,https://www.govinfo.gov/content/pkg/PPP-1989-book2/pdf/PPP-1989-book2.pdf#page=382,bush-library-428080229,govinfo-ppp-1989-book2-382-address-to-the-44th-session-of-the-united-nations-general-assembly-in-new-york-new-york
478,Medium,Nearby high-priority print lead,Venezuela,1989-09-25,Memcon,Memorandum of Conversation,"September 20, 1989",-5,State Department Proposed Presidential Letter to,Latin American Directorate Chronological Files,High / 90,"democracy; presidential diplomacy","Verify the page image/OCR and decide whether this lead should be printed, used as annotation context, or ruled out against the anchor document.","Source: George H.W. Bush Library, Bush Presidential Records, National Security Council, Latin American Affairs Directorate Files, Chronological Files, OA/ID CF00302, CF00302-019, September 16, 1989-September 30, 1989 [3]. Access restriction: Restricted - Possibly. FOIA 2015-0017-S.",https://s3.us-east-1.amazonaws.com/NARAprodstorage/lz/presidential-libraries/bush/gb-nsc/321498039/1989-09-25--Perez.pdf,https://catalog.archives.gov/id/428080229,https://s3.dualstack.us-east-1.amazonaws.com/NARAprodstorage/lz/presidential-libraries/bush/gb-nsc/Latin_Amer_Aff_Dir_Files/Chronological_2197972/41-bpr-nsc-lat_amer_dir-chron-cf00302-019.pdf#page=71,bush-library-428080229,chronological-print-470766456-71-memorandum
479,Medium,Nearby high-priority print lead,Venezuela,1989-09-25,Memcon,Memorandum of Conversation,"September 30, 1989",5,Your Meeting with Venezuelan Foreign Minister,Latin American Directorate Chronological Files,High / 72,presidential diplomacy,"Verify the page image/OCR and decide whether this lead should be printed, used as annotation context, or ruled out against the anchor document.","Source: George H.W. Bush Library, Bush Presidential Records, National Security Council, Latin American Affairs Directorate Files, Chronological Files, OA/ID CF00302, CF00302-017, September 16, 1989-September 30, 1989 [1]. Access restriction: Restricted - Possibly. FOIA 2015-0017-S.",https://s3.us-east-1.amazonaws.com/NARAprodstorage/lz/presidential-libraries/bush/gb-nsc/321498039/1989-09-25--Perez.pdf,https://catalog.archives.gov/id/428080229,https://s3.dualstack.us-east-1.amazonaws.com/NARAprodstorage/lz/presidential-libraries/bush/gb-nsc/Latin_Amer_Aff_Dir_Files/Chronological_2197972/41-bpr-nsc-lat_amer_dir-chron-cf00302-017.pdf#page=6,bush-library-428080229,chronological-print-470766454-6-memorandum
480,Medium,Nearby high-priority print lead,Venezuela,1989-09-25,Memcon,Memorandum of Conversation,"September 19, 1989",-6,Letter to Venezuelan President on Nicaragua,Latin American Directorate Chronological Files,High / 78,"democracy; presidential diplomacy","Verify the page image/OCR and decide whether this lead should be printed, used as annotation context, or ruled out against the anchor document.","Source: George H.W. Bush Library, Bush Presidential Records, National Security Council, Latin American Affairs Directorate Files, Chronological Files, OA/ID CF00302, CF00302-019, September 16, 1989-September 30, 1989 [3]. Access restriction: Restricted - Possibly. FOIA 2015-0017-S.",https://s3.us-east-1.amazonaws.com/NARAprodstorage/lz/presidential-libraries/bush/gb-nsc/321498039/1989-09-25--Perez.pdf,https://catalog.archives.gov/id/428080229,https://s3.dualstack.us-east-1.amazonaws.com/NARAprodstorage/lz/presidential-libraries/bush/gb-nsc/Latin_Amer_Aff_Dir_Files/Chronological_2197972/41-bpr-nsc-lat_amer_dir-chron-cf00302-019.pdf#page=72,bush-library-428080229,chronological-print-470766456-72-memorandum
481,Medium,Nearby high-priority print lead,Venezuela,1989-09-25,Memcon,Memorandum of Conversation,"October 2, 1989",7,Memorandum of Conversation with Reinaldo,Latin American Directorate Chronological Files,High / 72,presidential diplomacy,"Verify the page image/OCR and decide whether this lead should be printed, used as annotation context, or ruled out against the anchor document.","Source: George H.W. Bush Library, Bush Presidential Records, National Security Council, Latin American Affairs Directorate Files, Chronological Files, OA/ID CF00303, CF00303-002, October 1, 1989-October 15, 1989 [2]. Access restriction: Restricted - Possibly. FOIA 2015-0017-S.",https://s3.us-east-1.amazonaws.com/NARAprodstorage/lz/presidential-libraries/bush/gb-nsc/321498039/1989-09-25--Perez.pdf,https://catalog.archives.gov/id/428080229,https://s3.dualstack.us-east-1.amazonaws.com/NARAprodstorage/lz/presidential-libraries/bush/gb-nsc/Latin_Amer_Aff_Dir_Files/Chronological_2197972/41-bpr-nsc-lat_amer_dir-chron-cf00303-002.pdf#page=40,bush-library-428080229,chronological-print-470766459-40-memorandum-of-conversation
482,Medium,Daily Diary/backup timing support,Venezuela,1989-11-01,Telcon,Memorandum of Telephone Conversation,1989-11-01,0,[Presidential Daily Backup] 11/1/1989,Presidential Daily Backup,Restricted - Possibly,"Latin America; South America; Venezuela; Bush Library Memcons and Telcons; Telcon","Use to confirm timing, call/meeting status, participants, or backup packet context for a possible source note or editorial note.","Source: George H.W. Bush Library, Bush Presidential Records, White House Office of Appointments and Scheduling Files, Presidential Daily Diary and Presidential Daily Backup Materials, [Presidential Daily Backup] 11/1/1989. Access restriction: Restricted - Possibly.",https://s3.us-east-1.amazonaws.com/NARAprodstorage/lz/presidential-libraries/bush/gb-nsc/321498139/1989-11-01--Perez.pdf,https://catalog.archives.gov/id/428080319,https://s3.amazonaws.com/NARAprodstorage/lz/presidential-libraries/bush/gb-whasf/Presidential_Daily_Diary_186322/1989/41-bpr-apts_sch-dd-11_01_89-12810-002_415890169.pdf,bush-library-428080319,415890169
483,Medium,Daily Diary/backup timing support,Venezuela,1989-11-01,Telcon,Memorandum of Telephone Conversation,1989-11-01,0,[Presidential Daily Diary] 11/1/1989,Presidential Daily Diary,Restricted - Possibly,"Latin America; South America; Venezuela; Bush Library Memcons and Telcons; Telcon","Use to confirm timing, call/meeting status, participants, or backup packet context for a possible source note or editorial note.","Source: George H.W. Bush Library, Bush Presidential Records, White House Office of Appointments and Scheduling Files, Presidential Daily Diary and Presidential Daily Backup Materials, [Presidential Daily Diary] 11/1/1989. Access restriction: Restricted - Possibly.",https://s3.us-east-1.amazonaws.com/NARAprodstorage/lz/presidential-libraries/bush/gb-nsc/321498139/1989-11-01--Perez.pdf,https://catalog.archives.gov/id/428080319,https://s3.amazonaws.com/NARAprodstorage/lz/presidential-libraries/bush/gb-whasf/Presidential_Daily_Diary_186322/1989/41-bpr-apts_sch-dd-11_01_89-12810-001_415890168.pdf,bush-library-428080319,415890168
484,Medium,Nearby high-priority print lead,Venezuela,1989-11-01,Telcon,Memorandum of Telephone Conversation,"October 23, 1989",-9,Memorandum of Conversation with Venezuelan,Latin American Directorate Chronological Files,High / 72,presidential diplomacy,"Verify the page image/OCR and decide whether this lead should be printed, used as annotation context, or ruled out against the anchor document.","Source: George H.W. Bush Library, Bush Presidential Records, National Security Council, Latin American Affairs Directorate Files, Chronological Files, OA/ID CF00303, CF00303-006, October 16, 1989-October 31, 1989 [3]. Access restriction: Restricted - Possibly. FOIA 2015-0017-S.",https://s3.us-east-1.amazonaws.com/NARAprodstorage/lz/presidential-libraries/bush/gb-nsc/321498139/1989-11-01--Perez.pdf,https://catalog.archives.gov/id/428080319,https://s3.dualstack.us-east-1.amazonaws.com/NARAprodstorage/lz/presidential-libraries/bush/gb-nsc/Latin_Amer_Aff_Dir_Files/Chronological_2197972/41-bpr-nsc-lat_amer_dir-chron-cf00303-006.pdf#page=5,bush-library-428080319,chronological-print-470766463-5-memorandum-of-conversation
485,Medium,Nearby high-priority print lead,Venezuela,1989-11-01,Telcon,Memorandum of Telephone Conversation,"October 23, 1989",-9,Memorandum of Conversation with Venezuelan,Latin American Affairs Directorate Subject Files,High / 72,presidential diplomacy,"Verify the page image/OCR and decide whether this lead should be printed, used as annotation context, or ruled out against the anchor document.","Source: George H.W. Bush Library, Bush Presidential Records, National Security Council, Latin American Affairs Directorate Files, Subject File 1989, OA/ID CF00193, CF00193-018, Venezuela - January 20, 1989-December 31, 1989 [1]. Access restriction: Restricted - Possibly. FOIA 2009-0704-F.",https://s3.us-east-1.amazonaws.com/NARAprodstorage/lz/presidential-libraries/bush/gb-nsc/321498139/1989-11-01--Perez.pdf,https://catalog.archives.gov/id/428080319,https://s3.dualstack.us-east-1.amazonaws.com/NARAprodstorage/lz/presidential-libraries/bush/gb-nsc/Latin_Amer_Aff_Dir_Files/Subject_376217847/41-bpr-nsc-lat_amer_dir-subj-cf00193-018.pdf#page=29,bush-library-428080319,subject-print-470766533-29-memorandum-of-conversation
486,Medium,Nearby high-priority print lead,Venezuela,1989-11-01,Telcon,Memorandum of Telephone Conversation,"October 23, 1989",-9,President Perez' Letter to President Bush,Latin American Affairs Directorate Subject Files,High / 78,"debt and economy; presidential diplomacy","Verify the page image/OCR and decide whether this lead should be printed, used as annotation context, or ruled out against the anchor document.","Source: George H.W. Bush Library, Bush Presidential Records, National Security Council, Latin American Affairs Directorate Files, Subject File 1989, OA/ID CF00193, CF00193-018, Venezuela - January 20, 1989-December 31, 1989 [1]. Access restriction: Restricted - Possibly. FOIA 2009-0704-F.",https://s3.us-east-1.amazonaws.com/NARAprodstorage/lz/presidential-libraries/bush/gb-nsc/321498139/1989-11-01--Perez.pdf,https://catalog.archives.gov/id/428080319,https://s3.dualstack.us-east-1.amazonaws.com/NARAprodstorage/lz/presidential-libraries/bush/gb-nsc/Latin_Amer_Aff_Dir_Files/Subject_376217847/41-bpr-nsc-lat_amer_dir-subj-cf00193-018.pdf#page=47,bush-library-428080319,subject-print-470766533-47-memorandum
487,Medium,Daily Diary/backup timing support,Venezuela,1989-12-20,Telcon,Memorandum of Telephone Conversation,1989-12-20,0,[Presidential Daily Backup] 12/20/1989,Presidential Daily Backup,Restricted - Possibly,"Latin America; South America; Venezuela; Bush Library Memcons and Telcons; Telcon","Use to confirm timing, call/meeting status, participants, or backup packet context for a possible source note or editorial note.","Source: George H.W. Bush Library, Bush Presidential Records, White House Office of Appointments and Scheduling Files, Presidential Daily Diary and Presidential Daily Backup Materials, [Presidential Daily Backup] 12/20/1989. Access restriction: Restricted - Possibly.",https://s3.us-east-1.amazonaws.com/NARAprodstorage/lz/presidential-libraries/bush/gb-nsc/321498139/1989-12-20--Perez.pdf,https://catalog.archives.gov/id/428080461,https://s3.amazonaws.com/NARAprodstorage/lz/presidential-libraries/bush/gb-whasf/Presidential_Daily_Diary_186322/1989/41-bpr-apts_sch-dd-12_20_89-12813-022_415890267.pdf,bush-library-428080461,415890267
488,Medium,Daily Diary/backup timing support,Venezuela,1990-02-26,Telcon,Memorandum of Telephone Conversation,1990-02-26,0,[Presidential Daily Backup] 2/26/1990,Presidential Daily Backup,Restricted - Possibly,"Latin America; South America; Venezuela; Bush Library Memcons and Telcons; Telcon","Use to confirm timing, call/meeting status, participants, or backup packet context for a possible source note or editorial note.","Source: George H.W. Bush Library, Bush Presidential Records, White House Office of Appointments and Scheduling Files, Presidential Daily Diary and Presidential Daily Backup Materials, [Presidential Daily Backup] 2/26/1990. Access restriction: Restricted - Possibly.",https://s3.us-east-1.amazonaws.com/NARAprodstorage/lz/presidential-libraries/bush/gb-nsc/321498139/1990-02-26--Perez.pdf,https://catalog.archives.gov/id/428080569,https://s3.amazonaws.com/NARAprodstorage/lz/presidential-libraries/bush/gb-whasf/Presidential_Daily_Diary_186322/1990/41-bpr-apts_sch-dd-02_26_90-12819-010_415890403.pdf,bush-library-428080569,415890403
489,Medium,Daily Diary/backup timing support,Venezuela,1990-02-26,Telcon,Memorandum of Telephone Conversation,1990-02-26,0,[Presidential Daily Diary] 2/26/1990,Presidential Daily Diary,Restricted - Possibly,"Latin America; South America; Venezuela; Bush Library Memcons and Telcons; Telcon","Use to confirm timing, call/meeting status, participants, or backup packet context for a possible source note or editorial note.","Source: George H.W. Bush Library, Bush Presidential Records, White House Office of Appointments and Scheduling Files, Presidential Daily Diary and Presidential Daily Backup Materials, [Presidential Daily Diary] 2/26/1990. Access restriction: Restricted - Possibly.",https://s3.us-east-1.amazonaws.com/NARAprodstorage/lz/presidential-libraries/bush/gb-nsc/321498139/1990-02-26--Perez.pdf,https://catalog.archives.gov/id/428080569,https://s3.amazonaws.com/NARAprodstorage/lz/presidential-libraries/bush/gb-whasf/Presidential_Daily_Diary_186322/1990/41-bpr-apts_sch-dd-02_26_90-12819-009_415890402.pdf,bush-library-428080569,415890402
490,Medium,Nearby public statement,Venezuela,1990-02-26,Telcon,Memorandum of Telephone Conversation,1990-02-26,0,Remarks to Members of the National Governors' Association,Public Papers of the Presidents,Remarks,Venezuela,"Compare the public line with the private conversation; use for annotation when it explains public posture, timing, or follow-up.","Source: Public Papers of the Presidents of the United States: George H. W. Bush, 1990, Book I, February 26, 1990, ""Remarks to Members of the National Governors' Association"", pp. 274-276. GovInfo, Government Publishing Office.",https://s3.us-east-1.amazonaws.com/NARAprodstorage/lz/presidential-libraries/bush/gb-nsc/321498139/1990-02-26--Perez.pdf,https://catalog.archives.gov/id/428080569,https://www.govinfo.gov/content/pkg/PPP-1990-book1/pdf/PPP-1990-book1.pdf#page=292,bush-library-428080569,govinfo-ppp-1990-book1-292-remarks-to-members-of-the-national-governors-association
491,Medium,Nearby public statement,Venezuela,1990-02-26,Telcon,Memorandum of Telephone Conversation,1990-02-26,0,Statement on the Election of Violeta Chamorro as President of Nicaragua,Public Papers of the Presidents,Statement,Venezuela,"Compare the public line with the private conversation; use for annotation when it explains public posture, timing, or follow-up.","Source: Public Papers of the Presidents of the United States: George H. W. Bush, 1990, Book I, February 26, 1990, ""Statement on the Election of Violeta Chamorro as President of Nicaragua"", pp. 277-278. GovInfo, Government Publishing Office.",https://s3.us-east-1.amazonaws.com/NARAprodstorage/lz/presidential-libraries/bush/gb-nsc/321498139/1990-02-26--Perez.pdf,https://catalog.archives.gov/id/428080569,https://www.govinfo.gov/content/pkg/PPP-1990-book1/pdf/PPP-1990-book1.pdf#page=295,bush-library-428080569,govinfo-ppp-1990-book1-295-statement-on-the-election-of-violeta-chamorro-as-president-of-nicaragua
492,Medium,Daily Diary/backup timing support,Venezuela,1990-03-21,Telcon,Memorandum of Telephone Conversation,1990-03-21,0,[Presidential Daily Backup] 3/21/1990,Presidential Daily Backup,Restricted - Possibly,"Latin America; South America; Venezuela; Bush Library Memcons and Telcons; Telcon","Use to confirm timing, call/meeting status, participants, or backup packet context for a possible source note or editorial note.","Source: George H.W. Bush Library, Bush Presidential Records, White House Office of Appointments and Scheduling Files, Presidential Daily Diary and Presidential Daily Backup Materials, [Presidential Daily Backup] 3/21/1990. Access restriction: Restricted - Possibly.",https://s3.us-east-1.amazonaws.com/NARAprodstorage/lz/presidential-libraries/bush/gb-nsc/321498139/1990-03-21--Perez.pdf,https://catalog.archives.gov/id/428080615,https://s3.amazonaws.com/NARAprodstorage/lz/presidential-libraries/bush/gb-whasf/Presidential_Daily_Diary_186322/1990/41-bpr-apts_sch-dd-03_21_90-12821-016_415890449.pdf,bush-library-428080615,415890449
493,Medium,Daily Diary/backup timing support,Venezuela,1990-03-21,Telcon,Memorandum of Telephone Conversation,1990-03-21,0,[Presidential Daily Diary] 3/21/1990,Presidential Daily Diary,Restricted - Possibly,"Latin America; South America; Venezuela; Bush Library Memcons and Telcons; Telcon","Use to confirm timing, call/meeting status, participants, or backup packet context for a possible source note or editorial note.","Source: George H.W. Bush Library, Bush Presidential Records, White House Office of Appointments and Scheduling Files, Presidential Daily Diary and Presidential Daily Backup Materials, [Presidential Daily Diary] 3/21/1990. Access restriction: Restricted - Possibly.",https://s3.us-east-1.amazonaws.com/NARAprodstorage/lz/presidential-libraries/bush/gb-nsc/321498139/1990-03-21--Perez.pdf,https://catalog.archives.gov/id/428080615,https://s3.amazonaws.com/NARAprodstorage/lz/presidential-libraries/bush/gb-whasf/Presidential_Daily_Diary_186322/1990/41-bpr-apts_sch-dd-03_21_90-12821-015_415890448.pdf,bush-library-428080615,415890448
494,Medium,Daily Diary/backup timing support,Venezuela,1990-04-26,Memcon,Memorandum of Conversation,1990-04-26,0,[Presidential Daily Backup] 4/26/1990,Presidential Daily Backup,Restricted - Possibly,"Latin America; South America; Venezuela; Presidential Memcon Files; Memcon","Use to confirm timing, call/meeting status, participants, or backup packet context for a possible source note or editorial note.","Source: George H.W. Bush Library, Bush Presidential Records, White House Office of Appointments and Scheduling Files, Presidential Daily Diary and Presidential Daily Backup Materials, [Presidential Daily Backup] 4/26/1990. Access restriction: Restricted - Possibly.",https://s3.us-east-1.amazonaws.com/NARAprodstorage/lz/presidential-libraries/bush/gb-nsc/321498039/1990-04-26--Perez.pdf,https://catalog.archives.gov/id/428080655,https://s3.amazonaws.com/NARAprodstorage/lz/presidential-libraries/bush/gb-whasf/Presidential_Daily_Diary_186322/1990/41-bpr-apts_sch-dd-04_26_90-12825-002_415890521.pdf,presidential-series-428080655,415890521
495,Medium,Daily Diary/backup timing support,Venezuela,1990-04-26,Memcon,Memorandum of Conversation,1990-04-26,0,[Presidential Daily Diary] 4/26/1990,Presidential Daily Diary,Restricted - Possibly,"Latin America; South America; Venezuela; Presidential Memcon Files; Memcon","Use to confirm timing, call/meeting status, participants, or backup packet context for a possible source note or editorial note.","Source: George H.W. Bush Library, Bush Presidential Records, White House Office of Appointments and Scheduling Files, Presidential Daily Diary and Presidential Daily Backup Materials, [Presidential Daily Diary] 4/26/1990. Access restriction: Restricted - Possibly.",https://s3.us-east-1.amazonaws.com/NARAprodstorage/lz/presidential-libraries/bush/gb-nsc/321498039/1990-04-26--Perez.pdf,https://catalog.archives.gov/id/428080655,https://s3.amazonaws.com/NARAprodstorage/lz/presidential-libraries/bush/gb-whasf/Presidential_Daily_Diary_186322/1990/41-bpr-apts_sch-dd-04_26_90-12825-001_415890520.pdf,presidential-series-428080655,415890520
496,Medium,Nearby public statement,Venezuela,1990-04-26,Memcon,Memorandum of Conversation,1990-04-26,0,Remarks at the Welcoming Ceremony for President Carlos Andres Pérez of Venezuela,Public Papers of the Presidents,Remarks,Venezuela,"Compare the public line with the private conversation; use for annotation when it explains public posture, timing, or follow-up.","Source: Public Papers of the Presidents of the United States: George H. W. Bush, 1990, Book I, April 26, 1990, ""Remarks at the Welcoming Ceremony for President Carlos Andres Pérez of Venezuela"", pp. 569-571. GovInfo, Government Publishing Office.",https://s3.us-east-1.amazonaws.com/NARAprodstorage/lz/presidential-libraries/bush/gb-nsc/321498039/1990-04-26--Perez.pdf,https://catalog.archives.gov/id/428080655,https://www.govinfo.gov/content/pkg/PPP-1990-book1/pdf/PPP-1990-book1.pdf#page=595,presidential-series-428080655,govinfo-ppp-1990-book1-595-remarks-at-the-welcoming-ceremony-for-president-carlos-andres-p-rez-of-venezuela
497,Medium,Daily Diary/backup timing support,Venezuela,1990-08-13,Telcon,Memorandum of Telephone Conversation,1990-08-13,0,[Presidential Daily Backup] 8/13/1990,Presidential Daily Backup,Restricted - Possibly,"Latin America; South America; Venezuela; Bush Library Memcons and Telcons; Telcon","Use to confirm timing, call/meeting status, participants, or backup packet context for a possible source note or editorial note.","Source: George H.W. Bush Library, Bush Presidential Records, White House Office of Appointments and Scheduling Files, Presidential Daily Diary and Presidential Daily Backup Materials, [Presidential Daily Backup] 8/13/1990. Access restriction: Restricted - Possibly.",https://s3.us-east-1.amazonaws.com/NARAprodstorage/lz/presidential-libraries/bush/gb-nsc/321498139/1990-08-13--Perez.pdf,https://catalog.archives.gov/id/428080951,https://s3.amazonaws.com/NARAprodstorage/lz/presidential-libraries/bush/gb-whasf/Presidential_Daily_Diary_186322/1990/41-bpr-apts_sch-dd-08_13_90-12834-014_415890739.pdf,bush-library-428080951,415890739
498,Medium,Daily Diary/backup timing support,Venezuela,1990-08-13,Telcon,Memorandum of Telephone Conversation,1990-08-13,0,[Presidential Daily Diary] 8/13/1990,Presidential Daily Diary,Restricted - Possibly,"Latin America; South America; Venezuela; Bush Library Memcons and Telcons; Telcon","Use to confirm timing, call/meeting status, participants, or backup packet context for a possible source note or editorial note.","Source: George H.W. Bush Library, Bush Presidential Records, White House Office of Appointments and Scheduling Files, Presidential Daily Diary and Presidential Daily Backup Materials, [Presidential Daily Diary] 8/13/1990. Access restriction: Restricted - Possibly.",https://s3.us-east-1.amazonaws.com/NARAprodstorage/lz/presidential-libraries/bush/gb-nsc/321498139/1990-08-13--Perez.pdf,https://catalog.archives.gov/id/428080951,https://s3.amazonaws.com/NARAprodstorage/lz/presidential-libraries/bush/gb-whasf/Presidential_Daily_Diary_186322/1990/41-bpr-apts_sch-dd-08_13_90-12834-013_415890738.pdf,bush-library-428080951,415890738
499,Medium,Nearby public statement,Venezuela,1990-08-13,Telcon,Memorandum of Telephone Conversation,1990-08-14,1,The President's News Conference,Public Papers of the Presidents,News Conference,Venezuela,"Compare the public line with the private conversation; use for annotation when it explains public posture, timing, or follow-up.","Source: Public Papers of the Presidents of the United States: George H. W. Bush, 1990, Book II, August 14, 1990, ""The President's News Conference"", pp. 1130-1137. GovInfo, Government Publishing Office.",https://s3.us-east-1.amazonaws.com/NARAprodstorage/lz/presidential-libraries/bush/gb-nsc/321498139/1990-08-13--Perez.pdf,https://catalog.archives.gov/id/428080951,https://www.govinfo.gov/content/pkg/PPP-1990-book2/pdf/PPP-1990-book2.pdf#page=188,bush-library-428080951,govinfo-ppp-1990-book2-188-the-president-s-news-conference
500,Medium,Daily Diary/backup timing support,Venezuela,1990-10-01,Memcon,Memorandum of Conversation,1990-10-01,0,[Presidential Daily Backup] 10/01/1990,Presidential Daily Backup,Restricted - Possibly,"Latin America; South America; Venezuela; Bush Library Memcons and Telcons; Memcon","Use to confirm timing, call/meeting status, participants, or backup packet context for a possible source note or editorial note.","Source: George H.W. Bush Library, Bush Presidential Records, White House Office of Appointments and Scheduling Files, Presidential Daily Diary and Presidential Daily Backup Materials, [Presidential Daily Backup] 10/01/1990. Access restriction: Restricted - Possibly.",https://s3.us-east-1.amazonaws.com/NARAprodstorage/lz/presidential-libraries/bush/gb-nsc/321498039/1990-10-01--Perez.pdf,https://catalog.archives.gov/id/428081109,https://s3.amazonaws.com/NARAprodstorage/lz/presidential-libraries/bush/gb-whasf/Presidential_Daily_Diary_186322/1990/41-bpr-apts_sch-dd-10_01_90-12838-004_415890837.pdf,bush-library-428081109,415890837
501,Medium,Daily Diary/backup timing support,Venezuela,1990-10-01,Memcon,Memorandum of Conversation,1990-10-01,0,[Presidential Daily Diary] 10/01/1990,Presidential Daily Diary,Restricted - Possibly,"Latin America; South America; Venezuela; Bush Library Memcons and Telcons; Memcon","Use to confirm timing, call/meeting status, participants, or backup packet context for a possible source note or editorial note.","Source: George H.W. Bush Library, Bush Presidential Records, White House Office of Appointments and Scheduling Files, Presidential Daily Diary and Presidential Daily Backup Materials, [Presidential Daily Diary] 10/01/1990. Access restriction: Restricted - Possibly.",https://s3.us-east-1.amazonaws.com/NARAprodstorage/lz/presidential-libraries/bush/gb-nsc/321498039/1990-10-01--Perez.pdf,https://catalog.archives.gov/id/428081109,https://s3.amazonaws.com/NARAprodstorage/lz/presidential-libraries/bush/gb-whasf/Presidential_Daily_Diary_186322/1990/41-bpr-apts_sch-dd-10_01_90-12838-003_415890836.pdf,bush-library-428081109,415890836
502,Medium,Nearby public statement,Venezuela,1990-10-01,Memcon,Memorandum of Conversation,1990-10-01,0,"Remarks on Signing a Resolution Providing Funding for Continued Government Operation and a Question-and-Answer Session With Reporters in New York, New York",Public Papers of the Presidents,Exchange,Venezuela,"Compare the public line with the private conversation; use for annotation when it explains public posture, timing, or follow-up.","Source: Public Papers of the Presidents of the United States: George H. W. Bush, 1990, Book II, October 1, 1990, ""Remarks on Signing a Resolution Providing Funding for Continued Government Operation and a Question-and-Answer Session With Reporters in New York, New York"", pp. 1335-1341. GovInfo, Government Publishing Office.",https://s3.us-east-1.amazonaws.com/NARAprodstorage/lz/presidential-libraries/bush/gb-nsc/321498039/1990-10-01--Perez.pdf,https://catalog.archives.gov/id/428081109,https://www.govinfo.gov/content/pkg/PPP-1990-book2/pdf/PPP-1990-book2.pdf#page=393,bush-library-428081109,govinfo-ppp-1990-book2-393-remarks-on-signing-a-resolution-providing-funding-for-continued-government-operation-and-a-question-and-answer-session-with-reporters-in-new-york-new-york
503,Medium,Daily Diary/backup timing support,Venezuela,1990-12-08,Memcon,Memorandum of Conversation,1990-12-08,0,[Presidential Daily Backup] 12/8/1990,Presidential Daily Backup,Restricted - Possibly,"Latin America; South America; Venezuela; Bush Library Memcons and Telcons; Memcon","Use to confirm timing, call/meeting status, participants, or backup packet context for a possible source note or editorial note.","Source: George H.W. Bush Library, Bush Presidential Records, White House Office of Appointments and Scheduling Files, Presidential Daily Diary and Presidential Daily Backup Materials, [Presidential Daily Backup] 12/8/1990. Access restriction: Restricted - Possibly.",https://s3.us-east-1.amazonaws.com/NARAprodstorage/lz/presidential-libraries/bush/gb-nsc/321498039/1990-12-08--Perez.pdf,https://catalog.archives.gov/id/428081239,https://s3.amazonaws.com/NARAprodstorage/lz/presidential-libraries/bush/gb-whasf/Presidential_Daily_Diary_186322/1990/41-bpr-apts_sch-dd-12_08_90-12844-008_415890975.pdf,bush-library-428081239,415890975
504,Medium,Nearby public statement,Venezuela,1990-12-08,Memcon,Memorandum of Conversation,1990-12-08,0,"Question-and-Answer Session With Reporters in Caracas, Venezuela",Public Papers of the Presidents,Exchange,Venezuela,"Compare the public line with the private conversation; use for annotation when it explains public posture, timing, or follow-up.","Source: Public Papers of the Presidents of the United States: George H. W. Bush, 1990, Book II, December 8, 1990, ""Question-and-Answer Session With Reporters in Caracas, Venezuela"", pp. 1772-1774. GovInfo, Government Publishing Office.",https://s3.us-east-1.amazonaws.com/NARAprodstorage/lz/presidential-libraries/bush/gb-nsc/321498039/1990-12-08--Perez.pdf,https://catalog.archives.gov/id/428081239,https://www.govinfo.gov/content/pkg/PPP-1990-book2/pdf/PPP-1990-book2.pdf#page=838,bush-library-428081239,govinfo-ppp-1990-book2-838-question-and-answer-session-with-reporters-in-caracas-venezuela
505,Medium,Nearby public statement,Venezuela,1990-12-08,Memcon,Memorandum of Conversation,1990-12-08,0,"Remarks at a Luncheon Hosted by the Venezuelan-American Chambers of Commerce in Caracas, Venezuela",Public Papers of the Presidents,Remarks,"Argentina; Brazil; Chile; Uruguay; Venezuela","Compare the public line with the private conversation; use for annotation when it explains public posture, timing, or follow-up.","Source: Public Papers of the Presidents of the United States: George H. W. Bush, 1990, Book II, December 8, 1990, ""Remarks at a Luncheon Hosted by the Venezuelan-American Chambers of Commerce in Caracas, Venezuela"", pp. 1774-1777. GovInfo, Government Publishing Office.",https://s3.us-east-1.amazonaws.com/NARAprodstorage/lz/presidential-libraries/bush/gb-nsc/321498039/1990-12-08--Perez.pdf,https://catalog.archives.gov/id/428081239,https://www.govinfo.gov/content/pkg/PPP-1990-book2/pdf/PPP-1990-book2.pdf#page=840,bush-library-428081239,govinfo-ppp-1990-book2-840-remarks-at-a-luncheon-hosted-by-the-venezuelan-american-chambers-of-commerce-in-caracas-venezuela
506,Medium,Nearby public statement,Venezuela,1990-12-08,Memcon,Memorandum of Conversation,1990-12-07,-1,"Toast at a State Dinner in Caracas, Venezuela",Public Papers of the Presidents,Public Paper,"Argentina; Bolivia; Brazil; Chile; Ecuador; Paraguay; Peru; Uruguay; Venezuela","Compare the public line with the private conversation; use for annotation when it explains public posture, timing, or follow-up.","Source: Public Papers of the Presidents of the United States: George H. W. Bush, 1990, Book II, December 7, 1990, ""Toast at a State Dinner in Caracas, Venezuela"", pp. 1770-1772. GovInfo, Government Publishing Office.",https://s3.us-east-1.amazonaws.com/NARAprodstorage/lz/presidential-libraries/bush/gb-nsc/321498039/1990-12-08--Perez.pdf,https://catalog.archives.gov/id/428081239,https://www.govinfo.gov/content/pkg/PPP-1990-book2/pdf/PPP-1990-book2.pdf#page=836,bush-library-428081239,govinfo-ppp-1990-book2-836-toast-at-a-state-dinner-in-caracas-venezuela
507,Medium,Daily Diary/backup timing support,Venezuela,1991-02-08,Telcon,Memorandum of Telephone Conversation,1991-02-08,0,[Presidential Daily Backup] 2/8/1991,Presidential Daily Backup,Restricted - Possibly,"Latin America; South America; Venezuela; Bush Library Memcons and Telcons; Telcon","Use to confirm timing, call/meeting status, participants, or backup packet context for a possible source note or editorial note.","Source: George H.W. Bush Library, Bush Presidential Records, White House Office of Appointments and Scheduling Files, Presidential Daily Diary and Presidential Daily Backup Materials, [Presidential Daily Backup] 2/8/1991. Access restriction: Restricted - Possibly.",https://s3.us-east-1.amazonaws.com/NARAprodstorage/lz/presidential-libraries/bush/gb-nsc/321498139/1991-02-08--Perez.pdf,https://catalog.archives.gov/id/428081439,https://s3.amazonaws.com/NARAprodstorage/lz/presidential-libraries/bush/gb-whasf/Presidential_Daily_Diary_186322/1991/41-bpr-apts_sch-dd-02_08_91-12848-016_415891099.pdf,bush-library-428081439,415891099
508,Medium,Daily Diary/backup timing support,Venezuela,1991-02-08,Telcon,Memorandum of Telephone Conversation,1991-02-08,0,[Presidential Daily Diary] 2/8/1991,Presidential Daily Diary,Restricted - Possibly,"Latin America; South America; Venezuela; Bush Library Memcons and Telcons; Telcon","Use to confirm timing, call/meeting status, participants, or backup packet context for a possible source note or editorial note.","Source: George H.W. Bush Library, Bush Presidential Records, White House Office of Appointments and Scheduling Files, Presidential Daily Diary and Presidential Daily Backup Materials, [Presidential Daily Diary] 2/8/1991. Access restriction: Restricted - Possibly.",https://s3.us-east-1.amazonaws.com/NARAprodstorage/lz/presidential-libraries/bush/gb-nsc/321498139/1991-02-08--Perez.pdf,https://catalog.archives.gov/id/428081439,https://s3.amazonaws.com/NARAprodstorage/opastorage/live/45/1863/186345/content/arcmedia/media/images/40/21/40-2097a.gif,bush-library-428081439,415891098
509,Medium,Daily Diary/backup timing support,Venezuela,1991-04-09,Telcon,Memorandum of Telephone Conversation,1991-04-09,0,[Presidential Daily Backup] 4/9/1991,Presidential Daily Backup,Restricted - Possibly,"Latin America; South America; Venezuela; Bush Library Memcons and Telcons; Telcon","Use to confirm timing, call/meeting status, participants, or backup packet context for a possible source note or editorial note.","Source: George H.W. Bush Library, Bush Presidential Records, White House Office of Appointments and Scheduling Files, Presidential Daily Diary and Presidential Daily Backup Materials, [Presidential Daily Backup] 4/9/1991. Access restriction: Restricted - Possibly.",https://s3.us-east-1.amazonaws.com/NARAprodstorage/lz/presidential-libraries/bush/gb-nsc/321498139/1991-04-09--Perez.pdf,https://catalog.archives.gov/id/428081595,https://s3.amazonaws.com/NARAprodstorage/lz/presidential-libraries/bush/gb-whasf/Presidential_Daily_Diary_186322/1991/41-bpr-apts_sch-dd-04_09_91-12853-012_415891219.pdf,bush-library-428081595,415891219
510,Medium,Daily Diary/backup timing support,Venezuela,1991-04-09,Telcon,Memorandum of Telephone Conversation,1991-04-09,0,[Presidential Daily Diary] 4/9/1991,Presidential Daily Diary,Restricted - Possibly,"Latin America; South America; Venezuela; Bush Library Memcons and Telcons; Telcon","Use to confirm timing, call/meeting status, participants, or backup packet context for a possible source note or editorial note.","Source: George H.W. Bush Library, Bush Presidential Records, White House Office of Appointments and Scheduling Files, Presidential Daily Diary and Presidential Daily Backup Materials, [Presidential Daily Diary] 4/9/1991. Access restriction: Restricted - Possibly.",https://s3.us-east-1.amazonaws.com/NARAprodstorage/lz/presidential-libraries/bush/gb-nsc/321498139/1991-04-09--Perez.pdf,https://catalog.archives.gov/id/428081595,https://s3.amazonaws.com/NARAprodstorage/lz/presidential-libraries/bush/gb-whasf/Presidential_Daily_Diary_186322/1991/41-bpr-apts_sch-dd-04_09_91-12853-011_415891218.pdf,bush-library-428081595,415891218
511,Medium,Daily Diary/backup timing support,Venezuela,1991-04-20,Telcon,Memorandum of Telephone Conversation,1991-04-20,0,[Presidential Daily Backup] 4/20/1991,Presidential Daily Backup,Restricted - Possibly,"Latin America; South America; Venezuela; Bush Library Memcons and Telcons; Telcon","Use to confirm timing, call/meeting status, participants, or backup packet context for a possible source note or editorial note.","Source: George H.W. Bush Library, Bush Presidential Records, White House Office of Appointments and Scheduling Files, Presidential Daily Diary and Presidential Daily Backup Materials, [Presidential Daily Backup] 4/20/1991. Access restriction: Restricted - Possibly.",https://s3.us-east-1.amazonaws.com/NARAprodstorage/lz/presidential-libraries/bush/gb-nsc/321498139/1991-04-20--Perez.pdf,https://catalog.archives.gov/id/428081653,https://s3.amazonaws.com/NARAprodstorage/lz/presidential-libraries/bush/gb-whasf/Presidential_Daily_Diary_186322/1991/41-bpr-apts_sch-dd-04_20_91-12855-002_415891241.pdf,bush-library-428081653,415891241
512,Medium,Daily Diary/backup timing support,Venezuela,1991-04-20,Telcon,Memorandum of Telephone Conversation,1991-04-20,0,[Presidential Daily Diary] 4/20/1991,Presidential Daily Diary,Restricted - Possibly,"Latin America; South America; Venezuela; Bush Library Memcons and Telcons; Telcon","Use to confirm timing, call/meeting status, participants, or backup packet context for a possible source note or editorial note.","Source: George H.W. Bush Library, Bush Presidential Records, White House Office of Appointments and Scheduling Files, Presidential Daily Diary and Presidential Daily Backup Materials, [Presidential Daily Diary] 4/20/1991. Access restriction: Restricted - Possibly.",https://s3.us-east-1.amazonaws.com/NARAprodstorage/lz/presidential-libraries/bush/gb-nsc/321498139/1991-04-20--Perez.pdf,https://catalog.archives.gov/id/428081653,https://s3.amazonaws.com/NARAprodstorage/lz/presidential-libraries/bush/gb-whasf/Presidential_Daily_Diary_186322/1991/41-bpr-apts_sch-dd-04_20_91-12855-001_415891240.pdf,bush-library-428081653,415891240
513,Medium,Daily Diary/backup timing support,Venezuela,1991-05-03,Memcon,Memorandum of Conversation,1991-05-03,0,[Presidential Daily Backup] 5/3/1991,Presidential Daily Backup,Restricted - Possibly,"Latin America; South America; Venezuela; Bush Library Memcons and Telcons; Memcon","Use to confirm timing, call/meeting status, participants, or backup packet context for a possible source note or editorial note.","Source: George H.W. Bush Library, Bush Presidential Records, White House Office of Appointments and Scheduling Files, Presidential Daily Diary and Presidential Daily Backup Materials, [Presidential Daily Backup] 5/3/1991. Access restriction: Restricted - Possibly.",https://s3.us-east-1.amazonaws.com/NARAprodstorage/lz/presidential-libraries/bush/gb-nsc/321498039/1991-05-03--Perez.pdf,https://catalog.archives.gov/id/428081627,https://s3.amazonaws.com/NARAprodstorage/lz/presidential-libraries/bush/gb-whasf/Presidential_Daily_Diary_186322/1991/41-bpr-apts_sch-dd-05_02_91-12856-006_415891267.pdf,bush-library-428081627,415891267
514,Medium,Daily Diary/backup timing support,Venezuela,1991-05-03,Memcon,Memorandum of Conversation,1991-05-03,0,[Presidential Daily Diary] 5/3/1991,Presidential Daily Diary,Restricted - Possibly,"Latin America; South America; Venezuela; Bush Library Memcons and Telcons; Memcon","Use to confirm timing, call/meeting status, participants, or backup packet context for a possible source note or editorial note.","Source: George H.W. Bush Library, Bush Presidential Records, White House Office of Appointments and Scheduling Files, Presidential Daily Diary and Presidential Daily Backup Materials, [Presidential Daily Diary] 5/3/1991. Access restriction: Restricted - Possibly.",https://s3.us-east-1.amazonaws.com/NARAprodstorage/lz/presidential-libraries/bush/gb-nsc/321498039/1991-05-03--Perez.pdf,https://catalog.archives.gov/id/428081627,https://s3.amazonaws.com/NARAprodstorage/lz/presidential-libraries/bush/gb-whasf/Presidential_Daily_Diary_186322/1991/41-bpr-apts_sch-dd-05_02_91-12856-005_415891266.pdf,bush-library-428081627,415891266
515,Medium,Nearby public statement,Venezuela,1991-05-03,Memcon,Memorandum of Conversation,1991-05-03,0,Exchange With Reporters on Reports of a 1980 Hostage Agreement,Public Papers of the Presidents,Exchange,Venezuela,"Compare the public line with the private conversation; use for annotation when it explains public posture, timing, or follow-up.","Source: Public Papers of the Presidents of the United States: George H. W. Bush, 1991, Book I, May 3, 1991, ""Exchange With Reporters on Reports of a 1980 Hostage Agreement"", p. 462. GovInfo, Government Publishing Office.",https://s3.us-east-1.amazonaws.com/NARAprodstorage/lz/presidential-libraries/bush/gb-nsc/321498039/1991-05-03--Perez.pdf,https://catalog.archives.gov/id/428081627,https://www.govinfo.gov/content/pkg/PPP-1991-book1/pdf/PPP-1991-book1-doc-pg462-2.pdf,bush-library-428081627,govinfo-PPP-1991-book1-doc-pg462-2
516,Medium,Nearby public statement,Venezuela,1991-05-03,Memcon,Memorandum of Conversation,1991-05-03,0,Statement by Press Secretary Fitzwater on President Bush's Meeting With President Carlos Andres Perez of Venezuela,Public Papers of the Presidents,Statement,"Suriname; Venezuela","Compare the public line with the private conversation; use for annotation when it explains public posture, timing, or follow-up.","Source: Public Papers of the Presidents of the United States: George H. W. Bush, 1991, Book I, May 3, 1991, ""Statement by Press Secretary Fitzwater on President Bush's Meeting With President Carlos Andres Perez of Venezuela"", p. 462. GovInfo, Government Publishing Office.",https://s3.us-east-1.amazonaws.com/NARAprodstorage/lz/presidential-libraries/bush/gb-nsc/321498039/1991-05-03--Perez.pdf,https://catalog.archives.gov/id/428081627,https://www.govinfo.gov/content/pkg/PPP-1991-book1/pdf/PPP-1991-book1-doc-pg462-3.pdf,bush-library-428081627,govinfo-PPP-1991-book1-doc-pg462-3
517,Medium,Daily Diary/backup timing support,Venezuela,1991-09-05,Telcon,Memorandum of Telephone Conversation,1991-09-05,0,[Presidential Daily Backup] 9/5/1991,Presidential Daily Backup,Restricted - Possibly,"Latin America; South America; Venezuela; Bush Library Memcons and Telcons; Telcon","Use to confirm timing, call/meeting status, participants, or backup packet context for a possible source note or editorial note.","Source: George H.W. Bush Library, Bush Presidential Records, White House Office of Appointments and Scheduling Files, Presidential Daily Diary and Presidential Daily Backup Materials, [Presidential Daily Backup] 9/5/1991. Access restriction: Restricted - Possibly.",https://s3.us-east-1.amazonaws.com/NARAprodstorage/lz/presidential-libraries/bush/gb-nsc/321498139/1991-09-05--Perez.pdf,https://catalog.archives.gov/id/428081909,https://s3.amazonaws.com/NARAprodstorage/lz/presidential-libraries/bush/gb-whasf/Presidential_Daily_Diary_186322/1991/41-bpr-apts_sch-dd-09_05_91-12866-038_415891518.pdf,bush-library-428081909,415891518
518,Medium,Daily Diary/backup timing support,Venezuela,1991-09-05,Telcon,Memorandum of Telephone Conversation,1991-09-05,0,[Presidential Daily Diary] 9/5/1991,Presidential Daily Diary,Restricted - Possibly,"Latin America; South America; Venezuela; Bush Library Memcons and Telcons; Telcon","Use to confirm timing, call/meeting status, participants, or backup packet context for a possible source note or editorial note.","Source: George H.W. Bush Library, Bush Presidential Records, White House Office of Appointments and Scheduling Files, Presidential Daily Diary and Presidential Daily Backup Materials, [Presidential Daily Diary] 9/5/1991. Access restriction: Restricted - Possibly.",https://s3.us-east-1.amazonaws.com/NARAprodstorage/lz/presidential-libraries/bush/gb-nsc/321498139/1991-09-05--Perez.pdf,https://catalog.archives.gov/id/428081909,https://s3.amazonaws.com/NARAprodstorage/lz/presidential-libraries/bush/gb-whasf/Presidential_Daily_Diary_186322/1991/41-bpr-apts_sch-dd-09_05_91-12866-037_415891517.pdf,bush-library-428081909,415891517
519,Medium,Daily Diary/backup timing support,Venezuela,1991-09-24,Memcon,Memorandum of Conversation,1991-09-24,0,[Presidential Daily Backup] 9/24/1991,Presidential Daily Backup,Restricted - Possibly,"Latin America; South America; Venezuela; Bush Library Memcons and Telcons; Memcon","Use to confirm timing, call/meeting status, participants, or backup packet context for a possible source note or editorial note.","Source: George H.W. Bush Library, Bush Presidential Records, White House Office of Appointments and Scheduling Files, Presidential Daily Diary and Presidential Daily Backup Materials, [Presidential Daily Backup] 9/24/1991. Access restriction: Restricted - Possibly.",https://s3.us-east-1.amazonaws.com/NARAprodstorage/lz/presidential-libraries/bush/gb-nsc/321498039/1991-09-24--Perez.pdf,https://catalog.archives.gov/id/428081905,https://s3.amazonaws.com/NARAprodstorage/lz/presidential-libraries/bush/gb-whasf/Presidential_Daily_Diary_186322/1991/41-bpr-apts_sch-dd-09_24_91-12868-012_415891556.pdf,bush-library-428081905,415891556
520,Medium,Daily Diary/backup timing support,Venezuela,1991-09-24,Memcon,Memorandum of Conversation,1991-09-24,0,[Presidential Daily Diary] 9/24/1991,Presidential Daily Diary,Restricted - Possibly,"Latin America; South America; Venezuela; Bush Library Memcons and Telcons; Memcon","Use to confirm timing, call/meeting status, participants, or backup packet context for a possible source note or editorial note.","Source: George H.W. Bush Library, Bush Presidential Records, White House Office of Appointments and Scheduling Files, Presidential Daily Diary and Presidential Daily Backup Materials, [Presidential Daily Diary] 9/24/1991. Access restriction: Restricted - Possibly.",https://s3.us-east-1.amazonaws.com/NARAprodstorage/lz/presidential-libraries/bush/gb-nsc/321498039/1991-09-24--Perez.pdf,https://catalog.archives.gov/id/428081905,https://s3.amazonaws.com/NARAprodstorage/lz/presidential-libraries/bush/gb-whasf/Presidential_Daily_Diary_186322/1991/41-bpr-apts_sch-dd-09_24_91-12868-011_415891555.pdf,bush-library-428081905,415891555
521,Medium,Nearby public statement,Venezuela,1991-09-24,Memcon,Memorandum of Conversation,1991-09-24,0,Exchange With Reporters in New York City Following Discussions With President Carlos Perez of Venezuela,Public Papers of the Presidents,Exchange,Venezuela,"Compare the public line with the private conversation; use for annotation when it explains public posture, timing, or follow-up.","Source: Public Papers of the Presidents of the United States: George H. W. Bush, 1991, Book II, September 24, 1991, ""Exchange With Reporters in New York City Following Discussions With President Carlos Perez of Venezuela"", pp. 1205-1206. GovInfo, Government Publishing Office.",https://s3.us-east-1.amazonaws.com/NARAprodstorage/lz/presidential-libraries/bush/gb-nsc/321498039/1991-09-24--Perez.pdf,https://catalog.archives.gov/id/428081905,https://www.govinfo.gov/content/pkg/PPP-1991-book2/pdf/PPP-1991-book2.pdf#page=423,bush-library-428081905,govinfo-ppp-1991-book2-423-exchange-with-reporters-in-new-york-city-following-discussions-with-president-carlos-perez-of-venezuela
522,Medium,Daily Diary/backup timing support,Venezuela,1991-09-30,Telcon,Memorandum of Telephone Conversation,1991-09-30,0,[Presidential Daily Backup] 9/30/1991,Presidential Daily Backup,Restricted - Possibly,"Latin America; South America; Venezuela; Bush Library Memcons and Telcons; Telcon","Use to confirm timing, call/meeting status, participants, or backup packet context for a possible source note or editorial note.","Source: George H.W. Bush Library, Bush Presidential Records, White House Office of Appointments and Scheduling Files, Presidential Daily Diary and Presidential Daily Backup Materials, [Presidential Daily Backup] 9/30/1991. Access restriction: Restricted - Possibly.",https://s3.us-east-1.amazonaws.com/NARAprodstorage/lz/presidential-libraries/bush/gb-nsc/321498139/1991-09-30--Perez.pdf,https://catalog.archives.gov/id/428081963,https://s3.amazonaws.com/NARAprodstorage/lz/presidential-libraries/bush/gb-whasf/Presidential_Daily_Diary_186322/1991/41-bpr-apts_sch-dd-09_30_91-12869-002_415891568.pdf,bush-library-428081963,415891568
523,Medium,Daily Diary/backup timing support,Venezuela,1991-09-30,Telcon,Memorandum of Telephone Conversation,1991-09-30,0,[Presidential Daily Diary] 9/30/1991,Presidential Daily Diary,Restricted - Possibly,"Latin America; South America; Venezuela; Bush Library Memcons and Telcons; Telcon","Use to confirm timing, call/meeting status, participants, or backup packet context for a possible source note or editorial note.","Source: George H.W. Bush Library, Bush Presidential Records, White House Office of Appointments and Scheduling Files, Presidential Daily Diary and Presidential Daily Backup Materials, [Presidential Daily Diary] 9/30/1991. Access restriction: Restricted - Possibly.",https://s3.us-east-1.amazonaws.com/NARAprodstorage/lz/presidential-libraries/bush/gb-nsc/321498139/1991-09-30--Perez.pdf,https://catalog.archives.gov/id/428081963,https://s3.amazonaws.com/NARAprodstorage/lz/presidential-libraries/bush/gb-whasf/Presidential_Daily_Diary_186322/1991/41-bpr-apts_sch-dd-09_30_91-12869-001_415891567.pdf,bush-library-428081963,415891567
524,Medium,Daily Diary/backup timing support,Venezuela,1991-10-01,Telcon,Memorandum of Telephone Conversation,1991-10-01,0,[Presidential Daily Backup] 10/1/1991,Presidential Daily Backup,Restricted - Possibly,"Latin America; South America; Venezuela; Bush Library Memcons and Telcons; Telcon","Use to confirm timing, call/meeting status, participants, or backup packet context for a possible source note or editorial note.","Source: George H.W. Bush Library, Bush Presidential Records, White House Office of Appointments and Scheduling Files, Presidential Daily Diary and Presidential Daily Backup Materials, [Presidential Daily Backup] 10/1/1991. Access restriction: Restricted - Possibly.",https://s3.us-east-1.amazonaws.com/NARAprodstorage/lz/presidential-libraries/bush/gb-nsc/321498139/1991-10-01--Perez.pdf,https://catalog.archives.gov/id/428081965,https://s3.amazonaws.com/NARAprodstorage/lz/presidential-libraries/bush/gb-whasf/Presidential_Daily_Diary_186322/1991/41-bpr-apts_sch-dd-10_01_91-12869-004_415891570.pdf,bush-library-428081965,415891570
525,Medium,Daily Diary/backup timing support,Venezuela,1991-10-01,Telcon,Memorandum of Telephone Conversation,1991-10-01,0,[Presidential Daily Diary] 10/1/1991,Presidential Daily Diary,Restricted - Possibly,"Latin America; South America; Venezuela; Bush Library Memcons and Telcons; Telcon","Use to confirm timing, call/meeting status, participants, or backup packet context for a possible source note or editorial note.","Source: George H.W. Bush Library, Bush Presidential Records, White House Office of Appointments and Scheduling Files, Presidential Daily Diary and Presidential Daily Backup Materials, [Presidential Daily Diary] 10/1/1991. Access restriction: Restricted - Possibly.",https://s3.us-east-1.amazonaws.com/NARAprodstorage/lz/presidential-libraries/bush/gb-nsc/321498139/1991-10-01--Perez.pdf,https://catalog.archives.gov/id/428081965,https://s3.amazonaws.com/NARAprodstorage/lz/presidential-libraries/bush/gb-whasf/Presidential_Daily_Diary_186322/1991/41-bpr-apts_sch-dd-10_01_91-12869-003_415891569.pdf,bush-library-428081965,415891569
526,Medium,Daily Diary/backup timing support,Venezuela,1991-10-10,Telcon,Memorandum of Telephone Conversation,1991-10-10,0,[Presidential Daily Backup] 10/10/1991,Presidential Daily Backup,Restricted - Possibly,"Latin America; South America; Venezuela; Bush Library Memcons and Telcons; Telcon","Use to confirm timing, call/meeting status, participants, or backup packet context for a possible source note or editorial note.","Source: George H.W. Bush Library, Bush Presidential Records, White House Office of Appointments and Scheduling Files, Presidential Daily Diary and Presidential Daily Backup Materials, [Presidential Daily Backup] 10/10/1991. Access restriction: Restricted - Possibly.",https://s3.us-east-1.amazonaws.com/NARAprodstorage/lz/presidential-libraries/bush/gb-nsc/321498139/1991-10-10--Perez.pdf,https://catalog.archives.gov/id/428082007,https://s3.amazonaws.com/NARAprodstorage/lz/presidential-libraries/bush/gb-whasf/Presidential_Daily_Diary_186322/1991/41-bpr-apts_sch-dd-10_10_91-12870-008_415891589.pdf,bush-library-428082007,415891589
527,Medium,Daily Diary/backup timing support,Venezuela,1991-10-10,Telcon,Memorandum of Telephone Conversation,1991-10-10,0,[Presidential Daily Diary] 10/10/1991,Presidential Daily Diary,Restricted - Possibly,"Latin America; South America; Venezuela; Bush Library Memcons and Telcons; Telcon","Use to confirm timing, call/meeting status, participants, or backup packet context for a possible source note or editorial note.","Source: George H.W. Bush Library, Bush Presidential Records, White House Office of Appointments and Scheduling Files, Presidential Daily Diary and Presidential Daily Backup Materials, [Presidential Daily Diary] 10/10/1991. Access restriction: Restricted - Possibly.",https://s3.us-east-1.amazonaws.com/NARAprodstorage/lz/presidential-libraries/bush/gb-nsc/321498139/1991-10-10--Perez.pdf,https://catalog.archives.gov/id/428082007,https://s3.amazonaws.com/NARAprodstorage/lz/presidential-libraries/bush/gb-whasf/Presidential_Daily_Diary_186322/1991/41-bpr-apts_sch-dd-10_10_91-12870-007_415891588.pdf,bush-library-428082007,415891588
528,Medium,Daily Diary/backup timing support,Venezuela,1991-11-15,Telcon,Memorandum of Telephone Conversation,1991-11-15,0,[Presidential Daily Backup] 11/15/1991,Presidential Daily Backup,Restricted - Possibly,"Latin America; South America; Venezuela; Bush Library Memcons and Telcons; Telcon","Use to confirm timing, call/meeting status, participants, or backup packet context for a possible source note or editorial note.","Source: George H.W. Bush Library, Bush Presidential Records, White House Office of Appointments and Scheduling Files, Presidential Daily Diary and Presidential Daily Backup Materials, [Presidential Daily Backup] 11/15/1991. Access restriction: Restricted - Possibly.",https://s3.us-east-1.amazonaws.com/NARAprodstorage/lz/presidential-libraries/bush/gb-nsc/321498139/1991-11-15--Perez.pdf,https://catalog.archives.gov/id/428082045,https://s3.amazonaws.com/NARAprodstorage/lz/presidential-libraries/bush/gb-whasf/Presidential_Daily_Diary_186322/1991/41-bpr-apts_sch-dd-11_15_91-12873-015_415891663.pdf,bush-library-428082045,415891663
529,Medium,Daily Diary/backup timing support,Venezuela,1991-11-15,Telcon,Memorandum of Telephone Conversation,1991-11-15,0,[Presidential Daily Diary] 11/15/1991,Presidential Daily Diary,Restricted - Possibly,"Latin America; South America; Venezuela; Bush Library Memcons and Telcons; Telcon","Use to confirm timing, call/meeting status, participants, or backup packet context for a possible source note or editorial note.","Source: George H.W. Bush Library, Bush Presidential Records, White House Office of Appointments and Scheduling Files, Presidential Daily Diary and Presidential Daily Backup Materials, [Presidential Daily Diary] 11/15/1991. Access restriction: Restricted - Possibly.",https://s3.us-east-1.amazonaws.com/NARAprodstorage/lz/presidential-libraries/bush/gb-nsc/321498139/1991-11-15--Perez.pdf,https://catalog.archives.gov/id/428082045,https://s3.amazonaws.com/NARAprodstorage/lz/presidential-libraries/bush/gb-whasf/Presidential_Daily_Diary_186322/1991/41-bpr-apts_sch-dd-11_15_91-12873-014_415891662.pdf,bush-library-428082045,415891662
530,Medium,Daily Diary/backup timing support,Venezuela,1991-12-17,Telcon,Memorandum of Telephone Conversation,1991-12-17,0,[Presidential Daily Backup] 12/17/1991,Presidential Daily Backup,Restricted - Possibly,"Latin America; South America; Venezuela; Bush Library Memcons and Telcons; Telcon","Use to confirm timing, call/meeting status, participants, or backup packet context for a possible source note or editorial note.","Source: George H.W. Bush Library, Bush Presidential Records, White House Office of Appointments and Scheduling Files, Presidential Daily Diary and Presidential Daily Backup Materials, [Presidential Daily Backup] 12/17/1991. Access restriction: Restricted - Possibly.",https://s3.us-east-1.amazonaws.com/NARAprodstorage/lz/presidential-libraries/bush/gb-nsc/321498139/1991-12-17--Perez.pdf,https://catalog.archives.gov/id/428082109,https://s3.amazonaws.com/NARAprodstorage/lz/presidential-libraries/bush/gb-whasf/Presidential_Daily_Diary_186322/1991/41-bpr-apts_sch-dd-12_17_91-12876-010_415891727.pdf,bush-library-428082109,415891727
531,Medium,Daily Diary/backup timing support,Venezuela,1991-12-17,Telcon,Memorandum of Telephone Conversation,1991-12-17,0,[Presidential Daily Diary] 12/17/1991,Presidential Daily Diary,Restricted - Possibly,"Latin America; South America; Venezuela; Bush Library Memcons and Telcons; Telcon","Use to confirm timing, call/meeting status, participants, or backup packet context for a possible source note or editorial note.","Source: George H.W. Bush Library, Bush Presidential Records, White House Office of Appointments and Scheduling Files, Presidential Daily Diary and Presidential Daily Backup Materials, [Presidential Daily Diary] 12/17/1991. Access restriction: Restricted - Possibly.",https://s3.us-east-1.amazonaws.com/NARAprodstorage/lz/presidential-libraries/bush/gb-nsc/321498139/1991-12-17--Perez.pdf,https://catalog.archives.gov/id/428082109,https://s3.amazonaws.com/NARAprodstorage/lz/presidential-libraries/bush/gb-whasf/Presidential_Daily_Diary_186322/1991/41-bpr-apts_sch-dd-12_17_91-12876-009_415891726.pdf,bush-library-428082109,415891726
532,Medium,Daily Diary/backup timing support,Venezuela,1992-04-09,Telcon,Memorandum of a Telephone Conversation,1992-04-09,0,[Presidential Daily Backup] 4/9/1992,Presidential Daily Backup,Restricted - Possibly,"Latin America; South America; Venezuela; Brent Scowcroft Papers; Head-of-state memcons and telcons","Use to confirm timing, call/meeting status, participants, or backup packet context for a possible source note or editorial note.","Source: George H.W. Bush Library, Bush Presidential Records, White House Office of Appointments and Scheduling Files, Presidential Daily Diary and Presidential Daily Backup Materials, [Presidential Daily Backup] 4/9/1992. Access restriction: Restricted - Possibly.",documents/venezuela/1992-04-09-bush-carlos-andres-perez-telcon-91113-003-p61-scowcroft.pdf,https://catalog.archives.gov/id/366551703,https://s3.dualstack.us-east-1.amazonaws.com/NARAprodstorage/lz/presidential-libraries/bush/gb-whasf/Presidential_Daily_Diary_186322/1992/41-bpr-apts_sch-dd-04_09_92-12886-010_415891957.pdf,scowcroft-366551703-61-carlos-andres-perez-telcon,415891957
533,Medium,Daily Diary/backup timing support,Venezuela,1992-04-09,Telcon,Memorandum of a Telephone Conversation,1992-04-09,0,[Presidential Daily Diary] 4/9/1992,Presidential Daily Diary,Restricted - Possibly,"Latin America; South America; Venezuela; Brent Scowcroft Papers; Head-of-state memcons and telcons","Use to confirm timing, call/meeting status, participants, or backup packet context for a possible source note or editorial note.","Source: George H.W. Bush Library, Bush Presidential Records, White House Office of Appointments and Scheduling Files, Presidential Daily Diary and Presidential Daily Backup Materials, [Presidential Daily Diary] 4/9/1992. Access restriction: Restricted - Possibly.",documents/venezuela/1992-04-09-bush-carlos-andres-perez-telcon-91113-003-p61-scowcroft.pdf,https://catalog.archives.gov/id/366551703,https://s3.dualstack.us-east-1.amazonaws.com/NARAprodstorage/lz/presidential-libraries/bush/gb-whasf/Presidential_Daily_Diary_186322/1992/41-bpr-apts_sch-dd-04_09_92-12886-009_415891956.pdf,scowcroft-366551703-61-carlos-andres-perez-telcon,415891956
534,Medium,Nearby public statement,Venezuela,1992-04-09,Telcon,Memorandum of a Telephone Conversation,1992-04-10,1,The President's News Conference,Public Papers of the Presidents,News Conference,"Argentina; Brazil; Peru; Venezuela","Compare the public line with the private conversation; use for annotation when it explains public posture, timing, or follow-up.","Source: Public Papers of the Presidents of the United States: George H. W. Bush, 1992, Book I, April 10, 1992, ""The President's News Conference"", p. 579. GovInfo, Government Publishing Office.",documents/venezuela/1992-04-09-bush-carlos-andres-perez-telcon-91113-003-p61-scowcroft.pdf,https://catalog.archives.gov/id/366551703,https://www.govinfo.gov/content/pkg/PPP-1992-book1/pdf/PPP-1992-book1-doc-pg579.pdf,scowcroft-366551703-61-carlos-andres-perez-telcon,govinfo-PPP-1992-book1-doc-pg579
535,Medium,Daily Diary/backup timing support,Venezuela,1992-06-20,Telcon,Memorandum of Telephone Conversation,1992-06-20,0,[Presidential Daily Backup] 6/20/1992,Presidential Daily Backup,Restricted - Possibly,"Latin America; South America; Venezuela; Bush Library Memcons and Telcons; Telcon","Use to confirm timing, call/meeting status, participants, or backup packet context for a possible source note or editorial note.","Source: George H.W. Bush Library, Bush Presidential Records, White House Office of Appointments and Scheduling Files, Presidential Daily Diary and Presidential Daily Backup Materials, [Presidential Daily Backup] 6/20/1992. Access restriction: Restricted - Possibly.",https://s3.us-east-1.amazonaws.com/NARAprodstorage/lz/presidential-libraries/bush/gb-nsc/321498139/1992-06-20--Perez.pdf,https://catalog.archives.gov/id/428082247,https://s3.dualstack.us-east-1.amazonaws.com/NARAprodstorage/lz/presidential-libraries/bush/gb-whasf/Presidential_Daily_Diary_186322/1992/41-bpr-apts_sch-dd-06_20_92-12893-014_415892103.pdf,bush-library-428082247,415892103
536,Medium,Daily Diary/backup timing support,Venezuela,1992-06-20,Telcon,Memorandum of Telephone Conversation,1992-06-20,0,[Presidential Daily Diary] 6/20/1992,Presidential Daily Diary,Restricted - Possibly,"Latin America; South America; Venezuela; Bush Library Memcons and Telcons; Telcon","Use to confirm timing, call/meeting status, participants, or backup packet context for a possible source note or editorial note.","Source: George H.W. Bush Library, Bush Presidential Records, White House Office of Appointments and Scheduling Files, Presidential Daily Diary and Presidential Daily Backup Materials, [Presidential Daily Diary] 6/20/1992. Access restriction: Restricted - Possibly.",https://s3.us-east-1.amazonaws.com/NARAprodstorage/lz/presidential-libraries/bush/gb-nsc/321498139/1992-06-20--Perez.pdf,https://catalog.archives.gov/id/428082247,https://s3.dualstack.us-east-1.amazonaws.com/NARAprodstorage/lz/presidential-libraries/bush/gb-whasf/Presidential_Daily_Diary_186322/1992/41-bpr-apts_sch-dd-06_20_92-12893-013_415892102.pdf,bush-library-428082247,415892102
537,Medium,Daily Diary/backup timing support,Venezuela,1992-11-27,Memcon,Memorandum of Conversation,1992-11-27,0,[Presidential Daily Backup] 11/27/1992,Presidential Daily Backup,Restricted - Possibly,"Latin America; South America; Venezuela; Bush Library Memcons and Telcons; Memcon","Use to confirm timing, call/meeting status, participants, or backup packet context for a possible source note or editorial note.","Source: George H.W. Bush Library, Bush Presidential Records, White House Office of Appointments and Scheduling Files, Presidential Daily Diary and Presidential Daily Backup Materials, [Presidential Daily Backup] 11/27/1992. Access restriction: Restricted - Possibly.",https://s3.us-east-1.amazonaws.com/NARAprodstorage/lz/presidential-libraries/bush/gb-nsc/321498039/1992-11-27--Perez-1.pdf,https://catalog.archives.gov/id/428082369,https://s3.dualstack.us-east-1.amazonaws.com/NARAprodstorage/lz/presidential-libraries/bush/gb-whasf/Presidential_Daily_Diary_186322/1992/41-bpr-apts_sch-dd-11_27_92-26863-024_415892425.pdf,bush-library-428082369,415892425
538,Medium,Daily Diary/backup timing support,Venezuela,1992-11-27,Memcon,Memorandum of Conversation,1992-11-27,0,[Presidential Daily Backup] 11/27/1992,Presidential Daily Backup,Restricted - Possibly,"Latin America; South America; Venezuela; Bush Library Memcons and Telcons; Memcon","Use to confirm timing, call/meeting status, participants, or backup packet context for a possible source note or editorial note.","Source: George H.W. Bush Library, Bush Presidential Records, White House Office of Appointments and Scheduling Files, Presidential Daily Diary and Presidential Daily Backup Materials, [Presidential Daily Backup] 11/27/1992. Access restriction: Restricted - Possibly.",https://s3.us-east-1.amazonaws.com/NARAprodstorage/lz/presidential-libraries/bush/gb-nsc/321498039/1992-11-27--Perez-2.pdf,https://catalog.archives.gov/id/428082371,https://s3.dualstack.us-east-1.amazonaws.com/NARAprodstorage/lz/presidential-libraries/bush/gb-whasf/Presidential_Daily_Diary_186322/1992/41-bpr-apts_sch-dd-11_27_92-26863-024_415892425.pdf,bush-library-428082371,415892425
539,Medium,Daily Diary/backup timing support,Venezuela,1992-11-27,Telcon,Memorandum of a Telephone Conversation,1992-11-27,0,[Presidential Daily Backup] 11/27/1992,Presidential Daily Backup,Restricted - Possibly,"Latin America; South America; Venezuela; Brent Scowcroft Papers; Head-of-state memcons and telcons","Use to confirm timing, call/meeting status, participants, or backup packet context for a possible source note or editorial note.","Source: George H.W. Bush Library, Bush Presidential Records, White House Office of Appointments and Scheduling Files, Presidential Daily Diary and Presidential Daily Backup Materials, [Presidential Daily Backup] 11/27/1992. Access restriction: Restricted - Possibly.",documents/venezuela/1992-11-27-bush-carlos-andres-perez-telcon-91110-002-p65-scowcroft.pdf,https://catalog.archives.gov/id/366551685,https://s3.dualstack.us-east-1.amazonaws.com/NARAprodstorage/lz/presidential-libraries/bush/gb-whasf/Presidential_Daily_Diary_186322/1992/41-bpr-apts_sch-dd-11_27_92-26863-024_415892425.pdf,scowcroft-366551685-65-carlos-andres-perez-telcon,415892425
540,Medium,Daily Diary/backup timing support,Venezuela,1992-11-27,Memcon,Memorandum of Conversation,1992-11-27,0,[Presidential Daily Diary] 11/27/1992,Presidential Daily Diary,Restricted - Possibly,"Latin America; South America; Venezuela; Bush Library Memcons and Telcons; Memcon","Use to confirm timing, call/meeting status, participants, or backup packet context for a possible source note or editorial note.","Source: George H.W. Bush Library, Bush Presidential Records, White House Office of Appointments and Scheduling Files, Presidential Daily Diary and Presidential Daily Backup Materials, [Presidential Daily Diary] 11/27/1992. Access restriction: Restricted - Possibly.",https://s3.us-east-1.amazonaws.com/NARAprodstorage/lz/presidential-libraries/bush/gb-nsc/321498039/1992-11-27--Perez-1.pdf,https://catalog.archives.gov/id/428082369,https://s3.dualstack.us-east-1.amazonaws.com/NARAprodstorage/lz/presidential-libraries/bush/gb-whasf/Presidential_Daily_Diary_186322/1992/41-bpr-apts_sch-dd-11_27_92-26863-023_415892424.pdf,bush-library-428082369,415892424
541,Medium,Daily Diary/backup timing support,Venezuela,1992-11-27,Memcon,Memorandum of Conversation,1992-11-27,0,[Presidential Daily Diary] 11/27/1992,Presidential Daily Diary,Restricted - Possibly,"Latin America; South America; Venezuela; Bush Library Memcons and Telcons; Memcon","Use to confirm timing, call/meeting status, participants, or backup packet context for a possible source note or editorial note.","Source: George H.W. Bush Library, Bush Presidential Records, White House Office of Appointments and Scheduling Files, Presidential Daily Diary and Presidential Daily Backup Materials, [Presidential Daily Diary] 11/27/1992. Access restriction: Restricted - Possibly.",https://s3.us-east-1.amazonaws.com/NARAprodstorage/lz/presidential-libraries/bush/gb-nsc/321498039/1992-11-27--Perez-2.pdf,https://catalog.archives.gov/id/428082371,https://s3.dualstack.us-east-1.amazonaws.com/NARAprodstorage/lz/presidential-libraries/bush/gb-whasf/Presidential_Daily_Diary_186322/1992/41-bpr-apts_sch-dd-11_27_92-26863-023_415892424.pdf,bush-library-428082371,415892424
542,Medium,Daily Diary/backup timing support,Venezuela,1992-11-27,Telcon,Memorandum of a Telephone Conversation,1992-11-27,0,[Presidential Daily Diary] 11/27/1992,Presidential Daily Diary,Restricted - Possibly,"Latin America; South America; Venezuela; Brent Scowcroft Papers; Head-of-state memcons and telcons","Use to confirm timing, call/meeting status, participants, or backup packet context for a possible source note or editorial note.","Source: George H.W. Bush Library, Bush Presidential Records, White House Office of Appointments and Scheduling Files, Presidential Daily Diary and Presidential Daily Backup Materials, [Presidential Daily Diary] 11/27/1992. Access restriction: Restricted - Possibly.",documents/venezuela/1992-11-27-bush-carlos-andres-perez-telcon-91110-002-p65-scowcroft.pdf,https://catalog.archives.gov/id/366551685,https://s3.dualstack.us-east-1.amazonaws.com/NARAprodstorage/lz/presidential-libraries/bush/gb-whasf/Presidential_Daily_Diary_186322/1992/41-bpr-apts_sch-dd-11_27_92-26863-023_415892424.pdf,scowcroft-366551685-65-carlos-andres-perez-telcon,415892424
543,Reference,Daily Diary empty-file check,Argentina,1989-01-23,Telcon,Memorandum of Telephone Conversation,1989-01-23,0,[Presidential Daily Diary] 1/23/1989 [EMPTY],Presidential Daily Diary,Restricted - Possibly,"Latin America; South America; Argentina; Bush Library Memcons and Telcons; Telcon",Use only to confirm that the diary file was empty or that no schedule detail is presently available.,"Source: George H.W. Bush Library, Bush Presidential Records, White House Office of Appointments and Scheduling Files, Presidential Daily Diary and Presidential Daily Backup Materials, [Presidential Daily Diary] 1/23/1989 [EMPTY]. Access restriction: Restricted - Possibly.",https://s3.us-east-1.amazonaws.com/NARAprodstorage/lz/presidential-libraries/bush/gb-nsc/321498139/1989-01-23--Alfonsin.pdf,https://catalog.archives.gov/id/428079775,https://s3.amazonaws.com/NARAprodstorage/lz/presidential-libraries/bush/gb-whasf/Presidential_Daily_Diary_186322/1989/41-bpr-apts_sch-dd-01_23_89-12789-007_415889604.pdf,bush-library-428079775,415889604
544,Reference,Daily Diary empty-file check,Argentina,1989-09-27,Memcon,Memorandum of Conversation,1989-09-27,0,[Presidential Daily Diary] 9/27/1989 [EMPTY],Presidential Daily Diary,Restricted - Possibly,"Latin America; South America; Argentina; Brent Scowcroft Papers; Head-of-state memcons and telcons",Use only to confirm that the diary file was empty or that no schedule detail is presently available.,"Source: George H.W. Bush Library, Bush Presidential Records, White House Office of Appointments and Scheduling Files, Presidential Daily Diary and Presidential Daily Backup Materials, [Presidential Daily Diary] 9/27/1989 [EMPTY]. Access restriction: Restricted - Possibly.",documents/argentina/1989-09-27-bush-carlos-saul-menem-memcon-91107-005-p100-scowcroft.pdf,https://catalog.archives.gov/id/366551664,https://s3.amazonaws.com/NARAprodstorage/lz/presidential-libraries/bush/gb-whasf/Presidential_Daily_Diary_186322/1989/41-bpr-apts_sch-dd-09_27_89-12806-019_415890098.pdf,scowcroft-366551664-100-carlos-saul-menem-memcon,415890098
545,Reference,Daily Diary empty-file check,Argentina,1989-09-27,Memcon,Memorandum of Conversation,1989-09-27,0,[Presidential Daily Diary] 9/27/1989 [EMPTY],Presidential Daily Diary,Restricted - Possibly,"Latin America; South America; Argentina; Bush Library Memcons and Telcons; Memcon",Use only to confirm that the diary file was empty or that no schedule detail is presently available.,"Source: George H.W. Bush Library, Bush Presidential Records, White House Office of Appointments and Scheduling Files, Presidential Daily Diary and Presidential Daily Backup Materials, [Presidential Daily Diary] 9/27/1989 [EMPTY]. Access restriction: Restricted - Possibly.",https://s3.us-east-1.amazonaws.com/NARAprodstorage/lz/presidential-libraries/bush/gb-nsc/321498039/1989-09-27--Menem.pdf,https://catalog.archives.gov/id/428080237,https://s3.amazonaws.com/NARAprodstorage/lz/presidential-libraries/bush/gb-whasf/Presidential_Daily_Diary_186322/1989/41-bpr-apts_sch-dd-09_27_89-12806-019_415890098.pdf,bush-library-428080237,415890098
546,Reference,Daily Diary empty-file check,Argentina,1989-12-20,Telcon,Memorandum of Telephone Conversation,1989-12-20,0,[Presidential Daily Diary] 12/20/1989 [EMPTY],Presidential Daily Diary,Restricted - Possibly,"Latin America; South America; Argentina; Bush Library Memcons and Telcons; Telcon",Use only to confirm that the diary file was empty or that no schedule detail is presently available.,"Source: George H.W. Bush Library, Bush Presidential Records, White House Office of Appointments and Scheduling Files, Presidential Daily Diary and Presidential Daily Backup Materials, [Presidential Daily Diary] 12/20/1989 [EMPTY]. Access restriction: Restricted - Possibly.",https://s3.us-east-1.amazonaws.com/NARAprodstorage/lz/presidential-libraries/bush/gb-nsc/321498139/1989-12-20--Menem.pdf,https://catalog.archives.gov/id/428080455,https://s3.amazonaws.com/NARAprodstorage/lz/presidential-libraries/bush/gb-whasf/Presidential_Daily_Diary_186322/1989/41-bpr-apts_sch-dd-12_20_89-12813-021_415890266.pdf,bush-library-428080455,415890266
547,Reference,Nearby public statement,Argentina,1990-03-01,Telcon,Memorandum of a Telephone Conversation,1990-03-05,4,Statement on the Economic Situation in Argentina,Public Papers of the Presidents,Statement,Argentina,"Compare the public line with the private conversation; use for annotation when it explains public posture, timing, or follow-up.","Source: Public Papers of the Presidents of the United States: George H. W. Bush, 1990, Book I, March 5, 1990, ""Statement on the Economic Situation in Argentina"", p. 318. GovInfo, Government Publishing Office.",documents/argentina/1990-03-01-bush-carlos-saul-menem-telcon-91111-005-p88-scowcroft.pdf,https://catalog.archives.gov/id/366551690,https://www.govinfo.gov/content/pkg/PPP-1990-book1/pdf/PPP-1990-book1.pdf#page=336,scowcroft-366551690-88-carlos-saul-menem-telcon,govinfo-ppp-1990-book1-336-statement-on-the-economic-situation-in-argentina
548,Reference,Nearby public statement,Argentina,1990-03-01,Telcon,Memorandum of Telephone Conversation,1990-03-05,4,Statement on the Economic Situation in Argentina,Public Papers of the Presidents,Statement,Argentina,"Compare the public line with the private conversation; use for annotation when it explains public posture, timing, or follow-up.","Source: Public Papers of the Presidents of the United States: George H. W. Bush, 1990, Book I, March 5, 1990, ""Statement on the Economic Situation in Argentina"", p. 318. GovInfo, Government Publishing Office.",https://s3.us-east-1.amazonaws.com/NARAprodstorage/lz/presidential-libraries/bush/gb-nsc/321498139/1990-03-01--Menem.pdf,https://catalog.archives.gov/id/428080601,https://www.govinfo.gov/content/pkg/PPP-1990-book1/pdf/PPP-1990-book1.pdf#page=336,bush-library-428080601,govinfo-ppp-1990-book1-336-statement-on-the-economic-situation-in-argentina
549,Reference,Daily Diary empty-file check,Argentina,1990-12-05,Memcon,Memorandum of Conversation,1990-12-05,0,[Presidential Daily Diary] 12/5/1990 [EMPTY],Presidential Daily Diary,Restricted - Possibly,"Latin America; South America; Argentina; Brent Scowcroft Papers; Head-of-state memcons and telcons",Use only to confirm that the diary file was empty or that no schedule detail is presently available.,"Source: George H.W. Bush Library, Bush Presidential Records, White House Office of Appointments and Scheduling Files, Presidential Daily Diary and Presidential Daily Backup Materials, [Presidential Daily Diary] 12/5/1990 [EMPTY]. Access restriction: Restricted - Possibly.",documents/argentina/1990-12-05-bush-carlos-saul-menem-memcon-91108-003-p112-scowcroft.pdf,https://catalog.archives.gov/id/366551672,https://s3.amazonaws.com/NARAprodstorage/lz/presidential-libraries/bush/gb-whasf/Presidential_Daily_Diary_186322/1990/41-bpr-apts_sch-dd-12_05_90-12844-001_415890968.pdf,scowcroft-366551672-112-carlos-saul-menem-memcon,415890968
550,Reference,Daily Diary empty-file check,Argentina,1990-12-05,Memcon,Memorandum of Conversation,1990-12-05,0,[Presidential Daily Diary] 12/5/1990 [EMPTY],Presidential Daily Diary,Restricted - Possibly,"Latin America; South America; Argentina; Bush Library Memcons and Telcons; Memcon",Use only to confirm that the diary file was empty or that no schedule detail is presently available.,"Source: George H.W. Bush Library, Bush Presidential Records, White House Office of Appointments and Scheduling Files, Presidential Daily Diary and Presidential Daily Backup Materials, [Presidential Daily Diary] 12/5/1990 [EMPTY]. Access restriction: Restricted - Possibly.",https://s3.us-east-1.amazonaws.com/NARAprodstorage/lz/presidential-libraries/bush/gb-nsc/321498039/1990-12-05--Menem.pdf,https://catalog.archives.gov/id/428081237,https://s3.amazonaws.com/NARAprodstorage/lz/presidential-libraries/bush/gb-whasf/Presidential_Daily_Diary_186322/1990/41-bpr-apts_sch-dd-12_05_90-12844-001_415890968.pdf,bush-library-428081237,415890968
551,Reference,Nearby public statement,Argentina,1990-12-05,Memcon,Memorandum of Conversation,1990-12-03,-2,"Remarks at a Luncheon for the Business Community in Brasilia, Brazil",Public Papers of the Presidents,Remarks,"Argentina; Brazil; Paraguay; Uruguay","Compare the public line with the private conversation; use for annotation when it explains public posture, timing, or follow-up.","Source: Public Papers of the Presidents of the United States: George H. W. Bush, 1990, Book II, December 3, 1990, ""Remarks at a Luncheon for the Business Community in Brasilia, Brazil"", pp. 1741-1742. GovInfo, Government Publishing Office.",documents/argentina/1990-12-05-bush-carlos-saul-menem-memcon-91108-003-p112-scowcroft.pdf,https://catalog.archives.gov/id/366551672,https://www.govinfo.gov/content/pkg/PPP-1990-book2/pdf/PPP-1990-book2.pdf#page=807,scowcroft-366551672-112-carlos-saul-menem-memcon,govinfo-ppp-1990-book2-807-remarks-at-a-luncheon-for-the-business-community-in-brasilia-brazil
552,Reference,Nearby public statement,Argentina,1990-12-05,Memcon,Memorandum of Conversation,1990-12-03,-2,"Remarks at a Luncheon for the Business Community in Brasilia, Brazil",Public Papers of the Presidents,Remarks,"Argentina; Brazil; Paraguay; Uruguay","Compare the public line with the private conversation; use for annotation when it explains public posture, timing, or follow-up.","Source: Public Papers of the Presidents of the United States: George H. W. Bush, 1990, Book II, December 3, 1990, ""Remarks at a Luncheon for the Business Community in Brasilia, Brazil"", pp. 1741-1742. GovInfo, Government Publishing Office.",https://s3.us-east-1.amazonaws.com/NARAprodstorage/lz/presidential-libraries/bush/gb-nsc/321498039/1990-12-05--Menem.pdf,https://catalog.archives.gov/id/428081237,https://www.govinfo.gov/content/pkg/PPP-1990-book2/pdf/PPP-1990-book2.pdf#page=807,bush-library-428081237,govinfo-ppp-1990-book2-807-remarks-at-a-luncheon-for-the-business-community-in-brasilia-brazil
553,Reference,Nearby public statement,Argentina,1990-12-05,Memcon,Memorandum of Conversation,1990-12-03,-2,"Remarks to a Joint Session of the Congress in Brasilia, Brazil",Public Papers of the Presidents,Remarks,"Argentina; Brazil","Compare the public line with the private conversation; use for annotation when it explains public posture, timing, or follow-up.","Source: Public Papers of the Presidents of the United States: George H. W. Bush, 1990, Book II, December 3, 1990, ""Remarks to a Joint Session of the Congress in Brasilia, Brazil"", pp. 1737-1741. GovInfo, Government Publishing Office.",documents/argentina/1990-12-05-bush-carlos-saul-menem-memcon-91108-003-p112-scowcroft.pdf,https://catalog.archives.gov/id/366551672,https://www.govinfo.gov/content/pkg/PPP-1990-book2/pdf/PPP-1990-book2.pdf#page=803,scowcroft-366551672-112-carlos-saul-menem-memcon,govinfo-ppp-1990-book2-803-remarks-to-a-joint-session-of-the-congress-in-brasilia-brazil
554,Reference,Nearby public statement,Argentina,1990-12-05,Memcon,Memorandum of Conversation,1990-12-03,-2,"Remarks to a Joint Session of the Congress in Brasilia, Brazil",Public Papers of the Presidents,Remarks,"Argentina; Brazil","Compare the public line with the private conversation; use for annotation when it explains public posture, timing, or follow-up.","Source: Public Papers of the Presidents of the United States: George H. W. Bush, 1990, Book II, December 3, 1990, ""Remarks to a Joint Session of the Congress in Brasilia, Brazil"", pp. 1737-1741. GovInfo, Government Publishing Office.",https://s3.us-east-1.amazonaws.com/NARAprodstorage/lz/presidential-libraries/bush/gb-nsc/321498039/1990-12-05--Menem.pdf,https://catalog.archives.gov/id/428081237,https://www.govinfo.gov/content/pkg/PPP-1990-book2/pdf/PPP-1990-book2.pdf#page=803,bush-library-428081237,govinfo-ppp-1990-book2-803-remarks-to-a-joint-session-of-the-congress-in-brasilia-brazil
555,Reference,Nearby public statement,Argentina,1990-12-05,Memcon,Memorandum of Conversation,1990-12-07,2,"Toast at a State Dinner in Caracas, Venezuela",Public Papers of the Presidents,Public Paper,"Argentina; Bolivia; Brazil; Chile; Ecuador; Paraguay; Peru; Uruguay; Venezuela","Compare the public line with the private conversation; use for annotation when it explains public posture, timing, or follow-up.","Source: Public Papers of the Presidents of the United States: George H. W. Bush, 1990, Book II, December 7, 1990, ""Toast at a State Dinner in Caracas, Venezuela"", pp. 1770-1772. GovInfo, Government Publishing Office.",documents/argentina/1990-12-05-bush-carlos-saul-menem-memcon-91108-003-p112-scowcroft.pdf,https://catalog.archives.gov/id/366551672,https://www.govinfo.gov/content/pkg/PPP-1990-book2/pdf/PPP-1990-book2.pdf#page=836,scowcroft-366551672-112-carlos-saul-menem-memcon,govinfo-ppp-1990-book2-836-toast-at-a-state-dinner-in-caracas-venezuela
556,Reference,Nearby public statement,Argentina,1990-12-05,Memcon,Memorandum of Conversation,1990-12-07,2,"Toast at a State Dinner in Caracas, Venezuela",Public Papers of the Presidents,Public Paper,"Argentina; Bolivia; Brazil; Chile; Ecuador; Paraguay; Peru; Uruguay; Venezuela","Compare the public line with the private conversation; use for annotation when it explains public posture, timing, or follow-up.","Source: Public Papers of the Presidents of the United States: George H. W. Bush, 1990, Book II, December 7, 1990, ""Toast at a State Dinner in Caracas, Venezuela"", pp. 1770-1772. GovInfo, Government Publishing Office.",https://s3.us-east-1.amazonaws.com/NARAprodstorage/lz/presidential-libraries/bush/gb-nsc/321498039/1990-12-05--Menem.pdf,https://catalog.archives.gov/id/428081237,https://www.govinfo.gov/content/pkg/PPP-1990-book2/pdf/PPP-1990-book2.pdf#page=836,bush-library-428081237,govinfo-ppp-1990-book2-836-toast-at-a-state-dinner-in-caracas-venezuela
557,Reference,Nearby public statement,Argentina,1992-04-07,Telcon,Memorandum of Telephone Conversation,1992-04-09,2,Remarks to the American Society of Newspaper Editors,Public Papers of the Presidents,Remarks,Argentina,"Compare the public line with the private conversation; use for annotation when it explains public posture, timing, or follow-up.","Source: Public Papers of the Presidents of the United States: George H. W. Bush, 1992, Book I, April 9, 1992, ""Remarks to the American Society of Newspaper Editors"", p. 564. GovInfo, Government Publishing Office.",https://s3.us-east-1.amazonaws.com/NARAprodstorage/lz/presidential-libraries/bush/gb-nsc/321498139/1992-04-07--Menem.pdf,https://catalog.archives.gov/id/428082165,https://www.govinfo.gov/content/pkg/PPP-1992-book1/pdf/PPP-1992-book1-doc-pg564-2.pdf,bush-library-428082165,govinfo-PPP-1992-book1-doc-pg564-2
558,Reference,Nearby public statement,Argentina,1992-04-07,Telcon,Memorandum of Telephone Conversation,1992-04-10,3,The President's News Conference,Public Papers of the Presidents,News Conference,"Argentina; Brazil; Peru; Venezuela","Compare the public line with the private conversation; use for annotation when it explains public posture, timing, or follow-up.","Source: Public Papers of the Presidents of the United States: George H. W. Bush, 1992, Book I, April 10, 1992, ""The President's News Conference"", p. 579. GovInfo, Government Publishing Office.",https://s3.us-east-1.amazonaws.com/NARAprodstorage/lz/presidential-libraries/bush/gb-nsc/321498139/1992-04-07--Menem.pdf,https://catalog.archives.gov/id/428082165,https://www.govinfo.gov/content/pkg/PPP-1992-book1/pdf/PPP-1992-book1-doc-pg579.pdf,bush-library-428082165,govinfo-PPP-1992-book1-doc-pg579
559,Reference,Nearby public statement,Argentina,1992-04-07,Telcon,Memorandum of Telephone Conversation,1992-03-31,-7,Message to the Congress Reporting on the National Emergency With Respect to Export Controls,Public Papers of the Presidents,Message,Argentina,"Compare the public line with the private conversation; use for annotation when it explains public posture, timing, or follow-up.","Source: Public Papers of the Presidents of the United States: George H. W. Bush, 1992, Book I, March 31, 1992, ""Message to the Congress Reporting on the National Emergency With Respect to Export Controls"", p. 518. GovInfo, Government Publishing Office.",https://s3.us-east-1.amazonaws.com/NARAprodstorage/lz/presidential-libraries/bush/gb-nsc/321498139/1992-04-07--Menem.pdf,https://catalog.archives.gov/id/428082165,https://www.govinfo.gov/content/pkg/PPP-1992-book1/pdf/PPP-1992-book1-doc-pg518.pdf,bush-library-428082165,govinfo-PPP-1992-book1-doc-pg518
560,Reference,Nearby public statement,Argentina,1992-11-05,Telcon,Memorandum of Telephone Conversation,1992-11-11,6,Letter to Congressional Leaders on Continuation of the National Emergency Regarding Chemical and Biological Weapons Proliferation,Public Papers of the Presidents,Letter,Argentina,"Compare the public line with the private conversation; use for annotation when it explains public posture, timing, or follow-up.","Source: Public Papers of the Presidents of the United States: George H. W. Bush, 1992, Book II, November 11, 1992, ""Letter to Congressional Leaders on Continuation of the National Emergency Regarding Chemical and Biological Weapons Proliferation"", p. 2163. GovInfo, Government Publishing Office.",https://s3.us-east-1.amazonaws.com/NARAprodstorage/lz/presidential-libraries/bush/gb-nsc/321498139/1992-11-05--Menem.pdf,https://catalog.archives.gov/id/428082357,https://www.govinfo.gov/content/pkg/PPP-1992-book2/pdf/PPP-1992-book2-doc-pg2163.pdf,bush-library-428082357,govinfo-PPP-1992-book2-doc-pg2163
561,Reference,Nearby public statement,Argentina,1992-11-05,Telcon,Memorandum of a Telephone Conversation,1992-11-11,6,Letter to Congressional Leaders on Continuation of the National Emergency Regarding Chemical and Biological Weapons Proliferation,Public Papers of the Presidents,Letter,Argentina,"Compare the public line with the private conversation; use for annotation when it explains public posture, timing, or follow-up.","Source: Public Papers of the Presidents of the United States: George H. W. Bush, 1992, Book II, November 11, 1992, ""Letter to Congressional Leaders on Continuation of the National Emergency Regarding Chemical and Biological Weapons Proliferation"", p. 2163. GovInfo, Government Publishing Office.",documents/argentina/1992-11-05-bush-carlos-saul-menem-telcon-91113-005-p83-scowcroft.pdf,https://catalog.archives.gov/id/366551705,https://www.govinfo.gov/content/pkg/PPP-1992-book2/pdf/PPP-1992-book2-doc-pg2163.pdf,scowcroft-366551705-83-carlos-saul-menem-telcon,govinfo-PPP-1992-book2-doc-pg2163
562,Reference,Nearby public statement,Bolivia,1990-02-15,Memcon,Memorandum of Conversation,1990-02-12,-3,The President's News Conference,Public Papers of the Presidents,News Conference,"Bolivia; Colombia; Peru","Compare the public line with the private conversation; use for annotation when it explains public posture, timing, or follow-up.","Source: Public Papers of the Presidents of the United States: George H. W. Bush, 1990, Book I, February 12, 1990, ""The President's News Conference"", pp. 207-216. GovInfo, Government Publishing Office.",documents/bolivia/1990-02-15-bush-jaime-paz-zamora-memcon-91107-007-p73-scowcroft.pdf,https://catalog.archives.gov/id/366551666,https://www.govinfo.gov/content/pkg/PPP-1990-book1/pdf/PPP-1990-book1.pdf#page=225,scowcroft-366551666-73-jaime-paz-zamora-memcon,govinfo-ppp-1990-book1-225-the-president-s-news-conference
563,Reference,Nearby public statement,Bolivia,1990-02-15,Memcon,Memorandum of Conversation,1990-02-21,6,Remarks and a Question-and-Answer Session at the Annual Dinner of the Business Council,Public Papers of the Presidents,Exchange,"Bolivia; Colombia; Peru","Compare the public line with the private conversation; use for annotation when it explains public posture, timing, or follow-up.","Source: Public Papers of the Presidents of the United States: George H. W. Bush, 1990, Book I, February 21, 1990, ""Remarks and a Question-and-Answer Session at the Annual Dinner of the Business Council"", pp. 248-254. GovInfo, Government Publishing Office.",documents/bolivia/1990-02-15-bush-jaime-paz-zamora-memcon-91107-007-p73-scowcroft.pdf,https://catalog.archives.gov/id/366551666,https://www.govinfo.gov/content/pkg/PPP-1990-book1/pdf/PPP-1990-book1.pdf#page=266,scowcroft-366551666-73-jaime-paz-zamora-memcon,govinfo-ppp-1990-book1-266-remarks-and-a-question-and-answer-session-at-the-annual-dinner-of-the-business-council
564,Reference,Daily Diary empty-file check,Brazil,1989-02-25,Memcon,Memorandum of Conversation,1989-02-25,0,[Presidential Daily Diary] 2/25/1989 [EMPTY],Presidential Daily Diary,Restricted - Possibly,"Latin America; South America; Brazil; Bush Library Memcons and Telcons; Memcon",Use only to confirm that the diary file was empty or that no schedule detail is presently available.,"Source: George H.W. Bush Library, Bush Presidential Records, White House Office of Appointments and Scheduling Files, Presidential Daily Diary and Presidential Daily Backup Materials, [Presidential Daily Diary] 2/25/1989 [EMPTY]. Access restriction: Restricted - Possibly.",https://s3.us-east-1.amazonaws.com/NARAprodstorage/lz/presidential-libraries/bush/gb-nsc/321498039/1989-02-25--Sarney.pdf,https://catalog.archives.gov/id/428079873,https://s3.amazonaws.com/NARAprodstorage/lz/presidential-libraries/bush/gb-whasf/Presidential_Daily_Diary_186322/1989/41-bpr-apts_sch-dd-02_25_89-12791-017_415889670.pdf,bush-library-428079873,415889670
565,Reference,Nearby public statement,Brazil,1989-02-25,Memcon,Memorandum of Conversation,1989-02-27,2,Remarks Upon Returning From a Trip to the Far East,Public Papers of the Presidents,Remarks,Brazil,"Compare the public line with the private conversation; use for annotation when it explains public posture, timing, or follow-up.","Source: Public Papers of the Presidents of the United States: George H. W. Bush, 1989, Book I, February 27, 1989, ""Remarks Upon Returning From a Trip to the Far East"", pp. 150-151. GovInfo, Government Publishing Office.",https://s3.us-east-1.amazonaws.com/NARAprodstorage/lz/presidential-libraries/bush/gb-nsc/321498039/1989-02-25--Sarney.pdf,https://catalog.archives.gov/id/428079873,https://www.govinfo.gov/content/pkg/PPP-1989-book1/pdf/PPP-1989-book1.pdf#page=168,bush-library-428079873,govinfo-ppp-1989-book1-168-remarks-upon-returning-from-a-trip-to-the-far-east
566,Reference,Nearby public statement,Brazil,1989-09-25,Memcon,Memorandum of Conversation,1989-09-18,-7,Nomination of Richard H. Melton To Be United States Ambassador to Brazil,Public Papers of the Presidents,Nomination,Brazil,"Compare the public line with the private conversation; use for annotation when it explains public posture, timing, or follow-up.","Source: Public Papers of the Presidents of the United States: George H. W. Bush, 1989, Book II, September 18, 1989, ""Nomination of Richard H. Melton To Be United States Ambassador to Brazil"", p. 1226. GovInfo, Government Publishing Office.",https://s3.us-east-1.amazonaws.com/NARAprodstorage/lz/presidential-libraries/bush/gb-nsc/321498039/1989-09-25--Sarney.pdf,https://catalog.archives.gov/id/428080259,https://www.govinfo.gov/content/pkg/PPP-1989-book2/pdf/PPP-1989-book2.pdf#page=360,presidential-series-428080259,govinfo-ppp-1989-book2-360-nomination-of-richard-h-melton-to-be-united-states-ambassador-to-brazil
567,Reference,Nearby public statement,Brazil,1989-09-25,Memcon,Memorandum of Conversation,1989-09-18,-7,Remarks at the Montana Centennial Celebration in Helena,Public Papers of the Presidents,Remarks,Brazil,"Compare the public line with the private conversation; use for annotation when it explains public posture, timing, or follow-up.","Source: Public Papers of the Presidents of the United States: George H. W. Bush, 1989, Book II, September 18, 1989, ""Remarks at the Montana Centennial Celebration in Helena"", pp. 1210-1215. GovInfo, Government Publishing Office.",https://s3.us-east-1.amazonaws.com/NARAprodstorage/lz/presidential-libraries/bush/gb-nsc/321498039/1989-09-25--Sarney.pdf,https://catalog.archives.gov/id/428080259,https://www.govinfo.gov/content/pkg/PPP-1989-book2/pdf/PPP-1989-book2.pdf#page=344,presidential-series-428080259,govinfo-ppp-1989-book2-344-remarks-at-the-montana-centennial-celebration-in-helena
568,Reference,Daily Diary empty-file check,Brazil,1990-12-03,Memcon,Memorandum of Conversation,1990-12-03,0,[Presidential Daily Diary] 12/3/1990 [EMPTY],Presidential Daily Diary,Restricted - Possibly,"Latin America; South America; Brazil; Bush Library Memcons and Telcons; Memcon",Use only to confirm that the diary file was empty or that no schedule detail is presently available.,"Source: George H.W. Bush Library, Bush Presidential Records, White House Office of Appointments and Scheduling Files, Presidential Daily Diary and Presidential Daily Backup Materials, [Presidential Daily Diary] 12/3/1990 [EMPTY]. Access restriction: Restricted - Possibly.",https://s3.us-east-1.amazonaws.com/NARAprodstorage/lz/presidential-libraries/bush/gb-nsc/321498039/1990-12-03--Collor-de-Mello.pdf,https://catalog.archives.gov/id/428081233,https://s3.amazonaws.com/NARAprodstorage/lz/presidential-libraries/bush/gb-whasf/Presidential_Daily_Diary_186322/1990/41-bpr-apts_sch-dd-12_03_90-12843-025_415890964.pdf,bush-library-428081233,415890964
569,Reference,Nearby public statement,Brazil,1990-12-03,Memcon,Memorandum of Conversation,1990-12-05,2,"Question-and-Answer Session With Reporters in Buenos Aires, Argentina",Public Papers of the Presidents,Exchange,"Argentina; Brazil; Uruguay; Venezuela","Compare the public line with the private conversation; use for annotation when it explains public posture, timing, or follow-up.","Source: Public Papers of the Presidents of the United States: George H. W. Bush, 1990, Book II, December 5, 1990, ""Question-and-Answer Session With Reporters in Buenos Aires, Argentina"", pp. 1752-1755. GovInfo, Government Publishing Office.",https://s3.us-east-1.amazonaws.com/NARAprodstorage/lz/presidential-libraries/bush/gb-nsc/321498039/1990-12-03--Collor-de-Mello.pdf,https://catalog.archives.gov/id/428081233,https://www.govinfo.gov/content/pkg/PPP-1990-book2/pdf/PPP-1990-book2.pdf#page=818,bush-library-428081233,govinfo-ppp-1990-book2-818-question-and-answer-session-with-reporters-in-buenos-aires-argentina
570,Reference,Nearby public statement,Brazil,1990-12-03,Memcon,Memorandum of Conversation,1990-12-05,2,"Remarks to a Joint Session of the Congress in Buenos Aires, Argentina",Public Papers of the Presidents,Remarks,"Argentina; Brazil; Uruguay; Venezuela","Compare the public line with the private conversation; use for annotation when it explains public posture, timing, or follow-up.","Source: Public Papers of the Presidents of the United States: George H. W. Bush, 1990, Book II, December 5, 1990, ""Remarks to a Joint Session of the Congress in Buenos Aires, Argentina"", pp. 1755-1758. GovInfo, Government Publishing Office.",https://s3.us-east-1.amazonaws.com/NARAprodstorage/lz/presidential-libraries/bush/gb-nsc/321498039/1990-12-03--Collor-de-Mello.pdf,https://catalog.archives.gov/id/428081233,https://www.govinfo.gov/content/pkg/PPP-1990-book2/pdf/PPP-1990-book2.pdf#page=821,bush-library-428081233,govinfo-ppp-1990-book2-821-remarks-to-a-joint-session-of-the-congress-in-buenos-aires-argentina
571,Reference,Nearby public statement,Brazil,1990-12-03,Memcon,Memorandum of Conversation,1990-11-30,-3,Written Responses to Questions Submitted by the South American Press,Public Papers of the Presidents,Public Paper,"Argentina; Bolivia; Brazil; Chile; Colombia; Ecuador; Paraguay; Uruguay; Venezuela","Compare the public line with the private conversation; use for annotation when it explains public posture, timing, or follow-up.","Source: Public Papers of the Presidents of the United States: George H. W. Bush, 1990, Book II, November 30, 1990, ""Written Responses to Questions Submitted by the South American Press"", pp. 1731-1737. GovInfo, Government Publishing Office.",https://s3.us-east-1.amazonaws.com/NARAprodstorage/lz/presidential-libraries/bush/gb-nsc/321498039/1990-12-03--Collor-de-Mello.pdf,https://catalog.archives.gov/id/428081233,https://www.govinfo.gov/content/pkg/PPP-1990-book2/pdf/PPP-1990-book2.pdf#page=797,bush-library-428081233,govinfo-ppp-1990-book2-797-written-responses-to-questions-submitted-by-the-south-american-press
572,Reference,Nearby public statement,Brazil,1992-03-25,Telcon,Memorandum of a Telephone Conversation,1992-03-22,-3,The President's News Conference With Chancellor Helmut Kohl of Germany,Public Papers of the Presidents,News Conference,Brazil,"Compare the public line with the private conversation; use for annotation when it explains public posture, timing, or follow-up.","Source: Public Papers of the Presidents of the United States: George H. W. Bush, 1992, Book I, March 22, 1992, ""The President's News Conference With Chancellor Helmut Kohl of Germany"", p. 483. GovInfo, Government Publishing Office.",documents/brazil/1992-03-25-bush-fernando-collor-de-mello-telcon-91113-003-p45-scowcroft.pdf,https://catalog.archives.gov/id/366551703,https://www.govinfo.gov/content/pkg/PPP-1992-book1/pdf/PPP-1992-book1-doc-pg483-3.pdf,scowcroft-366551703-45-fernando-collor-de-mello-telcon,govinfo-PPP-1992-book1-doc-pg483-3
573,Reference,Nearby public statement,Brazil,1992-05-12,Telcon,Memorandum of Telephone Conversation,1992-05-08,-4,Nomination of Alexander Fletcher Watson To Be United States Ambassador to Brazil,Public Papers of the Presidents,Nomination,Brazil,"Compare the public line with the private conversation; use for annotation when it explains public posture, timing, or follow-up.","Source: Public Papers of the Presidents of the United States: George H. W. Bush, 1992, Book I, May 8, 1992, ""Nomination of Alexander Fletcher Watson To Be United States Ambassador to Brazil"", p. 734. GovInfo, Government Publishing Office.",https://s3.us-east-1.amazonaws.com/NARAprodstorage/lz/presidential-libraries/bush/gb-nsc/321498139/1992-05-12--Collor-de-Mello.pdf,https://catalog.archives.gov/id/428082219,https://www.govinfo.gov/content/pkg/PPP-1992-book1/pdf/PPP-1992-book1-doc-pg734.pdf,bush-library-428082219,govinfo-PPP-1992-book1-doc-pg734
574,Reference,Daily Diary empty-file check,Brazil,1992-07-10,Telcon,Memorandum of Telephone Conversation,1992-07-10,0,[Presidential Daily Diary] 7/10/1992 [EMPTY],Presidential Daily Diary,Restricted - Possibly,"Latin America; South America; Brazil; Bush Library Memcons and Telcons; Telcon",Use only to confirm that the diary file was empty or that no schedule detail is presently available.,"Source: George H.W. Bush Library, Bush Presidential Records, White House Office of Appointments and Scheduling Files, Presidential Daily Diary and Presidential Daily Backup Materials, [Presidential Daily Diary] 7/10/1992 [EMPTY]. Access restriction: Restricted - Possibly.",https://s3.us-east-1.amazonaws.com/NARAprodstorage/lz/presidential-libraries/bush/gb-nsc/321498139/1992-07-10--Collor-de-Mello.pdf,https://catalog.archives.gov/id/428082309,https://s3.dualstack.us-east-1.amazonaws.com/NARAprodstorage/lz/presidential-libraries/bush/gb-whasf/Presidential_Daily_Diary_186322/1992/41-bpr-apts_sch-dd-07_10_92-12895-015_415892143.pdf,bush-library-428082309,415892143
575,Reference,Nearby public statement,Chile,1990-03-30,Telcon,Memorandum of Telephone Conversation,1990-04-02,3,"Remarks at a Fundraising Dinner for Gubernatorial Candidate George Voinovich in Cincinnati, Ohio",Public Papers of the Presidents,Remarks,Chile,"Compare the public line with the private conversation; use for annotation when it explains public posture, timing, or follow-up.","Source: Public Papers of the Presidents of the United States: George H. W. Bush, 1990, Book I, April 2, 1990, ""Remarks at a Fundraising Dinner for Gubernatorial Candidate George Voinovich in Cincinnati, Ohio"", pp. 441-445. GovInfo, Government Publishing Office.",https://s3.us-east-1.amazonaws.com/NARAprodstorage/lz/presidential-libraries/bush/gb-nsc/321498139/1990-03-30--Aylwin.pdf,https://catalog.archives.gov/id/428080659,https://www.govinfo.gov/content/pkg/PPP-1990-book1/pdf/PPP-1990-book1.pdf#page=459,bush-library-428080659,govinfo-ppp-1990-book1-459-remarks-at-a-fundraising-dinner-for-gubernatorial-candidate-george-voinovich-in-cincinnati-ohio
576,Reference,Nearby public statement,Chile,1992-05-13,Memcon,Memorandum of Conversation,1992-05-17,4,"Remarks at the University of Notre Dame Commencement Ceremony in South Bend, Indiana",Public Papers of the Presidents,Remarks,Chile,"Compare the public line with the private conversation; use for annotation when it explains public posture, timing, or follow-up.","Source: Public Papers of the Presidents of the United States: George H. W. Bush, 1992, Book I, May 17, 1992, ""Remarks at the University of Notre Dame Commencement Ceremony in South Bend, Indiana"", p. 785. GovInfo, Government Publishing Office.",https://s3.us-east-1.amazonaws.com/NARAprodstorage/lz/presidential-libraries/bush/gb-nsc/321498039/1992-05-13--Azocar.pdf,https://catalog.archives.gov/id/428082199,https://www.govinfo.gov/content/pkg/PPP-1992-book1/pdf/PPP-1992-book1-doc-pg785.pdf,bush-library-428082199,govinfo-PPP-1992-book1-doc-pg785
577,Reference,Nearby public statement,Colombia,1989-03-08,Telcon,Memorandum of Telephone Conversation,1989-03-03,-5,Remarks on Drug Trafficking Prior to a Luncheon With Administration Officials,Public Papers of the Presidents,Remarks,"Bolivia; Colombia; Peru","Compare the public line with the private conversation; use for annotation when it explains public posture, timing, or follow-up.","Source: Public Papers of the Presidents of the United States: George H. W. Bush, 1989, Book I, March 3, 1989, ""Remarks on Drug Trafficking Prior to a Luncheon With Administration Officials"", p. 169. GovInfo, Government Publishing Office.",https://s3.us-east-1.amazonaws.com/NARAprodstorage/lz/presidential-libraries/bush/gb-nsc/321498139/1989-03-08--Barco.pdf,https://catalog.archives.gov/id/428079919,https://www.govinfo.gov/content/pkg/PPP-1989-book1/pdf/PPP-1989-book1.pdf#page=187,bush-library-428079919,govinfo-ppp-1989-book1-187-remarks-on-drug-trafficking-prior-to-a-luncheon-with-administration-officials
578,Reference,Daily Diary empty-file check,Colombia,1989-05-31,Telcon,Memorandum of a Telephone Conversation,1989-05-31,0,[Presidential Daily Diary] 5/31/1989 [EMPTY],Presidential Daily Diary,Restricted - Possibly,"Latin America; South America; Colombia; Brent Scowcroft Papers; Head-of-state memcons and telcons",Use only to confirm that the diary file was empty or that no schedule detail is presently available.,"Source: George H.W. Bush Library, Bush Presidential Records, White House Office of Appointments and Scheduling Files, Presidential Daily Diary and Presidential Daily Backup Materials, [Presidential Daily Diary] 5/31/1989 [EMPTY]. Access restriction: Restricted - Possibly.",documents/colombia/1989-05-31-bush-virgilio-barco-telcon-91111-002-p38-scowcroft.pdf,https://catalog.archives.gov/id/366551687,https://s3.amazonaws.com/NARAprodstorage/lz/presidential-libraries/bush/gb-whasf/Presidential_Daily_Diary_186322/1989/41-bpr-apts_sch-dd-05_31_89-12798-013_415889860.pdf,scowcroft-366551687-38-virgilio-barco-telcon,415889860
579,Reference,Nearby public statement,Colombia,1989-08-21,Telcon,Memorandum of Telephone Conversation,1989-08-19,-2,Statement on the Assassination of Luis Carlos Galan and Colombia- United States Relations,Public Papers of the Presidents,Statement,Colombia,"Compare the public line with the private conversation; use for annotation when it explains public posture, timing, or follow-up.","Source: Public Papers of the Presidents of the United States: George H. W. Bush, 1989, Book II, August 19, 1989, ""Statement on the Assassination of Luis Carlos Galan and Colombia- United States Relations"", pp. 1095-1096. GovInfo, Government Publishing Office.",https://s3.us-east-1.amazonaws.com/NARAprodstorage/lz/presidential-libraries/bush/gb-nsc/321498139/1989-08-21--Barco.pdf,https://catalog.archives.gov/id/428080207,https://www.govinfo.gov/content/pkg/PPP-1989-book2/pdf/PPP-1989-book2.pdf#page=229,bush-library-428080207,govinfo-ppp-1989-book2-229-statement-on-the-assassination-of-luis-carlos-galan-and-colombia-united-states-relations
580,Reference,Nearby public statement,Colombia,1989-08-21,Telcon,Memorandum of Telephone Conversation,1989-08-23,2,The President's News Conference,Public Papers of the Presidents,News Conference,Colombia,"Compare the public line with the private conversation; use for annotation when it explains public posture, timing, or follow-up.","Source: Public Papers of the Presidents of the United States: George H. W. Bush, 1989, Book II, August 23, 1989, ""The President's News Conference"", pp. 1096-1105. GovInfo, Government Publishing Office.",https://s3.us-east-1.amazonaws.com/NARAprodstorage/lz/presidential-libraries/bush/gb-nsc/321498139/1989-08-21--Barco.pdf,https://catalog.archives.gov/id/428080207,https://www.govinfo.gov/content/pkg/PPP-1989-book2/pdf/PPP-1989-book2.pdf#page=230,bush-library-428080207,govinfo-ppp-1989-book2-230-the-president-s-news-conference
581,Reference,Nearby public statement,Colombia,1989-08-21,Telcon,Memorandum of Telephone Conversation,1989-08-25,4,Statement on United States Emergency Antidrug Assistance for Colombia,Public Papers of the Presidents,Statement,Colombia,"Compare the public line with the private conversation; use for annotation when it explains public posture, timing, or follow-up.","Source: Public Papers of the Presidents of the United States: George H. W. Bush, 1989, Book II, August 25, 1989, ""Statement on United States Emergency Antidrug Assistance for Colombia"", pp. 1109-1111. GovInfo, Government Publishing Office.",https://s3.us-east-1.amazonaws.com/NARAprodstorage/lz/presidential-libraries/bush/gb-nsc/321498139/1989-08-21--Barco.pdf,https://catalog.archives.gov/id/428080207,https://www.govinfo.gov/content/pkg/PPP-1989-book2/pdf/PPP-1989-book2.pdf#page=243,bush-library-428080207,govinfo-ppp-1989-book2-243-statement-on-united-states-emergency-antidrug-assistance-for-colombia
582,Reference,Nearby public statement,Colombia,1989-08-21,Telcon,Memorandum of Telephone Conversation,1989-08-15,-6,The President's News Conference,Public Papers of the Presidents,News Conference,"Bolivia; Colombia; Peru","Compare the public line with the private conversation; use for annotation when it explains public posture, timing, or follow-up.","Source: Public Papers of the Presidents of the United States: George H. W. Bush, 1989, Book II, August 15, 1989, ""The President's News Conference"", pp. 1082-1089. GovInfo, Government Publishing Office.",https://s3.us-east-1.amazonaws.com/NARAprodstorage/lz/presidential-libraries/bush/gb-nsc/321498139/1989-08-21--Barco.pdf,https://catalog.archives.gov/id/428080207,https://www.govinfo.gov/content/pkg/PPP-1989-book2/pdf/PPP-1989-book2.pdf#page=216,bush-library-428080207,govinfo-ppp-1989-book2-216-the-president-s-news-conference
583,Reference,Nearby public statement,Colombia,1989-08-21,Telcon,Memorandum of Telephone Conversation,1989-08-28,7,"Remarks and a Question-and-Answer Session With Reporters in Kennebunkport, Maine",Public Papers of the Presidents,Exchange,Colombia,"Compare the public line with the private conversation; use for annotation when it explains public posture, timing, or follow-up.","Source: Public Papers of the Presidents of the United States: George H. W. Bush, 1989, Book II, August 28, 1989, ""Remarks and a Question-and-Answer Session With Reporters in Kennebunkport, Maine"", pp. 1113-1116. GovInfo, Government Publishing Office.",https://s3.us-east-1.amazonaws.com/NARAprodstorage/lz/presidential-libraries/bush/gb-nsc/321498139/1989-08-21--Barco.pdf,https://catalog.archives.gov/id/428080207,https://www.govinfo.gov/content/pkg/PPP-1989-book2/pdf/PPP-1989-book2.pdf#page=247,bush-library-428080207,govinfo-ppp-1989-book2-247-remarks-and-a-question-and-answer-session-with-reporters-in-kennebunkport-maine
584,Reference,Nearby public statement,Colombia,1989-08-28,Telcon,Memorandum of Telephone Conversation,1989-08-31,3,"News Conference of the President and Prime Minister Brian Mulroney of Canada in Kennebunkport, Maine",Public Papers of the Presidents,News Conference,"Bolivia; Colombia; Peru","Compare the public line with the private conversation; use for annotation when it explains public posture, timing, or follow-up.","Source: Public Papers of the Presidents of the United States: George H. W. Bush, 1989, Book II, August 31, 1989, ""News Conference of the President and Prime Minister Brian Mulroney of Canada in Kennebunkport, Maine"", pp. 1124-1131. GovInfo, Government Publishing Office.",https://s3.us-east-1.amazonaws.com/NARAprodstorage/lz/presidential-libraries/bush/gb-nsc/321498139/1989-08-28--Barco.pdf,https://catalog.archives.gov/id/428080215,https://www.govinfo.gov/content/pkg/PPP-1989-book2/pdf/PPP-1989-book2.pdf#page=258,bush-library-428080215,govinfo-ppp-1989-book2-258-news-conference-of-the-president-and-prime-minister-brian-mulroney-of-canada-in-kennebunkport-maine
585,Reference,Nearby public statement,Colombia,1989-08-28,Telcon,Memorandum of Telephone Conversation,1989-08-25,-3,Statement on United States Emergency Antidrug Assistance for Colombia,Public Papers of the Presidents,Statement,Colombia,"Compare the public line with the private conversation; use for annotation when it explains public posture, timing, or follow-up.","Source: Public Papers of the Presidents of the United States: George H. W. Bush, 1989, Book II, August 25, 1989, ""Statement on United States Emergency Antidrug Assistance for Colombia"", pp. 1109-1111. GovInfo, Government Publishing Office.",https://s3.us-east-1.amazonaws.com/NARAprodstorage/lz/presidential-libraries/bush/gb-nsc/321498139/1989-08-28--Barco.pdf,https://catalog.archives.gov/id/428080215,https://www.govinfo.gov/content/pkg/PPP-1989-book2/pdf/PPP-1989-book2.pdf#page=243,bush-library-428080215,govinfo-ppp-1989-book2-243-statement-on-united-states-emergency-antidrug-assistance-for-colombia
586,Reference,Nearby public statement,Colombia,1989-08-28,Telcon,Memorandum of Telephone Conversation,1989-08-23,-5,The President's News Conference,Public Papers of the Presidents,News Conference,Colombia,"Compare the public line with the private conversation; use for annotation when it explains public posture, timing, or follow-up.","Source: Public Papers of the Presidents of the United States: George H. W. Bush, 1989, Book II, August 23, 1989, ""The President's News Conference"", pp. 1096-1105. GovInfo, Government Publishing Office.",https://s3.us-east-1.amazonaws.com/NARAprodstorage/lz/presidential-libraries/bush/gb-nsc/321498139/1989-08-28--Barco.pdf,https://catalog.archives.gov/id/428080215,https://www.govinfo.gov/content/pkg/PPP-1989-book2/pdf/PPP-1989-book2.pdf#page=230,bush-library-428080215,govinfo-ppp-1989-book2-230-the-president-s-news-conference
587,Reference,Nearby public statement,Colombia,1989-08-28,Telcon,Memorandum of Telephone Conversation,1989-08-21,-7,Statement by Press Secretary Fitzwater on President Bush's Telephone Conversation With President Virgilio Barco Vargas of Colombia,Public Papers of the Presidents,Statement,Colombia,"Compare the public line with the private conversation; use for annotation when it explains public posture, timing, or follow-up.","Source: Public Papers of the Presidents of the United States: George H. W. Bush, 1989, Book II, August 21, 1989, ""Statement by Press Secretary Fitzwater on President Bush's Telephone Conversation With President Virgilio Barco Vargas of Colombia"", p. 1096. GovInfo, Government Publishing Office.",https://s3.us-east-1.amazonaws.com/NARAprodstorage/lz/presidential-libraries/bush/gb-nsc/321498139/1989-08-28--Barco.pdf,https://catalog.archives.gov/id/428080215,https://www.govinfo.gov/content/pkg/PPP-1989-book2/pdf/PPP-1989-book2.pdf#page=230,bush-library-428080215,govinfo-ppp-1989-book2-230-statement-by-press-secretary-fitzwater-on-president-bush-s-telephone-conversation-with-president-virgilio-barco-vargas-of-colombia
588,Reference,Nearby public statement,Colombia,1989-09-26,Telcon,Memorandum of Telephone Conversation,1989-09-28,2,Statement by Press Secretary Fitzwater on President Bush's Meeting With President Virgilio Barco Vargas of Colombia,Public Papers of the Presidents,Statement,Colombia,"Compare the public line with the private conversation; use for annotation when it explains public posture, timing, or follow-up.","Source: Public Papers of the Presidents of the United States: George H. W. Bush, 1989, Book II, September 28, 1989, ""Statement by Press Secretary Fitzwater on President Bush's Meeting With President Virgilio Barco Vargas of Colombia"", pp. 1284-1285. GovInfo, Government Publishing Office.",https://s3.us-east-1.amazonaws.com/NARAprodstorage/lz/presidential-libraries/bush/gb-nsc/321498139/1989-09-26--Barco.pdf,https://catalog.archives.gov/id/428080265,https://www.govinfo.gov/content/pkg/PPP-1989-book2/pdf/PPP-1989-book2.pdf#page=418,bush-library-428080265,govinfo-ppp-1989-book2-418-statement-by-press-secretary-fitzwater-on-president-bush-s-meeting-with-president-virgilio-barco-vargas-of-colombia
589,Reference,Nearby public statement,Colombia,1989-09-26,Telcon,Memorandum of Telephone Conversation,1989-09-23,-3,Remarks Announcing the Summit Meeting With Soviet President Gorbachev and a Question-and-Answer Session With Reporters,Public Papers of the Presidents,Exchange,Colombia,"Compare the public line with the private conversation; use for annotation when it explains public posture, timing, or follow-up.","Source: Public Papers of the Presidents of the United States: George H. W. Bush, 1989, Book II, September 23, 1989, ""Remarks Announcing the Summit Meeting With Soviet President Gorbachev and a Question-and-Answer Session With Reporters"", pp. 1245-1247. GovInfo, Government Publishing Office.",https://s3.us-east-1.amazonaws.com/NARAprodstorage/lz/presidential-libraries/bush/gb-nsc/321498139/1989-09-26--Barco.pdf,https://catalog.archives.gov/id/428080265,https://www.govinfo.gov/content/pkg/PPP-1989-book2/pdf/PPP-1989-book2.pdf#page=379,bush-library-428080265,govinfo-ppp-1989-book2-379-remarks-announcing-the-summit-meeting-with-soviet-president-gorbachev-and-a-question-and-answer-session-with-reporters
590,Reference,Daily Diary empty-file check,Colombia,1989-09-28,Memcon,Memorandum of Conversation,1989-09-28,0,[Presidential Daily Diary] 9/28/1989 [EMPTY],Presidential Daily Diary,Restricted - Possibly,"Latin America; South America; Colombia; Bush Library Memcons and Telcons; Memcon",Use only to confirm that the diary file was empty or that no schedule detail is presently available.,"Source: George H.W. Bush Library, Bush Presidential Records, White House Office of Appointments and Scheduling Files, Presidential Daily Diary and Presidential Daily Backup Materials, [Presidential Daily Diary] 9/28/1989 [EMPTY]. Access restriction: Restricted - Possibly.",https://s3.us-east-1.amazonaws.com/NARAprodstorage/lz/presidential-libraries/bush/gb-nsc/321498039/1989-09-28--Barco.pdf,https://catalog.archives.gov/id/428080241,https://s3.amazonaws.com/NARAprodstorage/lz/presidential-libraries/bush/gb-whasf/Presidential_Daily_Diary_186322/1989/41-bpr-apts_sch-dd-09_28_89-12806-021_415890100.pdf,bush-library-428080241,415890100
591,Reference,Nearby public statement,Colombia,1989-09-28,Memcon,Memorandum of Conversation,1989-09-25,-3,"Address to the 44th Session of the United Nations General Assembly in New York, New York",Public Papers of the Presidents,Public Paper,"Colombia; Venezuela","Compare the public line with the private conversation; use for annotation when it explains public posture, timing, or follow-up.","Source: Public Papers of the Presidents of the United States: George H. W. Bush, 1989, Book II, September 25, 1989, ""Address to the 44th Session of the United Nations General Assembly in New York, New York"", pp. 1248-1252. GovInfo, Government Publishing Office.",https://s3.us-east-1.amazonaws.com/NARAprodstorage/lz/presidential-libraries/bush/gb-nsc/321498039/1989-09-28--Barco.pdf,https://catalog.archives.gov/id/428080241,https://www.govinfo.gov/content/pkg/PPP-1989-book2/pdf/PPP-1989-book2.pdf#page=382,bush-library-428080241,govinfo-ppp-1989-book2-382-address-to-the-44th-session-of-the-united-nations-general-assembly-in-new-york-new-york
592,Reference,Nearby public statement,Colombia,1989-09-28,Memcon,Memorandum of Conversation,1989-09-23,-5,Remarks Announcing the Summit Meeting With Soviet President Gorbachev and a Question-and-Answer Session With Reporters,Public Papers of the Presidents,Exchange,Colombia,"Compare the public line with the private conversation; use for annotation when it explains public posture, timing, or follow-up.","Source: Public Papers of the Presidents of the United States: George H. W. Bush, 1989, Book II, September 23, 1989, ""Remarks Announcing the Summit Meeting With Soviet President Gorbachev and a Question-and-Answer Session With Reporters"", pp. 1245-1247. GovInfo, Government Publishing Office.",https://s3.us-east-1.amazonaws.com/NARAprodstorage/lz/presidential-libraries/bush/gb-nsc/321498039/1989-09-28--Barco.pdf,https://catalog.archives.gov/id/428080241,https://www.govinfo.gov/content/pkg/PPP-1989-book2/pdf/PPP-1989-book2.pdf#page=379,bush-library-428080241,govinfo-ppp-1989-book2-379-remarks-announcing-the-summit-meeting-with-soviet-president-gorbachev-and-a-question-and-answer-session-with-reporters
593,Reference,Daily Diary empty-file check,Colombia,1989-11-27,Telcon,Memorandum of Telephone Conversation,1989-11-27,0,[Presidential Daily Diary] 11/27/1989 [EMPTY],Presidential Daily Diary,Restricted - Possibly,"Latin America; South America; Colombia; Bush Library Memcons and Telcons; Telcon",Use only to confirm that the diary file was empty or that no schedule detail is presently available.,"Source: George H.W. Bush Library, Bush Presidential Records, White House Office of Appointments and Scheduling Files, Presidential Daily Diary and Presidential Daily Backup Materials, [Presidential Daily Diary] 11/27/1989 [EMPTY]. Access restriction: Restricted - Possibly.",https://s3.us-east-1.amazonaws.com/NARAprodstorage/lz/presidential-libraries/bush/gb-nsc/321498139/1989-11-27--Barco.pdf,https://catalog.archives.gov/id/428080357,https://s3.amazonaws.com/NARAprodstorage/lz/presidential-libraries/bush/gb-whasf/Presidential_Daily_Diary_186322/1989/41-bpr-apts_sch-dd-11_27_89-12812-011_415890220.pdf,bush-library-428080357,415890220
594,Reference,Daily Diary empty-file check,Colombia,1989-12-20,Telcon,Memorandum of Telephone Conversation,1989-12-20,0,[Presidential Daily Diary] 12/20/1989 [EMPTY],Presidential Daily Diary,Restricted - Possibly,"Latin America; South America; Colombia; Bush Library Memcons and Telcons; Telcon",Use only to confirm that the diary file was empty or that no schedule detail is presently available.,"Source: George H.W. Bush Library, Bush Presidential Records, White House Office of Appointments and Scheduling Files, Presidential Daily Diary and Presidential Daily Backup Materials, [Presidential Daily Diary] 12/20/1989 [EMPTY]. Access restriction: Restricted - Possibly.",https://s3.us-east-1.amazonaws.com/NARAprodstorage/lz/presidential-libraries/bush/gb-nsc/321498139/1989-12-20--Barco.pdf,https://catalog.archives.gov/id/428080421,https://s3.amazonaws.com/NARAprodstorage/lz/presidential-libraries/bush/gb-whasf/Presidential_Daily_Diary_186322/1989/41-bpr-apts_sch-dd-12_20_89-12813-021_415890266.pdf,bush-library-428080421,415890266
595,Reference,Nearby public statement,Colombia,1990-01-28,Telcon,Memorandum of Telephone Conversation,1990-01-25,-3,Remarks and a Question-and-Answer Session at a Luncheon for Newspaper Publishers,Public Papers of the Presidents,Exchange,Colombia,"Compare the public line with the private conversation; use for annotation when it explains public posture, timing, or follow-up.","Source: Public Papers of the Presidents of the United States: George H. W. Bush, 1990, Book I, January 25, 1990, ""Remarks and a Question-and-Answer Session at a Luncheon for Newspaper Publishers"", pp. 96-104. GovInfo, Government Publishing Office.",https://s3.us-east-1.amazonaws.com/NARAprodstorage/lz/presidential-libraries/bush/gb-nsc/321498139/1990-01-28--Barco.pdf,https://catalog.archives.gov/id/428080509,https://www.govinfo.gov/content/pkg/PPP-1990-book1/pdf/PPP-1990-book1.pdf#page=114,bush-library-428080509,govinfo-ppp-1990-book1-114-remarks-and-a-question-and-answer-session-at-a-luncheon-for-newspaper-publishers
596,Reference,Nearby public statement,Colombia,1990-01-28,Telcon,Memorandum of Telephone Conversation,1990-01-24,-4,The President's News Conference,Public Papers of the Presidents,News Conference,Colombia,"Compare the public line with the private conversation; use for annotation when it explains public posture, timing, or follow-up.","Source: Public Papers of the Presidents of the United States: George H. W. Bush, 1990, Book I, January 24, 1990, ""The President's News Conference"", pp. 77-84. GovInfo, Government Publishing Office.",https://s3.us-east-1.amazonaws.com/NARAprodstorage/lz/presidential-libraries/bush/gb-nsc/321498139/1990-01-28--Barco.pdf,https://catalog.archives.gov/id/428080509,https://www.govinfo.gov/content/pkg/PPP-1990-book1/pdf/PPP-1990-book1.pdf#page=95,bush-library-428080509,govinfo-ppp-1990-book1-95-the-president-s-news-conference
597,Reference,Nearby public statement,Colombia,1990-04-27,Telcon,Memorandum of Telephone Conversation,1990-05-03,6,The President's News Conference,Public Papers of the Presidents,News Conference,"Colombia; Peru","Compare the public line with the private conversation; use for annotation when it explains public posture, timing, or follow-up.","Source: Public Papers of the Presidents of the United States: George H. W. Bush, 1990, Book I, May 3, 1990, ""The President's News Conference"", pp. 608-617. GovInfo, Government Publishing Office.",https://s3.us-east-1.amazonaws.com/NARAprodstorage/lz/presidential-libraries/bush/gb-nsc/321498139/1990-04-27--Barco.pdf,https://catalog.archives.gov/id/428080673,https://www.govinfo.gov/content/pkg/PPP-1990-book1/pdf/PPP-1990-book1.pdf#page=634,bush-library-428080673,govinfo-ppp-1990-book1-634-the-president-s-news-conference
598,Reference,Nearby public statement,Colombia,1990-07-13,Memcon,Memorandum of Conversation,1990-07-09,-4,Remarks at the Welcoming Ceremony for the Houston Economic Summit,Public Papers of the Presidents,Remarks,"Bolivia; Brazil; Chile; Colombia; Peru; Venezuela","Compare the public line with the private conversation; use for annotation when it explains public posture, timing, or follow-up.","Source: Public Papers of the Presidents of the United States: George H. W. Bush, 1990, Book II, July 9, 1990, ""Remarks at the Welcoming Ceremony for the Houston Economic Summit"", pp. 978-992. GovInfo, Government Publishing Office.",documents/colombia/1990-07-13-bush-virgilio-barco-memcon-91108-001-p73-scowcroft.pdf,https://catalog.archives.gov/id/366551670,https://www.govinfo.gov/content/pkg/PPP-1990-book2/pdf/PPP-1990-book2.pdf#page=36,scowcroft-366551670-73-virgilio-barco-memcon,govinfo-ppp-1990-book2-36-remarks-at-the-welcoming-ceremony-for-the-houston-economic-summit
599,Reference,Nearby public statement,Colombia,1990-07-13,Memcon,Memorandum of Conversation,1990-07-09,-4,Remarks at the Welcoming Ceremony for the Houston Economic Summit,Public Papers of the Presidents,Remarks,"Bolivia; Brazil; Chile; Colombia; Peru; Venezuela","Compare the public line with the private conversation; use for annotation when it explains public posture, timing, or follow-up.","Source: Public Papers of the Presidents of the United States: George H. W. Bush, 1990, Book II, July 9, 1990, ""Remarks at the Welcoming Ceremony for the Houston Economic Summit"", pp. 978-992. GovInfo, Government Publishing Office.",https://s3.us-east-1.amazonaws.com/NARAprodstorage/lz/presidential-libraries/bush/gb-nsc/321498039/1990-07-13--Gaviria-Trujillo.pdf,https://catalog.archives.gov/id/428080837,https://www.govinfo.gov/content/pkg/PPP-1990-book2/pdf/PPP-1990-book2.pdf#page=36,bush-library-428080837,govinfo-ppp-1990-book2-36-remarks-at-the-welcoming-ceremony-for-the-houston-economic-summit
600,Reference,Nearby public statement,Colombia,1990-09-29,Memcon,Memorandum of Conversation,1990-10-02,3,Statement by Press Secretary Fitzwater on President Bush's Meeting With President Patricio Aylwin Azocar of Chile,Public Papers of the Presidents,Statement,"Chile; Colombia","Compare the public line with the private conversation; use for annotation when it explains public posture, timing, or follow-up.","Source: Public Papers of the Presidents of the United States: George H. W. Bush, 1990, Book II, October 2, 1990, ""Statement by Press Secretary Fitzwater on President Bush's Meeting With President Patricio Aylwin Azocar of Chile"", pp. 1343-1344. GovInfo, Government Publishing Office.",documents/colombia/1990-09-29-bush-cesar-gaviria-memcon-91108-002-p27-scowcroft.pdf,https://catalog.archives.gov/id/366551671,https://www.govinfo.gov/content/pkg/PPP-1990-book2/pdf/PPP-1990-book2.pdf#page=401,scowcroft-366551671-27-cesar-gaviria-memcon,govinfo-ppp-1990-book2-401-statement-by-press-secretary-fitzwater-on-president-bush-s-meeting-with-president-patricio-aylwin-azocar-of-chile
601,Reference,Nearby public statement,Colombia,1990-09-29,Memcon,Memorandum of Conversation,1990-10-02,3,Statement by Press Secretary Fitzwater on President Bush's Meeting With President Patricio Aylwin Azocar of Chile,Public Papers of the Presidents,Statement,"Chile; Colombia","Compare the public line with the private conversation; use for annotation when it explains public posture, timing, or follow-up.","Source: Public Papers of the Presidents of the United States: George H. W. Bush, 1990, Book II, October 2, 1990, ""Statement by Press Secretary Fitzwater on President Bush's Meeting With President Patricio Aylwin Azocar of Chile"", pp. 1343-1344. GovInfo, Government Publishing Office.",https://s3.us-east-1.amazonaws.com/NARAprodstorage/lz/presidential-libraries/bush/gb-nsc/321498039/1990-09-29--Gaviria-Trujillo.pdf,https://catalog.archives.gov/id/428081077,https://www.govinfo.gov/content/pkg/PPP-1990-book2/pdf/PPP-1990-book2.pdf#page=401,bush-library-428081077,govinfo-ppp-1990-book2-401-statement-by-press-secretary-fitzwater-on-president-bush-s-meeting-with-president-patricio-aylwin-azocar-of-chile
602,Reference,Nearby public statement,Colombia,1990-09-29,Memcon,Memorandum of Conversation,1990-10-05,6,Message to the Congress Transmitting Proposed Legislation on Trade Preference for Andean Countries,Public Papers of the Presidents,Message,"Bolivia; Colombia; Ecuador; Peru","Compare the public line with the private conversation; use for annotation when it explains public posture, timing, or follow-up.","Source: Public Papers of the Presidents of the United States: George H. W. Bush, 1990, Book II, October 5, 1990, ""Message to the Congress Transmitting Proposed Legislation on Trade Preference for Andean Countries"", pp. 1363-1364. GovInfo, Government Publishing Office.",documents/colombia/1990-09-29-bush-cesar-gaviria-memcon-91108-002-p27-scowcroft.pdf,https://catalog.archives.gov/id/366551671,https://www.govinfo.gov/content/pkg/PPP-1990-book2/pdf/PPP-1990-book2.pdf#page=421,scowcroft-366551671-27-cesar-gaviria-memcon,govinfo-ppp-1990-book2-421-message-to-the-congress-transmitting-proposed-legislation-on-trade-preference-for-andean-countries
603,Reference,Nearby public statement,Colombia,1990-09-29,Memcon,Memorandum of Conversation,1990-10-05,6,Message to the Congress Transmitting Proposed Legislation on Trade Preference for Andean Countries,Public Papers of the Presidents,Message,"Bolivia; Colombia; Ecuador; Peru","Compare the public line with the private conversation; use for annotation when it explains public posture, timing, or follow-up.","Source: Public Papers of the Presidents of the United States: George H. W. Bush, 1990, Book II, October 5, 1990, ""Message to the Congress Transmitting Proposed Legislation on Trade Preference for Andean Countries"", pp. 1363-1364. GovInfo, Government Publishing Office.",https://s3.us-east-1.amazonaws.com/NARAprodstorage/lz/presidential-libraries/bush/gb-nsc/321498039/1990-09-29--Gaviria-Trujillo.pdf,https://catalog.archives.gov/id/428081077,https://www.govinfo.gov/content/pkg/PPP-1990-book2/pdf/PPP-1990-book2.pdf#page=421,bush-library-428081077,govinfo-ppp-1990-book2-421-message-to-the-congress-transmitting-proposed-legislation-on-trade-preference-for-andean-countries
604,Reference,Nearby public statement,Colombia,1990-09-29,Memcon,Memorandum of Conversation,1990-10-05,6,Remarks on Transmitting to the Congress Proposed Legislation on Trade Preference for Andean Countries,Public Papers of the Presidents,Remarks,"Bolivia; Colombia; Ecuador; Peru","Compare the public line with the private conversation; use for annotation when it explains public posture, timing, or follow-up.","Source: Public Papers of the Presidents of the United States: George H. W. Bush, 1990, Book II, October 5, 1990, ""Remarks on Transmitting to the Congress Proposed Legislation on Trade Preference for Andean Countries"", pp. 1362-1363. GovInfo, Government Publishing Office.",documents/colombia/1990-09-29-bush-cesar-gaviria-memcon-91108-002-p27-scowcroft.pdf,https://catalog.archives.gov/id/366551671,https://www.govinfo.gov/content/pkg/PPP-1990-book2/pdf/PPP-1990-book2.pdf#page=420,scowcroft-366551671-27-cesar-gaviria-memcon,govinfo-ppp-1990-book2-420-remarks-on-transmitting-to-the-congress-proposed-legislation-on-trade-preference-for-andean-countries
605,Reference,Nearby public statement,Colombia,1990-09-29,Memcon,Memorandum of Conversation,1990-10-05,6,Remarks on Transmitting to the Congress Proposed Legislation on Trade Preference for Andean Countries,Public Papers of the Presidents,Remarks,"Bolivia; Colombia; Ecuador; Peru","Compare the public line with the private conversation; use for annotation when it explains public posture, timing, or follow-up.","Source: Public Papers of the Presidents of the United States: George H. W. Bush, 1990, Book II, October 5, 1990, ""Remarks on Transmitting to the Congress Proposed Legislation on Trade Preference for Andean Countries"", pp. 1362-1363. GovInfo, Government Publishing Office.",https://s3.us-east-1.amazonaws.com/NARAprodstorage/lz/presidential-libraries/bush/gb-nsc/321498039/1990-09-29--Gaviria-Trujillo.pdf,https://catalog.archives.gov/id/428081077,https://www.govinfo.gov/content/pkg/PPP-1990-book2/pdf/PPP-1990-book2.pdf#page=420,bush-library-428081077,govinfo-ppp-1990-book2-420-remarks-on-transmitting-to-the-congress-proposed-legislation-on-trade-preference-for-andean-countries
606,Reference,Daily Diary empty-file check,Colombia,1990-11-23,Telcon,Memorandum of Telephone Conversation,1990-11-23,0,[Presidential Daily Diary] 11/23/1990 [EMPTY],Presidential Daily Diary,Restricted - Possibly,"Latin America; South America; Colombia; Bush Library Memcons and Telcons; Telcon",Use only to confirm that the diary file was empty or that no schedule detail is presently available.,"Source: George H.W. Bush Library, Bush Presidential Records, White House Office of Appointments and Scheduling Files, Presidential Daily Diary and Presidential Daily Backup Materials, [Presidential Daily Diary] 11/23/1990 [EMPTY]. Access restriction: Restricted - Possibly.",https://s3.us-east-1.amazonaws.com/NARAprodstorage/lz/presidential-libraries/bush/gb-nsc/321498139/1990-11-23--Gaviria-Trujillo.pdf,https://catalog.archives.gov/id/428081223,https://s3.amazonaws.com/NARAprodstorage/lz/presidential-libraries/bush/gb-whasf/Presidential_Daily_Diary_186322/1990/41-bpr-apts_sch-dd-11_23_90-12843-005_415890944.pdf,bush-library-428081223,415890944
607,Reference,Daily Diary empty-file check,Colombia,1990-11-23,Telcon,Memorandum of a Telephone Conversation,1990-11-23,0,[Presidential Daily Diary] 11/23/1990 [EMPTY],Presidential Daily Diary,Restricted - Possibly,"Latin America; South America; Colombia; Brent Scowcroft Papers; Head-of-state memcons and telcons",Use only to confirm that the diary file was empty or that no schedule detail is presently available.,"Source: George H.W. Bush Library, Bush Presidential Records, White House Office of Appointments and Scheduling Files, Presidential Daily Diary and Presidential Daily Backup Materials, [Presidential Daily Diary] 11/23/1990 [EMPTY]. Access restriction: Restricted - Possibly.",documents/colombia/1990-11-23-bush-cesar-gaviria-telcon-91112-003-p63-scowcroft.pdf,https://catalog.archives.gov/id/366551695,https://s3.amazonaws.com/NARAprodstorage/lz/presidential-libraries/bush/gb-whasf/Presidential_Daily_Diary_186322/1990/41-bpr-apts_sch-dd-11_23_90-12843-005_415890944.pdf,scowcroft-366551695-63-cesar-gaviria-telcon,415890944
608,Reference,Nearby public statement,Colombia,1990-11-23,Telcon,Memorandum of Telephone Conversation,1990-11-27,4,"Toast at the State Luncheon Hosted by President Carlos Salinas de Gortari in Monterrey, Mexico",Public Papers of the Presidents,Public Paper,Colombia,"Compare the public line with the private conversation; use for annotation when it explains public posture, timing, or follow-up.","Source: Public Papers of the Presidents of the United States: George H. W. Bush, 1990, Book II, November 27, 1990, ""Toast at the State Luncheon Hosted by President Carlos Salinas de Gortari in Monterrey, Mexico"", pp. 1691-1694. GovInfo, Government Publishing Office.",https://s3.us-east-1.amazonaws.com/NARAprodstorage/lz/presidential-libraries/bush/gb-nsc/321498139/1990-11-23--Gaviria-Trujillo.pdf,https://catalog.archives.gov/id/428081223,https://www.govinfo.gov/content/pkg/PPP-1990-book2/pdf/PPP-1990-book2.pdf#page=757,bush-library-428081223,govinfo-ppp-1990-book2-757-toast-at-the-state-luncheon-hosted-by-president-carlos-salinas-de-gortari-in-monterrey-mexico
609,Reference,Nearby public statement,Colombia,1990-11-23,Telcon,Memorandum of a Telephone Conversation,1990-11-27,4,"Toast at the State Luncheon Hosted by President Carlos Salinas de Gortari in Monterrey, Mexico",Public Papers of the Presidents,Public Paper,Colombia,"Compare the public line with the private conversation; use for annotation when it explains public posture, timing, or follow-up.","Source: Public Papers of the Presidents of the United States: George H. W. Bush, 1990, Book II, November 27, 1990, ""Toast at the State Luncheon Hosted by President Carlos Salinas de Gortari in Monterrey, Mexico"", pp. 1691-1694. GovInfo, Government Publishing Office.",documents/colombia/1990-11-23-bush-cesar-gaviria-telcon-91112-003-p63-scowcroft.pdf,https://catalog.archives.gov/id/366551695,https://www.govinfo.gov/content/pkg/PPP-1990-book2/pdf/PPP-1990-book2.pdf#page=757,scowcroft-366551695-63-cesar-gaviria-telcon,govinfo-ppp-1990-book2-757-toast-at-the-state-luncheon-hosted-by-president-carlos-salinas-de-gortari-in-monterrey-mexico
610,Reference,Nearby public statement,Colombia,1990-11-23,Telcon,Memorandum of Telephone Conversation,1990-11-30,7,Remarks Announcing the Nomination of Bob Martinez To Be Director of National Drug Control Policy,Public Papers of the Presidents,Remarks,"Bolivia; Colombia","Compare the public line with the private conversation; use for annotation when it explains public posture, timing, or follow-up.","Source: Public Papers of the Presidents of the United States: George H. W. Bush, 1990, Book II, November 30, 1990, ""Remarks Announcing the Nomination of Bob Martinez To Be Director of National Drug Control Policy"", pp. 1728-1729. GovInfo, Government Publishing Office.",https://s3.us-east-1.amazonaws.com/NARAprodstorage/lz/presidential-libraries/bush/gb-nsc/321498139/1990-11-23--Gaviria-Trujillo.pdf,https://catalog.archives.gov/id/428081223,https://www.govinfo.gov/content/pkg/PPP-1990-book2/pdf/PPP-1990-book2.pdf#page=794,bush-library-428081223,govinfo-ppp-1990-book2-794-remarks-announcing-the-nomination-of-bob-martinez-to-be-director-of-national-drug-control-policy
611,Reference,Nearby public statement,Colombia,1990-11-23,Telcon,Memorandum of a Telephone Conversation,1990-11-30,7,Remarks Announcing the Nomination of Bob Martinez To Be Director of National Drug Control Policy,Public Papers of the Presidents,Remarks,"Bolivia; Colombia","Compare the public line with the private conversation; use for annotation when it explains public posture, timing, or follow-up.","Source: Public Papers of the Presidents of the United States: George H. W. Bush, 1990, Book II, November 30, 1990, ""Remarks Announcing the Nomination of Bob Martinez To Be Director of National Drug Control Policy"", pp. 1728-1729. GovInfo, Government Publishing Office.",documents/colombia/1990-11-23-bush-cesar-gaviria-telcon-91112-003-p63-scowcroft.pdf,https://catalog.archives.gov/id/366551695,https://www.govinfo.gov/content/pkg/PPP-1990-book2/pdf/PPP-1990-book2.pdf#page=794,scowcroft-366551695-63-cesar-gaviria-telcon,govinfo-ppp-1990-book2-794-remarks-announcing-the-nomination-of-bob-martinez-to-be-director-of-national-drug-control-policy
612,Reference,Nearby public statement,Colombia,1990-11-23,Telcon,Memorandum of Telephone Conversation,1990-11-30,7,Written Responses to Questions Submitted by the South American Press,Public Papers of the Presidents,Public Paper,"Argentina; Bolivia; Brazil; Chile; Colombia; Ecuador; Paraguay; Uruguay; Venezuela","Compare the public line with the private conversation; use for annotation when it explains public posture, timing, or follow-up.","Source: Public Papers of the Presidents of the United States: George H. W. Bush, 1990, Book II, November 30, 1990, ""Written Responses to Questions Submitted by the South American Press"", pp. 1731-1737. GovInfo, Government Publishing Office.",https://s3.us-east-1.amazonaws.com/NARAprodstorage/lz/presidential-libraries/bush/gb-nsc/321498139/1990-11-23--Gaviria-Trujillo.pdf,https://catalog.archives.gov/id/428081223,https://www.govinfo.gov/content/pkg/PPP-1990-book2/pdf/PPP-1990-book2.pdf#page=797,bush-library-428081223,govinfo-ppp-1990-book2-797-written-responses-to-questions-submitted-by-the-south-american-press
613,Reference,Nearby public statement,Colombia,1990-11-23,Telcon,Memorandum of a Telephone Conversation,1990-11-30,7,Written Responses to Questions Submitted by the South American Press,Public Papers of the Presidents,Public Paper,"Argentina; Bolivia; Brazil; Chile; Colombia; Ecuador; Paraguay; Uruguay; Venezuela","Compare the public line with the private conversation; use for annotation when it explains public posture, timing, or follow-up.","Source: Public Papers of the Presidents of the United States: George H. W. Bush, 1990, Book II, November 30, 1990, ""Written Responses to Questions Submitted by the South American Press"", pp. 1731-1737. GovInfo, Government Publishing Office.",documents/colombia/1990-11-23-bush-cesar-gaviria-telcon-91112-003-p63-scowcroft.pdf,https://catalog.archives.gov/id/366551695,https://www.govinfo.gov/content/pkg/PPP-1990-book2/pdf/PPP-1990-book2.pdf#page=797,scowcroft-366551695-63-cesar-gaviria-telcon,govinfo-ppp-1990-book2-797-written-responses-to-questions-submitted-by-the-south-american-press
614,Reference,Nearby public statement,Colombia,1991-02-26,Memcon,Memorandum of Conversation,1991-03-01,3,Presidential Determination No. 91-22--Memorandum on Narcotics Control Certification,Public Papers of the Presidents,Memorandum,"Bolivia; Brazil; Colombia; Ecuador; Paraguay; Peru","Compare the public line with the private conversation; use for annotation when it explains public posture, timing, or follow-up.","Source: Public Papers of the Presidents of the United States: George H. W. Bush, 1991, Book I, March 1, 1991, ""Presidential Determination No. 91-22--Memorandum on Narcotics Control Certification"", p. 205. GovInfo, Government Publishing Office.",documents/colombia/1991-02-26-bush-cesar-gaviria-memcon-91108-004-p33-scowcroft.pdf,https://catalog.archives.gov/id/366551673,https://www.govinfo.gov/content/pkg/PPP-1991-book1/pdf/PPP-1991-book1-doc-pg205.pdf,scowcroft-366551673-33-cesar-gaviria-memcon,govinfo-PPP-1991-book1-doc-pg205
615,Reference,Nearby public statement,Colombia,1991-02-26,Memcon,Memorandum of Conversation,1991-03-01,3,Presidential Determination No. 91-22--Memorandum on Narcotics Control Certification,Public Papers of the Presidents,Memorandum,"Bolivia; Brazil; Colombia; Ecuador; Paraguay; Peru","Compare the public line with the private conversation; use for annotation when it explains public posture, timing, or follow-up.","Source: Public Papers of the Presidents of the United States: George H. W. Bush, 1991, Book I, March 1, 1991, ""Presidential Determination No. 91-22--Memorandum on Narcotics Control Certification"", p. 205. GovInfo, Government Publishing Office.",https://s3.us-east-1.amazonaws.com/NARAprodstorage/lz/presidential-libraries/bush/gb-nsc/321498039/1991-02-26--Gaviria-Trujillo.pdf,https://catalog.archives.gov/id/428082499,https://www.govinfo.gov/content/pkg/PPP-1991-book1/pdf/PPP-1991-book1-doc-pg205.pdf,bush-library-428082499,govinfo-PPP-1991-book1-doc-pg205
616,Reference,Nearby public statement,Colombia,1991-06-20,Telcon,Memorandum of Telephone Conversation,1991-06-27,7,Remarks Commemorating the First Anniversary of the Enterprise for the Americas Initiative and an Exchange With Reporters,Public Papers of the Presidents,Exchange,"Argentina; Brazil; Chile; Colombia; Ecuador; Paraguay; Peru; Uruguay; Venezuela","Compare the public line with the private conversation; use for annotation when it explains public posture, timing, or follow-up.","Source: Public Papers of the Presidents of the United States: George H. W. Bush, 1991, Book I, June 27, 1991, ""Remarks Commemorating the First Anniversary of the Enterprise for the Americas Initiative and an Exchange With Reporters"", p. 727. GovInfo, Government Publishing Office.",https://s3.us-east-1.amazonaws.com/NARAprodstorage/lz/presidential-libraries/bush/gb-nsc/321498139/1991-06-20--Gaviria-Trujillo.pdf,https://catalog.archives.gov/id/428081721,https://www.govinfo.gov/content/pkg/PPP-1991-book1/pdf/PPP-1991-book1-doc-pg727.pdf,bush-library-428081721,govinfo-PPP-1991-book1-doc-pg727
617,Reference,Nearby public statement,Colombia,1991-06-20,Telcon,Memorandum of a Telephone Conversation,1991-06-27,7,Remarks Commemorating the First Anniversary of the Enterprise for the Americas Initiative and an Exchange With Reporters,Public Papers of the Presidents,Exchange,"Argentina; Brazil; Chile; Colombia; Ecuador; Paraguay; Peru; Uruguay; Venezuela","Compare the public line with the private conversation; use for annotation when it explains public posture, timing, or follow-up.","Source: Public Papers of the Presidents of the United States: George H. W. Bush, 1991, Book I, June 27, 1991, ""Remarks Commemorating the First Anniversary of the Enterprise for the Americas Initiative and an Exchange With Reporters"", p. 727. GovInfo, Government Publishing Office.",documents/colombia/1991-06-20-bush-cesar-gaviria-telcon-91112-008-p74-scowcroft.pdf,https://catalog.archives.gov/id/366551700,https://www.govinfo.gov/content/pkg/PPP-1991-book1/pdf/PPP-1991-book1-doc-pg727.pdf,scowcroft-366551700-74-cesar-gaviria-telcon,govinfo-PPP-1991-book1-doc-pg727
618,Reference,Nearby public statement,Paraguay,1991-01-31,Telcon,Memorandum of Telephone Conversation,1991-02-04,4,"Letter to Congressional Leaders on Beneficiary Trade Status for the Central African Republic, Paraguay, and Namibia",Public Papers of the Presidents,Letter,Paraguay,"Compare the public line with the private conversation; use for annotation when it explains public posture, timing, or follow-up.","Source: Public Papers of the Presidents of the United States: George H. W. Bush, 1991, Book I, February 4, 1991, ""Letter to Congressional Leaders on Beneficiary Trade Status for the Central African Republic, Paraguay, and Namibia"", p. 102. GovInfo, Government Publishing Office.",https://s3.us-east-1.amazonaws.com/NARAprodstorage/lz/presidential-libraries/bush/gb-nsc/321498139/1991-01-31--Rodriguez.pdf,https://catalog.archives.gov/id/428081403,https://www.govinfo.gov/content/pkg/PPP-1991-book1/pdf/PPP-1991-book1-doc-pg102-2.pdf,bush-library-428081403,govinfo-PPP-1991-book1-doc-pg102-2
619,Reference,Nearby public statement,Paraguay,1991-01-31,Telcon,Memorandum of Telephone Conversation,1991-02-04,4,"Statement by Press Secretary Fitzwater on Beneficiary Trade Status for the Central African Republic, Chile, Namibia, and Paraguay",Public Papers of the Presidents,Statement,"Chile; Paraguay","Compare the public line with the private conversation; use for annotation when it explains public posture, timing, or follow-up.","Source: Public Papers of the Presidents of the United States: George H. W. Bush, 1991, Book I, February 4, 1991, ""Statement by Press Secretary Fitzwater on Beneficiary Trade Status for the Central African Republic, Chile, Namibia, and Paraguay"", p. 103. GovInfo, Government Publishing Office.",https://s3.us-east-1.amazonaws.com/NARAprodstorage/lz/presidential-libraries/bush/gb-nsc/321498139/1991-01-31--Rodriguez.pdf,https://catalog.archives.gov/id/428081403,https://www.govinfo.gov/content/pkg/PPP-1991-book1/pdf/PPP-1991-book1-doc-pg103.pdf,bush-library-428081403,govinfo-PPP-1991-book1-doc-pg103
620,Reference,Nearby public statement,Peru,1989-05-13,Telcon,Memorandum of Telephone Conversation,1989-05-09,-4,Interview With Members of the White House Press Corps,Public Papers of the Presidents,Interview,"Peru; Venezuela","Compare the public line with the private conversation; use for annotation when it explains public posture, timing, or follow-up.","Source: Public Papers of the Presidents of the United States: George H. W. Bush, 1989, Book I, May 9, 1989, ""Interview With Members of the White House Press Corps"", pp. 533-535. GovInfo, Government Publishing Office.",https://s3.us-east-1.amazonaws.com/NARAprodstorage/lz/presidential-libraries/bush/gb-nsc/321498139/1989-05-13--Garcia.pdf,https://catalog.archives.gov/id/428080015,https://www.govinfo.gov/content/pkg/PPP-1989-book1/pdf/PPP-1989-book1.pdf#page=559,bush-library-428080015,govinfo-ppp-1989-book1-559-interview-with-members-of-the-white-house-press-corps
621,Reference,Nearby public statement,Peru,1991-09-17,Memcon,Memorandum of Conversation,1991-09-20,3,Statement by Press Secretary Fitzwater on Peru's Drug Interdiction Efforts,Public Papers of the Presidents,Statement,Peru,"Compare the public line with the private conversation; use for annotation when it explains public posture, timing, or follow-up.","Source: Public Papers of the Presidents of the United States: George H. W. Bush, 1991, Book II, September 20, 1991, ""Statement by Press Secretary Fitzwater on Peru's Drug Interdiction Efforts"", pp. 1198-1199. GovInfo, Government Publishing Office.",https://s3.us-east-1.amazonaws.com/NARAprodstorage/lz/presidential-libraries/bush/gb-nsc/321498039/1991-09-17--Fujimori-2.pdf,https://catalog.archives.gov/id/428081889,https://www.govinfo.gov/content/pkg/PPP-1991-book2/pdf/PPP-1991-book2.pdf#page=416,bush-library-428081889,govinfo-ppp-1991-book2-416-statement-by-press-secretary-fitzwater-on-peru-s-drug-interdiction-efforts
622,Reference,Nearby public statement,Peru,1991-09-17,Memcon,Memorandum of Conversation,1991-09-20,3,Statement by Press Secretary Fitzwater on Peru's Drug Interdiction Efforts,Public Papers of the Presidents,Statement,Peru,"Compare the public line with the private conversation; use for annotation when it explains public posture, timing, or follow-up.","Source: Public Papers of the Presidents of the United States: George H. W. Bush, 1991, Book II, September 20, 1991, ""Statement by Press Secretary Fitzwater on Peru's Drug Interdiction Efforts"", pp. 1198-1199. GovInfo, Government Publishing Office.",https://s3.us-east-1.amazonaws.com/NARAprodstorage/lz/presidential-libraries/bush/gb-nsc/321498039/1991-09-17--Fujimori-1.pdf,https://catalog.archives.gov/id/428081887,https://www.govinfo.gov/content/pkg/PPP-1991-book2/pdf/PPP-1991-book2.pdf#page=416,bush-library-428081887,govinfo-ppp-1991-book2-416-statement-by-press-secretary-fitzwater-on-peru-s-drug-interdiction-efforts
623,Reference,Nearby public statement,Peru,1991-09-17,Memcon,Memorandum of Conversation,1991-09-23,6,Remarks at a Luncheon Hosted by United Nations Secretary- General Javier Perez de Cuellar in New York City,Public Papers of the Presidents,Remarks,"Brazil; Peru","Compare the public line with the private conversation; use for annotation when it explains public posture, timing, or follow-up.","Source: Public Papers of the Presidents of the United States: George H. W. Bush, 1991, Book II, September 23, 1991, ""Remarks at a Luncheon Hosted by United Nations Secretary- General Javier Perez de Cuellar in New York City"", pp. 1203-1205. GovInfo, Government Publishing Office.",https://s3.us-east-1.amazonaws.com/NARAprodstorage/lz/presidential-libraries/bush/gb-nsc/321498039/1991-09-17--Fujimori-2.pdf,https://catalog.archives.gov/id/428081889,https://www.govinfo.gov/content/pkg/PPP-1991-book2/pdf/PPP-1991-book2.pdf#page=421,bush-library-428081889,govinfo-ppp-1991-book2-421-remarks-at-a-luncheon-hosted-by-united-nations-secretary-general-javier-perez-de-cuellar-in-new-york-city
624,Reference,Nearby public statement,Peru,1991-09-17,Memcon,Memorandum of Conversation,1991-09-23,6,Remarks at a Luncheon Hosted by United Nations Secretary- General Javier Perez de Cuellar in New York City,Public Papers of the Presidents,Remarks,"Brazil; Peru","Compare the public line with the private conversation; use for annotation when it explains public posture, timing, or follow-up.","Source: Public Papers of the Presidents of the United States: George H. W. Bush, 1991, Book II, September 23, 1991, ""Remarks at a Luncheon Hosted by United Nations Secretary- General Javier Perez de Cuellar in New York City"", pp. 1203-1205. GovInfo, Government Publishing Office.",https://s3.us-east-1.amazonaws.com/NARAprodstorage/lz/presidential-libraries/bush/gb-nsc/321498039/1991-09-17--Fujimori-1.pdf,https://catalog.archives.gov/id/428081887,https://www.govinfo.gov/content/pkg/PPP-1991-book2/pdf/PPP-1991-book2.pdf#page=421,bush-library-428081887,govinfo-ppp-1991-book2-421-remarks-at-a-luncheon-hosted-by-united-nations-secretary-general-javier-perez-de-cuellar-in-new-york-city
625,Reference,Nearby public statement,Peru,1992-04-20,Telcon,Memorandum of Telephone Conversation,1992-04-23,3,Remarks to the Forum of the Americas,Public Papers of the Presidents,Remarks,"Argentina; Brazil; Chile; Colombia; Paraguay; Peru; Venezuela","Compare the public line with the private conversation; use for annotation when it explains public posture, timing, or follow-up.","Source: Public Papers of the Presidents of the United States: George H. W. Bush, 1992, Book I, April 23, 1992, ""Remarks to the Forum of the Americas"", p. 632. GovInfo, Government Publishing Office.",https://s3.us-east-1.amazonaws.com/NARAprodstorage/lz/presidential-libraries/bush/gb-nsc/321498139/1992-04-20--Fujimori.pdf,https://catalog.archives.gov/id/428082203,https://www.govinfo.gov/content/pkg/PPP-1992-book1/pdf/PPP-1992-book1-doc-pg632.pdf,bush-library-428082203,govinfo-PPP-1992-book1-doc-pg632
626,Reference,Nearby public statement,Peru,1992-04-20,Telcon,Memorandum of Telephone Conversation,1992-04-24,4,Teleconference Remarks to the National Association of Hispanic Journalists,Public Papers of the Presidents,Public Paper,"Argentina; Peru; Venezuela","Compare the public line with the private conversation; use for annotation when it explains public posture, timing, or follow-up.","Source: Public Papers of the Presidents of the United States: George H. W. Bush, 1992, Book I, April 24, 1992, ""Teleconference Remarks to the National Association of Hispanic Journalists"", p. 639. GovInfo, Government Publishing Office.",https://s3.us-east-1.amazonaws.com/NARAprodstorage/lz/presidential-libraries/bush/gb-nsc/321498139/1992-04-20--Fujimori.pdf,https://catalog.archives.gov/id/428082203,https://www.govinfo.gov/content/pkg/PPP-1992-book1/pdf/PPP-1992-book1-doc-pg639-2.pdf,bush-library-428082203,govinfo-PPP-1992-book1-doc-pg639-2
627,Reference,Nearby public statement,Peru,1992-04-20,Telcon,Memorandum of Telephone Conversation,1992-04-27,7,Remarks on Legislative Goals and an Exchange With Reporters,Public Papers of the Presidents,Exchange,Peru,"Compare the public line with the private conversation; use for annotation when it explains public posture, timing, or follow-up.","Source: Public Papers of the Presidents of the United States: George H. W. Bush, 1992, Book I, April 27, 1992, ""Remarks on Legislative Goals and an Exchange With Reporters"", p. 643. GovInfo, Government Publishing Office.",https://s3.us-east-1.amazonaws.com/NARAprodstorage/lz/presidential-libraries/bush/gb-nsc/321498139/1992-04-20--Fujimori.pdf,https://catalog.archives.gov/id/428082203,https://www.govinfo.gov/content/pkg/PPP-1992-book1/pdf/PPP-1992-book1-doc-pg643.pdf,bush-library-428082203,govinfo-PPP-1992-book1-doc-pg643
628,Reference,Daily Diary empty-file check,Uruguay,1990-12-04,Memcon,Memorandum of Conversation,1990-12-04,0,[Presidential Daily Diary] 12/4/1990 [EMPTY],Presidential Daily Diary,Restricted - Possibly,"Latin America; South America; Uruguay; Bush Library Memcons and Telcons; Memcon",Use only to confirm that the diary file was empty or that no schedule detail is presently available.,"Source: George H.W. Bush Library, Bush Presidential Records, White House Office of Appointments and Scheduling Files, Presidential Daily Diary and Presidential Daily Backup Materials, [Presidential Daily Diary] 12/4/1990 [EMPTY]. Access restriction: Restricted - Possibly.",https://s3.us-east-1.amazonaws.com/NARAprodstorage/lz/presidential-libraries/bush/gb-nsc/321498039/1990-12-04--Lacalle.pdf,https://catalog.archives.gov/id/428081235,https://s3.amazonaws.com/NARAprodstorage/lz/presidential-libraries/bush/gb-whasf/Presidential_Daily_Diary_186322/1990/41-bpr-apts_sch-dd-12_04_90-12843-027_415890966.pdf,bush-library-428081235,415890966
629,Reference,Nearby public statement,Uruguay,1990-12-04,Memcon,Memorandum of Conversation,1990-12-06,2,"Remarks to a Joint Session of the Congress in Valparaiso, Chile",Public Papers of the Presidents,Remarks,"Chile; Uruguay","Compare the public line with the private conversation; use for annotation when it explains public posture, timing, or follow-up.","Source: Public Papers of the Presidents of the United States: George H. W. Bush, 1990, Book II, December 6, 1990, ""Remarks to a Joint Session of the Congress in Valparaiso, Chile"", pp. 1764-1766. GovInfo, Government Publishing Office.",https://s3.us-east-1.amazonaws.com/NARAprodstorage/lz/presidential-libraries/bush/gb-nsc/321498039/1990-12-04--Lacalle.pdf,https://catalog.archives.gov/id/428081235,https://www.govinfo.gov/content/pkg/PPP-1990-book2/pdf/PPP-1990-book2.pdf#page=830,bush-library-428081235,govinfo-ppp-1990-book2-830-remarks-to-a-joint-session-of-the-congress-in-valparaiso-chile
630,Reference,Nearby public statement,Uruguay,1990-12-04,Memcon,Memorandum of Conversation,1990-12-07,3,"Toast at a State Dinner in Caracas, Venezuela",Public Papers of the Presidents,Public Paper,"Argentina; Bolivia; Brazil; Chile; Ecuador; Paraguay; Peru; Uruguay; Venezuela","Compare the public line with the private conversation; use for annotation when it explains public posture, timing, or follow-up.","Source: Public Papers of the Presidents of the United States: George H. W. Bush, 1990, Book II, December 7, 1990, ""Toast at a State Dinner in Caracas, Venezuela"", pp. 1770-1772. GovInfo, Government Publishing Office.",https://s3.us-east-1.amazonaws.com/NARAprodstorage/lz/presidential-libraries/bush/gb-nsc/321498039/1990-12-04--Lacalle.pdf,https://catalog.archives.gov/id/428081235,https://www.govinfo.gov/content/pkg/PPP-1990-book2/pdf/PPP-1990-book2.pdf#page=836,bush-library-428081235,govinfo-ppp-1990-book2-836-toast-at-a-state-dinner-in-caracas-venezuela
631,Reference,Nearby public statement,Uruguay,1990-12-04,Memcon,Memorandum of Conversation,1990-11-30,-4,Written Responses to Questions Submitted by the South American Press,Public Papers of the Presidents,Public Paper,"Argentina; Bolivia; Brazil; Chile; Colombia; Ecuador; Paraguay; Uruguay; Venezuela","Compare the public line with the private conversation; use for annotation when it explains public posture, timing, or follow-up.","Source: Public Papers of the Presidents of the United States: George H. W. Bush, 1990, Book II, November 30, 1990, ""Written Responses to Questions Submitted by the South American Press"", pp. 1731-1737. GovInfo, Government Publishing Office.",https://s3.us-east-1.amazonaws.com/NARAprodstorage/lz/presidential-libraries/bush/gb-nsc/321498039/1990-12-04--Lacalle.pdf,https://catalog.archives.gov/id/428081235,https://www.govinfo.gov/content/pkg/PPP-1990-book2/pdf/PPP-1990-book2.pdf#page=797,bush-library-428081235,govinfo-ppp-1990-book2-797-written-responses-to-questions-submitted-by-the-south-american-press
632,Reference,Nearby public statement,Uruguay,1991-05-21,Memcon,Memorandum of Conversation,1991-05-23,2,Remarks to the National Retail Federation,Public Papers of the Presidents,Remarks,"Uruguay; Venezuela","Compare the public line with the private conversation; use for annotation when it explains public posture, timing, or follow-up.","Source: Public Papers of the Presidents of the United States: George H. W. Bush, 1991, Book I, May 23, 1991, ""Remarks to the National Retail Federation"", p. 549. GovInfo, Government Publishing Office.",https://s3.us-east-1.amazonaws.com/NARAprodstorage/lz/presidential-libraries/bush/gb-nsc/321498039/1991-05-21--Lacalle.pdf,https://catalog.archives.gov/id/428081675,https://www.govinfo.gov/content/pkg/PPP-1991-book1/pdf/PPP-1991-book1-doc-pg549-2.pdf,bush-library-428081675,govinfo-PPP-1991-book1-doc-pg549-2
633,Reference,Nearby public statement,Venezuela,1989-05-10,Telcon,Memorandum of Telephone Conversation,1989-05-13,3,Interview With Members of the White House Press Corps on the Situation in Panama,Public Papers of the Presidents,Interview,Venezuela,"Compare the public line with the private conversation; use for annotation when it explains public posture, timing, or follow-up.","Source: Public Papers of the Presidents of the United States: George H. W. Bush, 1989, Book I, May 13, 1989, ""Interview With Members of the White House Press Corps on the Situation in Panama"", pp. 547-551. GovInfo, Government Publishing Office.",https://s3.us-east-1.amazonaws.com/NARAprodstorage/lz/presidential-libraries/bush/gb-nsc/321498139/1989-05-10--Perez.pdf,https://catalog.archives.gov/id/428080003,https://www.govinfo.gov/content/pkg/PPP-1989-book1/pdf/PPP-1989-book1.pdf#page=573,bush-library-428080003,govinfo-ppp-1989-book1-573-interview-with-members-of-the-white-house-press-corps-on-the-situation-in-panama
634,Reference,Daily Diary empty-file check,Venezuela,1989-12-20,Telcon,Memorandum of Telephone Conversation,1989-12-20,0,[Presidential Daily Diary] 12/20/1989 [EMPTY],Presidential Daily Diary,Restricted - Possibly,"Latin America; South America; Venezuela; Bush Library Memcons and Telcons; Telcon",Use only to confirm that the diary file was empty or that no schedule detail is presently available.,"Source: George H.W. Bush Library, Bush Presidential Records, White House Office of Appointments and Scheduling Files, Presidential Daily Diary and Presidential Daily Backup Materials, [Presidential Daily Diary] 12/20/1989 [EMPTY]. Access restriction: Restricted - Possibly.",https://s3.us-east-1.amazonaws.com/NARAprodstorage/lz/presidential-libraries/bush/gb-nsc/321498139/1989-12-20--Perez.pdf,https://catalog.archives.gov/id/428080461,https://s3.amazonaws.com/NARAprodstorage/lz/presidential-libraries/bush/gb-whasf/Presidential_Daily_Diary_186322/1989/41-bpr-apts_sch-dd-12_20_89-12813-021_415890266.pdf,bush-library-428080461,415890266
635,Reference,Daily Diary empty-file check,Venezuela,1990-12-08,Memcon,Memorandum of Conversation,1990-12-08,0,[Presidential Daily Diary] 12/8/1990 [EMPTY],Presidential Daily Diary,Restricted - Possibly,"Latin America; South America; Venezuela; Bush Library Memcons and Telcons; Memcon",Use only to confirm that the diary file was empty or that no schedule detail is presently available.,"Source: George H.W. Bush Library, Bush Presidential Records, White House Office of Appointments and Scheduling Files, Presidential Daily Diary and Presidential Daily Backup Materials, [Presidential Daily Diary] 12/8/1990 [EMPTY]. Access restriction: Restricted - Possibly.",https://s3.us-east-1.amazonaws.com/NARAprodstorage/lz/presidential-libraries/bush/gb-nsc/321498039/1990-12-08--Perez.pdf,https://catalog.archives.gov/id/428081239,https://s3.amazonaws.com/NARAprodstorage/lz/presidential-libraries/bush/gb-whasf/Presidential_Daily_Diary_186322/1990/41-bpr-apts_sch-dd-12_08_90-12844-007_415890974.pdf,bush-library-428081239,415890974
636,Reference,Nearby public statement,Venezuela,1990-12-08,Memcon,Memorandum of Conversation,1990-12-05,-3,"Question-and-Answer Session With Reporters in Buenos Aires, Argentina",Public Papers of the Presidents,Exchange,"Argentina; Brazil; Uruguay; Venezuela","Compare the public line with the private conversation; use for annotation when it explains public posture, timing, or follow-up.","Source: Public Papers of the Presidents of the United States: George H. W. Bush, 1990, Book II, December 5, 1990, ""Question-and-Answer Session With Reporters in Buenos Aires, Argentina"", pp. 1752-1755. GovInfo, Government Publishing Office.",https://s3.us-east-1.amazonaws.com/NARAprodstorage/lz/presidential-libraries/bush/gb-nsc/321498039/1990-12-08--Perez.pdf,https://catalog.archives.gov/id/428081239,https://www.govinfo.gov/content/pkg/PPP-1990-book2/pdf/PPP-1990-book2.pdf#page=818,bush-library-428081239,govinfo-ppp-1990-book2-818-question-and-answer-session-with-reporters-in-buenos-aires-argentina
637,Reference,Nearby public statement,Venezuela,1990-12-08,Memcon,Memorandum of Conversation,1990-12-05,-3,"Remarks to a Joint Session of the Congress in Buenos Aires, Argentina",Public Papers of the Presidents,Remarks,"Argentina; Brazil; Uruguay; Venezuela","Compare the public line with the private conversation; use for annotation when it explains public posture, timing, or follow-up.","Source: Public Papers of the Presidents of the United States: George H. W. Bush, 1990, Book II, December 5, 1990, ""Remarks to a Joint Session of the Congress in Buenos Aires, Argentina"", pp. 1755-1758. GovInfo, Government Publishing Office.",https://s3.us-east-1.amazonaws.com/NARAprodstorage/lz/presidential-libraries/bush/gb-nsc/321498039/1990-12-08--Perez.pdf,https://catalog.archives.gov/id/428081239,https://www.govinfo.gov/content/pkg/PPP-1990-book2/pdf/PPP-1990-book2.pdf#page=821,bush-library-428081239,govinfo-ppp-1990-book2-821-remarks-to-a-joint-session-of-the-congress-in-buenos-aires-argentina
638,Reference,Nearby public statement,Venezuela,1991-05-03,Memcon,Memorandum of Conversation,1991-05-09,6,Remarks to the Hispanic Alliance for Free Trade,Public Papers of the Presidents,Remarks,Venezuela,"Compare the public line with the private conversation; use for annotation when it explains public posture, timing, or follow-up.","Source: Public Papers of the Presidents of the United States: George H. W. Bush, 1991, Book I, May 9, 1991, ""Remarks to the Hispanic Alliance for Free Trade"", p. 490. GovInfo, Government Publishing Office.",https://s3.us-east-1.amazonaws.com/NARAprodstorage/lz/presidential-libraries/bush/gb-nsc/321498039/1991-05-03--Perez.pdf,https://catalog.archives.gov/id/428081627,https://www.govinfo.gov/content/pkg/PPP-1991-book1/pdf/PPP-1991-book1-doc-pg490.pdf,bush-library-428081627,govinfo-PPP-1991-book1-doc-pg490
639,Reference,Nearby public statement,Venezuela,1991-09-30,Telcon,Memorandum of Telephone Conversation,1991-09-24,-6,Exchange With Reporters in New York City Following Discussions With President Carlos Perez of Venezuela,Public Papers of the Presidents,Exchange,Venezuela,"Compare the public line with the private conversation; use for annotation when it explains public posture, timing, or follow-up.","Source: Public Papers of the Presidents of the United States: George H. W. Bush, 1991, Book II, September 24, 1991, ""Exchange With Reporters in New York City Following Discussions With President Carlos Perez of Venezuela"", pp. 1205-1206. GovInfo, Government Publishing Office.",https://s3.us-east-1.amazonaws.com/NARAprodstorage/lz/presidential-libraries/bush/gb-nsc/321498139/1991-09-30--Perez.pdf,https://catalog.archives.gov/id/428081963,https://www.govinfo.gov/content/pkg/PPP-1991-book2/pdf/PPP-1991-book2.pdf#page=423,bush-library-428081963,govinfo-ppp-1991-book2-423-exchange-with-reporters-in-new-york-city-following-discussions-with-president-carlos-perez-of-venezuela
640,Reference,Nearby public statement,Venezuela,1991-10-01,Telcon,Memorandum of Telephone Conversation,1991-09-24,-7,Exchange With Reporters in New York City Following Discussions With President Carlos Perez of Venezuela,Public Papers of the Presidents,Exchange,Venezuela,"Compare the public line with the private conversation; use for annotation when it explains public posture, timing, or follow-up.","Source: Public Papers of the Presidents of the United States: George H. W. Bush, 1991, Book II, September 24, 1991, ""Exchange With Reporters in New York City Following Discussions With President Carlos Perez of Venezuela"", pp. 1205-1206. GovInfo, Government Publishing Office.",https://s3.us-east-1.amazonaws.com/NARAprodstorage/lz/presidential-libraries/bush/gb-nsc/321498139/1991-10-01--Perez.pdf,https://catalog.archives.gov/id/428081965,https://www.govinfo.gov/content/pkg/PPP-1991-book2/pdf/PPP-1991-book2.pdf#page=423,bush-library-428081965,govinfo-ppp-1991-book2-423-exchange-with-reporters-in-new-york-city-following-discussions-with-president-carlos-perez-of-venezuela
641,Reference,Nearby public statement,Venezuela,1991-12-17,Telcon,Memorandum of Telephone Conversation,1991-12-19,2,Statement by Press Secretary Fitzwater on the President's Telephone Conversation With Prime Minister Mulroney of Canada and President Perez of Venezuela,Public Papers of the Presidents,Statement,Venezuela,"Compare the public line with the private conversation; use for annotation when it explains public posture, timing, or follow-up.","Source: Public Papers of the Presidents of the United States: George H. W. Bush, 1991, Book II, December 19, 1991, ""Statement by Press Secretary Fitzwater on the President's Telephone Conversation With Prime Minister Mulroney of Canada and President Perez of Venezuela"", p. 1650. GovInfo, Government Publishing Office.",https://s3.us-east-1.amazonaws.com/NARAprodstorage/lz/presidential-libraries/bush/gb-nsc/321498139/1991-12-17--Perez.pdf,https://catalog.archives.gov/id/428082109,https://www.govinfo.gov/content/pkg/PPP-1991-book2/pdf/PPP-1991-book2.pdf#page=876,bush-library-428082109,govinfo-ppp-1991-book2-876-statement-by-press-secretary-fitzwater-on-the-president-s-telephone-conversation-with-prime-minister-mulroney-of-canada-and-president-perez-of-venezuela
642,Reference,Nearby public statement,Venezuela,1991-12-17,Telcon,Memorandum of Telephone Conversation,1991-12-19,2,The President's News Conference With Foreign Correspondents,Public Papers of the Presidents,News Conference,Venezuela,"Compare the public line with the private conversation; use for annotation when it explains public posture, timing, or follow-up.","Source: Public Papers of the Presidents of the United States: George H. W. Bush, 1991, Book II, December 19, 1991, ""The President's News Conference With Foreign Correspondents"", pp. 1639-1648. GovInfo, Government Publishing Office.",https://s3.us-east-1.amazonaws.com/NARAprodstorage/lz/presidential-libraries/bush/gb-nsc/321498139/1991-12-17--Perez.pdf,https://catalog.archives.gov/id/428082109,https://www.govinfo.gov/content/pkg/PPP-1991-book2/pdf/PPP-1991-book2.pdf#page=865,bush-library-428082109,govinfo-ppp-1991-book2-865-the-president-s-news-conference-with-foreign-correspondents
