work_order,priority,workstream,country,issue,date_or_span,title_or_scope,evidence_count,private_record_count,high_priority_print_leads,public_statement_count,source_or_folder,related_export,related_rank_or_id,recommended_action,why_it_matters,first_link,supporting_links
1,Critical,Structural audit,,,,Print-candidate backlog is much larger than the verified private corpus,557,,,,,compiler-review-queue.csv,Print-candidate backlog is much larger than the verified private corpus,Triage high-priority leads by country and theme before treating the memcon/telcon chapters as complete.,"935 OCR-derived print leads, including 557 high-priority leads, are not yet selected, transcribed, or compared against the country chronologies.",,
2,Critical,Country coverage,Bolivia,,,Bolivia chapter coverage,4,4,47,,,"coverage-matrix.csv; country-dossiers.csv; compiler-review-queue.csv",Bolivia,"Use high-priority print leads to test whether the current private record set is only a presidential-contact skeleton. Build a public-private chronology and look for missing decision documents around statement dates. Flag partial releases for possible replacement, re-review, or annotation.",Four or fewer released private records are in the country chapter. 47 high-priority print leads exist against a thin private-record chapter. 47 public statements contrast with sparse private records. 1 private record(s) are partial releases.,,
3,Critical,Country coverage,Chile,,,Chile chapter coverage,4,3,32,,,"coverage-matrix.csv; country-dossiers.csv; compiler-review-queue.csv",Chile,"Use high-priority print leads to test whether the current private record set is only a presidential-contact skeleton. Build a public-private chronology and look for missing decision documents around statement dates. Flag partial releases for possible replacement, re-review, or annotation.",Four or fewer released private records are in the country chapter. 32 high-priority print leads exist against a thin private-record chapter. 41 public statements contrast with sparse private records. 1 private record(s) are partial releases.,,
4,Critical,Country coverage,Suriname,,,Suriname chapter coverage,1,0,2,,,"coverage-matrix.csv; country-dossiers.csv; compiler-review-queue.csv",Suriname,"Treat this chapter as unresolved until non-presidential, State, NSC country, or agency files are checked.",No released private memcon/telcon record is currently in the country chapter.,,
5,Critical,Country coverage,Paraguay,,,Paraguay chapter coverage,3,2,19,,,"coverage-matrix.csv; country-dossiers.csv; compiler-review-queue.csv",Paraguay,"Prioritize adjacent NSC country files, State records, and withdrawal-sheet leads before treating the chapter as representative. Build a public-private chronology and look for missing decision documents around statement dates.",Only one or two released private records are in the country chapter. 19 high-priority print leads may materially alter the chapter chronology. 23 public statements contrast with sparse private records.,,
6,Critical,Country coverage,Peru,,,Peru chapter coverage,3,4,29,,,"coverage-matrix.csv; country-dossiers.csv; compiler-review-queue.csv",Peru,Use high-priority print leads to test whether the current private record set is only a presidential-contact skeleton. Build a public-private chronology and look for missing decision documents around statement dates.,Four or fewer released private records are in the country chapter. 29 high-priority print leads exist against a thin private-record chapter. 66 public statements contrast with sparse private records.,,
7,Critical,Country coverage,Guyana,,,Guyana chapter coverage,3,1,25,,,"coverage-matrix.csv; country-dossiers.csv; compiler-review-queue.csv",Guyana,"Prioritize adjacent NSC country files, State records, and withdrawal-sheet leads before treating the chapter as representative.",Only one or two released private records are in the country chapter. 25 high-priority print leads exist against a thin private-record chapter. Private records come from a single source bucket.,,
8,Critical,Issue dossier,Venezuela,Presidential diplomacy and head-of-state contacts,1987-08-18 to 1992-11-27,Presidential diplomacy and head-of-state contacts - Venezuela,374,31,109,42,"12789-009; 12789-010; 12791-022","issue-dossiers.csv; selection-matrix.csv; evidence-timeline.csv",1,Compare print leads against verified private records before deciding whether the issue needs additional printed documents or annotation.,"109 high-priority print leads; 31 verified private records",https://s3.amazonaws.com/NARAprodstorage/lz/presidential-libraries/bush/gb-whasf/Presidential_Daily_Diary_186322/1989/41-bpr-apts_sch-dd-01_24_89-12789-009_415889606.pdf,"documents/venezuela/1992-04-09-bush-carlos-andres-perez-telcon-91113-003-p61-scowcroft.pdf; documents/venezuela/1992-11-27-bush-carlos-andres-perez-telcon-91110-002-p65-scowcroft.pdf; https://s3.amazonaws.com/NARAprodstorage/lz/presidential-libraries/bush/gb-whasf/Presidential_Daily_Diary_186322/1989/41-bpr-apts_sch-dd-01_24_89-12789-009_415889606.pdf; https://s3.amazonaws.com/NARAprodstorage/lz/presidential-libraries/bush/gb-whasf/Presidential_Daily_Diary_186322/1989/41-bpr-apts_sch-dd-01_24_89-12789-010_415889607.pdf; https://s3.amazonaws.com/NARAprodstorage/lz/presidential-libraries/bush/gb-whasf/Presidential_Daily_Diary_186322/1989/41-bpr-apts_sch-dd-02_27_89-12791-022_415889675.pdf; https://s3.amazonaws.com/NARAprodstorage/lz/presidential-libraries/bush/gb-whasf/Presidential_Daily_Diary_186322/1989/41-bpr-apts_sch-dd-03_02_89-12791-028_415889681.pdf; https://s3.amazonaws.com/NARAprodstorage/lz/presidential-libraries/bush/gb-whasf/Presidential_Daily_Diary_186322/1989/41-bpr-apts_sch-dd-03_03_89-12791-029_415889682.pdf; https://s3.amazonaws.com/NARAprodstorage/lz/presidential-libraries/bush/gb-whasf/Presidential_Daily_Diary_186322/1989/41-bpr-apts_sch-dd-03_03_89-12791-030_415889683.pdf"
9,Critical,Issue dossier,Colombia,Presidential diplomacy and head-of-state contacts,1989-03-03 to 1992-12-10,Presidential diplomacy and head-of-state contacts - Colombia,371,24,92,61,"12791-029; 12791-030; 12792-005","issue-dossiers.csv; selection-matrix.csv; evidence-timeline.csv",2,Compare print leads against verified private records before deciding whether the issue needs additional printed documents or annotation.,"92 high-priority print leads; 24 verified private records",https://s3.amazonaws.com/NARAprodstorage/lz/presidential-libraries/bush/gb-whasf/Presidential_Daily_Diary_186322/1989/41-bpr-apts_sch-dd-03_03_89-12791-029_415889682.pdf,"documents/colombia/1989-05-31-bush-virgilio-barco-telcon-91111-002-p38-scowcroft.pdf; documents/colombia/1990-07-13-bush-virgilio-barco-memcon-91108-001-p73-scowcroft.pdf; documents/colombia/1990-09-29-bush-cesar-gaviria-memcon-91108-002-p27-scowcroft.pdf; documents/colombia/1990-11-23-bush-cesar-gaviria-telcon-91112-003-p63-scowcroft.pdf; documents/colombia/1991-02-26-bush-cesar-gaviria-memcon-91108-004-p33-scowcroft.pdf; documents/colombia/1991-06-20-bush-cesar-gaviria-telcon-91112-008-p74-scowcroft.pdf; https://s3.amazonaws.com/NARAprodstorage/lz/presidential-libraries/bush/gb-whasf/Presidential_Daily_Diary_186322/1989/41-bpr-apts_sch-dd-03_03_89-12791-029_415889682.pdf; https://s3.amazonaws.com/NARAprodstorage/lz/presidential-libraries/bush/gb-whasf/Presidential_Daily_Diary_186322/1989/41-bpr-apts_sch-dd-03_03_89-12791-030_415889683.pdf"
10,Critical,Issue dossier,Argentina,Presidential diplomacy and head-of-state contacts,1989-01-23 to 1993-01-19,Presidential diplomacy and head-of-state contacts - Argentina,307,31,85,33,"12789-007; 12789-008; 12796-019","issue-dossiers.csv; selection-matrix.csv; evidence-timeline.csv",3,Compare print leads against verified private records before deciding whether the issue needs additional printed documents or annotation.,"85 high-priority print leads; 31 verified private records",https://s3.amazonaws.com/NARAprodstorage/lz/presidential-libraries/bush/gb-whasf/Presidential_Daily_Diary_186322/1989/41-bpr-apts_sch-dd-01_23_89-12789-007_415889604.pdf,"documents/argentina/1989-09-27-bush-carlos-saul-menem-memcon-91107-005-p100-scowcroft.pdf; documents/argentina/1990-03-01-bush-carlos-saul-menem-telcon-91111-005-p88-scowcroft.pdf; documents/argentina/1990-06-28-bush-carlos-saul-menem-telcon-91111-007-p20-scowcroft.pdf; documents/argentina/1990-12-05-bush-carlos-saul-menem-memcon-91108-003-p112-scowcroft.pdf; documents/argentina/1991-01-14-bush-carlos-saul-menem-telcon-91112-004-p45-scowcroft.pdf; documents/argentina/1991-01-19-bush-carlos-saul-menem-telcon-91112-004-p71-scowcroft.pdf; documents/argentina/1991-02-08-bush-carlos-saul-menem-telcon-91112-005-p49-scowcroft.pdf; documents/argentina/1991-03-04-bush-carlos-saul-menem-telcon-91112-006-p76-scowcroft.pdf"
11,Critical,Issue dossier,Brazil,Presidential diplomacy and head-of-state contacts,1988-11-01 to 1993-01-19,Presidential diplomacy and head-of-state contacts - Brazil,261,14,60,47,"12791-012; 12791-014; 12791-016","issue-dossiers.csv; selection-matrix.csv; evidence-timeline.csv",4,Compare print leads against verified private records before deciding whether the issue needs additional printed documents or annotation.,"60 high-priority print leads; 14 verified private records",https://s3.amazonaws.com/NARAprodstorage/lz/presidential-libraries/bush/gb-whasf/Presidential_Daily_Diary_186322/1989/41-bpr-apts_sch-dd-02_22_89-12791-012_415889665.pdf,"documents/brazil/1992-03-25-bush-fernando-collor-de-mello-telcon-91113-003-p45-scowcroft.pdf; https://s3.amazonaws.com/NARAprodstorage/lz/presidential-libraries/bush/gb-whasf/Presidential_Daily_Diary_186322/1989/41-bpr-apts_sch-dd-02_22_89-12791-012_415889665.pdf; https://s3.amazonaws.com/NARAprodstorage/lz/presidential-libraries/bush/gb-whasf/Presidential_Daily_Diary_186322/1989/41-bpr-apts_sch-dd-02_23_89-12791-014_415889667.pdf; https://s3.amazonaws.com/NARAprodstorage/lz/presidential-libraries/bush/gb-whasf/Presidential_Daily_Diary_186322/1989/41-bpr-apts_sch-dd-02_24_89-12791-016_415889669.pdf; https://s3.amazonaws.com/NARAprodstorage/lz/presidential-libraries/bush/gb-whasf/Presidential_Daily_Diary_186322/1989/41-bpr-apts_sch-dd-02_25_89-12791-017_415889670.pdf; https://s3.amazonaws.com/NARAprodstorage/lz/presidential-libraries/bush/gb-whasf/Presidential_Daily_Diary_186322/1989/41-bpr-apts_sch-dd-02_25_89-12791-018_415889671.pdf; https://s3.amazonaws.com/NARAprodstorage/lz/presidential-libraries/bush/gb-whasf/Presidential_Daily_Diary_186322/1989/41-bpr-apts_sch-dd-02_26_89-12791-020_415889673.pdf; https://s3.amazonaws.com/NARAprodstorage/lz/presidential-libraries/bush/gb-whasf/Presidential_Daily_Diary_186322/1989/41-bpr-apts_sch-dd-02_27_89-12791-022_415889675.pdf"
12,Critical,Issue dossier,Bolivia,Presidential diplomacy and head-of-state contacts,1989-02-08 to 1992-09-09,Presidential diplomacy and head-of-state contacts - Bolivia,155,4,44,29,"12791-029; 12791-030; 12792-010","issue-dossiers.csv; selection-matrix.csv; evidence-timeline.csv",5,Use this issue-country cluster to test top OCR leads against a thin or risky chapter chronology.,"44 high-priority print leads; 4 verified private records",https://s3.amazonaws.com/NARAprodstorage/lz/presidential-libraries/bush/gb-whasf/Presidential_Daily_Diary_186322/1989/41-bpr-apts_sch-dd-03_03_89-12791-029_415889682.pdf,"documents/bolivia/1990-02-15-bush-jaime-paz-zamora-memcon-91107-007-p73-scowcroft.pdf; https://s3.amazonaws.com/NARAprodstorage/lz/presidential-libraries/bush/gb-whasf/Presidential_Daily_Diary_186322/1989/41-bpr-apts_sch-dd-03_03_89-12791-029_415889682.pdf; https://s3.amazonaws.com/NARAprodstorage/lz/presidential-libraries/bush/gb-whasf/Presidential_Daily_Diary_186322/1989/41-bpr-apts_sch-dd-03_03_89-12791-030_415889683.pdf; https://s3.amazonaws.com/NARAprodstorage/lz/presidential-libraries/bush/gb-whasf/Presidential_Daily_Diary_186322/1989/41-bpr-apts_sch-dd-03_10_89-12792-010_415889697.pdf; https://s3.amazonaws.com/NARAprodstorage/lz/presidential-libraries/bush/gb-whasf/Presidential_Daily_Diary_186322/1989/41-bpr-apts_sch-dd-03_22_89-12793-010_415889721.pdf; https://s3.amazonaws.com/NARAprodstorage/lz/presidential-libraries/bush/gb-whasf/Presidential_Daily_Diary_186322/1989/41-bpr-apts_sch-dd-04_27_89-12795-024_415889793.pdf; https://s3.amazonaws.com/NARAprodstorage/lz/presidential-libraries/bush/gb-whasf/Presidential_Daily_Diary_186322/1989/41-bpr-apts_sch-dd-05_11_89-12796-019_415889820.pdf; https://s3.amazonaws.com/NARAprodstorage/lz/presidential-libraries/bush/gb-whasf/Presidential_Daily_Diary_186322/1989/41-bpr-apts_sch-dd-05_11_89-12796-020_415889821.pdf"
13,Critical,Issue dossier,Regional/No single country,Presidential diplomacy and head-of-state contacts,1989-02-14 to 1992-03-02,Presidential diplomacy and head-of-state contacts - Regional/No single country,85,0,64,0,"Andean [Drug] Summit 1989 [1]; Andean [Drug] Summit 1989 [2]; Andean [Drug] Summit 1989 [3]","issue-dossiers.csv; selection-matrix.csv; evidence-timeline.csv",6,Use this as a candidate issue trail where no released private memcon/telcon currently anchors the chapter.,"64 high-priority print leads; 0 verified private records; no private anchor",https://s3.dualstack.us-east-1.amazonaws.com/NARAprodstorage/lz/presidential-libraries/bush/gb-nsc/Latin_Amer_Aff_Dir_Files/Subject_376217847/41-bpr-nsc-lat_amer_dir-subj-cf00189-002.pdf#page=20,"https://s3.dualstack.us-east-1.amazonaws.com/NARAprodstorage/lz/presidential-libraries/bush/gb-nsc/Latin_Amer_Aff_Dir_Files/Subject_376217847/41-bpr-nsc-lat_amer_dir-subj-cf00189-002.pdf#page=20; https://s3.dualstack.us-east-1.amazonaws.com/NARAprodstorage/lz/presidential-libraries/bush/gb-nsc/Latin_Amer_Aff_Dir_Files/Subject_376217847/41-bpr-nsc-lat_amer_dir-subj-cf00189-002.pdf#page=4; https://s3.dualstack.us-east-1.amazonaws.com/NARAprodstorage/lz/presidential-libraries/bush/gb-nsc/Latin_Amer_Aff_Dir_Files/Subject_376217847/41-bpr-nsc-lat_amer_dir-subj-cf00189-002.pdf#page=74; https://s3.dualstack.us-east-1.amazonaws.com/NARAprodstorage/lz/presidential-libraries/bush/gb-nsc/Latin_Amer_Aff_Dir_Files/Subject_376217847/41-bpr-nsc-lat_amer_dir-subj-cf00189-002.pdf#page=91; https://s3.dualstack.us-east-1.amazonaws.com/NARAprodstorage/lz/presidential-libraries/bush/gb-nsc/Latin_Amer_Aff_Dir_Files/Subject_376217847/41-bpr-nsc-lat_amer_dir-subj-cf00189-002.pdf#page=97; https://s3.dualstack.us-east-1.amazonaws.com/NARAprodstorage/lz/presidential-libraries/bush/gb-nsc/Latin_Amer_Aff_Dir_Files/Subject_376217847/41-bpr-nsc-lat_amer_dir-subj-cf00189-003.pdf#page=4; https://s3.dualstack.us-east-1.amazonaws.com/NARAprodstorage/lz/presidential-libraries/bush/gb-nsc/Latin_Amer_Aff_Dir_Files/Subject_376217847/41-bpr-nsc-lat_amer_dir-subj-cf00189-003.pdf#page=50; https://s3.dualstack.us-east-1.amazonaws.com/NARAprodstorage/lz/presidential-libraries/bush/gb-nsc/Latin_Amer_Aff_Dir_Files/Subject_376217847/41-bpr-nsc-lat_amer_dir-subj-cf00189-003.pdf#page=91"
14,Critical,Issue dossier,Colombia,Narcotics and Andean drug policy,1989-03-03 to 1992-10-22,Narcotics and Andean drug policy - Colombia,116,0,54,55,"1989, Book I; 1989, Book II; 1990, Book I","issue-dossiers.csv; selection-matrix.csv; evidence-timeline.csv",7,Use this as a candidate issue trail where no released private memcon/telcon currently anchors the chapter.,"54 high-priority print leads; 0 verified private records; no private anchor",https://s3.dualstack.us-east-1.amazonaws.com/NARAprodstorage/lz/presidential-libraries/bush/gb-nsc/Latin_Amer_Aff_Dir_Files/Chronological_2197972/41-bpr-nsc-lat_amer_dir-chron-cf00301-001.pdf#page=39,"https://s3.dualstack.us-east-1.amazonaws.com/NARAprodstorage/lz/presidential-libraries/bush/gb-nsc/Latin_Amer_Aff_Dir_Files/Chronological_2197972/41-bpr-nsc-lat_amer_dir-chron-cf00301-001.pdf#page=39; https://s3.dualstack.us-east-1.amazonaws.com/NARAprodstorage/lz/presidential-libraries/bush/gb-nsc/Latin_Amer_Aff_Dir_Files/Chronological_2197972/41-bpr-nsc-lat_amer_dir-chron-cf00301-011.pdf#page=39; https://s3.dualstack.us-east-1.amazonaws.com/NARAprodstorage/lz/presidential-libraries/bush/gb-nsc/Latin_Amer_Aff_Dir_Files/Chronological_2197972/41-bpr-nsc-lat_amer_dir-chron-cf00301-020.pdf#page=83; https://s3.dualstack.us-east-1.amazonaws.com/NARAprodstorage/lz/presidential-libraries/bush/gb-nsc/Latin_Amer_Aff_Dir_Files/Chronological_2197972/41-bpr-nsc-lat_amer_dir-chron-cf00302-011.pdf#page=28; https://s3.dualstack.us-east-1.amazonaws.com/NARAprodstorage/lz/presidential-libraries/bush/gb-nsc/Latin_Amer_Aff_Dir_Files/Chronological_2197972/41-bpr-nsc-lat_amer_dir-chron-cf00302-013.pdf#page=42; https://s3.dualstack.us-east-1.amazonaws.com/NARAprodstorage/lz/presidential-libraries/bush/gb-nsc/Latin_Amer_Aff_Dir_Files/Chronological_2197972/41-bpr-nsc-lat_amer_dir-chron-cf00302-013.pdf#page=45; https://s3.dualstack.us-east-1.amazonaws.com/NARAprodstorage/lz/presidential-libraries/bush/gb-nsc/Latin_Amer_Aff_Dir_Files/Chronological_2197972/41-bpr-nsc-lat_amer_dir-chron-cf00302-013.pdf#page=46; https://s3.dualstack.us-east-1.amazonaws.com/NARAprodstorage/lz/presidential-libraries/bush/gb-nsc/Latin_Amer_Aff_Dir_Files/Chronological_2197972/41-bpr-nsc-lat_amer_dir-chron-cf00302-016.pdf#page=76"
15,Critical,Issue dossier,Chile,Presidential diplomacy and head-of-state contacts,1989-01-23 to 1992-12-04,Presidential diplomacy and head-of-state contacts - Chile,122,3,32,28,"12790-028; 12792-024; 12793-026","issue-dossiers.csv; selection-matrix.csv; evidence-timeline.csv",8,Use this issue-country cluster to test top OCR leads against a thin or risky chapter chronology.,"32 high-priority print leads; 3 verified private records",https://s3.amazonaws.com/NARAprodstorage/lz/presidential-libraries/bush/gb-whasf/Presidential_Daily_Diary_186322/1989/41-bpr-apts_sch-dd-02_16_89-12790-028_415889653.pdf,"https://s3.amazonaws.com/NARAprodstorage/lz/presidential-libraries/bush/gb-whasf/Presidential_Daily_Diary_186322/1989/41-bpr-apts_sch-dd-02_16_89-12790-028_415889653.pdf; https://s3.amazonaws.com/NARAprodstorage/lz/presidential-libraries/bush/gb-whasf/Presidential_Daily_Diary_186322/1989/41-bpr-apts_sch-dd-03_17_89-12792-024_415889711.pdf; https://s3.amazonaws.com/NARAprodstorage/lz/presidential-libraries/bush/gb-whasf/Presidential_Daily_Diary_186322/1989/41-bpr-apts_sch-dd-03_30_89-12793-026_415889737.pdf; https://s3.amazonaws.com/NARAprodstorage/lz/presidential-libraries/bush/gb-whasf/Presidential_Daily_Diary_186322/1989/41-bpr-apts_sch-dd-05_03_89-12796-003_415889804.pdf; https://s3.amazonaws.com/NARAprodstorage/lz/presidential-libraries/bush/gb-whasf/Presidential_Daily_Diary_186322/1989/41-bpr-apts_sch-dd-05_03_89-12796-004_415889805.pdf; https://s3.amazonaws.com/NARAprodstorage/lz/presidential-libraries/bush/gb-whasf/Presidential_Daily_Diary_186322/1989/41-bpr-apts_sch-dd-05_11_89-12796-019_415889820.pdf; https://s3.amazonaws.com/NARAprodstorage/lz/presidential-libraries/bush/gb-whasf/Presidential_Daily_Diary_186322/1989/41-bpr-apts_sch-dd-05_11_89-12796-020_415889821.pdf; https://s3.amazonaws.com/NARAprodstorage/lz/presidential-libraries/bush/gb-whasf/Presidential_Daily_Diary_186322/1989/41-bpr-apts_sch-dd-10_25_89-12809-011_415890154.pdf"
16,Critical,Issue dossier,Uruguay,Presidential diplomacy and head-of-state contacts,1989-01-25 to 1992-12-18,Presidential diplomacy and head-of-state contacts - Uruguay,186,9,32,20,"12789-012; 12790-008; 12792-018","issue-dossiers.csv; selection-matrix.csv; evidence-timeline.csv",9,Compare print leads against verified private records before deciding whether the issue needs additional printed documents or annotation.,"32 high-priority print leads; 9 verified private records",https://s3.amazonaws.com/NARAprodstorage/lz/presidential-libraries/bush/gb-whasf/Presidential_Daily_Diary_186322/1989/41-bpr-apts_sch-dd-01_25_89-12789-012_415889609.pdf,"https://s3.amazonaws.com/NARAprodstorage/lz/presidential-libraries/bush/gb-whasf/Presidential_Daily_Diary_186322/1989/41-bpr-apts_sch-dd-01_25_89-12789-012_415889609.pdf; https://s3.amazonaws.com/NARAprodstorage/lz/presidential-libraries/bush/gb-whasf/Presidential_Daily_Diary_186322/1989/41-bpr-apts_sch-dd-02_06_89-12790-008_415889633.pdf; https://s3.amazonaws.com/NARAprodstorage/lz/presidential-libraries/bush/gb-whasf/Presidential_Daily_Diary_186322/1989/41-bpr-apts_sch-dd-03_14_89-12792-018_415889705.pdf; https://s3.amazonaws.com/NARAprodstorage/lz/presidential-libraries/bush/gb-whasf/Presidential_Daily_Diary_186322/1989/41-bpr-apts_sch-dd-03_29_89-12793-024_415889735.pdf; https://s3.amazonaws.com/NARAprodstorage/lz/presidential-libraries/bush/gb-whasf/Presidential_Daily_Diary_186322/1989/41-bpr-apts_sch-dd-05_13_89-12796-023_415889824.pdf; https://s3.amazonaws.com/NARAprodstorage/lz/presidential-libraries/bush/gb-whasf/Presidential_Daily_Diary_186322/1989/41-bpr-apts_sch-dd-05_13_89-12796-024_415889825.pdf; https://s3.amazonaws.com/NARAprodstorage/lz/presidential-libraries/bush/gb-whasf/Presidential_Daily_Diary_186322/1989/41-bpr-apts_sch-dd-06_27_89-12800-016_415889915.pdf; https://s3.amazonaws.com/NARAprodstorage/lz/presidential-libraries/bush/gb-whasf/Presidential_Daily_Diary_186322/1989/41-bpr-apts_sch-dd-07_06_89-12801-014_415889933.pdf"
17,Critical,Issue dossier,Peru,Presidential diplomacy and head-of-state contacts,1989-02-08 to 1992-12-09,Presidential diplomacy and head-of-state contacts - Peru,206,4,28,48,"12791-029; 12791-030; 12792-010","issue-dossiers.csv; selection-matrix.csv; evidence-timeline.csv",10,Use this issue-country cluster to test top OCR leads against a thin or risky chapter chronology.,"28 high-priority print leads; 4 verified private records",https://s3.amazonaws.com/NARAprodstorage/lz/presidential-libraries/bush/gb-whasf/Presidential_Daily_Diary_186322/1989/41-bpr-apts_sch-dd-03_03_89-12791-029_415889682.pdf,"https://s3.amazonaws.com/NARAprodstorage/lz/presidential-libraries/bush/gb-whasf/Presidential_Daily_Diary_186322/1989/41-bpr-apts_sch-dd-03_03_89-12791-029_415889682.pdf; https://s3.amazonaws.com/NARAprodstorage/lz/presidential-libraries/bush/gb-whasf/Presidential_Daily_Diary_186322/1989/41-bpr-apts_sch-dd-03_03_89-12791-030_415889683.pdf; https://s3.amazonaws.com/NARAprodstorage/lz/presidential-libraries/bush/gb-whasf/Presidential_Daily_Diary_186322/1989/41-bpr-apts_sch-dd-03_10_89-12792-010_415889697.pdf; https://s3.amazonaws.com/NARAprodstorage/lz/presidential-libraries/bush/gb-whasf/Presidential_Daily_Diary_186322/1989/41-bpr-apts_sch-dd-03_22_89-12793-010_415889721.pdf; https://s3.amazonaws.com/NARAprodstorage/lz/presidential-libraries/bush/gb-whasf/Presidential_Daily_Diary_186322/1989/41-bpr-apts_sch-dd-05_04_89-12796-006_415889807.pdf; https://s3.amazonaws.com/NARAprodstorage/lz/presidential-libraries/bush/gb-whasf/Presidential_Daily_Diary_186322/1989/41-bpr-apts_sch-dd-05_08_89-12796-013_415889814.pdf; https://s3.amazonaws.com/NARAprodstorage/lz/presidential-libraries/bush/gb-whasf/Presidential_Daily_Diary_186322/1989/41-bpr-apts_sch-dd-05_08_89-12796-014_415889815.pdf; https://s3.amazonaws.com/NARAprodstorage/lz/presidential-libraries/bush/gb-whasf/Presidential_Daily_Diary_186322/1989/41-bpr-apts_sch-dd-05_09_89-12796-016_415889817.pdf"
18,Critical,Issue dossier,Venezuela,Regional policy and inter-American affairs,1989-01-24 to 1992-11-27,Regional policy and inter-American affairs - Venezuela,135,31,24,14,"12789-009; 12789-010; 12791-029","issue-dossiers.csv; selection-matrix.csv; evidence-timeline.csv",11,Compare print leads against verified private records before deciding whether the issue needs additional printed documents or annotation.,"24 high-priority print leads; 31 verified private records",https://s3.amazonaws.com/NARAprodstorage/lz/presidential-libraries/bush/gb-whasf/Presidential_Daily_Diary_186322/1989/41-bpr-apts_sch-dd-01_24_89-12789-009_415889606.pdf,"documents/venezuela/1992-04-09-bush-carlos-andres-perez-telcon-91113-003-p61-scowcroft.pdf; documents/venezuela/1992-11-27-bush-carlos-andres-perez-telcon-91110-002-p65-scowcroft.pdf; https://s3.amazonaws.com/NARAprodstorage/lz/presidential-libraries/bush/gb-whasf/Presidential_Daily_Diary_186322/1989/41-bpr-apts_sch-dd-01_24_89-12789-009_415889606.pdf; https://s3.amazonaws.com/NARAprodstorage/lz/presidential-libraries/bush/gb-whasf/Presidential_Daily_Diary_186322/1989/41-bpr-apts_sch-dd-01_24_89-12789-010_415889607.pdf; https://s3.amazonaws.com/NARAprodstorage/lz/presidential-libraries/bush/gb-whasf/Presidential_Daily_Diary_186322/1989/41-bpr-apts_sch-dd-03_03_89-12791-029_415889682.pdf; https://s3.amazonaws.com/NARAprodstorage/lz/presidential-libraries/bush/gb-whasf/Presidential_Daily_Diary_186322/1989/41-bpr-apts_sch-dd-03_03_89-12791-030_415889683.pdf; https://s3.amazonaws.com/NARAprodstorage/lz/presidential-libraries/bush/gb-whasf/Presidential_Daily_Diary_186322/1989/41-bpr-apts_sch-dd-04_01_89-12793-029_415889740.pdf; https://s3.amazonaws.com/NARAprodstorage/lz/presidential-libraries/bush/gb-whasf/Presidential_Daily_Diary_186322/1989/41-bpr-apts_sch-dd-04_01_89-12793-030_415889741.pdf"
19,Critical,Issue dossier,Regional/No single country,Narcotics and Andean drug policy,1989-02-19 to 1989-12-07,Narcotics and Andean drug policy - Regional/No single country,49,0,38,0,"Andean [Drug] Summit 1989 [1]; Andean [Drug] Summit 1989 [2]; Andean [Drug] Summit 1989 [3]","issue-dossiers.csv; selection-matrix.csv; evidence-timeline.csv",12,Use this as a candidate issue trail where no released private memcon/telcon currently anchors the chapter.,"38 high-priority print leads; 0 verified private records; no private anchor",https://s3.dualstack.us-east-1.amazonaws.com/NARAprodstorage/lz/presidential-libraries/bush/gb-nsc/Latin_Amer_Aff_Dir_Files/Subject_376217847/41-bpr-nsc-lat_amer_dir-subj-cf00189-002.pdf#page=2,"https://s3.dualstack.us-east-1.amazonaws.com/NARAprodstorage/lz/presidential-libraries/bush/gb-nsc/Latin_Amer_Aff_Dir_Files/Subject_376217847/41-bpr-nsc-lat_amer_dir-subj-cf00189-002.pdf#page=2; https://s3.dualstack.us-east-1.amazonaws.com/NARAprodstorage/lz/presidential-libraries/bush/gb-nsc/Latin_Amer_Aff_Dir_Files/Subject_376217847/41-bpr-nsc-lat_amer_dir-subj-cf00189-002.pdf#page=20; https://s3.dualstack.us-east-1.amazonaws.com/NARAprodstorage/lz/presidential-libraries/bush/gb-nsc/Latin_Amer_Aff_Dir_Files/Subject_376217847/41-bpr-nsc-lat_amer_dir-subj-cf00189-002.pdf#page=21; https://s3.dualstack.us-east-1.amazonaws.com/NARAprodstorage/lz/presidential-libraries/bush/gb-nsc/Latin_Amer_Aff_Dir_Files/Subject_376217847/41-bpr-nsc-lat_amer_dir-subj-cf00189-002.pdf#page=4; https://s3.dualstack.us-east-1.amazonaws.com/NARAprodstorage/lz/presidential-libraries/bush/gb-nsc/Latin_Amer_Aff_Dir_Files/Subject_376217847/41-bpr-nsc-lat_amer_dir-subj-cf00189-002.pdf#page=74; https://s3.dualstack.us-east-1.amazonaws.com/NARAprodstorage/lz/presidential-libraries/bush/gb-nsc/Latin_Amer_Aff_Dir_Files/Subject_376217847/41-bpr-nsc-lat_amer_dir-subj-cf00189-002.pdf#page=91; https://s3.dualstack.us-east-1.amazonaws.com/NARAprodstorage/lz/presidential-libraries/bush/gb-nsc/Latin_Amer_Aff_Dir_Files/Subject_376217847/41-bpr-nsc-lat_amer_dir-subj-cf00189-002.pdf#page=97; https://s3.dualstack.us-east-1.amazonaws.com/NARAprodstorage/lz/presidential-libraries/bush/gb-nsc/Latin_Amer_Aff_Dir_Files/Subject_376217847/41-bpr-nsc-lat_amer_dir-subj-cf00189-003.pdf#page=2"
20,Critical,Issue dossier,Argentina,"Debt, trade, and Enterprise for the Americas",1989-02-09 to 1993-01-19,"Debt, trade, and Enterprise for the Americas - Argentina",56,0,33,18,"1990, Book I; 1990, Book II; 1991, Book I","issue-dossiers.csv; selection-matrix.csv; evidence-timeline.csv",13,Use this as a candidate issue trail where no released private memcon/telcon currently anchors the chapter.,"33 high-priority print leads; 0 verified private records; no private anchor",https://s3.dualstack.us-east-1.amazonaws.com/NARAprodstorage/lz/presidential-libraries/bush/gb-nsc/Latin_Amer_Aff_Dir_Files/Chronological_2197972/41-bpr-nsc-lat_amer_dir-chron-cf00300-008.pdf#page=28,"https://s3.dualstack.us-east-1.amazonaws.com/NARAprodstorage/lz/presidential-libraries/bush/gb-nsc/Latin_Amer_Aff_Dir_Files/Chronological_2197972/41-bpr-nsc-lat_amer_dir-chron-cf00300-008.pdf#page=28; https://s3.dualstack.us-east-1.amazonaws.com/NARAprodstorage/lz/presidential-libraries/bush/gb-nsc/Latin_Amer_Aff_Dir_Files/Chronological_2197972/41-bpr-nsc-lat_amer_dir-chron-cf00300-008.pdf#page=29; https://s3.dualstack.us-east-1.amazonaws.com/NARAprodstorage/lz/presidential-libraries/bush/gb-nsc/Latin_Amer_Aff_Dir_Files/Chronological_2197972/41-bpr-nsc-lat_amer_dir-chron-cf00300-008.pdf#page=31; https://s3.dualstack.us-east-1.amazonaws.com/NARAprodstorage/lz/presidential-libraries/bush/gb-nsc/Latin_Amer_Aff_Dir_Files/Chronological_2197972/41-bpr-nsc-lat_amer_dir-chron-cf00300-009.pdf#page=143; https://s3.dualstack.us-east-1.amazonaws.com/NARAprodstorage/lz/presidential-libraries/bush/gb-nsc/Latin_Amer_Aff_Dir_Files/Chronological_2197972/41-bpr-nsc-lat_amer_dir-chron-cf00300-009.pdf#page=145; https://s3.dualstack.us-east-1.amazonaws.com/NARAprodstorage/lz/presidential-libraries/bush/gb-nsc/Latin_Amer_Aff_Dir_Files/Chronological_2197972/41-bpr-nsc-lat_amer_dir-chron-cf00301-005.pdf#page=9; https://s3.dualstack.us-east-1.amazonaws.com/NARAprodstorage/lz/presidential-libraries/bush/gb-nsc/Latin_Amer_Aff_Dir_Files/Chronological_2197972/41-bpr-nsc-lat_amer_dir-chron-cf00301-011.pdf#page=39; https://s3.dualstack.us-east-1.amazonaws.com/NARAprodstorage/lz/presidential-libraries/bush/gb-nsc/Latin_Amer_Aff_Dir_Files/Chronological_2197972/41-bpr-nsc-lat_amer_dir-chron-cf00301-016.pdf#page=78"
21,Critical,Issue dossier,Guyana,Presidential diplomacy and head-of-state contacts,1989-02-27 to 1992-04-21,Presidential diplomacy and head-of-state contacts - Guyana,38,1,25,1,"12795-022; 12799-021; 12799-022","issue-dossiers.csv; selection-matrix.csv; evidence-timeline.csv",14,Use this issue-country cluster to test top OCR leads against a thin or risky chapter chronology.,"25 high-priority print leads; 1 verified private records",https://s3.amazonaws.com/NARAprodstorage/lz/presidential-libraries/bush/gb-whasf/Presidential_Daily_Diary_186322/1989/41-bpr-apts_sch-dd-04_26_89-12795-022_415889791.pdf,"https://s3.amazonaws.com/NARAprodstorage/lz/presidential-libraries/bush/gb-whasf/Presidential_Daily_Diary_186322/1989/41-bpr-apts_sch-dd-04_26_89-12795-022_415889791.pdf; https://s3.amazonaws.com/NARAprodstorage/lz/presidential-libraries/bush/gb-whasf/Presidential_Daily_Diary_186322/1989/41-bpr-apts_sch-dd-06_19_89-12799-021_415889898.pdf; https://s3.amazonaws.com/NARAprodstorage/lz/presidential-libraries/bush/gb-whasf/Presidential_Daily_Diary_186322/1989/41-bpr-apts_sch-dd-06_19_89-12799-022_415889899.pdf; https://s3.amazonaws.com/NARAprodstorage/lz/presidential-libraries/bush/gb-whasf/Presidential_Daily_Diary_186322/1989/41-bpr-apts_sch-dd-10_27_89-12809-016_415890159.pdf; https://s3.amazonaws.com/NARAprodstorage/lz/presidential-libraries/bush/gb-whasf/Presidential_Daily_Diary_186322/1990/41-bpr-apts_sch-dd-05_07_90-12826-008_415890543.pdf; https://s3.amazonaws.com/NARAprodstorage/lz/presidential-libraries/bush/gb-whasf/Presidential_Daily_Diary_186322/1991/41-bpr-apts_sch-dd-07_10_91-12863-008_415891404.pdf; https://s3.dualstack.us-east-1.amazonaws.com/NARAprodstorage/lz/presidential-libraries/bush/gb-nsc/Latin_Amer_Aff_Dir_Files/Chronological_2197972/41-bpr-nsc-lat_amer_dir-chron-cf00300-005.pdf#page=3; https://s3.dualstack.us-east-1.amazonaws.com/NARAprodstorage/lz/presidential-libraries/bush/gb-nsc/Latin_Amer_Aff_Dir_Files/Chronological_2197972/41-bpr-nsc-lat_amer_dir-chron-cf00300-005.pdf#page=45"
22,Critical,Issue dossier,Peru,Narcotics and Andean drug policy,1989-02-16 to 1992-10-22,Narcotics and Andean drug policy - Peru,67,0,23,40,"1989, Book I; 1989, Book II; 1990, Book I","issue-dossiers.csv; selection-matrix.csv; evidence-timeline.csv",15,Use this issue-country cluster to test top OCR leads against a thin or risky chapter chronology.,"23 high-priority print leads; 0 verified private records; no private anchor",https://s3.dualstack.us-east-1.amazonaws.com/NARAprodstorage/lz/presidential-libraries/bush/gb-nsc/Latin_Amer_Aff_Dir_Files/Chronological_2197972/41-bpr-nsc-lat_amer_dir-chron-cf00300-007.pdf#page=21,"https://s3.dualstack.us-east-1.amazonaws.com/NARAprodstorage/lz/presidential-libraries/bush/gb-nsc/Latin_Amer_Aff_Dir_Files/Chronological_2197972/41-bpr-nsc-lat_amer_dir-chron-cf00300-007.pdf#page=21; https://s3.dualstack.us-east-1.amazonaws.com/NARAprodstorage/lz/presidential-libraries/bush/gb-nsc/Latin_Amer_Aff_Dir_Files/Chronological_2197972/41-bpr-nsc-lat_amer_dir-chron-cf00301-014.pdf#page=59; https://s3.dualstack.us-east-1.amazonaws.com/NARAprodstorage/lz/presidential-libraries/bush/gb-nsc/Latin_Amer_Aff_Dir_Files/Chronological_2197972/41-bpr-nsc-lat_amer_dir-chron-cf00301-014.pdf#page=61; https://s3.dualstack.us-east-1.amazonaws.com/NARAprodstorage/lz/presidential-libraries/bush/gb-nsc/Latin_Amer_Aff_Dir_Files/Chronological_2197972/41-bpr-nsc-lat_amer_dir-chron-cf00301-020.pdf#page=83; https://s3.dualstack.us-east-1.amazonaws.com/NARAprodstorage/lz/presidential-libraries/bush/gb-nsc/Latin_Amer_Aff_Dir_Files/Chronological_2197972/41-bpr-nsc-lat_amer_dir-chron-cf00302-020.pdf#page=76; https://s3.dualstack.us-east-1.amazonaws.com/NARAprodstorage/lz/presidential-libraries/bush/gb-nsc/Latin_Amer_Aff_Dir_Files/Chronological_2197972/41-bpr-nsc-lat_amer_dir-chron-cf00302-020.pdf#page=82; https://s3.dualstack.us-east-1.amazonaws.com/NARAprodstorage/lz/presidential-libraries/bush/gb-nsc/Latin_Amer_Aff_Dir_Files/Chronological_2197972/41-bpr-nsc-lat_amer_dir-chron-cf00303-004.pdf#page=36; https://s3.dualstack.us-east-1.amazonaws.com/NARAprodstorage/lz/presidential-libraries/bush/gb-nsc/Latin_Amer_Aff_Dir_Files/Chronological_2197972/41-bpr-nsc-lat_amer_dir-chron-cf00303-012.pdf#page=16"
23,Critical,Issue dossier,Paraguay,Presidential diplomacy and head-of-state contacts,1989-04-01 to 1992-12-08,Presidential diplomacy and head-of-state contacts - Paraguay,95,2,19,16,"12793-030; 12796-002; 12796-024","issue-dossiers.csv; selection-matrix.csv; evidence-timeline.csv",16,Use this issue-country cluster to test top OCR leads against a thin or risky chapter chronology.,"19 high-priority print leads; 2 verified private records",https://s3.amazonaws.com/NARAprodstorage/lz/presidential-libraries/bush/gb-whasf/Presidential_Daily_Diary_186322/1989/41-bpr-apts_sch-dd-04_01_89-12793-030_415889741.pdf,"https://s3.amazonaws.com/NARAprodstorage/lz/presidential-libraries/bush/gb-whasf/Presidential_Daily_Diary_186322/1989/41-bpr-apts_sch-dd-04_01_89-12793-030_415889741.pdf; https://s3.amazonaws.com/NARAprodstorage/lz/presidential-libraries/bush/gb-whasf/Presidential_Daily_Diary_186322/1989/41-bpr-apts_sch-dd-05_02_89-12796-002_415889803.pdf; https://s3.amazonaws.com/NARAprodstorage/lz/presidential-libraries/bush/gb-whasf/Presidential_Daily_Diary_186322/1989/41-bpr-apts_sch-dd-05_13_89-12796-024_415889825.pdf; https://s3.amazonaws.com/NARAprodstorage/lz/presidential-libraries/bush/gb-whasf/Presidential_Daily_Diary_186322/1989/41-bpr-apts_sch-dd-09_25_89-12806-016_415890095.pdf; https://s3.amazonaws.com/NARAprodstorage/lz/presidential-libraries/bush/gb-whasf/Presidential_Daily_Diary_186322/1989/41-bpr-apts_sch-dd-10_27_89-12809-016_415890159.pdf; https://s3.amazonaws.com/NARAprodstorage/lz/presidential-libraries/bush/gb-whasf/Presidential_Daily_Diary_186322/1989/41-bpr-apts_sch-dd-11_13_89-12811-005_415890192.pdf; https://s3.amazonaws.com/NARAprodstorage/lz/presidential-libraries/bush/gb-whasf/Presidential_Daily_Diary_186322/1989/41-bpr-apts_sch-dd-11_13_89-12811-006_415890193.pdf; https://s3.amazonaws.com/NARAprodstorage/lz/presidential-libraries/bush/gb-whasf/Presidential_Daily_Diary_186322/1989/41-bpr-apts_sch-dd-11_14_89-12811-008_415890195.pdf"
24,Critical,Issue dossier,Bolivia,Narcotics and Andean drug policy,1989-03-03 to 1992-09-09,Narcotics and Andean drug policy - Bolivia,56,1,20,32,"1989, Book I; 1989, Book II; 1990, Book I","issue-dossiers.csv; selection-matrix.csv; evidence-timeline.csv",17,Use this issue-country cluster to test top OCR leads against a thin or risky chapter chronology.,"20 high-priority print leads; 1 verified private records",https://s3.dualstack.us-east-1.amazonaws.com/NARAprodstorage/lz/presidential-libraries/bush/gb-nsc/Latin_Amer_Aff_Dir_Files/Chronological_2197972/41-bpr-nsc-lat_amer_dir-chron-cf00301-011.pdf#page=39,"documents/bolivia/1990-02-15-bush-jaime-paz-zamora-memcon-91107-007-p73-scowcroft.pdf; https://s3.dualstack.us-east-1.amazonaws.com/NARAprodstorage/lz/presidential-libraries/bush/gb-nsc/Latin_Amer_Aff_Dir_Files/Chronological_2197972/41-bpr-nsc-lat_amer_dir-chron-cf00301-011.pdf#page=39; https://s3.dualstack.us-east-1.amazonaws.com/NARAprodstorage/lz/presidential-libraries/bush/gb-nsc/Latin_Amer_Aff_Dir_Files/Chronological_2197972/41-bpr-nsc-lat_amer_dir-chron-cf00301-015.pdf#page=56; https://s3.dualstack.us-east-1.amazonaws.com/NARAprodstorage/lz/presidential-libraries/bush/gb-nsc/Latin_Amer_Aff_Dir_Files/Chronological_2197972/41-bpr-nsc-lat_amer_dir-chron-cf00301-015.pdf#page=57; https://s3.dualstack.us-east-1.amazonaws.com/NARAprodstorage/lz/presidential-libraries/bush/gb-nsc/Latin_Amer_Aff_Dir_Files/Chronological_2197972/41-bpr-nsc-lat_amer_dir-chron-cf00302-003.pdf#page=48; https://s3.dualstack.us-east-1.amazonaws.com/NARAprodstorage/lz/presidential-libraries/bush/gb-nsc/Latin_Amer_Aff_Dir_Files/Chronological_2197972/41-bpr-nsc-lat_amer_dir-chron-cf00302-020.pdf#page=76; https://s3.dualstack.us-east-1.amazonaws.com/NARAprodstorage/lz/presidential-libraries/bush/gb-nsc/Latin_Amer_Aff_Dir_Files/Chronological_2197972/41-bpr-nsc-lat_amer_dir-chron-cf00302-020.pdf#page=82; https://s3.dualstack.us-east-1.amazonaws.com/NARAprodstorage/lz/presidential-libraries/bush/gb-nsc/Latin_Amer_Aff_Dir_Files/Chronological_2197972/41-bpr-nsc-lat_amer_dir-chron-cf00303-004.pdf#page=36"
25,Critical,Issue dossier,Regional/No single country,Regional policy and inter-American affairs,1989-02-24 to 1990-06-14,Regional policy and inter-American affairs - Regional/No single country,49,0,30,0,"Andean [Drug] Summit 1989 [1]; Latin America - Business Groups; Latin America - General - January 20, 1989-December 31, 1989 [1]","issue-dossiers.csv; selection-matrix.csv; evidence-timeline.csv",18,Use this as a candidate issue trail where no released private memcon/telcon currently anchors the chapter.,"30 high-priority print leads; 0 verified private records; no private anchor",https://s3.dualstack.us-east-1.amazonaws.com/NARAprodstorage/lz/presidential-libraries/bush/gb-nsc/Latin_Amer_Aff_Dir_Files/Subject_376217847/41-bpr-nsc-lat_amer_dir-subj-cf00189-002.pdf#page=20,"https://s3.dualstack.us-east-1.amazonaws.com/NARAprodstorage/lz/presidential-libraries/bush/gb-nsc/Latin_Amer_Aff_Dir_Files/Subject_376217847/41-bpr-nsc-lat_amer_dir-subj-cf00189-002.pdf#page=20; https://s3.dualstack.us-east-1.amazonaws.com/NARAprodstorage/lz/presidential-libraries/bush/gb-nsc/Latin_Amer_Aff_Dir_Files/Subject_376217847/41-bpr-nsc-lat_amer_dir-subj-cf00192-001.pdf#page=17; https://s3.dualstack.us-east-1.amazonaws.com/NARAprodstorage/lz/presidential-libraries/bush/gb-nsc/Latin_Amer_Aff_Dir_Files/Subject_376217847/41-bpr-nsc-lat_amer_dir-subj-cf00192-001.pdf#page=21; https://s3.dualstack.us-east-1.amazonaws.com/NARAprodstorage/lz/presidential-libraries/bush/gb-nsc/Latin_Amer_Aff_Dir_Files/Subject_376217847/41-bpr-nsc-lat_amer_dir-subj-cf00192-001.pdf#page=25; https://s3.dualstack.us-east-1.amazonaws.com/NARAprodstorage/lz/presidential-libraries/bush/gb-nsc/Latin_Amer_Aff_Dir_Files/Subject_376217847/41-bpr-nsc-lat_amer_dir-subj-cf00192-001.pdf#page=31; https://s3.dualstack.us-east-1.amazonaws.com/NARAprodstorage/lz/presidential-libraries/bush/gb-nsc/Latin_Amer_Aff_Dir_Files/Subject_376217847/41-bpr-nsc-lat_amer_dir-subj-cf00192-001.pdf#page=40; https://s3.dualstack.us-east-1.amazonaws.com/NARAprodstorage/lz/presidential-libraries/bush/gb-nsc/Latin_Amer_Aff_Dir_Files/Subject_376217847/41-bpr-nsc-lat_amer_dir-subj-cf00192-001.pdf#page=46; https://s3.dualstack.us-east-1.amazonaws.com/NARAprodstorage/lz/presidential-libraries/bush/gb-nsc/Latin_Amer_Aff_Dir_Files/Subject_376217847/41-bpr-nsc-lat_amer_dir-subj-cf00192-001.pdf#page=5"
26,Critical,Issue dossier,Argentina,"Democracy, elections, and transitions",1989-01-26 to 1992-10-23,"Democracy, elections, and transitions - Argentina",45,0,27,11,"1989, Book I; 1990, Book I; 1990, Book II","issue-dossiers.csv; selection-matrix.csv; evidence-timeline.csv",19,Use this as a candidate issue trail where no released private memcon/telcon currently anchors the chapter.,"27 high-priority print leads; 0 verified private records; no private anchor",https://s3.dualstack.us-east-1.amazonaws.com/NARAprodstorage/lz/presidential-libraries/bush/gb-nsc/Latin_Amer_Aff_Dir_Files/Chronological_2197972/41-bpr-nsc-lat_amer_dir-chron-cf00300-008.pdf#page=29,"https://s3.dualstack.us-east-1.amazonaws.com/NARAprodstorage/lz/presidential-libraries/bush/gb-nsc/Latin_Amer_Aff_Dir_Files/Chronological_2197972/41-bpr-nsc-lat_amer_dir-chron-cf00300-008.pdf#page=29; https://s3.dualstack.us-east-1.amazonaws.com/NARAprodstorage/lz/presidential-libraries/bush/gb-nsc/Latin_Amer_Aff_Dir_Files/Chronological_2197972/41-bpr-nsc-lat_amer_dir-chron-cf00300-008.pdf#page=31; https://s3.dualstack.us-east-1.amazonaws.com/NARAprodstorage/lz/presidential-libraries/bush/gb-nsc/Latin_Amer_Aff_Dir_Files/Chronological_2197972/41-bpr-nsc-lat_amer_dir-chron-cf00300-009.pdf#page=138; https://s3.dualstack.us-east-1.amazonaws.com/NARAprodstorage/lz/presidential-libraries/bush/gb-nsc/Latin_Amer_Aff_Dir_Files/Chronological_2197972/41-bpr-nsc-lat_amer_dir-chron-cf00300-009.pdf#page=142; https://s3.dualstack.us-east-1.amazonaws.com/NARAprodstorage/lz/presidential-libraries/bush/gb-nsc/Latin_Amer_Aff_Dir_Files/Chronological_2197972/41-bpr-nsc-lat_amer_dir-chron-cf00300-009.pdf#page=143; https://s3.dualstack.us-east-1.amazonaws.com/NARAprodstorage/lz/presidential-libraries/bush/gb-nsc/Latin_Amer_Aff_Dir_Files/Chronological_2197972/41-bpr-nsc-lat_amer_dir-chron-cf00301-003.pdf#page=65; https://s3.dualstack.us-east-1.amazonaws.com/NARAprodstorage/lz/presidential-libraries/bush/gb-nsc/Latin_Amer_Aff_Dir_Files/Chronological_2197972/41-bpr-nsc-lat_amer_dir-chron-cf00301-005.pdf#page=9; https://s3.dualstack.us-east-1.amazonaws.com/NARAprodstorage/lz/presidential-libraries/bush/gb-nsc/Latin_Amer_Aff_Dir_Files/Chronological_2197972/41-bpr-nsc-lat_amer_dir-chron-cf00301-011.pdf#page=39"
27,Critical,Issue dossier,Bolivia,"Democracy, elections, and transitions",1989-03-01 to 1992-07-03,"Democracy, elections, and transitions - Bolivia",29,0,17,7,"1989, Book II; 1990, Book I; 1990, Book II","issue-dossiers.csv; selection-matrix.csv; evidence-timeline.csv",20,Use this issue-country cluster to test top OCR leads against a thin or risky chapter chronology.,"17 high-priority print leads; 0 verified private records; no private anchor",https://s3.dualstack.us-east-1.amazonaws.com/NARAprodstorage/lz/presidential-libraries/bush/gb-nsc/Latin_Amer_Aff_Dir_Files/Chronological_2197972/41-bpr-nsc-lat_amer_dir-chron-cf00300-013.pdf#page=58,"https://s3.dualstack.us-east-1.amazonaws.com/NARAprodstorage/lz/presidential-libraries/bush/gb-nsc/Latin_Amer_Aff_Dir_Files/Chronological_2197972/41-bpr-nsc-lat_amer_dir-chron-cf00300-013.pdf#page=58; https://s3.dualstack.us-east-1.amazonaws.com/NARAprodstorage/lz/presidential-libraries/bush/gb-nsc/Latin_Amer_Aff_Dir_Files/Chronological_2197972/41-bpr-nsc-lat_amer_dir-chron-cf00301-011.pdf#page=39; https://s3.dualstack.us-east-1.amazonaws.com/NARAprodstorage/lz/presidential-libraries/bush/gb-nsc/Latin_Amer_Aff_Dir_Files/Chronological_2197972/41-bpr-nsc-lat_amer_dir-chron-cf00301-015.pdf#page=56; https://s3.dualstack.us-east-1.amazonaws.com/NARAprodstorage/lz/presidential-libraries/bush/gb-nsc/Latin_Amer_Aff_Dir_Files/Chronological_2197972/41-bpr-nsc-lat_amer_dir-chron-cf00301-015.pdf#page=57; https://s3.dualstack.us-east-1.amazonaws.com/NARAprodstorage/lz/presidential-libraries/bush/gb-nsc/Latin_Amer_Aff_Dir_Files/Chronological_2197972/41-bpr-nsc-lat_amer_dir-chron-cf00302-003.pdf#page=28; https://s3.dualstack.us-east-1.amazonaws.com/NARAprodstorage/lz/presidential-libraries/bush/gb-nsc/Latin_Amer_Aff_Dir_Files/Chronological_2197972/41-bpr-nsc-lat_amer_dir-chron-cf00302-003.pdf#page=29; https://s3.dualstack.us-east-1.amazonaws.com/NARAprodstorage/lz/presidential-libraries/bush/gb-nsc/Latin_Amer_Aff_Dir_Files/Chronological_2197972/41-bpr-nsc-lat_amer_dir-chron-cf00302-003.pdf#page=47; https://s3.dualstack.us-east-1.amazonaws.com/NARAprodstorage/lz/presidential-libraries/bush/gb-nsc/Latin_Amer_Aff_Dir_Files/Chronological_2197972/41-bpr-nsc-lat_amer_dir-chron-cf00302-004.pdf#page=6"
28,Critical,Issue dossier,Chile,"Democracy, elections, and transitions",1989-02-03 to 1992-09-30,"Democracy, elections, and transitions - Chile",33,0,16,15,"1989, Book I; 1990, Book I; 1990, Book II","issue-dossiers.csv; selection-matrix.csv; evidence-timeline.csv",21,Use this issue-country cluster to test top OCR leads against a thin or risky chapter chronology.,"16 high-priority print leads; 0 verified private records; no private anchor",https://s3.dualstack.us-east-1.amazonaws.com/NARAprodstorage/lz/presidential-libraries/bush/gb-nsc/Latin_Amer_Aff_Dir_Files/Chronological_2197972/41-bpr-nsc-lat_amer_dir-chron-cf00300-007.pdf#page=5,"https://s3.dualstack.us-east-1.amazonaws.com/NARAprodstorage/lz/presidential-libraries/bush/gb-nsc/Latin_Amer_Aff_Dir_Files/Chronological_2197972/41-bpr-nsc-lat_amer_dir-chron-cf00300-007.pdf#page=5; https://s3.dualstack.us-east-1.amazonaws.com/NARAprodstorage/lz/presidential-libraries/bush/gb-nsc/Latin_Amer_Aff_Dir_Files/Chronological_2197972/41-bpr-nsc-lat_amer_dir-chron-cf00300-009.pdf#page=34; https://s3.dualstack.us-east-1.amazonaws.com/NARAprodstorage/lz/presidential-libraries/bush/gb-nsc/Latin_Amer_Aff_Dir_Files/Chronological_2197972/41-bpr-nsc-lat_amer_dir-chron-cf00300-013.pdf#page=51; https://s3.dualstack.us-east-1.amazonaws.com/NARAprodstorage/lz/presidential-libraries/bush/gb-nsc/Latin_Amer_Aff_Dir_Files/Chronological_2197972/41-bpr-nsc-lat_amer_dir-chron-cf00300-013.pdf#page=52; https://s3.dualstack.us-east-1.amazonaws.com/NARAprodstorage/lz/presidential-libraries/bush/gb-nsc/Latin_Amer_Aff_Dir_Files/Chronological_2197972/41-bpr-nsc-lat_amer_dir-chron-cf00301-012.pdf#page=98; https://s3.dualstack.us-east-1.amazonaws.com/NARAprodstorage/lz/presidential-libraries/bush/gb-nsc/Latin_Amer_Aff_Dir_Files/Chronological_2197972/41-bpr-nsc-lat_amer_dir-chron-cf00301-019.pdf#page=32; https://s3.dualstack.us-east-1.amazonaws.com/NARAprodstorage/lz/presidential-libraries/bush/gb-nsc/Latin_Amer_Aff_Dir_Files/Chronological_2197972/41-bpr-nsc-lat_amer_dir-chron-cf00302-013.pdf#page=54; https://s3.dualstack.us-east-1.amazonaws.com/NARAprodstorage/lz/presidential-libraries/bush/gb-nsc/Latin_Amer_Aff_Dir_Files/Chronological_2197972/41-bpr-nsc-lat_amer_dir-chron-cf00302-018.pdf#page=91"
29,Critical,Issue dossier,Ecuador,Presidential diplomacy and head-of-state contacts,1989-02-02 to 1992-12-03,Presidential diplomacy and head-of-state contacts - Ecuador,102,3,11,17,"12789-028; 12790-008; 12790-009","issue-dossiers.csv; selection-matrix.csv; evidence-timeline.csv",22,Use this issue-country cluster to test top OCR leads against a thin or risky chapter chronology.,"11 high-priority print leads; 3 verified private records",https://s3.amazonaws.com/NARAprodstorage/lz/presidential-libraries/bush/gb-whasf/Presidential_Daily_Diary_186322/1989/41-bpr-apts_sch-dd-02_02_89-12789-028_415889625.pdf,"https://s3.amazonaws.com/NARAprodstorage/lz/presidential-libraries/bush/gb-whasf/Presidential_Daily_Diary_186322/1989/41-bpr-apts_sch-dd-02_02_89-12789-028_415889625.pdf; https://s3.amazonaws.com/NARAprodstorage/lz/presidential-libraries/bush/gb-whasf/Presidential_Daily_Diary_186322/1989/41-bpr-apts_sch-dd-02_06_89-12790-008_415889633.pdf; https://s3.amazonaws.com/NARAprodstorage/lz/presidential-libraries/bush/gb-whasf/Presidential_Daily_Diary_186322/1989/41-bpr-apts_sch-dd-02_07_89-12790-009_415889634.pdf; https://s3.amazonaws.com/NARAprodstorage/lz/presidential-libraries/bush/gb-whasf/Presidential_Daily_Diary_186322/1989/41-bpr-apts_sch-dd-02_07_89-12790-010_415889635.pdf; https://s3.amazonaws.com/NARAprodstorage/lz/presidential-libraries/bush/gb-whasf/Presidential_Daily_Diary_186322/1989/41-bpr-apts_sch-dd-09_06_89-12805-001_415890056.pdf; https://s3.amazonaws.com/NARAprodstorage/lz/presidential-libraries/bush/gb-whasf/Presidential_Daily_Diary_186322/1989/41-bpr-apts_sch-dd-09_06_89-12805-002_415890057.pdf; https://s3.amazonaws.com/NARAprodstorage/lz/presidential-libraries/bush/gb-whasf/Presidential_Daily_Diary_186322/1989/41-bpr-apts_sch-dd-09_25_89-12806-016_415890095.pdf; https://s3.amazonaws.com/NARAprodstorage/lz/presidential-libraries/bush/gb-whasf/Presidential_Daily_Diary_186322/1989/41-bpr-apts_sch-dd-10_27_89-12809-016_415890159.pdf"
30,Critical,Issue dossier,Bolivia,Regional policy and inter-American affairs,1989-03-03 to 1992-12-17,Regional policy and inter-American affairs - Bolivia,42,4,12,10,"12791-029; 12791-030; 12801-015","issue-dossiers.csv; selection-matrix.csv; evidence-timeline.csv",23,Use this issue-country cluster to test top OCR leads against a thin or risky chapter chronology.,"12 high-priority print leads; 4 verified private records",https://s3.amazonaws.com/NARAprodstorage/lz/presidential-libraries/bush/gb-whasf/Presidential_Daily_Diary_186322/1989/41-bpr-apts_sch-dd-03_03_89-12791-029_415889682.pdf,"documents/bolivia/1990-02-15-bush-jaime-paz-zamora-memcon-91107-007-p73-scowcroft.pdf; https://s3.amazonaws.com/NARAprodstorage/lz/presidential-libraries/bush/gb-whasf/Presidential_Daily_Diary_186322/1989/41-bpr-apts_sch-dd-03_03_89-12791-029_415889682.pdf; https://s3.amazonaws.com/NARAprodstorage/lz/presidential-libraries/bush/gb-whasf/Presidential_Daily_Diary_186322/1989/41-bpr-apts_sch-dd-03_03_89-12791-030_415889683.pdf; https://s3.amazonaws.com/NARAprodstorage/lz/presidential-libraries/bush/gb-whasf/Presidential_Daily_Diary_186322/1989/41-bpr-apts_sch-dd-07_07_89-12801-015_415889934.pdf; https://s3.amazonaws.com/NARAprodstorage/lz/presidential-libraries/bush/gb-whasf/Presidential_Daily_Diary_186322/1989/41-bpr-apts_sch-dd-07_07_89-12801-016_415889935.pdf; https://s3.amazonaws.com/NARAprodstorage/lz/presidential-libraries/bush/gb-whasf/Presidential_Daily_Diary_186322/1989/41-bpr-apts_sch-dd-09_25_89-12806-015_415890094.pdf; https://s3.amazonaws.com/NARAprodstorage/lz/presidential-libraries/bush/gb-whasf/Presidential_Daily_Diary_186322/1989/41-bpr-apts_sch-dd-09_25_89-12806-016_415890095.pdf; https://s3.amazonaws.com/NARAprodstorage/lz/presidential-libraries/bush/gb-whasf/Presidential_Daily_Diary_186322/1989/41-bpr-apts_sch-dd-12_20_89-12813-022_415890267.pdf"
31,Critical,Issue dossier,Colombia,Regional policy and inter-American affairs,1989-03-03 to 1992-12-17,Regional policy and inter-American affairs - Colombia,102,24,12,15,"12791-029; 12791-030; 12792-005","issue-dossiers.csv; selection-matrix.csv; evidence-timeline.csv",24,Compare print leads against verified private records before deciding whether the issue needs additional printed documents or annotation.,"12 high-priority print leads; 24 verified private records",https://s3.amazonaws.com/NARAprodstorage/lz/presidential-libraries/bush/gb-whasf/Presidential_Daily_Diary_186322/1989/41-bpr-apts_sch-dd-03_03_89-12791-029_415889682.pdf,"documents/colombia/1989-05-31-bush-virgilio-barco-telcon-91111-002-p38-scowcroft.pdf; documents/colombia/1990-07-13-bush-virgilio-barco-memcon-91108-001-p73-scowcroft.pdf; documents/colombia/1990-09-29-bush-cesar-gaviria-memcon-91108-002-p27-scowcroft.pdf; documents/colombia/1990-11-23-bush-cesar-gaviria-telcon-91112-003-p63-scowcroft.pdf; documents/colombia/1991-02-26-bush-cesar-gaviria-memcon-91108-004-p33-scowcroft.pdf; documents/colombia/1991-06-20-bush-cesar-gaviria-telcon-91112-008-p74-scowcroft.pdf; https://s3.amazonaws.com/NARAprodstorage/lz/presidential-libraries/bush/gb-whasf/Presidential_Daily_Diary_186322/1989/41-bpr-apts_sch-dd-03_03_89-12791-029_415889682.pdf; https://s3.amazonaws.com/NARAprodstorage/lz/presidential-libraries/bush/gb-whasf/Presidential_Daily_Diary_186322/1989/41-bpr-apts_sch-dd-03_03_89-12791-030_415889683.pdf"
32,Critical,Issue dossier,Brazil,Regional policy and inter-American affairs,1989-01-31 to 1992-09-10,Regional policy and inter-American affairs - Brazil,77,14,14,11,"12791-017; 12791-018; 12797-005","issue-dossiers.csv; selection-matrix.csv; evidence-timeline.csv",25,Compare print leads against verified private records before deciding whether the issue needs additional printed documents or annotation.,"14 high-priority print leads; 14 verified private records",https://s3.amazonaws.com/NARAprodstorage/lz/presidential-libraries/bush/gb-whasf/Presidential_Daily_Diary_186322/1989/41-bpr-apts_sch-dd-02_25_89-12791-017_415889670.pdf,"documents/brazil/1992-03-25-bush-fernando-collor-de-mello-telcon-91113-003-p45-scowcroft.pdf; https://s3.amazonaws.com/NARAprodstorage/lz/presidential-libraries/bush/gb-whasf/Presidential_Daily_Diary_186322/1989/41-bpr-apts_sch-dd-02_25_89-12791-017_415889670.pdf; https://s3.amazonaws.com/NARAprodstorage/lz/presidential-libraries/bush/gb-whasf/Presidential_Daily_Diary_186322/1989/41-bpr-apts_sch-dd-02_25_89-12791-018_415889671.pdf; https://s3.amazonaws.com/NARAprodstorage/lz/presidential-libraries/bush/gb-whasf/Presidential_Daily_Diary_186322/1989/41-bpr-apts_sch-dd-05_17_89-12797-005_415889832.pdf; https://s3.amazonaws.com/NARAprodstorage/lz/presidential-libraries/bush/gb-whasf/Presidential_Daily_Diary_186322/1989/41-bpr-apts_sch-dd-05_17_89-12797-006_415889833.pdf; https://s3.amazonaws.com/NARAprodstorage/lz/presidential-libraries/bush/gb-whasf/Presidential_Daily_Diary_186322/1989/41-bpr-apts_sch-dd-09_25_89-12806-015_415890094.pdf; https://s3.amazonaws.com/NARAprodstorage/lz/presidential-libraries/bush/gb-whasf/Presidential_Daily_Diary_186322/1989/41-bpr-apts_sch-dd-09_25_89-12806-016_415890095.pdf; https://s3.amazonaws.com/NARAprodstorage/lz/presidential-libraries/bush/gb-whasf/Presidential_Daily_Diary_186322/1990/41-bpr-apts_sch-dd-01_26_90-12816-005_415890340.pdf"
33,Critical,Issue dossier,Peru,Regional policy and inter-American affairs,1989-03-03 to 1992-09-09,Regional policy and inter-American affairs - Peru,45,4,9,12,"12791-029; 12791-030; 12796-023","issue-dossiers.csv; selection-matrix.csv; evidence-timeline.csv",26,Use this issue-country cluster to test top OCR leads against a thin or risky chapter chronology.,"9 high-priority print leads; 4 verified private records",https://s3.amazonaws.com/NARAprodstorage/lz/presidential-libraries/bush/gb-whasf/Presidential_Daily_Diary_186322/1989/41-bpr-apts_sch-dd-03_03_89-12791-029_415889682.pdf,"https://s3.amazonaws.com/NARAprodstorage/lz/presidential-libraries/bush/gb-whasf/Presidential_Daily_Diary_186322/1989/41-bpr-apts_sch-dd-03_03_89-12791-029_415889682.pdf; https://s3.amazonaws.com/NARAprodstorage/lz/presidential-libraries/bush/gb-whasf/Presidential_Daily_Diary_186322/1989/41-bpr-apts_sch-dd-03_03_89-12791-030_415889683.pdf; https://s3.amazonaws.com/NARAprodstorage/lz/presidential-libraries/bush/gb-whasf/Presidential_Daily_Diary_186322/1989/41-bpr-apts_sch-dd-05_13_89-12796-023_415889824.pdf; https://s3.amazonaws.com/NARAprodstorage/lz/presidential-libraries/bush/gb-whasf/Presidential_Daily_Diary_186322/1989/41-bpr-apts_sch-dd-05_13_89-12796-024_415889825.pdf; https://s3.amazonaws.com/NARAprodstorage/lz/presidential-libraries/bush/gb-whasf/Presidential_Daily_Diary_186322/1989/41-bpr-apts_sch-dd-05_17_89-12797-005_415889832.pdf; https://s3.amazonaws.com/NARAprodstorage/lz/presidential-libraries/bush/gb-whasf/Presidential_Daily_Diary_186322/1989/41-bpr-apts_sch-dd-05_17_89-12797-006_415889833.pdf; https://s3.amazonaws.com/NARAprodstorage/lz/presidential-libraries/bush/gb-whasf/Presidential_Daily_Diary_186322/1989/41-bpr-apts_sch-dd-09_25_89-12806-016_415890095.pdf; https://s3.amazonaws.com/NARAprodstorage/lz/presidential-libraries/bush/gb-whasf/Presidential_Daily_Diary_186322/1990/41-bpr-apts_sch-dd-02_15_90-12818-009_415890380.pdf"
34,Critical,Issue dossier,Bolivia,"Debt, trade, and Enterprise for the Americas",1989-03-01 to 1992-12-17,"Debt, trade, and Enterprise for the Americas - Bolivia",31,0,8,14,"1989, Book II; 1990, Book I; 1990, Book II","issue-dossiers.csv; selection-matrix.csv; evidence-timeline.csv",27,Use this issue-country cluster to test top OCR leads against a thin or risky chapter chronology.,"8 high-priority print leads; 0 verified private records; no private anchor",https://s3.dualstack.us-east-1.amazonaws.com/NARAprodstorage/lz/presidential-libraries/bush/gb-nsc/Latin_Amer_Aff_Dir_Files/Chronological_2197972/41-bpr-nsc-lat_amer_dir-chron-cf00300-013.pdf#page=58,"https://s3.dualstack.us-east-1.amazonaws.com/NARAprodstorage/lz/presidential-libraries/bush/gb-nsc/Latin_Amer_Aff_Dir_Files/Chronological_2197972/41-bpr-nsc-lat_amer_dir-chron-cf00300-013.pdf#page=58; https://s3.dualstack.us-east-1.amazonaws.com/NARAprodstorage/lz/presidential-libraries/bush/gb-nsc/Latin_Amer_Aff_Dir_Files/Chronological_2197972/41-bpr-nsc-lat_amer_dir-chron-cf00301-011.pdf#page=39; https://s3.dualstack.us-east-1.amazonaws.com/NARAprodstorage/lz/presidential-libraries/bush/gb-nsc/Latin_Amer_Aff_Dir_Files/Chronological_2197972/41-bpr-nsc-lat_amer_dir-chron-cf00301-015.pdf#page=57; https://s3.dualstack.us-east-1.amazonaws.com/NARAprodstorage/lz/presidential-libraries/bush/gb-nsc/Latin_Amer_Aff_Dir_Files/Chronological_2197972/41-bpr-nsc-lat_amer_dir-chron-cf00302-002.pdf#page=87; https://s3.dualstack.us-east-1.amazonaws.com/NARAprodstorage/lz/presidential-libraries/bush/gb-nsc/Latin_Amer_Aff_Dir_Files/Chronological_2197972/41-bpr-nsc-lat_amer_dir-chron-cf00302-003.pdf#page=44; https://s3.dualstack.us-east-1.amazonaws.com/NARAprodstorage/lz/presidential-libraries/bush/gb-nsc/Latin_Amer_Aff_Dir_Files/Chronological_2197972/41-bpr-nsc-lat_amer_dir-chron-cf00302-003.pdf#page=47; https://s3.dualstack.us-east-1.amazonaws.com/NARAprodstorage/lz/presidential-libraries/bush/gb-nsc/Latin_Amer_Aff_Dir_Files/Chronological_2197972/41-bpr-nsc-lat_amer_dir-chron-cf00302-003.pdf#page=49; https://s3.dualstack.us-east-1.amazonaws.com/NARAprodstorage/lz/presidential-libraries/bush/gb-nsc/Latin_Amer_Aff_Dir_Files/Chronological_2197972/41-bpr-nsc-lat_amer_dir-chron-cf00303-003.pdf#page=6"
35,Critical,Issue dossier,Venezuela,Regional security and Panama spillover,1989-03-15 to 1992-02-28,Regional security and Panama spillover - Venezuela,32,0,22,9,"1989, Book I; 1989, Book II; 1990, Book I","issue-dossiers.csv; selection-matrix.csv; evidence-timeline.csv",28,Use this as a candidate issue trail where no released private memcon/telcon currently anchors the chapter.,"22 high-priority print leads; 0 verified private records; no private anchor",https://s3.dualstack.us-east-1.amazonaws.com/NARAprodstorage/lz/presidential-libraries/bush/gb-nsc/Latin_Amer_Aff_Dir_Files/Chronological_2197972/41-bpr-nsc-lat_amer_dir-chron-cf00300-010.pdf#page=43,"https://s3.dualstack.us-east-1.amazonaws.com/NARAprodstorage/lz/presidential-libraries/bush/gb-nsc/Latin_Amer_Aff_Dir_Files/Chronological_2197972/41-bpr-nsc-lat_amer_dir-chron-cf00300-010.pdf#page=43; https://s3.dualstack.us-east-1.amazonaws.com/NARAprodstorage/lz/presidential-libraries/bush/gb-nsc/Latin_Amer_Aff_Dir_Files/Chronological_2197972/41-bpr-nsc-lat_amer_dir-chron-cf00301-010.pdf#page=58; https://s3.dualstack.us-east-1.amazonaws.com/NARAprodstorage/lz/presidential-libraries/bush/gb-nsc/Latin_Amer_Aff_Dir_Files/Chronological_2197972/41-bpr-nsc-lat_amer_dir-chron-cf00301-014.pdf#page=45; https://s3.dualstack.us-east-1.amazonaws.com/NARAprodstorage/lz/presidential-libraries/bush/gb-nsc/Latin_Amer_Aff_Dir_Files/Chronological_2197972/41-bpr-nsc-lat_amer_dir-chron-cf00301-014.pdf#page=49; https://s3.dualstack.us-east-1.amazonaws.com/NARAprodstorage/lz/presidential-libraries/bush/gb-nsc/Latin_Amer_Aff_Dir_Files/Chronological_2197972/41-bpr-nsc-lat_amer_dir-chron-cf00301-017.pdf#page=63; https://s3.dualstack.us-east-1.amazonaws.com/NARAprodstorage/lz/presidential-libraries/bush/gb-nsc/Latin_Amer_Aff_Dir_Files/Chronological_2197972/41-bpr-nsc-lat_amer_dir-chron-cf00301-017.pdf#page=71; https://s3.dualstack.us-east-1.amazonaws.com/NARAprodstorage/lz/presidential-libraries/bush/gb-nsc/Latin_Amer_Aff_Dir_Files/Chronological_2197972/41-bpr-nsc-lat_amer_dir-chron-cf00302-005.pdf#page=60; https://s3.dualstack.us-east-1.amazonaws.com/NARAprodstorage/lz/presidential-libraries/bush/gb-nsc/Latin_Amer_Aff_Dir_Files/Chronological_2197972/41-bpr-nsc-lat_amer_dir-chron-cf00302-005.pdf#page=64"
36,Critical,Issue dossier,Venezuela,"Debt, trade, and Enterprise for the Americas",1989-03-02 to 1991-06-27,"Debt, trade, and Enterprise for the Americas - Venezuela",36,0,18,9,"1989, Book I; 1990, Book I; 1990, Book II","issue-dossiers.csv; selection-matrix.csv; evidence-timeline.csv",29,Use this as a candidate issue trail where no released private memcon/telcon currently anchors the chapter.,"18 high-priority print leads; 0 verified private records; no private anchor",https://s3.dualstack.us-east-1.amazonaws.com/NARAprodstorage/lz/presidential-libraries/bush/gb-nsc/Latin_Amer_Aff_Dir_Files/Chronological_2197972/41-bpr-nsc-lat_amer_dir-chron-cf00300-010.pdf#page=43,"https://s3.dualstack.us-east-1.amazonaws.com/NARAprodstorage/lz/presidential-libraries/bush/gb-nsc/Latin_Amer_Aff_Dir_Files/Chronological_2197972/41-bpr-nsc-lat_amer_dir-chron-cf00300-010.pdf#page=43; https://s3.dualstack.us-east-1.amazonaws.com/NARAprodstorage/lz/presidential-libraries/bush/gb-nsc/Latin_Amer_Aff_Dir_Files/Chronological_2197972/41-bpr-nsc-lat_amer_dir-chron-cf00300-013.pdf#page=33; https://s3.dualstack.us-east-1.amazonaws.com/NARAprodstorage/lz/presidential-libraries/bush/gb-nsc/Latin_Amer_Aff_Dir_Files/Chronological_2197972/41-bpr-nsc-lat_amer_dir-chron-cf00300-013.pdf#page=34; https://s3.dualstack.us-east-1.amazonaws.com/NARAprodstorage/lz/presidential-libraries/bush/gb-nsc/Latin_Amer_Aff_Dir_Files/Chronological_2197972/41-bpr-nsc-lat_amer_dir-chron-cf00300-013.pdf#page=54; https://s3.dualstack.us-east-1.amazonaws.com/NARAprodstorage/lz/presidential-libraries/bush/gb-nsc/Latin_Amer_Aff_Dir_Files/Chronological_2197972/41-bpr-nsc-lat_amer_dir-chron-cf00300-014.pdf#page=20; https://s3.dualstack.us-east-1.amazonaws.com/NARAprodstorage/lz/presidential-libraries/bush/gb-nsc/Latin_Amer_Aff_Dir_Files/Chronological_2197972/41-bpr-nsc-lat_amer_dir-chron-cf00301-003.pdf#page=22; https://s3.dualstack.us-east-1.amazonaws.com/NARAprodstorage/lz/presidential-libraries/bush/gb-nsc/Latin_Amer_Aff_Dir_Files/Chronological_2197972/41-bpr-nsc-lat_amer_dir-chron-cf00301-003.pdf#page=31; https://s3.dualstack.us-east-1.amazonaws.com/NARAprodstorage/lz/presidential-libraries/bush/gb-nsc/Latin_Amer_Aff_Dir_Files/Chronological_2197972/41-bpr-nsc-lat_amer_dir-chron-cf00301-004.pdf#page=76"
37,Critical,Issue dossier,Chile,"Debt, trade, and Enterprise for the Americas",1989-02-17 to 1992-12-17,"Debt, trade, and Enterprise for the Americas - Chile",26,0,7,18,"1989, Book I; 1990, Book II; 1991, Book I","issue-dossiers.csv; selection-matrix.csv; evidence-timeline.csv",30,Use this issue-country cluster to test top OCR leads against a thin or risky chapter chronology.,"7 high-priority print leads; 0 verified private records; no private anchor",https://s3.dualstack.us-east-1.amazonaws.com/NARAprodstorage/lz/presidential-libraries/bush/gb-nsc/Latin_Amer_Aff_Dir_Files/Chronological_2197972/41-bpr-nsc-lat_amer_dir-chron-cf00300-007.pdf#page=5,"https://s3.dualstack.us-east-1.amazonaws.com/NARAprodstorage/lz/presidential-libraries/bush/gb-nsc/Latin_Amer_Aff_Dir_Files/Chronological_2197972/41-bpr-nsc-lat_amer_dir-chron-cf00300-007.pdf#page=5; https://s3.dualstack.us-east-1.amazonaws.com/NARAprodstorage/lz/presidential-libraries/bush/gb-nsc/Latin_Amer_Aff_Dir_Files/Chronological_2197972/41-bpr-nsc-lat_amer_dir-chron-cf00300-007.pdf#page=6; https://s3.dualstack.us-east-1.amazonaws.com/NARAprodstorage/lz/presidential-libraries/bush/gb-nsc/Latin_Amer_Aff_Dir_Files/Chronological_2197972/41-bpr-nsc-lat_amer_dir-chron-cf00300-013.pdf#page=53; https://s3.dualstack.us-east-1.amazonaws.com/NARAprodstorage/lz/presidential-libraries/bush/gb-nsc/Latin_Amer_Aff_Dir_Files/Subject_376217847/41-bpr-nsc-lat_amer_dir-subj-cf00195-005.pdf#page=12; https://s3.dualstack.us-east-1.amazonaws.com/NARAprodstorage/lz/presidential-libraries/bush/gb-nsc/Latin_Amer_Aff_Dir_Files/Subject_376217847/41-bpr-nsc-lat_amer_dir-subj-cf00195-005.pdf#page=46; https://s3.dualstack.us-east-1.amazonaws.com/NARAprodstorage/lz/presidential-libraries/bush/gb-nsc/Latin_Amer_Aff_Dir_Files/Subject_376217847/41-bpr-nsc-lat_amer_dir-subj-cf00195-005.pdf#page=48; https://s3.dualstack.us-east-1.amazonaws.com/NARAprodstorage/lz/presidential-libraries/bush/gb-nsc/Latin_Amer_Aff_Dir_Files/Subject_376217847/41-bpr-nsc-lat_amer_dir-subj-cf00195-005.pdf#page=70; https://s3.dualstack.us-east-1.amazonaws.com/NARAprodstorage/lz/presidential-libraries/bush/gb-nsc/Latin_Amer_Aff_Dir_Files/Subject_376217847/41-bpr-nsc-lat_amer_dir-subj-cf00195-005.pdf#page=71"
38,Critical,Issue dossier,Peru,Summits and multilateral diplomacy,1989-04-27 to 1992-08-28,Summits and multilateral diplomacy - Peru,35,0,8,27,"1989, Book I; 1989, Book II; 1990, Book I","issue-dossiers.csv; selection-matrix.csv; evidence-timeline.csv",31,Use this issue-country cluster to test top OCR leads against a thin or risky chapter chronology.,"8 high-priority print leads; 0 verified private records; no private anchor",https://s3.dualstack.us-east-1.amazonaws.com/NARAprodstorage/lz/presidential-libraries/bush/gb-nsc/Latin_Amer_Aff_Dir_Files/Chronological_2197972/41-bpr-nsc-lat_amer_dir-chron-cf00301-014.pdf#page=61,"https://s3.dualstack.us-east-1.amazonaws.com/NARAprodstorage/lz/presidential-libraries/bush/gb-nsc/Latin_Amer_Aff_Dir_Files/Chronological_2197972/41-bpr-nsc-lat_amer_dir-chron-cf00301-014.pdf#page=61; https://s3.dualstack.us-east-1.amazonaws.com/NARAprodstorage/lz/presidential-libraries/bush/gb-nsc/Latin_Amer_Aff_Dir_Files/Chronological_2197972/41-bpr-nsc-lat_amer_dir-chron-cf00302-014.pdf#page=38; https://s3.dualstack.us-east-1.amazonaws.com/NARAprodstorage/lz/presidential-libraries/bush/gb-nsc/Latin_Amer_Aff_Dir_Files/Chronological_2197972/41-bpr-nsc-lat_amer_dir-chron-cf00303-004.pdf#page=36; https://s3.dualstack.us-east-1.amazonaws.com/NARAprodstorage/lz/presidential-libraries/bush/gb-nsc/Latin_Amer_Aff_Dir_Files/Chronological_2197972/41-bpr-nsc-lat_amer_dir-chron-cf00303-015.pdf#page=40; https://s3.dualstack.us-east-1.amazonaws.com/NARAprodstorage/lz/presidential-libraries/bush/gb-nsc/Latin_Amer_Aff_Dir_Files/Subject_376217847/41-bpr-nsc-lat_amer_dir-subj-cf00189-003.pdf#page=22; https://s3.dualstack.us-east-1.amazonaws.com/NARAprodstorage/lz/presidential-libraries/bush/gb-nsc/Latin_Amer_Aff_Dir_Files/Subject_376217847/41-bpr-nsc-lat_amer_dir-subj-cf00193-003.pdf#page=82; https://s3.dualstack.us-east-1.amazonaws.com/NARAprodstorage/lz/presidential-libraries/bush/gb-nsc/Latin_Amer_Aff_Dir_Files/Subject_376217847/41-bpr-nsc-lat_amer_dir-subj-cf00194-013.pdf#page=29; https://s3.dualstack.us-east-1.amazonaws.com/NARAprodstorage/lz/presidential-libraries/bush/gb-nsc/Latin_Amer_Aff_Dir_Files/Subject_376217847/41-bpr-nsc-lat_amer_dir-subj-cf00195-007.pdf#page=84"
39,Critical,Issue dossier,Brazil,"Democracy, elections, and transitions",1989-02-09 to 1992-10-23,"Democracy, elections, and transitions - Brazil",25,0,18,7,"1989, Book I; 1990, Book I; 1990, Book II","issue-dossiers.csv; selection-matrix.csv; evidence-timeline.csv",32,Use this as a candidate issue trail where no released private memcon/telcon currently anchors the chapter.,"18 high-priority print leads; 0 verified private records; no private anchor",https://s3.dualstack.us-east-1.amazonaws.com/NARAprodstorage/lz/presidential-libraries/bush/gb-nsc/Latin_Amer_Aff_Dir_Files/Chronological_2197972/41-bpr-nsc-lat_amer_dir-chron-cf00300-006.pdf#page=71,"https://s3.dualstack.us-east-1.amazonaws.com/NARAprodstorage/lz/presidential-libraries/bush/gb-nsc/Latin_Amer_Aff_Dir_Files/Chronological_2197972/41-bpr-nsc-lat_amer_dir-chron-cf00300-006.pdf#page=71; https://s3.dualstack.us-east-1.amazonaws.com/NARAprodstorage/lz/presidential-libraries/bush/gb-nsc/Latin_Amer_Aff_Dir_Files/Chronological_2197972/41-bpr-nsc-lat_amer_dir-chron-cf00300-008.pdf#page=36; https://s3.dualstack.us-east-1.amazonaws.com/NARAprodstorage/lz/presidential-libraries/bush/gb-nsc/Latin_Amer_Aff_Dir_Files/Chronological_2197972/41-bpr-nsc-lat_amer_dir-chron-cf00300-008.pdf#page=37; https://s3.dualstack.us-east-1.amazonaws.com/NARAprodstorage/lz/presidential-libraries/bush/gb-nsc/Latin_Amer_Aff_Dir_Files/Chronological_2197972/41-bpr-nsc-lat_amer_dir-chron-cf00300-008.pdf#page=39; https://s3.dualstack.us-east-1.amazonaws.com/NARAprodstorage/lz/presidential-libraries/bush/gb-nsc/Latin_Amer_Aff_Dir_Files/Chronological_2197972/41-bpr-nsc-lat_amer_dir-chron-cf00301-010.pdf#page=66; https://s3.dualstack.us-east-1.amazonaws.com/NARAprodstorage/lz/presidential-libraries/bush/gb-nsc/Latin_Amer_Aff_Dir_Files/Chronological_2197972/41-bpr-nsc-lat_amer_dir-chron-cf00302-005.pdf#page=63; https://s3.dualstack.us-east-1.amazonaws.com/NARAprodstorage/lz/presidential-libraries/bush/gb-nsc/Latin_Amer_Aff_Dir_Files/Chronological_2197972/41-bpr-nsc-lat_amer_dir-chron-cf00303-004.pdf#page=64; https://s3.dualstack.us-east-1.amazonaws.com/NARAprodstorage/lz/presidential-libraries/bush/gb-nsc/Latin_Amer_Aff_Dir_Files/Chronological_2197972/41-bpr-nsc-lat_amer_dir-chron-cf00303-015.pdf#page=47"
40,Critical,Issue dossier,Venezuela,"Democracy, elections, and transitions",1989-02-28 to 1992-04-24,"Democracy, elections, and transitions - Venezuela",33,0,18,14,"1989, Book I; 1990, Book I; 1990, Book II","issue-dossiers.csv; selection-matrix.csv; evidence-timeline.csv",33,Use this as a candidate issue trail where no released private memcon/telcon currently anchors the chapter.,"18 high-priority print leads; 0 verified private records; no private anchor",https://s3.dualstack.us-east-1.amazonaws.com/NARAprodstorage/lz/presidential-libraries/bush/gb-nsc/Latin_Amer_Aff_Dir_Files/Chronological_2197972/41-bpr-nsc-lat_amer_dir-chron-cf00300-005.pdf#page=9,"https://s3.dualstack.us-east-1.amazonaws.com/NARAprodstorage/lz/presidential-libraries/bush/gb-nsc/Latin_Amer_Aff_Dir_Files/Chronological_2197972/41-bpr-nsc-lat_amer_dir-chron-cf00300-005.pdf#page=9; https://s3.dualstack.us-east-1.amazonaws.com/NARAprodstorage/lz/presidential-libraries/bush/gb-nsc/Latin_Amer_Aff_Dir_Files/Chronological_2197972/41-bpr-nsc-lat_amer_dir-chron-cf00300-013.pdf#page=41; https://s3.dualstack.us-east-1.amazonaws.com/NARAprodstorage/lz/presidential-libraries/bush/gb-nsc/Latin_Amer_Aff_Dir_Files/Chronological_2197972/41-bpr-nsc-lat_amer_dir-chron-cf00300-013.pdf#page=42; https://s3.dualstack.us-east-1.amazonaws.com/NARAprodstorage/lz/presidential-libraries/bush/gb-nsc/Latin_Amer_Aff_Dir_Files/Chronological_2197972/41-bpr-nsc-lat_amer_dir-chron-cf00300-014.pdf#page=18; https://s3.dualstack.us-east-1.amazonaws.com/NARAprodstorage/lz/presidential-libraries/bush/gb-nsc/Latin_Amer_Aff_Dir_Files/Chronological_2197972/41-bpr-nsc-lat_amer_dir-chron-cf00301-006.pdf#page=84; https://s3.dualstack.us-east-1.amazonaws.com/NARAprodstorage/lz/presidential-libraries/bush/gb-nsc/Latin_Amer_Aff_Dir_Files/Chronological_2197972/41-bpr-nsc-lat_amer_dir-chron-cf00301-007.pdf#page=40; https://s3.dualstack.us-east-1.amazonaws.com/NARAprodstorage/lz/presidential-libraries/bush/gb-nsc/Latin_Amer_Aff_Dir_Files/Chronological_2197972/41-bpr-nsc-lat_amer_dir-chron-cf00301-017.pdf#page=72; https://s3.dualstack.us-east-1.amazonaws.com/NARAprodstorage/lz/presidential-libraries/bush/gb-nsc/Latin_Amer_Aff_Dir_Files/Chronological_2197972/41-bpr-nsc-lat_amer_dir-chron-cf00302-012.pdf#page=55"
41,Critical,Issue dossier,Brazil,"Debt, trade, and Enterprise for the Americas",1988-11-09 to 1993-01-13,"Debt, trade, and Enterprise for the Americas - Brazil",48,0,14,28,"1989, Book I; 1990, Book I; 1990, Book II","issue-dossiers.csv; selection-matrix.csv; evidence-timeline.csv",34,Use this as a candidate issue trail where no released private memcon/telcon currently anchors the chapter.,"14 high-priority print leads; 0 verified private records; no private anchor",https://s3.dualstack.us-east-1.amazonaws.com/NARAprodstorage/lz/presidential-libraries/bush/gb-nsc/Latin_Amer_Aff_Dir_Files/Chronological_2197972/41-bpr-nsc-lat_amer_dir-chron-cf00300-005.pdf#page=53,"https://s3.dualstack.us-east-1.amazonaws.com/NARAprodstorage/lz/presidential-libraries/bush/gb-nsc/Latin_Amer_Aff_Dir_Files/Chronological_2197972/41-bpr-nsc-lat_amer_dir-chron-cf00300-005.pdf#page=53; https://s3.dualstack.us-east-1.amazonaws.com/NARAprodstorage/lz/presidential-libraries/bush/gb-nsc/Latin_Amer_Aff_Dir_Files/Chronological_2197972/41-bpr-nsc-lat_amer_dir-chron-cf00300-005.pdf#page=54; https://s3.dualstack.us-east-1.amazonaws.com/NARAprodstorage/lz/presidential-libraries/bush/gb-nsc/Latin_Amer_Aff_Dir_Files/Chronological_2197972/41-bpr-nsc-lat_amer_dir-chron-cf00300-006.pdf#page=70; https://s3.dualstack.us-east-1.amazonaws.com/NARAprodstorage/lz/presidential-libraries/bush/gb-nsc/Latin_Amer_Aff_Dir_Files/Chronological_2197972/41-bpr-nsc-lat_amer_dir-chron-cf00300-006.pdf#page=71; https://s3.dualstack.us-east-1.amazonaws.com/NARAprodstorage/lz/presidential-libraries/bush/gb-nsc/Latin_Amer_Aff_Dir_Files/Chronological_2197972/41-bpr-nsc-lat_amer_dir-chron-cf00303-004.pdf#page=64; https://s3.dualstack.us-east-1.amazonaws.com/NARAprodstorage/lz/presidential-libraries/bush/gb-nsc/Latin_Amer_Aff_Dir_Files/Chronological_2197972/41-bpr-nsc-lat_amer_dir-chron-cf00303-012.pdf#page=100; https://s3.dualstack.us-east-1.amazonaws.com/NARAprodstorage/lz/presidential-libraries/bush/gb-nsc/Latin_Amer_Aff_Dir_Files/Subject_376217847/41-bpr-nsc-lat_amer_dir-subj-cf00189-013.pdf#page=129; https://s3.dualstack.us-east-1.amazonaws.com/NARAprodstorage/lz/presidential-libraries/bush/gb-nsc/Latin_Amer_Aff_Dir_Files/Subject_376217847/41-bpr-nsc-lat_amer_dir-subj-cf00189-013.pdf#page=41"
42,Critical,Issue dossier,Bolivia,Regional security and Panama spillover,1989-03-27 to 1992-09-09,Regional security and Panama spillover - Bolivia,18,0,7,10,"1989, Book II; 1990, Book I; 1991, Book I","issue-dossiers.csv; selection-matrix.csv; evidence-timeline.csv",35,Use this issue-country cluster to test top OCR leads against a thin or risky chapter chronology.,"7 high-priority print leads; 0 verified private records; no private anchor",https://s3.dualstack.us-east-1.amazonaws.com/NARAprodstorage/lz/presidential-libraries/bush/gb-nsc/Latin_Amer_Aff_Dir_Files/Chronological_2197972/41-bpr-nsc-lat_amer_dir-chron-cf00302-002.pdf#page=87,"https://s3.dualstack.us-east-1.amazonaws.com/NARAprodstorage/lz/presidential-libraries/bush/gb-nsc/Latin_Amer_Aff_Dir_Files/Chronological_2197972/41-bpr-nsc-lat_amer_dir-chron-cf00302-002.pdf#page=87; https://s3.dualstack.us-east-1.amazonaws.com/NARAprodstorage/lz/presidential-libraries/bush/gb-nsc/Latin_Amer_Aff_Dir_Files/Chronological_2197972/41-bpr-nsc-lat_amer_dir-chron-cf00302-003.pdf#page=29; https://s3.dualstack.us-east-1.amazonaws.com/NARAprodstorage/lz/presidential-libraries/bush/gb-nsc/Latin_Amer_Aff_Dir_Files/Chronological_2197972/41-bpr-nsc-lat_amer_dir-chron-cf00302-005.pdf#page=106; https://s3.dualstack.us-east-1.amazonaws.com/NARAprodstorage/lz/presidential-libraries/bush/gb-nsc/Latin_Amer_Aff_Dir_Files/Chronological_2197972/41-bpr-nsc-lat_amer_dir-chron-cf00302-005.pdf#page=94; https://s3.dualstack.us-east-1.amazonaws.com/NARAprodstorage/lz/presidential-libraries/bush/gb-nsc/Latin_Amer_Aff_Dir_Files/Subject_376217847/41-bpr-nsc-lat_amer_dir-subj-cf00189-008.pdf#page=52; https://s3.dualstack.us-east-1.amazonaws.com/NARAprodstorage/lz/presidential-libraries/bush/gb-nsc/Latin_Amer_Aff_Dir_Files/Subject_376217847/41-bpr-nsc-lat_amer_dir-subj-cf00189-012.pdf#page=37; https://s3.dualstack.us-east-1.amazonaws.com/NARAprodstorage/lz/presidential-libraries/bush/gb-nsc/Latin_Amer_Aff_Dir_Files/Subject_376217847/41-bpr-nsc-lat_amer_dir-subj-cf00189-012.pdf#page=40; https://s3.dualstack.us-east-1.amazonaws.com/NARAprodstorage/lz/presidential-libraries/bush/gb-nsc/Latin_Amer_Aff_Dir_Files/Subject_376217847/41-bpr-nsc-lat_amer_dir-subj-cf00193-010.pdf#page=10"
43,Critical,Source-folder follow-up,"Argentina; Bolivia; Peru; Uruguay",,1989-01-24 to 1989-06-08,"Argentina - January 20, 1989-December 31, 1989 [4]",30,0,16,,"Latin American Affairs Directorate Subject Files - Argentina - January 20, 1989-December 31, 1989 [4]","archival-source-ledger.csv; print-candidates.csv",1,"Start here: verify high-priority OCR leads against page images, then compare with country chronology and gap audit.","Argentina - January 20, 1989-December 31, 1989 [4]; CF00189-008; Latin American Affairs Directorate Subject Files",https://catalog.archives.gov/id/470766481,"https://catalog.archives.gov/id/470766481; https://s3.dualstack.us-east-1.amazonaws.com/NARAprodstorage/lz/presidential-libraries/bush/gb-nsc/Latin_Amer_Aff_Dir_Files/Subject_376217847/41-bpr-nsc-lat_amer_dir-subj-cf00189-008.pdf; https://catalog.archives.gov/id/376217847"
44,Critical,Source-folder follow-up,"Bolivia; Colombia; Ecuador; Peru",,1989-04-11 to 1989-12-26,"Colombia - January 20, 1989-December 31, 1989 [1]",32,0,15,,"Latin American Affairs Directorate Subject Files - Colombia - January 20, 1989-December 31, 1989 [1]","archival-source-ledger.csv; print-candidates.csv",2,"Start here: verify high-priority OCR leads against page images, then compare with country chronology and gap audit.","CF00195-007; Colombia - January 20, 1989-December 31, 1989 [1]; Latin American Affairs Directorate Subject Files",https://catalog.archives.gov/id/470766564,"https://catalog.archives.gov/id/470766564; https://s3.dualstack.us-east-1.amazonaws.com/NARAprodstorage/lz/presidential-libraries/bush/gb-nsc/Latin_Amer_Aff_Dir_Files/Subject_376217847/41-bpr-nsc-lat_amer_dir-subj-cf00195-007.pdf; https://catalog.archives.gov/id/376217847"
45,Critical,Source-folder follow-up,"Argentina; Brazil; Peru; Uruguay",,1989-05-11 to 1990-02-02,"Uruguay - January 20, 1989-December 31, 1989",27,0,15,,"Latin American Affairs Directorate Subject Files - Uruguay - January 20, 1989-December 31, 1989","archival-source-ledger.csv; print-candidates.csv",3,"Start here: verify high-priority OCR leads against page images, then compare with country chronology and gap audit.","CF00193-016; Latin American Affairs Directorate Subject Files; Uruguay - January 20, 1989-December 31, 1989",https://catalog.archives.gov/id/470766531,"https://catalog.archives.gov/id/470766531; https://s3.dualstack.us-east-1.amazonaws.com/NARAprodstorage/lz/presidential-libraries/bush/gb-nsc/Latin_Amer_Aff_Dir_Files/Subject_376217847/41-bpr-nsc-lat_amer_dir-subj-cf00193-016.pdf; https://catalog.archives.gov/id/376217847"
46,Critical,Source-folder follow-up,"Brazil; Ecuador; Venezuela",,1989-06-21 to 1989-12-22,"Venezuela - January 20, 1989-December 31, 1989 [1]",31,0,14,,"Latin American Affairs Directorate Subject Files - Venezuela - January 20, 1989-December 31, 1989 [1]","archival-source-ledger.csv; print-candidates.csv",4,"Start here: verify high-priority OCR leads against page images, then compare with country chronology and gap audit.","CF00193-018; Latin American Affairs Directorate Subject Files; Venezuela - January 20, 1989-December 31, 1989 [1]",https://catalog.archives.gov/id/470766533,"https://catalog.archives.gov/id/470766533; https://s3.dualstack.us-east-1.amazonaws.com/NARAprodstorage/lz/presidential-libraries/bush/gb-nsc/Latin_Amer_Aff_Dir_Files/Subject_376217847/41-bpr-nsc-lat_amer_dir-subj-cf00193-018.pdf; https://catalog.archives.gov/id/376217847"
47,Critical,Source-folder follow-up,Chile,,1989-01-23 to 1990-01-06,"Chile - January 20, 1989-December 31, 1989",21,0,13,,"Latin American Affairs Directorate Subject Files - Chile - January 20, 1989-December 31, 1989","archival-source-ledger.csv; print-candidates.csv",5,"Start here: verify high-priority OCR leads against page images, then compare with country chronology and gap audit.","CF00195-005; Chile - January 20, 1989-December 31, 1989; Latin American Affairs Directorate Subject Files",https://catalog.archives.gov/id/470766562,"https://catalog.archives.gov/id/470766562; https://s3.dualstack.us-east-1.amazonaws.com/NARAprodstorage/lz/presidential-libraries/bush/gb-nsc/Latin_Amer_Aff_Dir_Files/Subject_376217847/41-bpr-nsc-lat_amer_dir-subj-cf00195-005.pdf; https://catalog.archives.gov/id/376217847"
48,Critical,Source-folder follow-up,"Bolivia; Chile; Venezuela",,1989-02-17 to 1989-03-06,"March 1, 1989-March 16, 1989 [4]",15,0,11,,"Latin American Directorate Chronological Files - March 1, 1989-March 16, 1989 [4]","archival-source-ledger.csv; print-candidates.csv",6,"Start here: verify high-priority OCR leads against page images, then compare with country chronology and gap audit.","CF00300-013; Latin American Directorate Chronological Files; March 1, 1989-March 16, 1989 [4]",https://catalog.archives.gov/id/470766414,"https://catalog.archives.gov/id/470766414; https://s3.dualstack.us-east-1.amazonaws.com/NARAprodstorage/lz/presidential-libraries/bush/gb-nsc/Latin_Amer_Aff_Dir_Files/Chronological_2197972/41-bpr-nsc-lat_amer_dir-chron-cf00300-013.pdf; https://catalog.archives.gov/id/2197972"
49,Critical,Source-folder follow-up,"Bolivia; Colombia; Peru",,1989-10-25 to 1989-12-07,Andean [Drug] Summit 1989 [1],14,0,11,,Latin American Affairs Directorate Subject Files - Andean [Drug] Summit 1989 [1],"archival-source-ledger.csv; print-candidates.csv",7,"Start here: verify high-priority OCR leads against page images, then compare with country chronology and gap audit.","Andean [Drug] Summit 1989 [1]; CF00189-002; Latin American Affairs Directorate Subject Files",https://catalog.archives.gov/id/470766475,"https://catalog.archives.gov/id/470766475; https://s3.dualstack.us-east-1.amazonaws.com/NARAprodstorage/lz/presidential-libraries/bush/gb-nsc/Latin_Amer_Aff_Dir_Files/Subject_376217847/41-bpr-nsc-lat_amer_dir-subj-cf00189-002.pdf; https://catalog.archives.gov/id/376217847"
50,Critical,Source-folder follow-up,"Bolivia; Brazil; Colombia; Ecuador",,1989-02-19 to 1989-03-23,"Drug / Anti-Narcotics - January 20, 1989-December 31, 1989 [4]",12,0,10,,"Latin American Affairs Directorate Subject Files - Drug / Anti-Narcotics - January 20, 1989-December 31, 1989 [4]","archival-source-ledger.csv; print-candidates.csv",8,"Start here: verify high-priority OCR leads against page images, then compare with country chronology and gap audit.","CF00194-016; Drug / Anti-Narcotics - January 20, 1989-December 31, 1989 [4]; Latin American Affairs Directorate Subject Files",https://catalog.archives.gov/id/470766553,"https://catalog.archives.gov/id/470766553; https://s3.dualstack.us-east-1.amazonaws.com/NARAprodstorage/lz/presidential-libraries/bush/gb-nsc/Latin_Amer_Aff_Dir_Files/Subject_376217847/41-bpr-nsc-lat_amer_dir-subj-cf00194-016.pdf; https://catalog.archives.gov/id/376217847"
51,Critical,Source-folder follow-up,"Guyana; Venezuela",,1989-02-27 to 1989-06-19,"Guyana - January 20, 1989-December 31, 1989",11,0,10,,"Latin American Affairs Directorate Subject Files - Guyana - January 20, 1989-December 31, 1989","archival-source-ledger.csv; print-candidates.csv",9,"Start here: verify high-priority OCR leads against page images, then compare with country chronology and gap audit.","CF00196-013; Guyana - January 20, 1989-December 31, 1989; Latin American Affairs Directorate Subject Files",https://catalog.archives.gov/id/470766599,"https://catalog.archives.gov/id/470766599; https://s3.dualstack.us-east-1.amazonaws.com/NARAprodstorage/lz/presidential-libraries/bush/gb-nsc/Latin_Amer_Aff_Dir_Files/Subject_376217847/41-bpr-nsc-lat_amer_dir-subj-cf00196-013.pdf; https://catalog.archives.gov/id/376217847"
52,Critical,Source-folder follow-up,"Argentina; Bolivia; Colombia; Peru",,1989-03-01 to 1989-12-18,"Bolivia - January 20, 1989-December 31, 1989",27,0,9,,"Latin American Affairs Directorate Subject Files - Bolivia - January 20, 1989-December 31, 1989","archival-source-ledger.csv; print-candidates.csv",10,"Start here: verify high-priority OCR leads against page images, then compare with country chronology and gap audit.","Bolivia - January 20, 1989-December 31, 1989; CF00189-012; Latin American Affairs Directorate Subject Files",https://catalog.archives.gov/id/470766485,"https://catalog.archives.gov/id/470766485; https://s3.dualstack.us-east-1.amazonaws.com/NARAprodstorage/lz/presidential-libraries/bush/gb-nsc/Latin_Amer_Aff_Dir_Files/Subject_376217847/41-bpr-nsc-lat_amer_dir-subj-cf00189-012.pdf; https://catalog.archives.gov/id/376217847"
53,Critical,Source-folder follow-up,"Argentina; Bolivia; Brazil; Colombia; Peru; Uruguay",,1989-05-11 to 1989-05-18,"May 16, 1989-May 30, 1989 [3]",11,0,9,,"Latin American Directorate Chronological Files - May 16, 1989-May 30, 1989 [3]","archival-source-ledger.csv; print-candidates.csv",11,"Start here: verify high-priority OCR leads against page images, then compare with country chronology and gap audit.","CF00301-015; Latin American Directorate Chronological Files; May 16, 1989-May 30, 1989 [3]",https://catalog.archives.gov/id/470766432,"https://catalog.archives.gov/id/470766432; https://s3.dualstack.us-east-1.amazonaws.com/NARAprodstorage/lz/presidential-libraries/bush/gb-nsc/Latin_Amer_Aff_Dir_Files/Chronological_2197972/41-bpr-nsc-lat_amer_dir-chron-cf00301-015.pdf; https://catalog.archives.gov/id/2197972"
54,Critical,Source-folder follow-up,"Bolivia; Brazil; Guyana; Peru; Venezuela",,1989-05-13 to 1989-05-24,"May 16, 1989-May 30, 1989 [2]",10,0,9,,"Latin American Directorate Chronological Files - May 16, 1989-May 30, 1989 [2]","archival-source-ledger.csv; print-candidates.csv",12,"Start here: verify high-priority OCR leads against page images, then compare with country chronology and gap audit.","CF00301-014; Latin American Directorate Chronological Files; May 16, 1989-May 30, 1989 [2]",https://catalog.archives.gov/id/470766431,"https://catalog.archives.gov/id/470766431; https://s3.dualstack.us-east-1.amazonaws.com/NARAprodstorage/lz/presidential-libraries/bush/gb-nsc/Latin_Amer_Aff_Dir_Files/Chronological_2197972/41-bpr-nsc-lat_amer_dir-chron-cf00301-014.pdf; https://catalog.archives.gov/id/2197972"
55,Critical,Source-folder follow-up,"Bolivia; Colombia; Peru",,1989-08-24 to 1989-09-18,"Colombia - January 20, 1989-December 31, 1989 [3]",16,0,8,,"Latin American Affairs Directorate Subject Files - Colombia - January 20, 1989-December 31, 1989 [3]","archival-source-ledger.csv; print-candidates.csv",13,"Start here: verify high-priority OCR leads against page images, then compare with country chronology and gap audit.","CF00195-009; Colombia - January 20, 1989-December 31, 1989 [3]; Latin American Affairs Directorate Subject Files",https://catalog.archives.gov/id/470766566,"https://catalog.archives.gov/id/470766566; https://s3.dualstack.us-east-1.amazonaws.com/NARAprodstorage/lz/presidential-libraries/bush/gb-nsc/Latin_Amer_Aff_Dir_Files/Subject_376217847/41-bpr-nsc-lat_amer_dir-subj-cf00195-009.pdf; https://catalog.archives.gov/id/376217847"
56,Critical,Source-folder follow-up,"Argentina; Chile; Colombia",,1989-08-28 to 1989-09-27,"September 16, 1989-September 30, 1989 [2]",13,0,8,,"Latin American Directorate Chronological Files - September 16, 1989-September 30, 1989 [2]","archival-source-ledger.csv; print-candidates.csv",14,"Start here: verify high-priority OCR leads against page images, then compare with country chronology and gap audit.","CF00302-018; Latin American Directorate Chronological Files; September 16, 1989-September 30, 1989 [2]",https://catalog.archives.gov/id/470766455,"https://catalog.archives.gov/id/470766455; https://s3.dualstack.us-east-1.amazonaws.com/NARAprodstorage/lz/presidential-libraries/bush/gb-nsc/Latin_Amer_Aff_Dir_Files/Chronological_2197972/41-bpr-nsc-lat_amer_dir-chron-cf00302-018.pdf; https://catalog.archives.gov/id/2197972"
57,Critical,Source-folder follow-up,"Argentina; Brazil; Colombia; Paraguay; Venezuela",,1989-10-30 to 1989-11-08,"November 1, 1989-November 15, 1989 [2]",12,0,8,,"Latin American Directorate Chronological Files - November 1, 1989-November 15, 1989 [2]","archival-source-ledger.csv; print-candidates.csv",15,"Start here: verify high-priority OCR leads against page images, then compare with country chronology and gap audit.","CF00303-010; Latin American Directorate Chronological Files; November 1, 1989-November 15, 1989 [2]",https://catalog.archives.gov/id/470766467,"https://catalog.archives.gov/id/470766467; https://s3.dualstack.us-east-1.amazonaws.com/NARAprodstorage/lz/presidential-libraries/bush/gb-nsc/Latin_Amer_Aff_Dir_Files/Chronological_2197972/41-bpr-nsc-lat_amer_dir-chron-cf00303-010.pdf; https://catalog.archives.gov/id/2197972"
58,Critical,Source-folder follow-up,"Argentina; Brazil; Ecuador; Guyana; Venezuela",,1989-03-27 to 1989-06-19,"June 1, 1989-June 30, 1989 [3]",10,0,8,,"Latin American Directorate Chronological Files - June 1, 1989-June 30, 1989 [3]","archival-source-ledger.csv; print-candidates.csv",16,"Start here: verify high-priority OCR leads against page images, then compare with country chronology and gap audit.","CF00301-018; June 1, 1989-June 30, 1989 [3]; Latin American Directorate Chronological Files",https://catalog.archives.gov/id/470766435,"https://catalog.archives.gov/id/470766435; https://s3.dualstack.us-east-1.amazonaws.com/NARAprodstorage/lz/presidential-libraries/bush/gb-nsc/Latin_Amer_Aff_Dir_Files/Chronological_2197972/41-bpr-nsc-lat_amer_dir-chron-cf00301-018.pdf; https://catalog.archives.gov/id/2197972"
59,Critical,Source-folder follow-up,"Argentina; Paraguay; Venezuela",,1989-09-19 to 1989-09-25,"September 16, 1989-September 30, 1989 [3]",8,0,8,,"Latin American Directorate Chronological Files - September 16, 1989-September 30, 1989 [3]","archival-source-ledger.csv; print-candidates.csv",17,"Start here: verify high-priority OCR leads against page images, then compare with country chronology and gap audit.","CF00302-019; Latin American Directorate Chronological Files; September 16, 1989-September 30, 1989 [3]",https://catalog.archives.gov/id/470766456,"https://catalog.archives.gov/id/470766456; https://s3.dualstack.us-east-1.amazonaws.com/NARAprodstorage/lz/presidential-libraries/bush/gb-nsc/Latin_Amer_Aff_Dir_Files/Chronological_2197972/41-bpr-nsc-lat_amer_dir-chron-cf00302-019.pdf; https://catalog.archives.gov/id/2197972"
60,Critical,Source-folder follow-up,"Bolivia; Colombia; Peru",,1989-10-29 to 1989-12-04,Andean [Drug] Summit 1989 [2],10,0,7,,Latin American Affairs Directorate Subject Files - Andean [Drug] Summit 1989 [2],"archival-source-ledger.csv; print-candidates.csv",18,"Start here: verify high-priority OCR leads against page images, then compare with country chronology and gap audit.","Andean [Drug] Summit 1989 [2]; CF00189-003; Latin American Affairs Directorate Subject Files",https://catalog.archives.gov/id/470766476,"https://catalog.archives.gov/id/470766476; https://s3.dualstack.us-east-1.amazonaws.com/NARAprodstorage/lz/presidential-libraries/bush/gb-nsc/Latin_Amer_Aff_Dir_Files/Subject_376217847/41-bpr-nsc-lat_amer_dir-subj-cf00189-003.pdf; https://catalog.archives.gov/id/376217847"
61,Critical,Source-folder follow-up,"Brazil; Colombia; Paraguay; Uruguay; Venezuela",,1989-08-21 to 1989-08-23,"August 16, 1989-August 31, 1989 [2]",10,0,7,,"Latin American Directorate Chronological Files - August 16, 1989-August 31, 1989 [2]","archival-source-ledger.csv; print-candidates.csv",19,"Start here: verify high-priority OCR leads against page images, then compare with country chronology and gap audit.","August 16, 1989-August 31, 1989 [2]; CF00302-012; Latin American Directorate Chronological Files",https://catalog.archives.gov/id/470766449,"https://catalog.archives.gov/id/470766449; https://s3.dualstack.us-east-1.amazonaws.com/NARAprodstorage/lz/presidential-libraries/bush/gb-nsc/Latin_Amer_Aff_Dir_Files/Chronological_2197972/41-bpr-nsc-lat_amer_dir-chron-cf00302-012.pdf; https://catalog.archives.gov/id/2197972"
62,Critical,Source-folder follow-up,Peru,,1989-06-05 to 1989-08-11,"Drug / Anti-Narcotics - January 20, 1989-December 31, 1989 [2]",8,0,7,,"Latin American Affairs Directorate Subject Files - Drug / Anti-Narcotics - January 20, 1989-December 31, 1989 [2]","archival-source-ledger.csv; print-candidates.csv",20,"Start here: verify high-priority OCR leads against page images, then compare with country chronology and gap audit.","CF00194-014; Drug / Anti-Narcotics - January 20, 1989-December 31, 1989 [2]; Latin American Affairs Directorate Subject Files",https://catalog.archives.gov/id/470766551,"https://catalog.archives.gov/id/470766551; https://s3.dualstack.us-east-1.amazonaws.com/NARAprodstorage/lz/presidential-libraries/bush/gb-nsc/Latin_Amer_Aff_Dir_Files/Subject_376217847/41-bpr-nsc-lat_amer_dir-subj-cf00194-014.pdf; https://catalog.archives.gov/id/376217847"
63,Critical,Source-folder follow-up,"Argentina; Brazil; Ecuador",,1989-02-08 to 1989-05-14,"February 1, 1989-March 1, 1989 [4]",7,0,7,,"Latin American Directorate Chronological Files - February 1, 1989-March 1, 1989 [4]","archival-source-ledger.csv; print-candidates.csv",21,"Start here: verify high-priority OCR leads against page images, then compare with country chronology and gap audit.","CF00300-008; February 1, 1989-March 1, 1989 [4]; Latin American Directorate Chronological Files",https://catalog.archives.gov/id/470766409,"https://catalog.archives.gov/id/470766409; https://s3.dualstack.us-east-1.amazonaws.com/NARAprodstorage/lz/presidential-libraries/bush/gb-nsc/Latin_Amer_Aff_Dir_Files/Chronological_2197972/41-bpr-nsc-lat_amer_dir-chron-cf00300-008.pdf; https://catalog.archives.gov/id/2197972"
64,Critical,Source-folder follow-up,"Argentina; Colombia; Peru; Uruguay",,1989-09-06 to 1989-09-15,"September 1, 1989-September 15, 1989 [1]",7,0,7,,"Latin American Directorate Chronological Files - September 1, 1989-September 15, 1989 [1]","archival-source-ledger.csv; print-candidates.csv",22,"Start here: verify high-priority OCR leads against page images, then compare with country chronology and gap audit.","CF00302-015; Latin American Directorate Chronological Files; September 1, 1989-September 15, 1989 [1]",https://catalog.archives.gov/id/470766452,"https://catalog.archives.gov/id/470766452; https://s3.dualstack.us-east-1.amazonaws.com/NARAprodstorage/lz/presidential-libraries/bush/gb-nsc/Latin_Amer_Aff_Dir_Files/Chronological_2197972/41-bpr-nsc-lat_amer_dir-chron-cf00302-015.pdf; https://catalog.archives.gov/id/2197972"
65,Critical,Source-folder follow-up,"Argentina; Bolivia; Colombia",,1989-06-30 to 1989-07-06,"July 1, 1989-July 15, 1989 [3]",11,0,6,,"Latin American Directorate Chronological Files - July 1, 1989-July 15, 1989 [3]","archival-source-ledger.csv; print-candidates.csv",23,"Start here: verify high-priority OCR leads against page images, then compare with country chronology and gap audit.","CF00302-003; July 1, 1989-July 15, 1989 [3]; Latin American Directorate Chronological Files",https://catalog.archives.gov/id/470766440,"https://catalog.archives.gov/id/470766440; https://s3.dualstack.us-east-1.amazonaws.com/NARAprodstorage/lz/presidential-libraries/bush/gb-nsc/Latin_Amer_Aff_Dir_Files/Chronological_2197972/41-bpr-nsc-lat_amer_dir-chron-cf00302-003.pdf; https://catalog.archives.gov/id/2197972"
66,Critical,Source-folder follow-up,Paraguay,,1989-03-28 to 1989-07-03,"Latin America - January 20, 1989-December 31, 1989 [2]",9,0,6,,"Latin American Affairs Directorate Subject Files - Latin America - January 20, 1989-December 31, 1989 [2]","archival-source-ledger.csv; print-candidates.csv",24,"Start here: verify high-priority OCR leads against page images, then compare with country chronology and gap audit.","CF00192-002; Latin America - January 20, 1989-December 31, 1989 [2]; Latin American Affairs Directorate Subject Files",https://catalog.archives.gov/id/470766497,"https://catalog.archives.gov/id/470766497; https://s3.dualstack.us-east-1.amazonaws.com/NARAprodstorage/lz/presidential-libraries/bush/gb-nsc/Latin_Amer_Aff_Dir_Files/Subject_376217847/41-bpr-nsc-lat_amer_dir-subj-cf00192-002.pdf; https://catalog.archives.gov/id/376217847"
67,Critical,Source-folder follow-up,Paraguay,,1989-05-05 to 1989-09-25,"Paraguay - January 20, 1989-December 31, 1989",9,0,6,,"Latin American Affairs Directorate Subject Files - Paraguay - January 20, 1989-December 31, 1989","archival-source-ledger.csv; print-candidates.csv",25,"Start here: verify high-priority OCR leads against page images, then compare with country chronology and gap audit.","CF00193-001; Latin American Affairs Directorate Subject Files; Paraguay - January 20, 1989-December 31, 1989",https://catalog.archives.gov/id/470766516,"https://catalog.archives.gov/id/470766516; https://s3.dualstack.us-east-1.amazonaws.com/NARAprodstorage/lz/presidential-libraries/bush/gb-nsc/Latin_Amer_Aff_Dir_Files/Subject_376217847/41-bpr-nsc-lat_amer_dir-subj-cf00193-001.pdf; https://catalog.archives.gov/id/376217847"
68,Critical,Source-folder follow-up,"Bolivia; Colombia; Peru",,1989-08-14 to 1989-09-07,"Drug / Anti-Narcotics - January 20, 1989-December 31, 1989 [1]",7,0,6,,"Latin American Affairs Directorate Subject Files - Drug / Anti-Narcotics - January 20, 1989-December 31, 1989 [1]","archival-source-ledger.csv; print-candidates.csv",26,"Start here: verify high-priority OCR leads against page images, then compare with country chronology and gap audit.","CF00194-013; Drug / Anti-Narcotics - January 20, 1989-December 31, 1989 [1]; Latin American Affairs Directorate Subject Files",https://catalog.archives.gov/id/470766550,"https://catalog.archives.gov/id/470766550; https://s3.dualstack.us-east-1.amazonaws.com/NARAprodstorage/lz/presidential-libraries/bush/gb-nsc/Latin_Amer_Aff_Dir_Files/Subject_376217847/41-bpr-nsc-lat_amer_dir-subj-cf00194-013.pdf; https://catalog.archives.gov/id/376217847"
69,Critical,Source-folder follow-up,"Brazil; Chile; Guyana; Venezuela",,1989-06-19 to 1989-06-23,"June 1, 1989-June 30, 1989 [2]",7,0,6,,"Latin American Directorate Chronological Files - June 1, 1989-June 30, 1989 [2]","archival-source-ledger.csv; print-candidates.csv",27,"Start here: verify high-priority OCR leads against page images, then compare with country chronology and gap audit.","CF00301-017; June 1, 1989-June 30, 1989 [2]; Latin American Directorate Chronological Files",https://catalog.archives.gov/id/470766434,"https://catalog.archives.gov/id/470766434; https://s3.dualstack.us-east-1.amazonaws.com/NARAprodstorage/lz/presidential-libraries/bush/gb-nsc/Latin_Amer_Aff_Dir_Files/Chronological_2197972/41-bpr-nsc-lat_amer_dir-chron-cf00301-017.pdf; https://catalog.archives.gov/id/2197972"
70,Critical,Source-folder follow-up,"Bolivia; Brazil; Venezuela",,1989-06-17 to 1989-07-13,"July 16, 1989-July 30, 1989 [2]",6,0,6,,"Latin American Directorate Chronological Files - July 16, 1989-July 30, 1989 [2]","archival-source-ledger.csv; print-candidates.csv",28,"Start here: verify high-priority OCR leads against page images, then compare with country chronology and gap audit.","CF00302-005; July 16, 1989-July 30, 1989 [2]; Latin American Directorate Chronological Files",https://catalog.archives.gov/id/470766442,"https://catalog.archives.gov/id/470766442; https://s3.dualstack.us-east-1.amazonaws.com/NARAprodstorage/lz/presidential-libraries/bush/gb-nsc/Latin_Amer_Aff_Dir_Files/Chronological_2197972/41-bpr-nsc-lat_amer_dir-chron-cf00302-005.pdf; https://catalog.archives.gov/id/2197972"
71,Critical,Source-folder follow-up,"Chile; Ecuador; Venezuela",,1989-03-14 to 1989-03-16,"March 1, 1989-March 16, 1989 [1]",6,0,6,,"Latin American Directorate Chronological Files - March 1, 1989-March 16, 1989 [1]","archival-source-ledger.csv; print-candidates.csv",29,"Start here: verify high-priority OCR leads against page images, then compare with country chronology and gap audit.","CF00300-010; Latin American Directorate Chronological Files; March 1, 1989-March 16, 1989 [1]",https://catalog.archives.gov/id/470766411,"https://catalog.archives.gov/id/470766411; https://s3.dualstack.us-east-1.amazonaws.com/NARAprodstorage/lz/presidential-libraries/bush/gb-nsc/Latin_Amer_Aff_Dir_Files/Chronological_2197972/41-bpr-nsc-lat_amer_dir-chron-cf00300-010.pdf; https://catalog.archives.gov/id/2197972"
72,Critical,Source-folder follow-up,"Argentina; Brazil; Chile",,1989-09-27 to 1989-12-22,"Argentina - January 20, 1989-December 31, 1989 [1]",9,0,5,,"Latin American Affairs Directorate Subject Files - Argentina - January 20, 1989-December 31, 1989 [1]","archival-source-ledger.csv; print-candidates.csv",30,"Start here: verify high-priority OCR leads against page images, then compare with country chronology and gap audit.","Argentina - January 20, 1989-December 31, 1989 [1]; CF00189-005; Latin American Affairs Directorate Subject Files",https://catalog.archives.gov/id/470766478,"https://catalog.archives.gov/id/470766478; https://s3.dualstack.us-east-1.amazonaws.com/NARAprodstorage/lz/presidential-libraries/bush/gb-nsc/Latin_Amer_Aff_Dir_Files/Subject_376217847/41-bpr-nsc-lat_amer_dir-subj-cf00189-005.pdf; https://catalog.archives.gov/id/376217847"
73,Critical,Partial release check,Bolivia,,1990-05-08,Memorandum of Conversation,,1,,,"Presidential Memcon Files; [Memorandum of Conversations (Memcons)-January 1990-June 1990]: May 1990","compiler-chronology.csv; citation-workbench.csv",bush-library-428080687,"Check for less-redacted copies in Scowcroft files, backup material, or later releases before deciding print status.",Verified private record is marked Partial.,https://s3.us-east-1.amazonaws.com/NARAprodstorage/lz/presidential-libraries/bush/gb-nsc/321498039/1990-05-08--Zamora-2.pdf,"https://s3.us-east-1.amazonaws.com/NARAprodstorage/lz/presidential-libraries/bush/gb-nsc/321498039/1990-05-08--Zamora-2.pdf; https://catalog.archives.gov/id/428080687"
74,Critical,Partial release check,Chile,,1992-05-13,Memorandum of Conversation,,1,,,"Presidential Memcon Files; [Memorandum of Conversations (Memcons)-January 1992-June 1992]: May 1992","compiler-chronology.csv; citation-workbench.csv",bush-library-428082199,"Check for less-redacted copies in Scowcroft files, backup material, or later releases before deciding print status.",Verified private record is marked Partial.,https://s3.us-east-1.amazonaws.com/NARAprodstorage/lz/presidential-libraries/bush/gb-nsc/321498039/1992-05-13--Azocar.pdf,"https://s3.us-east-1.amazonaws.com/NARAprodstorage/lz/presidential-libraries/bush/gb-nsc/321498039/1992-05-13--Azocar.pdf; https://catalog.archives.gov/id/428082199"
75,Critical,Top print lead,Bolivia,,"July 13, 1989",Recommendation that the President Name an Official,140,,,,"July 16, 1989-July 30, 1989 [2]","selection-matrix.csv; print-candidates.csv",1,Verify page image/OCR and compare against the private chronology before print selection.,"ocr_lead_verify_page_image; high_priority_print_candidate",https://s3.dualstack.us-east-1.amazonaws.com/NARAprodstorage/lz/presidential-libraries/bush/gb-nsc/Latin_Amer_Aff_Dir_Files/Chronological_2197972/41-bpr-nsc-lat_amer_dir-chron-cf00302-005.pdf#page=94,"https://s3.dualstack.us-east-1.amazonaws.com/NARAprodstorage/lz/presidential-libraries/bush/gb-nsc/Latin_Amer_Aff_Dir_Files/Chronological_2197972/41-bpr-nsc-lat_amer_dir-chron-cf00302-005.pdf#page=94; https://s3.dualstack.us-east-1.amazonaws.com/NARAprodstorage/lz/presidential-libraries/bush/gb-nsc/Latin_Amer_Aff_Dir_Files/Chronological_2197972/41-bpr-nsc-lat_amer_dir-chron-cf00302-005.pdf; https://catalog.archives.gov/id/470766442"
76,Critical,Top print lead,Bolivia,,"September 16, 1989",Meeting with President Bush for the Chiefs of Mission,140,,,,"September 16, 1989-September 30, 1989 [4]","selection-matrix.csv; print-candidates.csv",2,Verify page image/OCR and compare against the private chronology before print selection.,"ocr_lead_verify_page_image; high_priority_print_candidate",https://s3.dualstack.us-east-1.amazonaws.com/NARAprodstorage/lz/presidential-libraries/bush/gb-nsc/Latin_Amer_Aff_Dir_Files/Chronological_2197972/41-bpr-nsc-lat_amer_dir-chron-cf00302-020.pdf#page=82,"https://s3.dualstack.us-east-1.amazonaws.com/NARAprodstorage/lz/presidential-libraries/bush/gb-nsc/Latin_Amer_Aff_Dir_Files/Chronological_2197972/41-bpr-nsc-lat_amer_dir-chron-cf00302-020.pdf#page=82; https://s3.dualstack.us-east-1.amazonaws.com/NARAprodstorage/lz/presidential-libraries/bush/gb-nsc/Latin_Amer_Aff_Dir_Files/Chronological_2197972/41-bpr-nsc-lat_amer_dir-chron-cf00302-020.pdf; https://catalog.archives.gov/id/470766457"
77,Critical,Top print lead,Bolivia,,"September 18, 1989",Request for Meeting with the President for U.S.,140,,,,"September 16, 1989-September 30, 1989 [4]","selection-matrix.csv; print-candidates.csv",3,Verify page image/OCR and compare against the private chronology before print selection.,"ocr_lead_verify_page_image; high_priority_print_candidate",https://s3.dualstack.us-east-1.amazonaws.com/NARAprodstorage/lz/presidential-libraries/bush/gb-nsc/Latin_Amer_Aff_Dir_Files/Chronological_2197972/41-bpr-nsc-lat_amer_dir-chron-cf00302-020.pdf#page=76,"https://s3.dualstack.us-east-1.amazonaws.com/NARAprodstorage/lz/presidential-libraries/bush/gb-nsc/Latin_Amer_Aff_Dir_Files/Chronological_2197972/41-bpr-nsc-lat_amer_dir-chron-cf00302-020.pdf#page=76; https://s3.dualstack.us-east-1.amazonaws.com/NARAprodstorage/lz/presidential-libraries/bush/gb-nsc/Latin_Amer_Aff_Dir_Files/Chronological_2197972/41-bpr-nsc-lat_amer_dir-chron-cf00302-020.pdf; https://catalog.archives.gov/id/470766457"
78,Critical,Top print lead,Bolivia,,"September 18, 1989",Request for Meeting with the President for U.S.,140,,,,"Colombia - January 20, 1989-December 31, 1989 [3]","selection-matrix.csv; print-candidates.csv",4,Verify page image/OCR and compare against the private chronology before print selection.,"ocr_lead_verify_page_image; high_priority_print_candidate",https://s3.dualstack.us-east-1.amazonaws.com/NARAprodstorage/lz/presidential-libraries/bush/gb-nsc/Latin_Amer_Aff_Dir_Files/Subject_376217847/41-bpr-nsc-lat_amer_dir-subj-cf00195-009.pdf#page=49,"https://s3.dualstack.us-east-1.amazonaws.com/NARAprodstorage/lz/presidential-libraries/bush/gb-nsc/Latin_Amer_Aff_Dir_Files/Subject_376217847/41-bpr-nsc-lat_amer_dir-subj-cf00195-009.pdf#page=49; https://s3.dualstack.us-east-1.amazonaws.com/NARAprodstorage/lz/presidential-libraries/bush/gb-nsc/Latin_Amer_Aff_Dir_Files/Subject_376217847/41-bpr-nsc-lat_amer_dir-subj-cf00195-009.pdf; https://catalog.archives.gov/id/470766566"
79,Critical,Top print lead,Bolivia,,"October 30, 1989",Telephone Call to Colombian President,140,,,,"October 16, 1989-October 31, 1989 [1]","selection-matrix.csv; print-candidates.csv",5,Verify page image/OCR and compare against the private chronology before print selection.,"ocr_lead_verify_page_image; high_priority_print_candidate",https://s3.dualstack.us-east-1.amazonaws.com/NARAprodstorage/lz/presidential-libraries/bush/gb-nsc/Latin_Amer_Aff_Dir_Files/Chronological_2197972/41-bpr-nsc-lat_amer_dir-chron-cf00303-004.pdf#page=36,"https://s3.dualstack.us-east-1.amazonaws.com/NARAprodstorage/lz/presidential-libraries/bush/gb-nsc/Latin_Amer_Aff_Dir_Files/Chronological_2197972/41-bpr-nsc-lat_amer_dir-chron-cf00303-004.pdf#page=36; https://s3.dualstack.us-east-1.amazonaws.com/NARAprodstorage/lz/presidential-libraries/bush/gb-nsc/Latin_Amer_Aff_Dir_Files/Chronological_2197972/41-bpr-nsc-lat_amer_dir-chron-cf00303-004.pdf; https://catalog.archives.gov/id/470766461"
80,Critical,Top print lead,Bolivia,,"October 30, 1989",Telephone Call to Colombian President,140,,,,"Colombia - January 20, 1989-December 31, 1989 [1]","selection-matrix.csv; print-candidates.csv",6,Verify page image/OCR and compare against the private chronology before print selection.,"ocr_lead_verify_page_image; high_priority_print_candidate",https://s3.dualstack.us-east-1.amazonaws.com/NARAprodstorage/lz/presidential-libraries/bush/gb-nsc/Latin_Amer_Aff_Dir_Files/Subject_376217847/41-bpr-nsc-lat_amer_dir-subj-cf00195-007.pdf#page=84,"https://s3.dualstack.us-east-1.amazonaws.com/NARAprodstorage/lz/presidential-libraries/bush/gb-nsc/Latin_Amer_Aff_Dir_Files/Subject_376217847/41-bpr-nsc-lat_amer_dir-subj-cf00195-007.pdf#page=84; https://s3.dualstack.us-east-1.amazonaws.com/NARAprodstorage/lz/presidential-libraries/bush/gb-nsc/Latin_Amer_Aff_Dir_Files/Subject_376217847/41-bpr-nsc-lat_amer_dir-subj-cf00195-007.pdf; https://catalog.archives.gov/id/470766564"
81,Critical,Top print lead,Bolivia,,"November 22, 1989",Telephone Call to Colombian President,140,,,,"November 16, 1989-November 30, 1989 [2]","selection-matrix.csv; print-candidates.csv",7,Verify page image/OCR and compare against the private chronology before print selection.,"ocr_lead_verify_page_image; high_priority_print_candidate",https://s3.dualstack.us-east-1.amazonaws.com/NARAprodstorage/lz/presidential-libraries/bush/gb-nsc/Latin_Amer_Aff_Dir_Files/Chronological_2197972/41-bpr-nsc-lat_amer_dir-chron-cf00303-012.pdf#page=16,"https://s3.dualstack.us-east-1.amazonaws.com/NARAprodstorage/lz/presidential-libraries/bush/gb-nsc/Latin_Amer_Aff_Dir_Files/Chronological_2197972/41-bpr-nsc-lat_amer_dir-chron-cf00303-012.pdf#page=16; https://s3.dualstack.us-east-1.amazonaws.com/NARAprodstorage/lz/presidential-libraries/bush/gb-nsc/Latin_Amer_Aff_Dir_Files/Chronological_2197972/41-bpr-nsc-lat_amer_dir-chron-cf00303-012.pdf; https://catalog.archives.gov/id/470766469"
82,Critical,Top print lead,Bolivia,,"December 4, 1989",Report by Bruce Gelb on His Trip to the Andean,140,,,,"December 1, 1989-December 15, 1989 [2]","selection-matrix.csv; print-candidates.csv",8,Verify page image/OCR and compare against the private chronology before print selection.,"ocr_lead_verify_page_image; high_priority_print_candidate",https://s3.dualstack.us-east-1.amazonaws.com/NARAprodstorage/lz/presidential-libraries/bush/gb-nsc/Latin_Amer_Aff_Dir_Files/Chronological_2197972/41-bpr-nsc-lat_amer_dir-chron-cf00303-014.pdf#page=63,"https://s3.dualstack.us-east-1.amazonaws.com/NARAprodstorage/lz/presidential-libraries/bush/gb-nsc/Latin_Amer_Aff_Dir_Files/Chronological_2197972/41-bpr-nsc-lat_amer_dir-chron-cf00303-014.pdf#page=63; https://s3.dualstack.us-east-1.amazonaws.com/NARAprodstorage/lz/presidential-libraries/bush/gb-nsc/Latin_Amer_Aff_Dir_Files/Chronological_2197972/41-bpr-nsc-lat_amer_dir-chron-cf00303-014.pdf; https://catalog.archives.gov/id/470766471"
83,Critical,Top print lead,Bolivia,,"December 4, 1989",Report by Bruce Gelb on His Trip to the Andean,140,,,,Andean [Drug] Summit 1989 [1],"selection-matrix.csv; print-candidates.csv",9,Verify page image/OCR and compare against the private chronology before print selection.,"ocr_lead_verify_page_image; high_priority_print_candidate",https://s3.dualstack.us-east-1.amazonaws.com/NARAprodstorage/lz/presidential-libraries/bush/gb-nsc/Latin_Amer_Aff_Dir_Files/Subject_376217847/41-bpr-nsc-lat_amer_dir-subj-cf00189-002.pdf#page=14,"https://s3.dualstack.us-east-1.amazonaws.com/NARAprodstorage/lz/presidential-libraries/bush/gb-nsc/Latin_Amer_Aff_Dir_Files/Subject_376217847/41-bpr-nsc-lat_amer_dir-subj-cf00189-002.pdf#page=14; https://s3.dualstack.us-east-1.amazonaws.com/NARAprodstorage/lz/presidential-libraries/bush/gb-nsc/Latin_Amer_Aff_Dir_Files/Subject_376217847/41-bpr-nsc-lat_amer_dir-subj-cf00189-002.pdf; https://catalog.archives.gov/id/470766475"
84,Critical,Top print lead,Bolivia,,"December 18, 1989",Appointment Request with the President,140,,,,"Bolivia - January 20, 1989-December 31, 1989","selection-matrix.csv; print-candidates.csv",10,Verify page image/OCR and compare against the private chronology before print selection.,"ocr_lead_verify_page_image; high_priority_print_candidate",https://s3.dualstack.us-east-1.amazonaws.com/NARAprodstorage/lz/presidential-libraries/bush/gb-nsc/Latin_Amer_Aff_Dir_Files/Subject_376217847/41-bpr-nsc-lat_amer_dir-subj-cf00189-012.pdf#page=12,"https://s3.dualstack.us-east-1.amazonaws.com/NARAprodstorage/lz/presidential-libraries/bush/gb-nsc/Latin_Amer_Aff_Dir_Files/Subject_376217847/41-bpr-nsc-lat_amer_dir-subj-cf00189-012.pdf#page=12; https://s3.dualstack.us-east-1.amazonaws.com/NARAprodstorage/lz/presidential-libraries/bush/gb-nsc/Latin_Amer_Aff_Dir_Files/Subject_376217847/41-bpr-nsc-lat_amer_dir-subj-cf00189-012.pdf; https://catalog.archives.gov/id/470766485"
85,Critical,Top print lead,Colombia,,"October 30, 1989",Telephone Conversation with President Barco,140,,,,"Colombia - January 20, 1989-December 31, 1989 [1]","selection-matrix.csv; print-candidates.csv",11,Verify page image/OCR and compare against the private chronology before print selection.,"ocr_lead_verify_page_image; high_priority_print_candidate",https://s3.dualstack.us-east-1.amazonaws.com/NARAprodstorage/lz/presidential-libraries/bush/gb-nsc/Latin_Amer_Aff_Dir_Files/Subject_376217847/41-bpr-nsc-lat_amer_dir-subj-cf00195-007.pdf#page=90,"https://s3.dualstack.us-east-1.amazonaws.com/NARAprodstorage/lz/presidential-libraries/bush/gb-nsc/Latin_Amer_Aff_Dir_Files/Subject_376217847/41-bpr-nsc-lat_amer_dir-subj-cf00195-007.pdf#page=90; https://s3.dualstack.us-east-1.amazonaws.com/NARAprodstorage/lz/presidential-libraries/bush/gb-nsc/Latin_Amer_Aff_Dir_Files/Subject_376217847/41-bpr-nsc-lat_amer_dir-subj-cf00195-007.pdf; https://catalog.archives.gov/id/470766564"
86,Critical,Top print lead,Colombia,,"December 27, 1989","Andean Summit -- First Good News, Then Bad, Then Good",140,,,,"December 16, 1989-December 31, 1989 [1]","selection-matrix.csv; print-candidates.csv",12,Verify page image/OCR and compare against the private chronology before print selection.,"ocr_lead_verify_page_image; high_priority_print_candidate",https://s3.dualstack.us-east-1.amazonaws.com/NARAprodstorage/lz/presidential-libraries/bush/gb-nsc/Latin_Amer_Aff_Dir_Files/Chronological_2197972/41-bpr-nsc-lat_amer_dir-chron-cf00303-015.pdf#page=40,"https://s3.dualstack.us-east-1.amazonaws.com/NARAprodstorage/lz/presidential-libraries/bush/gb-nsc/Latin_Amer_Aff_Dir_Files/Chronological_2197972/41-bpr-nsc-lat_amer_dir-chron-cf00303-015.pdf#page=40; https://s3.dualstack.us-east-1.amazonaws.com/NARAprodstorage/lz/presidential-libraries/bush/gb-nsc/Latin_Amer_Aff_Dir_Files/Chronological_2197972/41-bpr-nsc-lat_amer_dir-chron-cf00303-015.pdf; https://catalog.archives.gov/id/470766472"
87,Critical,Top print lead,Peru,,"May 22, 1989",Possible Call to the President from Peruvian,140,,,,"May 16, 1989-May 30, 1989 [2]","selection-matrix.csv; print-candidates.csv",13,Verify page image/OCR and compare against the private chronology before print selection.,"ocr_lead_verify_page_image; high_priority_print_candidate",https://s3.dualstack.us-east-1.amazonaws.com/NARAprodstorage/lz/presidential-libraries/bush/gb-nsc/Latin_Amer_Aff_Dir_Files/Chronological_2197972/41-bpr-nsc-lat_amer_dir-chron-cf00301-014.pdf#page=59,"https://s3.dualstack.us-east-1.amazonaws.com/NARAprodstorage/lz/presidential-libraries/bush/gb-nsc/Latin_Amer_Aff_Dir_Files/Chronological_2197972/41-bpr-nsc-lat_amer_dir-chron-cf00301-014.pdf#page=59; https://s3.dualstack.us-east-1.amazonaws.com/NARAprodstorage/lz/presidential-libraries/bush/gb-nsc/Latin_Amer_Aff_Dir_Files/Chronological_2197972/41-bpr-nsc-lat_amer_dir-chron-cf00301-014.pdf; https://catalog.archives.gov/id/470766431"
88,Critical,Top print lead,Peru,,"May 22, 1989",Possible Call to the President from Peruvian,140,,,,"Peru - January 20, 1989-December 31, 1989","selection-matrix.csv; print-candidates.csv",14,Verify page image/OCR and compare against the private chronology before print selection.,"ocr_lead_verify_page_image; high_priority_print_candidate",https://s3.dualstack.us-east-1.amazonaws.com/NARAprodstorage/lz/presidential-libraries/bush/gb-nsc/Latin_Amer_Aff_Dir_Files/Subject_376217847/41-bpr-nsc-lat_amer_dir-subj-cf00193-003.pdf#page=80,"https://s3.dualstack.us-east-1.amazonaws.com/NARAprodstorage/lz/presidential-libraries/bush/gb-nsc/Latin_Amer_Aff_Dir_Files/Subject_376217847/41-bpr-nsc-lat_amer_dir-subj-cf00193-003.pdf#page=80; https://s3.dualstack.us-east-1.amazonaws.com/NARAprodstorage/lz/presidential-libraries/bush/gb-nsc/Latin_Amer_Aff_Dir_Files/Subject_376217847/41-bpr-nsc-lat_amer_dir-subj-cf00193-003.pdf; https://catalog.archives.gov/id/470766518"
89,Critical,Top print lead,Bolivia,,"May 11, 1989",Recommendation for Telephone Call by the,134,,,,"May 16, 1989-May 30, 1989 [3]","selection-matrix.csv; print-candidates.csv",15,Verify page image/OCR and compare against the private chronology before print selection.,"ocr_lead_verify_page_image; high_priority_print_candidate",https://s3.dualstack.us-east-1.amazonaws.com/NARAprodstorage/lz/presidential-libraries/bush/gb-nsc/Latin_Amer_Aff_Dir_Files/Chronological_2197972/41-bpr-nsc-lat_amer_dir-chron-cf00301-015.pdf#page=56,"https://s3.dualstack.us-east-1.amazonaws.com/NARAprodstorage/lz/presidential-libraries/bush/gb-nsc/Latin_Amer_Aff_Dir_Files/Chronological_2197972/41-bpr-nsc-lat_amer_dir-chron-cf00301-015.pdf#page=56; https://s3.dualstack.us-east-1.amazonaws.com/NARAprodstorage/lz/presidential-libraries/bush/gb-nsc/Latin_Amer_Aff_Dir_Files/Chronological_2197972/41-bpr-nsc-lat_amer_dir-chron-cf00301-015.pdf; https://catalog.archives.gov/id/470766432"
90,Critical,Top print lead,Chile,,"March 3, 1989",Guidance for Ambassador Gillespie (U),134,,,,"Chile - January 20, 1989-December 31, 1989","selection-matrix.csv; print-candidates.csv",16,Verify page image/OCR and compare against the private chronology before print selection.,"ocr_lead_verify_page_image; high_priority_print_candidate",https://s3.dualstack.us-east-1.amazonaws.com/NARAprodstorage/lz/presidential-libraries/bush/gb-nsc/Latin_Amer_Aff_Dir_Files/Subject_376217847/41-bpr-nsc-lat_amer_dir-subj-cf00195-005.pdf#page=68,"https://s3.dualstack.us-east-1.amazonaws.com/NARAprodstorage/lz/presidential-libraries/bush/gb-nsc/Latin_Amer_Aff_Dir_Files/Subject_376217847/41-bpr-nsc-lat_amer_dir-subj-cf00195-005.pdf#page=68; https://s3.dualstack.us-east-1.amazonaws.com/NARAprodstorage/lz/presidential-libraries/bush/gb-nsc/Latin_Amer_Aff_Dir_Files/Subject_376217847/41-bpr-nsc-lat_amer_dir-subj-cf00195-005.pdf; https://catalog.archives.gov/id/470766562"
91,Critical,Top print lead,Chile,,"March 6, 1989",Guidance for Ambassador Gillespie (U),134,,,,"March 1, 1989-March 16, 1989 [4]","selection-matrix.csv; print-candidates.csv",17,Verify page image/OCR and compare against the private chronology before print selection.,"ocr_lead_verify_page_image; high_priority_print_candidate",https://s3.dualstack.us-east-1.amazonaws.com/NARAprodstorage/lz/presidential-libraries/bush/gb-nsc/Latin_Amer_Aff_Dir_Files/Chronological_2197972/41-bpr-nsc-lat_amer_dir-chron-cf00300-013.pdf#page=51,"https://s3.dualstack.us-east-1.amazonaws.com/NARAprodstorage/lz/presidential-libraries/bush/gb-nsc/Latin_Amer_Aff_Dir_Files/Chronological_2197972/41-bpr-nsc-lat_amer_dir-chron-cf00300-013.pdf#page=51; https://s3.dualstack.us-east-1.amazonaws.com/NARAprodstorage/lz/presidential-libraries/bush/gb-nsc/Latin_Amer_Aff_Dir_Files/Chronological_2197972/41-bpr-nsc-lat_amer_dir-chron-cf00300-013.pdf; https://catalog.archives.gov/id/470766414"
92,Critical,Top print lead,Chile,,"May 3, 1989",Request by Ambassador Gillespie for Meeting With,134,,,,"May 1, 1989-May 15, 1989 [3]","selection-matrix.csv; print-candidates.csv",18,Verify page image/OCR and compare against the private chronology before print selection.,"ocr_lead_verify_page_image; high_priority_print_candidate",https://s3.dualstack.us-east-1.amazonaws.com/NARAprodstorage/lz/presidential-libraries/bush/gb-nsc/Latin_Amer_Aff_Dir_Files/Chronological_2197972/41-bpr-nsc-lat_amer_dir-chron-cf00301-012.pdf#page=98,"https://s3.dualstack.us-east-1.amazonaws.com/NARAprodstorage/lz/presidential-libraries/bush/gb-nsc/Latin_Amer_Aff_Dir_Files/Chronological_2197972/41-bpr-nsc-lat_amer_dir-chron-cf00301-012.pdf#page=98; https://s3.dualstack.us-east-1.amazonaws.com/NARAprodstorage/lz/presidential-libraries/bush/gb-nsc/Latin_Amer_Aff_Dir_Files/Chronological_2197972/41-bpr-nsc-lat_amer_dir-chron-cf00301-012.pdf; https://catalog.archives.gov/id/470766429"
93,Critical,Top print lead,Chile,,"May 3, 1989",Request by Ambassador Gillespie for Meeting With,134,,,,"Chile - January 20, 1989-December 31, 1989","selection-matrix.csv; print-candidates.csv",19,Verify page image/OCR and compare against the private chronology before print selection.,"ocr_lead_verify_page_image; high_priority_print_candidate",https://s3.dualstack.us-east-1.amazonaws.com/NARAprodstorage/lz/presidential-libraries/bush/gb-nsc/Latin_Amer_Aff_Dir_Files/Subject_376217847/41-bpr-nsc-lat_amer_dir-subj-cf00195-005.pdf#page=42,"https://s3.dualstack.us-east-1.amazonaws.com/NARAprodstorage/lz/presidential-libraries/bush/gb-nsc/Latin_Amer_Aff_Dir_Files/Subject_376217847/41-bpr-nsc-lat_amer_dir-subj-cf00195-005.pdf#page=42; https://s3.dualstack.us-east-1.amazonaws.com/NARAprodstorage/lz/presidential-libraries/bush/gb-nsc/Latin_Amer_Aff_Dir_Files/Subject_376217847/41-bpr-nsc-lat_amer_dir-subj-cf00195-005.pdf; https://catalog.archives.gov/id/470766562"
94,Critical,Top print lead,Chile,,"August 18, 1989",Request That You Meet with the Chilean Chief of,134,,,,"August 16, 1989-August 31, 1989 [3]","selection-matrix.csv; print-candidates.csv",20,Verify page image/OCR and compare against the private chronology before print selection.,"ocr_lead_verify_page_image; high_priority_print_candidate",https://s3.dualstack.us-east-1.amazonaws.com/NARAprodstorage/lz/presidential-libraries/bush/gb-nsc/Latin_Amer_Aff_Dir_Files/Chronological_2197972/41-bpr-nsc-lat_amer_dir-chron-cf00302-013.pdf#page=54,"https://s3.dualstack.us-east-1.amazonaws.com/NARAprodstorage/lz/presidential-libraries/bush/gb-nsc/Latin_Amer_Aff_Dir_Files/Chronological_2197972/41-bpr-nsc-lat_amer_dir-chron-cf00302-013.pdf#page=54; https://s3.dualstack.us-east-1.amazonaws.com/NARAprodstorage/lz/presidential-libraries/bush/gb-nsc/Latin_Amer_Aff_Dir_Files/Chronological_2197972/41-bpr-nsc-lat_amer_dir-chron-cf00302-013.pdf; https://catalog.archives.gov/id/470766450"
95,Critical,Top print lead,Chile,,"August 18, 1989",Request That You Meet with the Chilean Chief of,134,,,,"Chile - January 20, 1989-December 31, 1989","selection-matrix.csv; print-candidates.csv",21,Verify page image/OCR and compare against the private chronology before print selection.,"ocr_lead_verify_page_image; high_priority_print_candidate",https://s3.dualstack.us-east-1.amazonaws.com/NARAprodstorage/lz/presidential-libraries/bush/gb-nsc/Latin_Amer_Aff_Dir_Files/Subject_376217847/41-bpr-nsc-lat_amer_dir-subj-cf00195-005.pdf#page=29,"https://s3.dualstack.us-east-1.amazonaws.com/NARAprodstorage/lz/presidential-libraries/bush/gb-nsc/Latin_Amer_Aff_Dir_Files/Subject_376217847/41-bpr-nsc-lat_amer_dir-subj-cf00195-005.pdf#page=29; https://s3.dualstack.us-east-1.amazonaws.com/NARAprodstorage/lz/presidential-libraries/bush/gb-nsc/Latin_Amer_Aff_Dir_Files/Subject_376217847/41-bpr-nsc-lat_amer_dir-subj-cf00195-005.pdf; https://catalog.archives.gov/id/470766562"
96,Critical,Top print lead,Peru,,"June 5, 1989",Letters for Families of Victims Killed in Peru on,134,,,,"Drug / Anti-Narcotics - January 20, 1989-December 31, 1989 [2]","selection-matrix.csv; print-candidates.csv",22,Verify page image/OCR and compare against the private chronology before print selection.,"ocr_lead_verify_page_image; high_priority_print_candidate",https://s3.dualstack.us-east-1.amazonaws.com/NARAprodstorage/lz/presidential-libraries/bush/gb-nsc/Latin_Amer_Aff_Dir_Files/Subject_376217847/41-bpr-nsc-lat_amer_dir-subj-cf00194-014.pdf#page=57,"https://s3.dualstack.us-east-1.amazonaws.com/NARAprodstorage/lz/presidential-libraries/bush/gb-nsc/Latin_Amer_Aff_Dir_Files/Subject_376217847/41-bpr-nsc-lat_amer_dir-subj-cf00194-014.pdf#page=57; https://s3.dualstack.us-east-1.amazonaws.com/NARAprodstorage/lz/presidential-libraries/bush/gb-nsc/Latin_Amer_Aff_Dir_Files/Subject_376217847/41-bpr-nsc-lat_amer_dir-subj-cf00194-014.pdf; https://catalog.archives.gov/id/470766551"
97,Critical,Top print lead,Peru,,"September 7, 1989",Vargas Llosa,134,,,,"September 1, 1989-September 15, 1989 [1]","selection-matrix.csv; print-candidates.csv",23,Verify page image/OCR and compare against the private chronology before print selection.,"ocr_lead_verify_page_image; high_priority_print_candidate",https://s3.dualstack.us-east-1.amazonaws.com/NARAprodstorage/lz/presidential-libraries/bush/gb-nsc/Latin_Amer_Aff_Dir_Files/Chronological_2197972/41-bpr-nsc-lat_amer_dir-chron-cf00302-015.pdf#page=91,"https://s3.dualstack.us-east-1.amazonaws.com/NARAprodstorage/lz/presidential-libraries/bush/gb-nsc/Latin_Amer_Aff_Dir_Files/Chronological_2197972/41-bpr-nsc-lat_amer_dir-chron-cf00302-015.pdf#page=91; https://s3.dualstack.us-east-1.amazonaws.com/NARAprodstorage/lz/presidential-libraries/bush/gb-nsc/Latin_Amer_Aff_Dir_Files/Chronological_2197972/41-bpr-nsc-lat_amer_dir-chron-cf00302-015.pdf; https://catalog.archives.gov/id/470766452"
98,Critical,Top print lead,Peru,,"September 13, 1989",Meeting with Amnesty International CHRON,134,,,,"September 1, 1989-September 15, 1989 [1]","selection-matrix.csv; print-candidates.csv",24,Verify page image/OCR and compare against the private chronology before print selection.,"ocr_lead_verify_page_image; high_priority_print_candidate",https://s3.dualstack.us-east-1.amazonaws.com/NARAprodstorage/lz/presidential-libraries/bush/gb-nsc/Latin_Amer_Aff_Dir_Files/Chronological_2197972/41-bpr-nsc-lat_amer_dir-chron-cf00302-015.pdf#page=52,"https://s3.dualstack.us-east-1.amazonaws.com/NARAprodstorage/lz/presidential-libraries/bush/gb-nsc/Latin_Amer_Aff_Dir_Files/Chronological_2197972/41-bpr-nsc-lat_amer_dir-chron-cf00302-015.pdf#page=52; https://s3.dualstack.us-east-1.amazonaws.com/NARAprodstorage/lz/presidential-libraries/bush/gb-nsc/Latin_Amer_Aff_Dir_Files/Chronological_2197972/41-bpr-nsc-lat_amer_dir-chron-cf00302-015.pdf; https://catalog.archives.gov/id/470766452"
99,Critical,Top print lead,Paraguay,,"September 18, 1989",Presidential Letter to Jamaican Prime Minister,128,,,,"September 16, 1989-September 30, 1989 [4]","selection-matrix.csv; print-candidates.csv",28,Verify page image/OCR and compare against the private chronology before print selection.,"ocr_lead_verify_page_image; high_priority_print_candidate",https://s3.dualstack.us-east-1.amazonaws.com/NARAprodstorage/lz/presidential-libraries/bush/gb-nsc/Latin_Amer_Aff_Dir_Files/Chronological_2197972/41-bpr-nsc-lat_amer_dir-chron-cf00302-020.pdf#page=103,"https://s3.dualstack.us-east-1.amazonaws.com/NARAprodstorage/lz/presidential-libraries/bush/gb-nsc/Latin_Amer_Aff_Dir_Files/Chronological_2197972/41-bpr-nsc-lat_amer_dir-chron-cf00302-020.pdf#page=103; https://s3.dualstack.us-east-1.amazonaws.com/NARAprodstorage/lz/presidential-libraries/bush/gb-nsc/Latin_Amer_Aff_Dir_Files/Chronological_2197972/41-bpr-nsc-lat_amer_dir-chron-cf00302-020.pdf; https://catalog.archives.gov/id/470766457"
100,Critical,Top print lead,Peru,,"May 20, 1989",Letters to Families of Peru Victims and Phone Call,128,,,,"Peru - January 20, 1989-December 31, 1989","selection-matrix.csv; print-candidates.csv",29,Verify page image/OCR and compare against the private chronology before print selection.,"ocr_lead_verify_page_image; high_priority_print_candidate",https://s3.dualstack.us-east-1.amazonaws.com/NARAprodstorage/lz/presidential-libraries/bush/gb-nsc/Latin_Amer_Aff_Dir_Files/Subject_376217847/41-bpr-nsc-lat_amer_dir-subj-cf00193-003.pdf#page=36,"https://s3.dualstack.us-east-1.amazonaws.com/NARAprodstorage/lz/presidential-libraries/bush/gb-nsc/Latin_Amer_Aff_Dir_Files/Subject_376217847/41-bpr-nsc-lat_amer_dir-subj-cf00193-003.pdf#page=36; https://s3.dualstack.us-east-1.amazonaws.com/NARAprodstorage/lz/presidential-libraries/bush/gb-nsc/Latin_Amer_Aff_Dir_Files/Subject_376217847/41-bpr-nsc-lat_amer_dir-subj-cf00193-003.pdf; https://catalog.archives.gov/id/470766518"
101,High,Structural audit,,,,Current site sources are NSC/Bush Library-heavy,557,,,,,compiler-review-queue.csv,Current site sources are NSC/Bush Library-heavy,"Use this site as a presidential/NSC starting point, not as the full FRUS evidentiary universe.","The site now covers Bush Library memcons/telcons, Scowcroft extracts, selected NSC Latin America files, Deal files, and Public Papers. It does not yet represent State central files, embassy cables, Treasury, Defense, CIA, DEA, or congressional notification files.",,
102,High,Structural audit,,,,Public-private chronology mismatches remain unresolved,557,,,,,compiler-review-queue.csv,Public-private chronology mismatches remain unresolved,"For mismatch countries, map public statements to surrounding private memoranda, cables, briefing papers, and policy papers.","Bolivia: 47 public statements vs. 4 private records; Chile: 41 public statements vs. 3 private records; Paraguay: 23 public statements vs. 2 private records; Peru: 66 public statements vs. 4 private records; Ecuador: 27 public statements vs. 3 private records",,
103,High,Structural audit,,,,Several countries have thin or absent private-record coverage,557,,,,,compiler-review-queue.csv,Several countries have thin or absent private-record coverage,"Prioritize these chapters for non-presidential NSC files, State Department records, and agency records.","Bolivia: 4 private records, 47 high-priority leads; Chile: 3 private records, 32 high-priority leads; Suriname: 0 private records, 2 high-priority leads; Paraguay: 2 private records, 19 high-priority leads; Peru: 4 private records, 29 high-priority leads; Guyana: 1 private records, 25 high-priority leads; Ecuador: 3 private records, 11 high-priority leads",,
104,High,Country coverage,Ecuador,,,Ecuador chapter coverage,3,3,11,,,"coverage-matrix.csv; country-dossiers.csv; compiler-review-queue.csv",Ecuador,Use high-priority print leads to test whether the current private record set is only a presidential-contact skeleton. Build a public-private chronology and look for missing decision documents around statement dates.,Four or fewer released private records are in the country chapter. 27 public statements contrast with sparse private records. Private records come from a single source bucket.,,
105,Medium,Structural audit,,,,OCR-derived leads are not document-level certainty,557,,,,,compiler-review-queue.csv,OCR-derived leads are not document-level certainty,Confirm page images and source folders before final document selection or citation.,"Withdrawal-sheet rows and page OCR identify likely documents but can contain OCR noise, truncated titles, and page-start uncertainty.",,
106,Medium,Structural audit,,,,Partial releases require replacement or annotation checks,557,,,,,compiler-review-queue.csv,Partial releases require replacement or annotation checks,Check whether less-redacted versions exist in parallel files or later releases.,"4 private record(s) are marked Partial: Argentina 1992-04-07; Bolivia 1990-05-08; Chile 1992-05-13; Colombia 1989-11-27.",,
107,Medium,Country coverage,Uruguay,,,Uruguay chapter coverage,2,9,32,,,"coverage-matrix.csv; country-dossiers.csv; compiler-review-queue.csv",Uruguay,Cross-check major public statements and high-priority leads against the country chronology.,The private record set is modest and may miss issue-level policy development. 32 high-priority print leads may materially alter the chapter chronology.,,
108,Medium,Top print lead,Uruguay,,"September 13, 1989",Presidential Meeting with Uruguayan President,130,,,,"September 1, 1989-September 15, 1989 [1]","selection-matrix.csv; print-candidates.csv",25,Verify page image/OCR and compare against the private chronology before print selection.,"ocr_lead_verify_page_image; high_priority_print_candidate",https://s3.dualstack.us-east-1.amazonaws.com/NARAprodstorage/lz/presidential-libraries/bush/gb-nsc/Latin_Amer_Aff_Dir_Files/Chronological_2197972/41-bpr-nsc-lat_amer_dir-chron-cf00302-015.pdf#page=38,"https://s3.dualstack.us-east-1.amazonaws.com/NARAprodstorage/lz/presidential-libraries/bush/gb-nsc/Latin_Amer_Aff_Dir_Files/Chronological_2197972/41-bpr-nsc-lat_amer_dir-chron-cf00302-015.pdf#page=38; https://s3.dualstack.us-east-1.amazonaws.com/NARAprodstorage/lz/presidential-libraries/bush/gb-nsc/Latin_Amer_Aff_Dir_Files/Chronological_2197972/41-bpr-nsc-lat_amer_dir-chron-cf00302-015.pdf; https://catalog.archives.gov/id/470766452"
109,Medium,Top print lead,Uruguay,,"September 13, 1989",Presidential Meeting with Uruguayan President,130,,,,"Uruguay - January 20, 1989-December 31, 1989","selection-matrix.csv; print-candidates.csv",26,Verify page image/OCR and compare against the private chronology before print selection.,"ocr_lead_verify_page_image; high_priority_print_candidate",https://s3.dualstack.us-east-1.amazonaws.com/NARAprodstorage/lz/presidential-libraries/bush/gb-nsc/Latin_Amer_Aff_Dir_Files/Subject_376217847/41-bpr-nsc-lat_amer_dir-subj-cf00193-016.pdf#page=72,"https://s3.dualstack.us-east-1.amazonaws.com/NARAprodstorage/lz/presidential-libraries/bush/gb-nsc/Latin_Amer_Aff_Dir_Files/Subject_376217847/41-bpr-nsc-lat_amer_dir-subj-cf00193-016.pdf#page=72; https://s3.dualstack.us-east-1.amazonaws.com/NARAprodstorage/lz/presidential-libraries/bush/gb-nsc/Latin_Amer_Aff_Dir_Files/Subject_376217847/41-bpr-nsc-lat_amer_dir-subj-cf00193-016.pdf; https://catalog.archives.gov/id/470766531"
110,Medium,Top print lead,Uruguay,,"September 15, 1989",Presidential Meeting with Uruguayan President,130,,,,"Uruguay - January 20, 1989-December 31, 1989","selection-matrix.csv; print-candidates.csv",27,Verify page image/OCR and compare against the private chronology before print selection.,"ocr_lead_verify_page_image; high_priority_print_candidate",https://s3.dualstack.us-east-1.amazonaws.com/NARAprodstorage/lz/presidential-libraries/bush/gb-nsc/Latin_Amer_Aff_Dir_Files/Subject_376217847/41-bpr-nsc-lat_amer_dir-subj-cf00193-016.pdf#page=97,"https://s3.dualstack.us-east-1.amazonaws.com/NARAprodstorage/lz/presidential-libraries/bush/gb-nsc/Latin_Amer_Aff_Dir_Files/Subject_376217847/41-bpr-nsc-lat_amer_dir-subj-cf00193-016.pdf#page=97; https://s3.dualstack.us-east-1.amazonaws.com/NARAprodstorage/lz/presidential-libraries/bush/gb-nsc/Latin_Amer_Aff_Dir_Files/Subject_376217847/41-bpr-nsc-lat_amer_dir-subj-cf00193-016.pdf; https://catalog.archives.gov/id/470766531"
111,Monitor,Country coverage,Brazil,,,Brazil chapter coverage,2,14,63,,,"coverage-matrix.csv; country-dossiers.csv; compiler-review-queue.csv",Brazil,"Maintain as lower-risk, but still check high-priority print leads before final compilation decisions.",63 high-priority print leads require triage. 66 public statements indicate substantial public diplomacy or policy activity.,,
112,Monitor,Country coverage,Argentina,,,Argentina chapter coverage,2,31,87,,,"coverage-matrix.csv; country-dossiers.csv; compiler-review-queue.csv",Argentina,"Flag partial releases for possible replacement, re-review, or annotation.",87 high-priority print leads require triage. 1 private record(s) are partial releases.,,
113,Monitor,Country coverage,Colombia,,,Colombia chapter coverage,2,24,96,,,"coverage-matrix.csv; country-dossiers.csv; compiler-review-queue.csv",Colombia,"Flag partial releases for possible replacement, re-review, or annotation.",96 high-priority print leads require triage. 1 private record(s) are partial releases.,,
114,Monitor,Country coverage,Venezuela,,,Venezuela chapter coverage,1,31,109,,,"coverage-matrix.csv; country-dossiers.csv; compiler-review-queue.csv",Venezuela,"Maintain as lower-risk, but still check high-priority print leads before final compilation decisions.",109 high-priority print leads require triage.,,
115,Monitor,Partial release check,Argentina,,1992-04-07,Memorandum of Telephone Conversation,,1,,,"Presidential Telcon Files; [Memorandum of Telephone Conversations (Telcons) - January 1992-June 1992]: April 1992","compiler-chronology.csv; citation-workbench.csv",bush-library-428082165,"Check for less-redacted copies in Scowcroft files, backup material, or later releases before deciding print status.",Verified private record is marked Partial.,https://s3.us-east-1.amazonaws.com/NARAprodstorage/lz/presidential-libraries/bush/gb-nsc/321498139/1992-04-07--Menem.pdf,"https://s3.us-east-1.amazonaws.com/NARAprodstorage/lz/presidential-libraries/bush/gb-nsc/321498139/1992-04-07--Menem.pdf; https://catalog.archives.gov/id/428082165"
116,Monitor,Partial release check,Colombia,,1989-11-27,Memorandum of Telephone Conversation,,1,,,"Presidential Telcon Files; [Memorandum of Telephone Conversations (Telcons) - August 1989-December 1989]: November 1989","compiler-chronology.csv; citation-workbench.csv",bush-library-428080357,"Check for less-redacted copies in Scowcroft files, backup material, or later releases before deciding print status.",Verified private record is marked Partial.,https://s3.us-east-1.amazonaws.com/NARAprodstorage/lz/presidential-libraries/bush/gb-nsc/321498139/1989-11-27--Barco.pdf,"https://s3.us-east-1.amazonaws.com/NARAprodstorage/lz/presidential-libraries/bush/gb-nsc/321498139/1989-11-27--Barco.pdf; https://catalog.archives.gov/id/428080357"
117,Monitor,Top print lead,Argentina,,"December 6, 1990",Uruguay Round Report,128,,,,Uruguay Round [6],"selection-matrix.csv; print-candidates.csv",30,Verify page image/OCR and compare against the private chronology before print selection.,"ocr_lead_verify_page_image; high_priority_print_candidate",https://s3.dualstack.us-east-1.amazonaws.com/NARAprodstorage/lz/presidential-libraries/bush/gb-nsc/deal/subject_2554810/41-bpr-nsc-deal-subj-cf00972-031.pdf#page=6,"https://s3.dualstack.us-east-1.amazonaws.com/NARAprodstorage/lz/presidential-libraries/bush/gb-nsc/deal/subject_2554810/41-bpr-nsc-deal-subj-cf00972-031.pdf#page=6; https://s3.dualstack.us-east-1.amazonaws.com/NARAprodstorage/lz/presidential-libraries/bush/gb-nsc/deal/subject_2554810/41-bpr-nsc-deal-subj-cf00972-031.pdf; https://catalog.archives.gov/id/452050622"
118,Monitor,Top print lead,Argentina,,"May 8, 1989",PCC Meeting on Argentina,126,,,,"Argentina - January 20, 1989-December 31, 1989 [4]","selection-matrix.csv; print-candidates.csv",32,Verify page image/OCR and compare against the private chronology before print selection.,"ocr_lead_verify_page_image; high_priority_print_candidate",https://s3.dualstack.us-east-1.amazonaws.com/NARAprodstorage/lz/presidential-libraries/bush/gb-nsc/Latin_Amer_Aff_Dir_Files/Subject_376217847/41-bpr-nsc-lat_amer_dir-subj-cf00189-008.pdf#page=31,"https://s3.dualstack.us-east-1.amazonaws.com/NARAprodstorage/lz/presidential-libraries/bush/gb-nsc/Latin_Amer_Aff_Dir_Files/Subject_376217847/41-bpr-nsc-lat_amer_dir-subj-cf00189-008.pdf#page=31; https://s3.dualstack.us-east-1.amazonaws.com/NARAprodstorage/lz/presidential-libraries/bush/gb-nsc/Latin_Amer_Aff_Dir_Files/Subject_376217847/41-bpr-nsc-lat_amer_dir-subj-cf00189-008.pdf; https://catalog.archives.gov/id/470766481"
119,Monitor,Top print lead,Argentina,,"May 14, 1989",Letter to President Alfonsin of Argentina,126,,,,"February 1, 1989-March 1, 1989 [4]","selection-matrix.csv; print-candidates.csv",33,Verify page image/OCR and compare against the private chronology before print selection.,"ocr_lead_verify_page_image; high_priority_print_candidate",https://s3.dualstack.us-east-1.amazonaws.com/NARAprodstorage/lz/presidential-libraries/bush/gb-nsc/Latin_Amer_Aff_Dir_Files/Chronological_2197972/41-bpr-nsc-lat_amer_dir-chron-cf00300-008.pdf#page=29,"https://s3.dualstack.us-east-1.amazonaws.com/NARAprodstorage/lz/presidential-libraries/bush/gb-nsc/Latin_Amer_Aff_Dir_Files/Chronological_2197972/41-bpr-nsc-lat_amer_dir-chron-cf00300-008.pdf#page=29; https://s3.dualstack.us-east-1.amazonaws.com/NARAprodstorage/lz/presidential-libraries/bush/gb-nsc/Latin_Amer_Aff_Dir_Files/Chronological_2197972/41-bpr-nsc-lat_amer_dir-chron-cf00300-008.pdf; https://catalog.archives.gov/id/470766409"
120,Monitor,Top print lead,Brazil,,"February 16, 1989",Letter to President Sarney of Brazil,126,,,,"Brazil - January 20, 1989-December 31, 1989 [2]","selection-matrix.csv; print-candidates.csv",34,Verify page image/OCR and compare against the private chronology before print selection.,"ocr_lead_verify_page_image; high_priority_print_candidate",https://s3.dualstack.us-east-1.amazonaws.com/NARAprodstorage/lz/presidential-libraries/bush/gb-nsc/Latin_Amer_Aff_Dir_Files/Subject_376217847/41-bpr-nsc-lat_amer_dir-subj-cf00189-014.pdf#page=63,"https://s3.dualstack.us-east-1.amazonaws.com/NARAprodstorage/lz/presidential-libraries/bush/gb-nsc/Latin_Amer_Aff_Dir_Files/Subject_376217847/41-bpr-nsc-lat_amer_dir-subj-cf00189-014.pdf#page=63; https://s3.dualstack.us-east-1.amazonaws.com/NARAprodstorage/lz/presidential-libraries/bush/gb-nsc/Latin_Amer_Aff_Dir_Files/Subject_376217847/41-bpr-nsc-lat_amer_dir-subj-cf00189-014.pdf; https://catalog.archives.gov/id/470766487"
121,Monitor,Top print lead,Brazil,,"February 16, 1989",Presidential Letter to Brazilian President,126,,,,"February 1, 1989-March 1, 1989 [2]","selection-matrix.csv; print-candidates.csv",35,Verify page image/OCR and compare against the private chronology before print selection.,"ocr_lead_verify_page_image; high_priority_print_candidate",https://s3.dualstack.us-east-1.amazonaws.com/NARAprodstorage/lz/presidential-libraries/bush/gb-nsc/Latin_Amer_Aff_Dir_Files/Chronological_2197972/41-bpr-nsc-lat_amer_dir-chron-cf00300-006.pdf#page=70,"https://s3.dualstack.us-east-1.amazonaws.com/NARAprodstorage/lz/presidential-libraries/bush/gb-nsc/Latin_Amer_Aff_Dir_Files/Chronological_2197972/41-bpr-nsc-lat_amer_dir-chron-cf00300-006.pdf#page=70; https://s3.dualstack.us-east-1.amazonaws.com/NARAprodstorage/lz/presidential-libraries/bush/gb-nsc/Latin_Amer_Aff_Dir_Files/Chronological_2197972/41-bpr-nsc-lat_amer_dir-chron-cf00300-006.pdf; https://catalog.archives.gov/id/470766407"
122,Monitor,Top print lead,Brazil,,"February 16, 1989",Presidential Letter to Brazilian President,126,,,,"Brazil - January 20, 1989-December 31, 1989 [2]","selection-matrix.csv; print-candidates.csv",36,Verify page image/OCR and compare against the private chronology before print selection.,"ocr_lead_verify_page_image; high_priority_print_candidate",https://s3.dualstack.us-east-1.amazonaws.com/NARAprodstorage/lz/presidential-libraries/bush/gb-nsc/Latin_Amer_Aff_Dir_Files/Subject_376217847/41-bpr-nsc-lat_amer_dir-subj-cf00189-014.pdf#page=71,"https://s3.dualstack.us-east-1.amazonaws.com/NARAprodstorage/lz/presidential-libraries/bush/gb-nsc/Latin_Amer_Aff_Dir_Files/Subject_376217847/41-bpr-nsc-lat_amer_dir-subj-cf00189-014.pdf#page=71; https://s3.dualstack.us-east-1.amazonaws.com/NARAprodstorage/lz/presidential-libraries/bush/gb-nsc/Latin_Amer_Aff_Dir_Files/Subject_376217847/41-bpr-nsc-lat_amer_dir-subj-cf00189-014.pdf; https://catalog.archives.gov/id/470766487"
123,Monitor,Top print lead,Brazil,,"February 23, 1989",Background for the President’s Meeting with Sarney,126,,,,"February 1, 1989-March 1, 1989 [1]","selection-matrix.csv; print-candidates.csv",37,Verify page image/OCR and compare against the private chronology before print selection.,"ocr_lead_verify_page_image; high_priority_print_candidate",https://s3.dualstack.us-east-1.amazonaws.com/NARAprodstorage/lz/presidential-libraries/bush/gb-nsc/Latin_Amer_Aff_Dir_Files/Chronological_2197972/41-bpr-nsc-lat_amer_dir-chron-cf00300-005.pdf#page=53,"https://s3.dualstack.us-east-1.amazonaws.com/NARAprodstorage/lz/presidential-libraries/bush/gb-nsc/Latin_Amer_Aff_Dir_Files/Chronological_2197972/41-bpr-nsc-lat_amer_dir-chron-cf00300-005.pdf#page=53; https://s3.dualstack.us-east-1.amazonaws.com/NARAprodstorage/lz/presidential-libraries/bush/gb-nsc/Latin_Amer_Aff_Dir_Files/Chronological_2197972/41-bpr-nsc-lat_amer_dir-chron-cf00300-005.pdf; https://catalog.archives.gov/id/470766406"
124,Monitor,Top print lead,Colombia,,"April 14, 1989",Telephone Call to President Barco of Colombia,126,,,,"April 1, 1989-April 15, 1989 [1]","selection-matrix.csv; print-candidates.csv",38,Verify page image/OCR and compare against the private chronology before print selection.,"ocr_lead_verify_page_image; high_priority_print_candidate",https://s3.dualstack.us-east-1.amazonaws.com/NARAprodstorage/lz/presidential-libraries/bush/gb-nsc/Latin_Amer_Aff_Dir_Files/Chronological_2197972/41-bpr-nsc-lat_amer_dir-chron-cf00301-001.pdf#page=39,"https://s3.dualstack.us-east-1.amazonaws.com/NARAprodstorage/lz/presidential-libraries/bush/gb-nsc/Latin_Amer_Aff_Dir_Files/Chronological_2197972/41-bpr-nsc-lat_amer_dir-chron-cf00301-001.pdf#page=39; https://s3.dualstack.us-east-1.amazonaws.com/NARAprodstorage/lz/presidential-libraries/bush/gb-nsc/Latin_Amer_Aff_Dir_Files/Chronological_2197972/41-bpr-nsc-lat_amer_dir-chron-cf00301-001.pdf; https://catalog.archives.gov/id/470766418"
125,Monitor,Top print lead,Colombia,,"April 14, 1989",Telephone Call to President Barco of Colombia,126,,,,"Colombia - January 20, 1989-December 31, 1989 [4]","selection-matrix.csv; print-candidates.csv",39,Verify page image/OCR and compare against the private chronology before print selection.,"ocr_lead_verify_page_image; high_priority_print_candidate",https://s3.dualstack.us-east-1.amazonaws.com/NARAprodstorage/lz/presidential-libraries/bush/gb-nsc/Latin_Amer_Aff_Dir_Files/Subject_376217847/41-bpr-nsc-lat_amer_dir-subj-cf00195-010.pdf#page=78,"https://s3.dualstack.us-east-1.amazonaws.com/NARAprodstorage/lz/presidential-libraries/bush/gb-nsc/Latin_Amer_Aff_Dir_Files/Subject_376217847/41-bpr-nsc-lat_amer_dir-subj-cf00195-010.pdf#page=78; https://s3.dualstack.us-east-1.amazonaws.com/NARAprodstorage/lz/presidential-libraries/bush/gb-nsc/Latin_Amer_Aff_Dir_Files/Subject_376217847/41-bpr-nsc-lat_amer_dir-subj-cf00195-010.pdf; https://catalog.archives.gov/id/470766567"
126,Monitor,Top print lead,Colombia,,"May 16, 1989",Points to Be Made for the President’s Telephone,126,,,,"May 16, 1989-May 30, 1989 [3]","selection-matrix.csv; print-candidates.csv",40,Verify page image/OCR and compare against the private chronology before print selection.,"ocr_lead_verify_page_image; high_priority_print_candidate",https://s3.dualstack.us-east-1.amazonaws.com/NARAprodstorage/lz/presidential-libraries/bush/gb-nsc/Latin_Amer_Aff_Dir_Files/Chronological_2197972/41-bpr-nsc-lat_amer_dir-chron-cf00301-015.pdf#page=41,"https://s3.dualstack.us-east-1.amazonaws.com/NARAprodstorage/lz/presidential-libraries/bush/gb-nsc/Latin_Amer_Aff_Dir_Files/Chronological_2197972/41-bpr-nsc-lat_amer_dir-chron-cf00301-015.pdf#page=41; https://s3.dualstack.us-east-1.amazonaws.com/NARAprodstorage/lz/presidential-libraries/bush/gb-nsc/Latin_Amer_Aff_Dir_Files/Chronological_2197972/41-bpr-nsc-lat_amer_dir-chron-cf00301-015.pdf; https://catalog.archives.gov/id/470766432"
127,Monitor,Top print lead,Colombia,,"May 16, 1989",Points to Be Made for the President’s Telephone,126,,,,"Colombia - January 20, 1989-December 31, 1989 [4]","selection-matrix.csv; print-candidates.csv",41,Verify page image/OCR and compare against the private chronology before print selection.,"ocr_lead_verify_page_image; high_priority_print_candidate",https://s3.dualstack.us-east-1.amazonaws.com/NARAprodstorage/lz/presidential-libraries/bush/gb-nsc/Latin_Amer_Aff_Dir_Files/Subject_376217847/41-bpr-nsc-lat_amer_dir-subj-cf00195-010.pdf#page=65,"https://s3.dualstack.us-east-1.amazonaws.com/NARAprodstorage/lz/presidential-libraries/bush/gb-nsc/Latin_Amer_Aff_Dir_Files/Subject_376217847/41-bpr-nsc-lat_amer_dir-subj-cf00195-010.pdf#page=65; https://s3.dualstack.us-east-1.amazonaws.com/NARAprodstorage/lz/presidential-libraries/bush/gb-nsc/Latin_Amer_Aff_Dir_Files/Subject_376217847/41-bpr-nsc-lat_amer_dir-subj-cf00195-010.pdf; https://catalog.archives.gov/id/470766567"
128,Monitor,Top print lead,Colombia,,"August 21, 1989",Telephone Call by the President to President Barco,126,,,,"August 16, 1989-August 31, 1989 [3]","selection-matrix.csv; print-candidates.csv",42,Verify page image/OCR and compare against the private chronology before print selection.,"ocr_lead_verify_page_image; high_priority_print_candidate",https://s3.dualstack.us-east-1.amazonaws.com/NARAprodstorage/lz/presidential-libraries/bush/gb-nsc/Latin_Amer_Aff_Dir_Files/Chronological_2197972/41-bpr-nsc-lat_amer_dir-chron-cf00302-013.pdf#page=42,"https://s3.dualstack.us-east-1.amazonaws.com/NARAprodstorage/lz/presidential-libraries/bush/gb-nsc/Latin_Amer_Aff_Dir_Files/Chronological_2197972/41-bpr-nsc-lat_amer_dir-chron-cf00302-013.pdf#page=42; https://s3.dualstack.us-east-1.amazonaws.com/NARAprodstorage/lz/presidential-libraries/bush/gb-nsc/Latin_Amer_Aff_Dir_Files/Chronological_2197972/41-bpr-nsc-lat_amer_dir-chron-cf00302-013.pdf; https://catalog.archives.gov/id/470766450"
129,Monitor,Top print lead,Colombia,,"September 2, 1989",Talking Points on Narcotics Cooperation,126,,,,"September 1, 1989-September 15, 1989 [2]","selection-matrix.csv; print-candidates.csv",43,Verify page image/OCR and compare against the private chronology before print selection.,"ocr_lead_verify_page_image; high_priority_print_candidate",https://s3.dualstack.us-east-1.amazonaws.com/NARAprodstorage/lz/presidential-libraries/bush/gb-nsc/Latin_Amer_Aff_Dir_Files/Chronological_2197972/41-bpr-nsc-lat_amer_dir-chron-cf00302-016.pdf#page=76,"https://s3.dualstack.us-east-1.amazonaws.com/NARAprodstorage/lz/presidential-libraries/bush/gb-nsc/Latin_Amer_Aff_Dir_Files/Chronological_2197972/41-bpr-nsc-lat_amer_dir-chron-cf00302-016.pdf#page=76; https://s3.dualstack.us-east-1.amazonaws.com/NARAprodstorage/lz/presidential-libraries/bush/gb-nsc/Latin_Amer_Aff_Dir_Files/Chronological_2197972/41-bpr-nsc-lat_amer_dir-chron-cf00302-016.pdf; https://catalog.archives.gov/id/470766453"
130,Monitor,Top print lead,Colombia,,"September 26, 1989",Presidential Meeting with Colombian President,126,,,,"September 16, 1989-September 30, 1989 [2]","selection-matrix.csv; print-candidates.csv",44,Verify page image/OCR and compare against the private chronology before print selection.,"ocr_lead_verify_page_image; high_priority_print_candidate",https://s3.dualstack.us-east-1.amazonaws.com/NARAprodstorage/lz/presidential-libraries/bush/gb-nsc/Latin_Amer_Aff_Dir_Files/Chronological_2197972/41-bpr-nsc-lat_amer_dir-chron-cf00302-018.pdf#page=63,"https://s3.dualstack.us-east-1.amazonaws.com/NARAprodstorage/lz/presidential-libraries/bush/gb-nsc/Latin_Amer_Aff_Dir_Files/Chronological_2197972/41-bpr-nsc-lat_amer_dir-chron-cf00302-018.pdf#page=63; https://s3.dualstack.us-east-1.amazonaws.com/NARAprodstorage/lz/presidential-libraries/bush/gb-nsc/Latin_Amer_Aff_Dir_Files/Chronological_2197972/41-bpr-nsc-lat_amer_dir-chron-cf00302-018.pdf; https://catalog.archives.gov/id/470766455"
131,Monitor,Top print lead,Colombia,,"September 27, 1989",Press Release Announcing Colombian President,126,,,,"September 16, 1989-September 30, 1989 [2]","selection-matrix.csv; print-candidates.csv",45,Verify page image/OCR and compare against the private chronology before print selection.,"ocr_lead_verify_page_image; high_priority_print_candidate",https://s3.dualstack.us-east-1.amazonaws.com/NARAprodstorage/lz/presidential-libraries/bush/gb-nsc/Latin_Amer_Aff_Dir_Files/Chronological_2197972/41-bpr-nsc-lat_amer_dir-chron-cf00302-018.pdf#page=49,"https://s3.dualstack.us-east-1.amazonaws.com/NARAprodstorage/lz/presidential-libraries/bush/gb-nsc/Latin_Amer_Aff_Dir_Files/Chronological_2197972/41-bpr-nsc-lat_amer_dir-chron-cf00302-018.pdf#page=49; https://s3.dualstack.us-east-1.amazonaws.com/NARAprodstorage/lz/presidential-libraries/bush/gb-nsc/Latin_Amer_Aff_Dir_Files/Chronological_2197972/41-bpr-nsc-lat_amer_dir-chron-cf00302-018.pdf; https://catalog.archives.gov/id/470766455"
132,Review,Top print lead,Regional/No single country,,"January 22, 1992",BACKGROUND PAPER ON ENTERPRISE FOR THE AMERICAS INITIATIVE SUBJECT. ACTION FYI ACTION = FYI,128,,,,Enterprise for the Americas Initiative (EAI),"selection-matrix.csv; print-candidates.csv",31,Verify page image/OCR and compare against the private chronology before print selection.,"regional_no_single_country; ocr_lead_verify_page_image; high_priority_print_candidate",https://s3.dualstack.us-east-1.amazonaws.com/NARAprodstorage/lz/presidential-libraries/bush/gb-nsc/deal/subject_2554810/41-bpr-nsc-deal-subj-cf00962-019.pdf#page=7,"https://s3.dualstack.us-east-1.amazonaws.com/NARAprodstorage/lz/presidential-libraries/bush/gb-nsc/deal/subject_2554810/41-bpr-nsc-deal-subj-cf00962-019.pdf#page=7; https://s3.dualstack.us-east-1.amazonaws.com/NARAprodstorage/lz/presidential-libraries/bush/gb-nsc/deal/subject_2554810/41-bpr-nsc-deal-subj-cf00962-019.pdf; https://catalog.archives.gov/id/452050545"
