chapter_number,chapter_country,date,date_line,document_type,document_title,subject_line,participants,page_count,release_status,source_bucket,local_identifier,naid,source_title,source_note,provenance_note,frus_topics,pdf_url,catalog_url,daily_diary_backup_titles,daily_diary_backup_pdfs,daily_diary_backup_catalog_urls
1,Argentina,1989-01-23,"January 23, 1989",Telcon,Memorandum of Telephone Conversation,"Telephone Call from the President to President Alfonsin of Argentina, January 23, 1989","George H. W. Bush; Raul Alfonsin",3,Full,Presidential Telcon Files,[Memorandum of Telephone Conversations (Telcons) - January 1989-July 1989]: January 1989,428079775,"Presidential Telcon Files; [Memorandum of Telephone Conversations (Telcons) - January 1989-July 1989]: January 1989","Source: George H.W. Bush Library, Bush Presidential Records, National Security Council, Presidential Telcon Files, [Memorandum of Telephone Conversations (Telcons) - January 1989-July 1989]: January 1989. Declassified.","Source: George H.W. Bush Presidential Library and Museum, Digital Research Room, ""Memcons and Telcons"" table (https://www.bush41library.gov/digital-research-room/about-textual-collections/memcons-and-telcons), row: Date 1/23/1989; Type Telcon; Participants Alfonsin, Raul; Country Argentina; Release Status Full; NAID 428079775. Priority collection for volume compilation: Latin American Directorate Chronological Files, NAID 2197972, https://catalog.archives.gov/id/2197972. National Archives Catalog item: Telephone Call from the President to President Alfonsin of Argentina, January 23, 1989, NAID 428079775. Collection: Records of the National Security Council (George H. W. Bush Administration), NAID 2163580. Series: Presidential Telcon Files, NAID 321498139. File unit: [Memorandum of Telephone Conversations (Telcons) - January 1989-July 1989]: January 1989, NAID 322361434. Digital object: 1989-01-23--Alfonsin.pdf, object ID 428079776, URL https://s3.us-east-1.amazonaws.com/NARAprodstorage/lz/presidential-libraries/bush/gb-nsc/321498139/1989-01-23--Alfonsin.pdf. Access restriction: Unrestricted. Deduped local provenance: Brent Scowcroft Papers, Presidential Correspondence Files, NAID 366551686, 91111-001, source pages 12-13.","Latin America; South America; Argentina; Bush Library Memcons and Telcons; Telcon",https://s3.us-east-1.amazonaws.com/NARAprodstorage/lz/presidential-libraries/bush/gb-nsc/321498139/1989-01-23--Alfonsin.pdf,https://catalog.archives.gov/id/428079775,"[Presidential Daily Backup] 1/23/1989; [Presidential Daily Diary] 1/23/1989 [EMPTY]","https://s3.amazonaws.com/NARAprodstorage/lz/presidential-libraries/bush/gb-whasf/Presidential_Daily_Diary_186322/1989/41-bpr-apts_sch-dd-01_23_89-12789-008_415889605.pdf; https://s3.amazonaws.com/NARAprodstorage/lz/presidential-libraries/bush/gb-whasf/Presidential_Daily_Diary_186322/1989/41-bpr-apts_sch-dd-01_23_89-12789-007_415889604.pdf","https://catalog.archives.gov/id/415889605; https://catalog.archives.gov/id/415889604"
1,Argentina,1989-05-13,"May 13, 1989",Telcon,Memorandum of Telephone Conversation,"The President's Telephone Conversation with Argentine President Raul Alfonsin, May 13, 1989","George H. W. Bush; Raul Alfonsin",4,Full,Presidential Telcon Files,[Memorandum of Telephone Conversations (Telcons) - January 1989-July 1989]: May 1989,428080013,"Presidential Telcon Files; [Memorandum of Telephone Conversations (Telcons) - January 1989-July 1989]: May 1989","Source: George H.W. Bush Library, Bush Presidential Records, National Security Council, Presidential Telcon Files, [Memorandum of Telephone Conversations (Telcons) - January 1989-July 1989]: May 1989. Declassified.","Source: George H.W. Bush Presidential Library and Museum, Digital Research Room, ""Memcons and Telcons"" table (https://www.bush41library.gov/digital-research-room/about-textual-collections/memcons-and-telcons), row: Date 5/13/1989; Type Telcon; Participants Alfonsin, Raul; Country Argentina; Release Status Full; NAID 428080013. Priority collection for volume compilation: Latin American Directorate Chronological Files, NAID 2197972, https://catalog.archives.gov/id/2197972. National Archives Catalog item: The President's Telephone Conversation with Argentine President Raul Alfonsin, May 13, 1989, NAID 428080013. Collection: Records of the National Security Council (George H. W. Bush Administration), NAID 2163580. Series: Presidential Telcon Files, NAID 321498139. File unit: [Memorandum of Telephone Conversations (Telcons) - January 1989-July 1989]: May 1989, NAID 325592632. Digital object: 1989-05-13--Alfonsin.pdf, object ID 428080014, URL https://s3.us-east-1.amazonaws.com/NARAprodstorage/lz/presidential-libraries/bush/gb-nsc/321498139/1989-05-13--Alfonsin.pdf. Access restriction: Unrestricted. Deduped local provenance: Brent Scowcroft Papers, Presidential Correspondence Files, NAID 366551687, 91111-002, source pages 24-28.","Latin America; South America; Argentina; Bush Library Memcons and Telcons; Telcon",https://s3.us-east-1.amazonaws.com/NARAprodstorage/lz/presidential-libraries/bush/gb-nsc/321498139/1989-05-13--Alfonsin.pdf,https://catalog.archives.gov/id/428080013,"[Presidential Daily Backup] 5/13/1989; [Presidential Daily Diary] 5/13/1989","https://s3.amazonaws.com/NARAprodstorage/lz/presidential-libraries/bush/gb-whasf/Presidential_Daily_Diary_186322/1989/41-bpr-apts_sch-dd-05_13_89-12796-024_415889825.pdf; https://s3.amazonaws.com/NARAprodstorage/lz/presidential-libraries/bush/gb-whasf/Presidential_Daily_Diary_186322/1989/41-bpr-apts_sch-dd-05_13_89-12796-023_415889824.pdf","https://catalog.archives.gov/id/415889825; https://catalog.archives.gov/id/415889824"
1,Argentina,1989-09-27,"September 27, 1989",Memcon,Memorandum of Conversation,Meeting with President Carlos Menem of Argentina,"George H. W. Bush; Carlos Saul Menem",7,Declassified,Scowcroft extract,91107-005,366551664,"Presidential Meetings - Memorandum of Conversations 7/14/89 - 10/2/89; 41-bpr-scow-pcor-memcon-91107-005.pdf; source pages 100-106","Source: George H.W. Bush Library, Bush Presidential Records, Brent Scowcroft Collection, Presidential Correspondence Files, Presidential Memcons Files, OA/ID 91107-005, Presidential Meetings - Memorandum of Conversations 7/14/89 - 10/2/89. Declassified.","Source: George H.W. Bush Library, Bush Presidential Records, Brent Scowcroft Collection, Presidential Correspondence Files, Presidential Memcons Files, OA/ID 91107-005, Presidential Meetings - Memorandum of Conversations 7/14/89 - 10/2/89. Declassified. Originally processed under FOIA 2009-0275-S. Project PDF begins with the PDF provenance sheet, followed by source pages 100-106. Digital source file: 41-bpr-scow-pcor-memcon-91107-005.pdf. Catalog: https://catalog.archives.gov/id/366551664.","Latin America; South America; Argentina; Brent Scowcroft Papers; Head-of-state memcons and telcons",documents/argentina/1989-09-27-bush-carlos-saul-menem-memcon-91107-005-p100-scowcroft.pdf,https://catalog.archives.gov/id/366551664,"[Presidential Daily Backup] 9/27/1989; [Presidential Daily Diary] 9/27/1989 [EMPTY]","https://s3.amazonaws.com/NARAprodstorage/lz/presidential-libraries/bush/gb-whasf/Presidential_Daily_Diary_186322/1989/41-bpr-apts_sch-dd-09_27_89-12806-020_415890099.pdf; https://s3.amazonaws.com/NARAprodstorage/lz/presidential-libraries/bush/gb-whasf/Presidential_Daily_Diary_186322/1989/41-bpr-apts_sch-dd-09_27_89-12806-019_415890098.pdf","https://catalog.archives.gov/id/415890099; https://catalog.archives.gov/id/415890098"
1,Argentina,1989-09-27,"September 27, 1989",Memcon,Memorandum of Conversation,"Meeting with President Carlos Menem of Argentina, September 27, 1989","George H. W. Bush; Carlos Menem",8,Full,Presidential Memcon Files,[Memorandum of Conversations (Memcons) - June 1989-December 1989]: September 1989,428080237,"Presidential Memcon Files; [Memorandum of Conversations (Memcons) - June 1989-December 1989]: September 1989","Source: George H.W. Bush Library, Bush Presidential Records, National Security Council, Presidential Memcon Files, [Memorandum of Conversations (Memcons) - June 1989-December 1989]: September 1989. Declassified.","Source: George H.W. Bush Presidential Library and Museum, Digital Research Room, ""Memcons and Telcons"" table (https://www.bush41library.gov/digital-research-room/about-textual-collections/memcons-and-telcons), row: Date 9/27/1989; Type Memcon; Participants Menem, Carlos; Country Argentina; Release Status Full; NAID 428080237. Priority collection for volume compilation: Latin American Directorate Chronological Files, NAID 2197972, https://catalog.archives.gov/id/2197972. National Archives Catalog item: Meeting with President Carlos Menem of Argentina, September 27, 1989, NAID 428080237. Collection: Records of the National Security Council (George H. W. Bush Administration), NAID 2163580. Series: Presidential Memcon Files, NAID 321498039. File unit: [Memorandum of Conversations (Memcons) - June 1989-December 1989]: September 1989, NAID 325377393. Digital object: 1989-09-27--Menem.pdf, object ID 428080238, URL https://s3.us-east-1.amazonaws.com/NARAprodstorage/lz/presidential-libraries/bush/gb-nsc/321498039/1989-09-27--Menem.pdf. Access restriction: Unrestricted.","Latin America; South America; Argentina; Bush Library Memcons and Telcons; Memcon",https://s3.us-east-1.amazonaws.com/NARAprodstorage/lz/presidential-libraries/bush/gb-nsc/321498039/1989-09-27--Menem.pdf,https://catalog.archives.gov/id/428080237,"[Presidential Daily Backup] 9/27/1989; [Presidential Daily Diary] 9/27/1989 [EMPTY]","https://s3.amazonaws.com/NARAprodstorage/lz/presidential-libraries/bush/gb-whasf/Presidential_Daily_Diary_186322/1989/41-bpr-apts_sch-dd-09_27_89-12806-020_415890099.pdf; https://s3.amazonaws.com/NARAprodstorage/lz/presidential-libraries/bush/gb-whasf/Presidential_Daily_Diary_186322/1989/41-bpr-apts_sch-dd-09_27_89-12806-019_415890098.pdf","https://catalog.archives.gov/id/415890099; https://catalog.archives.gov/id/415890098"
1,Argentina,1989-12-20,"December 20, 1989",Telcon,Memorandum of Telephone Conversation,"Telephone Conversation with President Menem of Argentina, December 20, 1989","George H. W. Bush; Carlos Menem",4,Full,Presidential Telcon Files,[Memorandum of Telephone Conversations (Telcons) - August 1989-December 1989]: December 1989,428080455,"Presidential Telcon Files; [Memorandum of Telephone Conversations (Telcons) - August 1989-December 1989]: December 1989","Source: George H.W. Bush Library, Bush Presidential Records, National Security Council, Presidential Telcon Files, [Memorandum of Telephone Conversations (Telcons) - August 1989-December 1989]: December 1989. Declassified.","Source: George H.W. Bush Presidential Library and Museum, Digital Research Room, ""Memcons and Telcons"" table (https://www.bush41library.gov/digital-research-room/about-textual-collections/memcons-and-telcons), row: Date 12/20/1989; Type Telcon; Participants Menem, Carlos; Country Argentina; Release Status Full; NAID 428080455. Priority collection for volume compilation: Latin American Directorate Chronological Files, NAID 2197972, https://catalog.archives.gov/id/2197972. National Archives Catalog item: Telephone Conversation with President Menem of Argentina, December 20, 1989, NAID 428080455. Collection: Records of the National Security Council (George H. W. Bush Administration), NAID 2163580. Series: Presidential Telcon Files, NAID 321498139. File unit: [Memorandum of Telephone Conversations (Telcons) - August 1989-December 1989]: December 1989, NAID 325592639. Digital object: 1989-12-20--Menem.pdf, object ID 428080456, URL https://s3.us-east-1.amazonaws.com/NARAprodstorage/lz/presidential-libraries/bush/gb-nsc/321498139/1989-12-20--Menem.pdf. Access restriction: Unrestricted.","Latin America; South America; Argentina; Bush Library Memcons and Telcons; Telcon",https://s3.us-east-1.amazonaws.com/NARAprodstorage/lz/presidential-libraries/bush/gb-nsc/321498139/1989-12-20--Menem.pdf,https://catalog.archives.gov/id/428080455,"[Presidential Daily Backup] 12/20/1989; [Presidential Daily Diary] 12/20/1989 [EMPTY]","https://s3.amazonaws.com/NARAprodstorage/lz/presidential-libraries/bush/gb-whasf/Presidential_Daily_Diary_186322/1989/41-bpr-apts_sch-dd-12_20_89-12813-022_415890267.pdf; https://s3.amazonaws.com/NARAprodstorage/lz/presidential-libraries/bush/gb-whasf/Presidential_Daily_Diary_186322/1989/41-bpr-apts_sch-dd-12_20_89-12813-021_415890266.pdf","https://catalog.archives.gov/id/415890267; https://catalog.archives.gov/id/415890266"
1,Argentina,1990-03-01,"March 1, 1990",Telcon,Memorandum of a Telephone Conversation,Telephone conversation with President Carlos Menem of Argentina (U),"George H. W. Bush; Carlos Saul Menem",3,Declassified,Scowcroft extract,91111-005,366551690,"Presidential Telephone Calls - Memorandum of Conversations 1/1/90 - 3/15/90; 41-bpr-scow-pcor-telcon-91111-005.pdf; source pages 88-90","Source: George H.W. Bush Library, Bush Presidential Records, Brent Scowcroft Collection, Presidential Correspondence Files, Presidential Telcon Files, OA/ID 91111-005, Presidential Telephone Calls - Memorandum of Conversations 1/1/90 - 3/15/90. Declassified.","Source: George H.W. Bush Library, Bush Presidential Records, Brent Scowcroft Collection, Presidential Correspondence Files, Presidential Telcon Files, OA/ID 91111-005, Presidential Telephone Calls - Memorandum of Conversations 1/1/90 - 3/15/90. Declassified. Originally processed under FOIA 2009-0275-S. Project PDF begins with the PDF provenance sheet, followed by source pages 88-90. Digital source file: 41-bpr-scow-pcor-telcon-91111-005.pdf. Catalog: https://catalog.archives.gov/id/366551690.","Latin America; South America; Argentina; Brent Scowcroft Papers; Head-of-state memcons and telcons",documents/argentina/1990-03-01-bush-carlos-saul-menem-telcon-91111-005-p88-scowcroft.pdf,https://catalog.archives.gov/id/366551690,"[Presidential Daily Backup] 3/1/1990; [Presidential Daily Diary] 3/1/1990","https://s3.amazonaws.com/NARAprodstorage/lz/presidential-libraries/bush/gb-whasf/Presidential_Daily_Diary_186322/1990/41-bpr-apts_sch-dd-03_01_90-12819-016_415890409.pdf; https://s3.amazonaws.com/NARAprodstorage/lz/presidential-libraries/bush/gb-whasf/Presidential_Daily_Diary_186322/1990/41-bpr-apts_sch-dd-03_01_90-12819-015_415890408.pdf","https://catalog.archives.gov/id/415890409; https://catalog.archives.gov/id/415890408"
1,Argentina,1990-03-01,"March 1, 1990",Telcon,Memorandum of Telephone Conversation,"Telephone conversation with President Carlos Menem of Argentina, March 1, 1990","George H. W. Bush; Carlos Menem",4,Full,Presidential Telcon Files,[Memorandum of Telephone Conversations (Telcons) - January 1990-July 1990]: March 1990,428080601,"Presidential Telcon Files; [Memorandum of Telephone Conversations (Telcons) - January 1990-July 1990]: March 1990","Source: George H.W. Bush Library, Bush Presidential Records, National Security Council, Presidential Telcon Files, [Memorandum of Telephone Conversations (Telcons) - January 1990-July 1990]: March 1990. Declassified.","Source: George H.W. Bush Presidential Library and Museum, Digital Research Room, ""Memcons and Telcons"" table (https://www.bush41library.gov/digital-research-room/about-textual-collections/memcons-and-telcons), row: Date 3/1/1990; Type Telcon; Participants Menem, Carlos; Country Argentina; Release Status Full; NAID 428080601. Priority collection for volume compilation: Latin American Directorate Chronological Files, NAID 2197972, https://catalog.archives.gov/id/2197972. National Archives Catalog item: Telephone conversation with President Carlos Menem of Argentina, March 1, 1990, NAID 428080601. Collection: Records of the National Security Council (George H. W. Bush Administration), NAID 2163580. Series: Presidential Telcon Files, NAID 321498139. File unit: [Memorandum of Telephone Conversations (Telcons) - January 1990-July 1990]: March 1990, NAID 325592642. Digital object: 1990-03-01--Menem.pdf, object ID 428080602, URL https://s3.us-east-1.amazonaws.com/NARAprodstorage/lz/presidential-libraries/bush/gb-nsc/321498139/1990-03-01--Menem.pdf. Access restriction: Unrestricted.","Latin America; South America; Argentina; Bush Library Memcons and Telcons; Telcon",https://s3.us-east-1.amazonaws.com/NARAprodstorage/lz/presidential-libraries/bush/gb-nsc/321498139/1990-03-01--Menem.pdf,https://catalog.archives.gov/id/428080601,"[Presidential Daily Backup] 3/1/1990; [Presidential Daily Diary] 3/1/1990","https://s3.amazonaws.com/NARAprodstorage/lz/presidential-libraries/bush/gb-whasf/Presidential_Daily_Diary_186322/1990/41-bpr-apts_sch-dd-03_01_90-12819-016_415890409.pdf; https://s3.amazonaws.com/NARAprodstorage/lz/presidential-libraries/bush/gb-whasf/Presidential_Daily_Diary_186322/1990/41-bpr-apts_sch-dd-03_01_90-12819-015_415890408.pdf","https://catalog.archives.gov/id/415890409; https://catalog.archives.gov/id/415890408"
1,Argentina,1990-06-28,"June 28, 1990",Telcon,Memorandum of a Telephone Conversation,Telephone Conversation with President Carlos Sail Menem of Argentina (VU),"George H. W. Bush; Carlos Saul Menem",4,Declassified,Scowcroft extract,91111-007,366551692,"Presidential Telephone Calls - Memorandum of Conversations 6/23/90 - 7/31/90; 41-bpr-scow-pcor-telcon-91111-007.pdf; source pages 20-23","Source: George H.W. Bush Library, Bush Presidential Records, Brent Scowcroft Collection, Presidential Correspondence Files, Presidential Telcon Files, OA/ID 91111-007, Presidential Telephone Calls - Memorandum of Conversations 6/23/90 - 7/31/90. Declassified.","Source: George H.W. Bush Library, Bush Presidential Records, Brent Scowcroft Collection, Presidential Correspondence Files, Presidential Telcon Files, OA/ID 91111-007, Presidential Telephone Calls - Memorandum of Conversations 6/23/90 - 7/31/90. Declassified. Originally processed under FOIA 2009-0275-S. Project PDF begins with the PDF provenance sheet, followed by source pages 20-23. Digital source file: 41-bpr-scow-pcor-telcon-91111-007.pdf. Catalog: https://catalog.archives.gov/id/366551692.","Latin America; South America; Argentina; Brent Scowcroft Papers; Head-of-state memcons and telcons",documents/argentina/1990-06-28-bush-carlos-saul-menem-telcon-91111-007-p20-scowcroft.pdf,https://catalog.archives.gov/id/366551692,"[Presidential Daily Backup] 6/28/1990; [Presidential Daily Diary] 6/28/1990","https://s3.amazonaws.com/NARAprodstorage/lz/presidential-libraries/bush/gb-whasf/Presidential_Daily_Diary_186322/1990/41-bpr-apts_sch-dd-06_28_90-12831-002_415890647.pdf; https://s3.amazonaws.com/NARAprodstorage/lz/presidential-libraries/bush/gb-whasf/Presidential_Daily_Diary_186322/1990/41-bpr-apts_sch-dd-06_28_90-12831-001_415890646.pdf","https://catalog.archives.gov/id/415890647; https://catalog.archives.gov/id/415890646"
1,Argentina,1990-06-28,"June 28, 1990",Telcon,Memorandum of Telephone Conversation,"Telephone Conversation with President Carlos Saul Menem of Argentina, June 28, 1990","George H. W. Bush; Carlos Menem",3,Full,Presidential Telcon Files,[Memorandum of Telephone Conversations (Telcons) - January 1990-July 1990]: June 1990,428080817,"Presidential Telcon Files; [Memorandum of Telephone Conversations (Telcons) - January 1990-July 1990]: June 1990","Source: George H.W. Bush Library, Bush Presidential Records, National Security Council, Presidential Telcon Files, [Memorandum of Telephone Conversations (Telcons) - January 1990-July 1990]: June 1990. Declassified.","Source: George H.W. Bush Presidential Library and Museum, Digital Research Room, ""Memcons and Telcons"" table (https://www.bush41library.gov/digital-research-room/about-textual-collections/memcons-and-telcons), row: Date 6/28/1990; Type Telcon; Participants Menem, Carlos; Country Argentina; Release Status Full; NAID 428080817. Priority collection for volume compilation: Latin American Directorate Chronological Files, NAID 2197972, https://catalog.archives.gov/id/2197972. National Archives Catalog item: Telephone Conversation with President Carlos Saul Menem of Argentina, June 28, 1990, NAID 428080817. Collection: Records of the National Security Council (George H. W. Bush Administration), NAID 2163580. Series: Presidential Telcon Files, NAID 321498139. File unit: [Memorandum of Telephone Conversations (Telcons) - January 1990-July 1990]: June 1990, NAID 325592645. Digital object: 1990-06-28--Menem.pdf, object ID 428080818, URL https://s3.us-east-1.amazonaws.com/NARAprodstorage/lz/presidential-libraries/bush/gb-nsc/321498139/1990-06-28--Menem.pdf. Access restriction: Unrestricted.","Latin America; South America; Argentina; Bush Library Memcons and Telcons; Telcon",https://s3.us-east-1.amazonaws.com/NARAprodstorage/lz/presidential-libraries/bush/gb-nsc/321498139/1990-06-28--Menem.pdf,https://catalog.archives.gov/id/428080817,"[Presidential Daily Backup] 6/28/1990; [Presidential Daily Diary] 6/28/1990","https://s3.amazonaws.com/NARAprodstorage/lz/presidential-libraries/bush/gb-whasf/Presidential_Daily_Diary_186322/1990/41-bpr-apts_sch-dd-06_28_90-12831-002_415890647.pdf; https://s3.amazonaws.com/NARAprodstorage/lz/presidential-libraries/bush/gb-whasf/Presidential_Daily_Diary_186322/1990/41-bpr-apts_sch-dd-06_28_90-12831-001_415890646.pdf","https://catalog.archives.gov/id/415890647; https://catalog.archives.gov/id/415890646"
1,Argentina,1990-10-01,"October 1, 1990",Memcon,Memorandum of Conversation,"Meeting with President Carlos Saul Menem of Argentina, October 1, 1990","George H. W. Bush; Carlos Menem",6,Full,Presidential Memcon Files,[Memorandum of Conversations (Memcons)-July 1990-December 1990]: October 1990,428081105,"Presidential Memcon Files; [Memorandum of Conversations (Memcons)-July 1990-December 1990]: October 1990","Source: George H.W. Bush Library, Bush Presidential Records, National Security Council, Presidential Memcon Files, [Memorandum of Conversations (Memcons)-July 1990-December 1990]: October 1990. Declassified.","Source: George H.W. Bush Presidential Library and Museum, Digital Research Room, ""Memcons and Telcons"" table (https://www.bush41library.gov/digital-research-room/about-textual-collections/memcons-and-telcons), row: Date 10/1/1990; Type Memcon; Participants Menem, Carlos; Country Argentina; Release Status Full; NAID 428081105. Priority collection for volume compilation: Latin American Directorate Chronological Files, NAID 2197972, https://catalog.archives.gov/id/2197972. National Archives Catalog item: Meeting with President Carlos Saul Menem of Argentina, October 1, 1990, NAID 428081105. Collection: Records of the National Security Council (George H. W. Bush Administration), NAID 2163580. Series: Presidential Memcon Files, NAID 321498039. File unit: [Memorandum of Conversations (Memcons)-July 1990-December 1990]: October 1990, NAID 325541480. Digital object: 1990-10-01--Menem.pdf, object ID 428081106, URL https://s3.us-east-1.amazonaws.com/NARAprodstorage/lz/presidential-libraries/bush/gb-nsc/321498039/1990-10-01--Menem.pdf. Access restriction: Unrestricted.","Latin America; South America; Argentina; Bush Library Memcons and Telcons; Memcon",https://s3.us-east-1.amazonaws.com/NARAprodstorage/lz/presidential-libraries/bush/gb-nsc/321498039/1990-10-01--Menem.pdf,https://catalog.archives.gov/id/428081105,"[Presidential Daily Backup] 10/01/1990; [Presidential Daily Diary] 10/01/1990","https://s3.amazonaws.com/NARAprodstorage/lz/presidential-libraries/bush/gb-whasf/Presidential_Daily_Diary_186322/1990/41-bpr-apts_sch-dd-10_01_90-12838-004_415890837.pdf; https://s3.amazonaws.com/NARAprodstorage/lz/presidential-libraries/bush/gb-whasf/Presidential_Daily_Diary_186322/1990/41-bpr-apts_sch-dd-10_01_90-12838-003_415890836.pdf","https://catalog.archives.gov/id/415890837; https://catalog.archives.gov/id/415890836"
1,Argentina,1990-12-05,"December 5, 1990",Memcon,Memorandum of Conversation,Luncheon with President Carlos Saul Menem of Argentina (U),"George H. W. Bush; Carlos Saul Menem",5,Declassified,Scowcroft extract,91108-003,366551672,"Presidential Meetings - Memorandum of Conversations 11/13/90 - 12/21/90; 41-bpr-scow-pcor-memcon-91108-003.pdf; source pages 112-116","Source: George H.W. Bush Library, Bush Presidential Records, Brent Scowcroft Collection, Presidential Correspondence Files, Presidential Memcons Files, OA/ID 91108-003, Presidential Meetings - Memorandum of Conversations 11/13/90 - 12/21/90. Declassified.","Source: George H.W. Bush Library, Bush Presidential Records, Brent Scowcroft Collection, Presidential Correspondence Files, Presidential Memcons Files, OA/ID 91108-003, Presidential Meetings - Memorandum of Conversations 11/13/90 - 12/21/90. Declassified. Originally processed under FOIA 2009-0275-S. Project PDF begins with the PDF provenance sheet, followed by source pages 112-116. Digital source file: 41-bpr-scow-pcor-memcon-91108-003.pdf. Catalog: https://catalog.archives.gov/id/366551672.","Latin America; South America; Argentina; Brent Scowcroft Papers; Head-of-state memcons and telcons",documents/argentina/1990-12-05-bush-carlos-saul-menem-memcon-91108-003-p112-scowcroft.pdf,https://catalog.archives.gov/id/366551672,"[Presidential Daily Backup] 12/5/1990; [Presidential Daily Diary] 12/5/1990 [EMPTY]","https://s3.amazonaws.com/NARAprodstorage/lz/presidential-libraries/bush/gb-whasf/Presidential_Daily_Diary_186322/1990/41-bpr-apts_sch-dd-12_05_90-12844-002_415890969.pdf; https://s3.amazonaws.com/NARAprodstorage/lz/presidential-libraries/bush/gb-whasf/Presidential_Daily_Diary_186322/1990/41-bpr-apts_sch-dd-12_05_90-12844-001_415890968.pdf","https://catalog.archives.gov/id/415890969; https://catalog.archives.gov/id/415890968"
1,Argentina,1990-12-05,"December 5, 1990",Memcon,Memorandum of Conversation,"Luncheon with President Carlos Saul Menem of Argentina, December 5, 1990","George H. W. Bush; Carlos Menem",6,Full,Presidential Memcon Files,[Memorandum of Conversations (Memcons)-July 1990-December 1990]: December 1990,428081237,"Presidential Memcon Files; [Memorandum of Conversations (Memcons)-July 1990-December 1990]: December 1990","Source: George H.W. Bush Library, Bush Presidential Records, National Security Council, Presidential Memcon Files, [Memorandum of Conversations (Memcons)-July 1990-December 1990]: December 1990. Declassified.","Source: George H.W. Bush Presidential Library and Museum, Digital Research Room, ""Memcons and Telcons"" table (https://www.bush41library.gov/digital-research-room/about-textual-collections/memcons-and-telcons), row: Date 12/5/1990; Type Memcon; Participants Menem, Carlos; Country Argentina; Release Status Full; NAID 428081237. Priority collection for volume compilation: Latin American Directorate Chronological Files, NAID 2197972, https://catalog.archives.gov/id/2197972. National Archives Catalog item: Luncheon with President Carlos Saul Menem of Argentina, December 5, 1990, NAID 428081237. Collection: Records of the National Security Council (George H. W. Bush Administration), NAID 2163580. Series: Presidential Memcon Files, NAID 321498039. File unit: [Memorandum of Conversations (Memcons)-July 1990-December 1990]: December 1990, NAID 325541483. Digital object: 1990-12-05--Menem.pdf, object ID 428081238, URL https://s3.us-east-1.amazonaws.com/NARAprodstorage/lz/presidential-libraries/bush/gb-nsc/321498039/1990-12-05--Menem.pdf. Access restriction: Unrestricted.","Latin America; South America; Argentina; Bush Library Memcons and Telcons; Memcon",https://s3.us-east-1.amazonaws.com/NARAprodstorage/lz/presidential-libraries/bush/gb-nsc/321498039/1990-12-05--Menem.pdf,https://catalog.archives.gov/id/428081237,"[Presidential Daily Backup] 12/5/1990; [Presidential Daily Diary] 12/5/1990 [EMPTY]","https://s3.amazonaws.com/NARAprodstorage/lz/presidential-libraries/bush/gb-whasf/Presidential_Daily_Diary_186322/1990/41-bpr-apts_sch-dd-12_05_90-12844-002_415890969.pdf; https://s3.amazonaws.com/NARAprodstorage/lz/presidential-libraries/bush/gb-whasf/Presidential_Daily_Diary_186322/1990/41-bpr-apts_sch-dd-12_05_90-12844-001_415890968.pdf","https://catalog.archives.gov/id/415890969; https://catalog.archives.gov/id/415890968"
1,Argentina,1991-01-14,"January 14, 1991",Telcon,Memorandum of a Telephone Conversation,Telephone conversation with President Carlos Menem of Argentina (U),"George H. W. Bush; Carlos Saul Menem",2,Declassified,Scowcroft extract,91112-004,366551696,"Presidential Telephone Calls - Memorandum of Conversations 1/1/91 - 1/28/91; 41-bpr-scow-pcor-telcon-91112-004.pdf; source pages 45-46","Source: George H.W. Bush Library, Bush Presidential Records, Brent Scowcroft Collection, Presidential Correspondence Files, Presidential Telcon Files, OA/ID 91112-004, Presidential Telephone Calls - Memorandum of Conversations 1/1/91 - 1/28/91. Declassified.","Source: George H.W. Bush Library, Bush Presidential Records, Brent Scowcroft Collection, Presidential Correspondence Files, Presidential Telcon Files, OA/ID 91112-004, Presidential Telephone Calls - Memorandum of Conversations 1/1/91 - 1/28/91. Declassified. Originally processed under FOIA 2009-0275-S. Project PDF begins with the PDF provenance sheet, followed by source pages 45-46. Digital source file: 41-bpr-scow-pcor-telcon-91112-004.pdf. Catalog: https://catalog.archives.gov/id/366551696.","Latin America; South America; Argentina; Brent Scowcroft Papers; Head-of-state memcons and telcons",documents/argentina/1991-01-14-bush-carlos-saul-menem-telcon-91112-004-p45-scowcroft.pdf,https://catalog.archives.gov/id/366551696,"[Presidential Daily Backup] 1/14/1991; [Presidential Daily Diary] 1/14/1991","https://s3.amazonaws.com/NARAprodstorage/lz/presidential-libraries/bush/gb-whasf/Presidential_Daily_Diary_186322/1991/41-bpr-apts_sch-dd-01_14_91-12846-032_415891049.pdf; https://s3.amazonaws.com/NARAprodstorage/lz/presidential-libraries/bush/gb-whasf/Presidential_Daily_Diary_186322/1991/41-bpr-apts_sch-dd-01_14_91-12846-031_415891048.pdf","https://catalog.archives.gov/id/415891049; https://catalog.archives.gov/id/415891048"
1,Argentina,1991-01-14,"January 14, 1991",Telcon,Memorandum of Telephone Conversation,"Telephone conversation with President Carlos Menem of Argentina, January 14, 1991","George H. W. Bush; Carlos Menem",3,Full,Presidential Telcon Files,[Memorandum of Telephone Conversations (Telcons) - January 1991-April 1991]: January 1991,428081341,"Presidential Telcon Files; [Memorandum of Telephone Conversations (Telcons) - January 1991-April 1991]: January 1991","Source: George H.W. Bush Library, Bush Presidential Records, National Security Council, Presidential Telcon Files, [Memorandum of Telephone Conversations (Telcons) - January 1991-April 1991]: January 1991. Declassified.","Source: George H.W. Bush Presidential Library and Museum, Digital Research Room, ""Memcons and Telcons"" table (https://www.bush41library.gov/digital-research-room/about-textual-collections/memcons-and-telcons), row: Date 1/14/1991; Type Telcon; Participants Menem, Carlos; Country Argentina; Release Status Full; NAID 428081341. Priority collection for volume compilation: Latin American Directorate Chronological Files, NAID 2197972, https://catalog.archives.gov/id/2197972. National Archives Catalog item: Telephone conversation with President Carlos Menem of Argentina, January 14, 1991, NAID 428081341. Collection: Records of the National Security Council (George H. W. Bush Administration), NAID 2163580. Series: Presidential Telcon Files, NAID 321498139. File unit: [Memorandum of Telephone Conversations (Telcons) - January 1991-April 1991]: January 1991, NAID 325592653. Digital object: 1991-01-14--Menem.pdf, object ID 428081342, URL https://s3.us-east-1.amazonaws.com/NARAprodstorage/lz/presidential-libraries/bush/gb-nsc/321498139/1991-01-14--Menem.pdf. Access restriction: Unrestricted.","Latin America; South America; Argentina; Bush Library Memcons and Telcons; Telcon",https://s3.us-east-1.amazonaws.com/NARAprodstorage/lz/presidential-libraries/bush/gb-nsc/321498139/1991-01-14--Menem.pdf,https://catalog.archives.gov/id/428081341,"[Presidential Daily Backup] 1/14/1991; [Presidential Daily Diary] 1/14/1991","https://s3.amazonaws.com/NARAprodstorage/lz/presidential-libraries/bush/gb-whasf/Presidential_Daily_Diary_186322/1991/41-bpr-apts_sch-dd-01_14_91-12846-032_415891049.pdf; https://s3.amazonaws.com/NARAprodstorage/lz/presidential-libraries/bush/gb-whasf/Presidential_Daily_Diary_186322/1991/41-bpr-apts_sch-dd-01_14_91-12846-031_415891048.pdf","https://catalog.archives.gov/id/415891049; https://catalog.archives.gov/id/415891048"
1,Argentina,1991-01-19,"January 19, 1991",Telcon,Memorandum of a Telephone Conversation,Telephone conversation with President Carlos Menem of Argentina (U),"George H. W. Bush; Carlos Saul Menem",2,Declassified,Scowcroft extract,91112-004,366551696,"Presidential Telephone Calls - Memorandum of Conversations 1/1/91 - 1/28/91; 41-bpr-scow-pcor-telcon-91112-004.pdf; source pages 71-72","Source: George H.W. Bush Library, Bush Presidential Records, Brent Scowcroft Collection, Presidential Correspondence Files, Presidential Telcon Files, OA/ID 91112-004, Presidential Telephone Calls - Memorandum of Conversations 1/1/91 - 1/28/91. Declassified.","Source: George H.W. Bush Library, Bush Presidential Records, Brent Scowcroft Collection, Presidential Correspondence Files, Presidential Telcon Files, OA/ID 91112-004, Presidential Telephone Calls - Memorandum of Conversations 1/1/91 - 1/28/91. Declassified. Originally processed under FOIA 2009-0275-S. Project PDF begins with the PDF provenance sheet, followed by source pages 71-72. Digital source file: 41-bpr-scow-pcor-telcon-91112-004.pdf. Catalog: https://catalog.archives.gov/id/366551696.","Latin America; South America; Argentina; Brent Scowcroft Papers; Head-of-state memcons and telcons",documents/argentina/1991-01-19-bush-carlos-saul-menem-telcon-91112-004-p71-scowcroft.pdf,https://catalog.archives.gov/id/366551696,"[Presidential Daily Backup] 1/19/1991; [Presidential Daily Diary] 1/19/1991","https://s3.amazonaws.com/NARAprodstorage/lz/presidential-libraries/bush/gb-whasf/Presidential_Daily_Diary_186322/1991/41-bpr-apts_sch-dd-01_19_91-12847-008_415891059.pdf; https://s3.amazonaws.com/NARAprodstorage/opastorage/live/25/1863/186325/content/arcmedia/media/images/40/19/40-1892a.gif","https://catalog.archives.gov/id/415891059; https://catalog.archives.gov/id/415891058"
1,Argentina,1991-01-19,"January 19, 1991",Telcon,Memorandum of Telephone Conversation,"Telephone Conversation with President Carlos Menem of Argentina, January 19, 1991","George H. W. Bush; Carlos Menem",3,Full,Presidential Telcon Files,[Memorandum of Telephone Conversations (Telcons) - January 1991-April 1991]: January 1991,428081361,"Presidential Telcon Files; [Memorandum of Telephone Conversations (Telcons) - January 1991-April 1991]: January 1991","Source: George H.W. Bush Library, Bush Presidential Records, National Security Council, Presidential Telcon Files, [Memorandum of Telephone Conversations (Telcons) - January 1991-April 1991]: January 1991. Declassified.","Source: George H.W. Bush Presidential Library and Museum, Digital Research Room, ""Memcons and Telcons"" table (https://www.bush41library.gov/digital-research-room/about-textual-collections/memcons-and-telcons), row: Date 1/19/1991; Type Telcon; Participants Menem, Carlos; Country Argentina; Release Status Full; NAID 428081361. Priority collection for volume compilation: Latin American Directorate Chronological Files, NAID 2197972, https://catalog.archives.gov/id/2197972. National Archives Catalog item: Telephone Conversation with President Carlos Menem of Argentina, January 19, 1991, NAID 428081361. Collection: Records of the National Security Council (George H. W. Bush Administration), NAID 2163580. Series: Presidential Telcon Files, NAID 321498139. File unit: [Memorandum of Telephone Conversations (Telcons) - January 1991-April 1991]: January 1991, NAID 325592653. Digital object: 1991-01-19--Menem.pdf, object ID 428081362, URL https://s3.us-east-1.amazonaws.com/NARAprodstorage/lz/presidential-libraries/bush/gb-nsc/321498139/1991-01-19--Menem.pdf. Access restriction: Unrestricted.","Latin America; South America; Argentina; Bush Library Memcons and Telcons; Telcon",https://s3.us-east-1.amazonaws.com/NARAprodstorage/lz/presidential-libraries/bush/gb-nsc/321498139/1991-01-19--Menem.pdf,https://catalog.archives.gov/id/428081361,"[Presidential Daily Backup] 1/19/1991; [Presidential Daily Diary] 1/19/1991","https://s3.amazonaws.com/NARAprodstorage/lz/presidential-libraries/bush/gb-whasf/Presidential_Daily_Diary_186322/1991/41-bpr-apts_sch-dd-01_19_91-12847-008_415891059.pdf; https://s3.amazonaws.com/NARAprodstorage/opastorage/live/25/1863/186325/content/arcmedia/media/images/40/19/40-1892a.gif","https://catalog.archives.gov/id/415891059; https://catalog.archives.gov/id/415891058"
1,Argentina,1991-02-08,"February 8, 1991",Telcon,Memorandum of a Telephone Conversation,Telephone conversation with President Carlos Menem of Argentina (U),"George H. W. Bush; Carlos Saul Menem",3,Declassified,Scowcroft extract,91112-005,366551697,"Presidential Telephone Calls - Memorandum of Conversations 1/30/91 - 2/22/91; 41-bpr-scow-pcor-telcon-91112-005.pdf; source pages 49-51","Source: George H.W. Bush Library, Bush Presidential Records, Brent Scowcroft Collection, Presidential Correspondence Files, Presidential Telcon Files, OA/ID 91112-005, Presidential Telephone Calls - Memorandum of Conversations 1/30/91 - 2/22/91. Declassified.","Source: George H.W. Bush Library, Bush Presidential Records, Brent Scowcroft Collection, Presidential Correspondence Files, Presidential Telcon Files, OA/ID 91112-005, Presidential Telephone Calls - Memorandum of Conversations 1/30/91 - 2/22/91. Declassified. Originally processed under FOIA 2009-0275-S. Project PDF begins with the PDF provenance sheet, followed by source pages 49-51. Digital source file: 41-bpr-scow-pcor-telcon-91112-005.pdf. Catalog: https://catalog.archives.gov/id/366551697.","Latin America; South America; Argentina; Brent Scowcroft Papers; Head-of-state memcons and telcons",documents/argentina/1991-02-08-bush-carlos-saul-menem-telcon-91112-005-p49-scowcroft.pdf,https://catalog.archives.gov/id/366551697,"[Presidential Daily Backup] 2/8/1991; [Presidential Daily Diary] 2/8/1991","https://s3.amazonaws.com/NARAprodstorage/lz/presidential-libraries/bush/gb-whasf/Presidential_Daily_Diary_186322/1991/41-bpr-apts_sch-dd-02_08_91-12848-016_415891099.pdf; https://s3.amazonaws.com/NARAprodstorage/opastorage/live/45/1863/186345/content/arcmedia/media/images/40/21/40-2097a.gif","https://catalog.archives.gov/id/415891099; https://catalog.archives.gov/id/415891098"
1,Argentina,1991-02-08,"February 8, 1991",Memcon,Memorandum of Conversation,"Meeting with Foreign Minister Guido Di Tella of Argentina, February 8, 1991","George H. W. Bush; Guido Di Tella",5,Full,Presidential Memcon Files,[Memorandum of Conversations (Memcons)-January 1991-June 1991]: February 1991,428081425,"Presidential Memcon Files; [Memorandum of Conversations (Memcons)-January 1991-June 1991]: February 1991","Source: George H.W. Bush Library, Bush Presidential Records, National Security Council, Presidential Memcon Files, [Memorandum of Conversations (Memcons)-January 1991-June 1991]: February 1991. Declassified.","Source: George H.W. Bush Presidential Library and Museum, Digital Research Room, ""Memcons and Telcons"" table (https://www.bush41library.gov/digital-research-room/about-textual-collections/memcons-and-telcons), row: Date 2/8/1991; Type Memcon; Participants Di Tella, Guido; Country Argentina; Release Status Full; NAID 428081425. Priority collection for volume compilation: Latin American Directorate Chronological Files, NAID 2197972, https://catalog.archives.gov/id/2197972. National Archives Catalog item: Meeting with Foreign Minister Guido Di Tella of Argentina, February 8, 1991, NAID 428081425. Collection: Records of the National Security Council (George H. W. Bush Administration), NAID 2163580. Series: Presidential Memcon Files, NAID 321498039. File unit: [Memorandum of Conversations (Memcons)-January 1991-June 1991]: February 1991, NAID 325541490. Digital object: 1991-02-08--Di-Tella.pdf, object ID 428081426, URL https://s3.us-east-1.amazonaws.com/NARAprodstorage/lz/presidential-libraries/bush/gb-nsc/321498039/1991-02-08--Di-Tella.pdf. Access restriction: Unrestricted. Deduped local provenance: Brent Scowcroft Papers, Presidential Correspondence Files, NAID 366551673, 91108-004, source pages 21-24.","Latin America; South America; Argentina; Bush Library Memcons and Telcons; Memcon",https://s3.us-east-1.amazonaws.com/NARAprodstorage/lz/presidential-libraries/bush/gb-nsc/321498039/1991-02-08--Di-Tella.pdf,https://catalog.archives.gov/id/428081425,"[Presidential Daily Backup] 2/8/1991; [Presidential Daily Diary] 2/8/1991","https://s3.amazonaws.com/NARAprodstorage/lz/presidential-libraries/bush/gb-whasf/Presidential_Daily_Diary_186322/1991/41-bpr-apts_sch-dd-02_08_91-12848-016_415891099.pdf; https://s3.amazonaws.com/NARAprodstorage/opastorage/live/45/1863/186345/content/arcmedia/media/images/40/21/40-2097a.gif","https://catalog.archives.gov/id/415891099; https://catalog.archives.gov/id/415891098"
1,Argentina,1991-02-08,"February 8, 1991",Telcon,Memorandum of Telephone Conversation,"Telephone Conversation with President Carlos Menem of Argentina, February 8, 1991","George H. W. Bush; Carlos Menem",4,Full,Presidential Telcon Files,[Memorandum of Telephone Conversations (Telcons) - January 1991-April 1991]: February 1991 [1],428081437,"Presidential Telcon Files; [Memorandum of Telephone Conversations (Telcons) - January 1991-April 1991]: February 1991 [1]","Source: George H.W. Bush Library, Bush Presidential Records, National Security Council, Presidential Telcon Files, [Memorandum of Telephone Conversations (Telcons) - January 1991-April 1991]: February 1991 [1]. Declassified.","Source: George H.W. Bush Presidential Library and Museum, Digital Research Room, ""Memcons and Telcons"" table (https://www.bush41library.gov/digital-research-room/about-textual-collections/memcons-and-telcons), row: Date 2/8/1991; Type Telcon; Participants Menem, Carlos; Country Argentina; Release Status Full; NAID 428081437. Priority collection for volume compilation: Latin American Directorate Chronological Files, NAID 2197972, https://catalog.archives.gov/id/2197972. National Archives Catalog item: Telephone Conversation with President Carlos Menem of Argentina, February 8, 1991, NAID 428081437. Collection: Records of the National Security Council (George H. W. Bush Administration), NAID 2163580. Series: Presidential Telcon Files, NAID 321498139. File unit: [Memorandum of Telephone Conversations (Telcons) - January 1991-April 1991]: February 1991 [1], NAID 325592654. Digital object: 1991-02-08--Menem.pdf, object ID 428081438, URL https://s3.us-east-1.amazonaws.com/NARAprodstorage/lz/presidential-libraries/bush/gb-nsc/321498139/1991-02-08--Menem.pdf. Access restriction: Unrestricted.","Latin America; South America; Argentina; Bush Library Memcons and Telcons; Telcon",https://s3.us-east-1.amazonaws.com/NARAprodstorage/lz/presidential-libraries/bush/gb-nsc/321498139/1991-02-08--Menem.pdf,https://catalog.archives.gov/id/428081437,"[Presidential Daily Backup] 2/8/1991; [Presidential Daily Diary] 2/8/1991","https://s3.amazonaws.com/NARAprodstorage/lz/presidential-libraries/bush/gb-whasf/Presidential_Daily_Diary_186322/1991/41-bpr-apts_sch-dd-02_08_91-12848-016_415891099.pdf; https://s3.amazonaws.com/NARAprodstorage/opastorage/live/45/1863/186345/content/arcmedia/media/images/40/21/40-2097a.gif","https://catalog.archives.gov/id/415891099; https://catalog.archives.gov/id/415891098"
1,Argentina,1991-03-04,"March 4, 1991",Telcon,Memorandum of a Telephone Conversation,Telephone conversation with President Menem of Argentina (U),"George H. W. Bush; Carlos Saul Menem",3,Declassified,Scowcroft extract,91112-006,366551698,"Presidential Telephone Calls - Memorandum of Conversations 2/22/91 - 3/6/91; 41-bpr-scow-pcor-telcon-91112-006.pdf; source pages 76-78","Source: George H.W. Bush Library, Bush Presidential Records, Brent Scowcroft Collection, Presidential Correspondence Files, Presidential Telcon Files, OA/ID 91112-006, Presidential Telephone Calls - Memorandum of Conversations 2/22/91 - 3/6/91. Declassified.","Source: George H.W. Bush Library, Bush Presidential Records, Brent Scowcroft Collection, Presidential Correspondence Files, Presidential Telcon Files, OA/ID 91112-006, Presidential Telephone Calls - Memorandum of Conversations 2/22/91 - 3/6/91. Declassified. Originally processed under FOIA 2009-0275-S. Project PDF begins with the PDF provenance sheet, followed by source pages 76-78. Digital source file: 41-bpr-scow-pcor-telcon-91112-006.pdf. Catalog: https://catalog.archives.gov/id/366551698.","Latin America; South America; Argentina; Brent Scowcroft Papers; Head-of-state memcons and telcons",documents/argentina/1991-03-04-bush-carlos-saul-menem-telcon-91112-006-p76-scowcroft.pdf,https://catalog.archives.gov/id/366551698,"[Presidential Daily Backup] 3/4/1991; [Presidential Daily Diary] 3/4/1991","https://s3.amazonaws.com/NARAprodstorage/lz/presidential-libraries/bush/gb-whasf/Presidential_Daily_Diary_186322/1991/41-bpr-apts_sch-dd-03_04_91-12850-014_415891147.pdf; https://s3.amazonaws.com/NARAprodstorage/lz/presidential-libraries/bush/gb-whasf/Presidential_Daily_Diary_186322/1991/41-bpr-apts_sch-dd-03_04_91-12850-013_415891146.pdf","https://catalog.archives.gov/id/415891147; https://catalog.archives.gov/id/415891146"
1,Argentina,1991-03-04,"March 4, 1991",Telcon,Memorandum of Telephone Conversation,"Telephone Conversation with President Menem of Argentina, March 4, 1991","George H. W. Bush; Carlos Menem",4,Full,Presidential Telcon Files,[Memorandum of Telephone Conversations (Telcons) - January 1991-April 1991]: March 1991,428081559,"Presidential Telcon Files; [Memorandum of Telephone Conversations (Telcons) - January 1991-April 1991]: March 1991","Source: George H.W. Bush Library, Bush Presidential Records, National Security Council, Presidential Telcon Files, [Memorandum of Telephone Conversations (Telcons) - January 1991-April 1991]: March 1991. Declassified.","Source: George H.W. Bush Presidential Library and Museum, Digital Research Room, ""Memcons and Telcons"" table (https://www.bush41library.gov/digital-research-room/about-textual-collections/memcons-and-telcons), row: Date 3/4/1991; Type Telcon; Participants Menem, Carlos; Country Argentina; Release Status Full; NAID 428081559. Priority collection for volume compilation: Latin American Directorate Chronological Files, NAID 2197972, https://catalog.archives.gov/id/2197972. National Archives Catalog item: Telephone Conversation with President Menem of Argentina, March 4, 1991, NAID 428081559. Collection: Records of the National Security Council (George H. W. Bush Administration), NAID 2163580. Series: Presidential Telcon Files, NAID 321498139. File unit: [Memorandum of Telephone Conversations (Telcons) - January 1991-April 1991]: March 1991, NAID 325592656. Digital object: 1991-03-04--Menem.pdf, object ID 428081560, URL https://s3.us-east-1.amazonaws.com/NARAprodstorage/lz/presidential-libraries/bush/gb-nsc/321498139/1991-03-04--Menem.pdf. Access restriction: Unrestricted.","Latin America; South America; Argentina; Bush Library Memcons and Telcons; Telcon",https://s3.us-east-1.amazonaws.com/NARAprodstorage/lz/presidential-libraries/bush/gb-nsc/321498139/1991-03-04--Menem.pdf,https://catalog.archives.gov/id/428081559,"[Presidential Daily Backup] 3/4/1991; [Presidential Daily Diary] 3/4/1991","https://s3.amazonaws.com/NARAprodstorage/lz/presidential-libraries/bush/gb-whasf/Presidential_Daily_Diary_186322/1991/41-bpr-apts_sch-dd-03_04_91-12850-014_415891147.pdf; https://s3.amazonaws.com/NARAprodstorage/lz/presidential-libraries/bush/gb-whasf/Presidential_Daily_Diary_186322/1991/41-bpr-apts_sch-dd-03_04_91-12850-013_415891146.pdf","https://catalog.archives.gov/id/415891147; https://catalog.archives.gov/id/415891146"
1,Argentina,1991-08-20,"August 20, 1991",Telcon,Memorandum of a Telephone Conversation,"Telcon with President Carlos Menem of Argentina on August 20, 1991 (JU)","George H. W. Bush; Carlos Saul Menem",2,Declassified,Scowcroft extract,91113-001,366551701,"Presidential Telephone Calls - Memorandum of Conversations 8/5/91 - 9/25/91; 41-bpr-scow-pcor-telcon-91113-001.pdf; source pages 44-45","Source: George H.W. Bush Library, Bush Presidential Records, Brent Scowcroft Collection, Presidential Correspondence Files, Presidential Telcon Files, OA/ID 91113-001, Presidential Telephone Calls - Memorandum of Conversations 8/5/91 - 9/25/91. Declassified.","Source: George H.W. Bush Library, Bush Presidential Records, Brent Scowcroft Collection, Presidential Correspondence Files, Presidential Telcon Files, OA/ID 91113-001, Presidential Telephone Calls - Memorandum of Conversations 8/5/91 - 9/25/91. Declassified. Originally processed under FOIA 2009-0275-S. Project PDF begins with the PDF provenance sheet, followed by source pages 44-45. Digital source file: 41-bpr-scow-pcor-telcon-91113-001.pdf. Catalog: https://catalog.archives.gov/id/366551701.","Latin America; South America; Argentina; Brent Scowcroft Papers; Head-of-state memcons and telcons",documents/argentina/1991-08-20-bush-carlos-saul-menem-telcon-91113-001-p44-scowcroft.pdf,https://catalog.archives.gov/id/366551701,"[Presidential Daily Backup] 8/20/1991; [Presidential Daily Diary] 8/20/1991","https://s3.amazonaws.com/NARAprodstorage/lz/presidential-libraries/bush/gb-whasf/Presidential_Daily_Diary_186322/1991/41-bpr-apts_sch-dd-08_20_91-12866-006_415891486.pdf; https://s3.amazonaws.com/NARAprodstorage/lz/presidential-libraries/bush/gb-whasf/Presidential_Daily_Diary_186322/1991/41-bpr-apts_sch-dd-08_20_91-12866-005_415891485.pdf","https://catalog.archives.gov/id/415891486; https://catalog.archives.gov/id/415891485"
1,Argentina,1991-08-20,"August 20, 1991",Telcon,Memorandum of Telephone Conversation,"Telcon with President Carlos Menem of Argentina on August 20, 1991","George H. W. Bush; Carlos Menem",3,Full,Presidential Telcon Files,[Memorandum of Telephone Conversations (Telcons) - May 1991-December 1991]: August 1991,428081839,"Presidential Telcon Files; [Memorandum of Telephone Conversations (Telcons) - May 1991-December 1991]: August 1991","Source: George H.W. Bush Library, Bush Presidential Records, National Security Council, Presidential Telcon Files, [Memorandum of Telephone Conversations (Telcons) - May 1991-December 1991]: August 1991. Declassified.","Source: George H.W. Bush Presidential Library and Museum, Digital Research Room, ""Memcons and Telcons"" table (https://www.bush41library.gov/digital-research-room/about-textual-collections/memcons-and-telcons), row: Date 8/20/1991; Type Telcon; Participants Menem, Carlos; Country Argentina; Release Status Full; NAID 428081839. Priority collection for volume compilation: Latin American Directorate Chronological Files, NAID 2197972, https://catalog.archives.gov/id/2197972. National Archives Catalog item: Telcon with President Carlos Menem of Argentina on August 20, 1991, NAID 428081839. Collection: Records of the National Security Council (George H. W. Bush Administration), NAID 2163580. Series: Presidential Telcon Files, NAID 321498139. File unit: [Memorandum of Telephone Conversations (Telcons) - May 1991-December 1991]: August 1991, NAID 325592661. Digital object: 1991-08-20--Menem.pdf, object ID 428081840, URL https://s3.us-east-1.amazonaws.com/NARAprodstorage/lz/presidential-libraries/bush/gb-nsc/321498139/1991-08-20--Menem.pdf. Access restriction: Unrestricted.","Latin America; South America; Argentina; Bush Library Memcons and Telcons; Telcon",https://s3.us-east-1.amazonaws.com/NARAprodstorage/lz/presidential-libraries/bush/gb-nsc/321498139/1991-08-20--Menem.pdf,https://catalog.archives.gov/id/428081839,"[Presidential Daily Backup] 8/20/1991; [Presidential Daily Diary] 8/20/1991","https://s3.amazonaws.com/NARAprodstorage/lz/presidential-libraries/bush/gb-whasf/Presidential_Daily_Diary_186322/1991/41-bpr-apts_sch-dd-08_20_91-12866-006_415891486.pdf; https://s3.amazonaws.com/NARAprodstorage/lz/presidential-libraries/bush/gb-whasf/Presidential_Daily_Diary_186322/1991/41-bpr-apts_sch-dd-08_20_91-12866-005_415891485.pdf","https://catalog.archives.gov/id/415891486; https://catalog.archives.gov/id/415891485"
1,Argentina,1991-11-14,"November 14, 1991",Memcon,Memorandum of Conversation,"Meeting with Carlos Menem, President of Argentina, November 14, 1991","George H. W. Bush; Carlos Menem",5,Full,Presidential Memcon Files,[Memorandum of Conversations (Memcons)-July 1991-December 1991]: November 1991,428082023,"Presidential Memcon Files; [Memorandum of Conversations (Memcons)-July 1991-December 1991]: November 1991","Source: George H.W. Bush Library, Bush Presidential Records, National Security Council, Presidential Memcon Files, [Memorandum of Conversations (Memcons)-July 1991-December 1991]: November 1991. Declassified.","Source: George H.W. Bush Presidential Library and Museum, Digital Research Room, ""Memcons and Telcons"" table (https://www.bush41library.gov/digital-research-room/about-textual-collections/memcons-and-telcons), row: Date 11/14/1991; Type Memcon; Participants Menem, Carlos; Country Argentina; Release Status Full; NAID 428082023. Priority collection for volume compilation: Latin American Directorate Chronological Files, NAID 2197972, https://catalog.archives.gov/id/2197972. National Archives Catalog item: Meeting with Carlos Menem, President of Argentina, November 14, 1991, NAID 428082023. Collection: Records of the National Security Council (George H. W. Bush Administration), NAID 2163580. Series: Presidential Memcon Files, NAID 321498039. File unit: [Memorandum of Conversations (Memcons)-July 1991-December 1991]: November 1991, NAID 325542560. Digital object: 1991-11-14--Menem.pdf, object ID 428082024, URL https://s3.us-east-1.amazonaws.com/NARAprodstorage/lz/presidential-libraries/bush/gb-nsc/321498039/1991-11-14--Menem.pdf. Access restriction: Unrestricted.","Latin America; South America; Argentina; Bush Library Memcons and Telcons; Memcon",https://s3.us-east-1.amazonaws.com/NARAprodstorage/lz/presidential-libraries/bush/gb-nsc/321498039/1991-11-14--Menem.pdf,https://catalog.archives.gov/id/428082023,"[Presidential Daily Backup] 11/14/1991; [Presidential Daily Diary] 11/14/1991","https://s3.amazonaws.com/NARAprodstorage/lz/presidential-libraries/bush/gb-whasf/Presidential_Daily_Diary_186322/1991/41-bpr-apts_sch-dd-11_14_91-12873-013_415891661.pdf; https://s3.amazonaws.com/NARAprodstorage/lz/presidential-libraries/bush/gb-whasf/Presidential_Daily_Diary_186322/1991/41-bpr-apts_sch-dd-11_14_91-12873-012_415891660.pdf","https://catalog.archives.gov/id/415891661; https://catalog.archives.gov/id/415891660"
1,Argentina,1992-01-16,"January 16, 1992",Telcon,Memorandum of Telephone Conversation,"Telcon with President Carlos Saul Menem of Argentina on January 16, 1992","George H. W. Bush; Carlos Menem",3,Full,Presidential Telcon Files,[Memorandum of Telephone Conversations (Telcons) - January 1992-June 1992]: January 1992,428082119,"Presidential Telcon Files; [Memorandum of Telephone Conversations (Telcons) - January 1992-June 1992]: January 1992","Source: George H.W. Bush Library, Bush Presidential Records, National Security Council, Presidential Telcon Files, [Memorandum of Telephone Conversations (Telcons) - January 1992-June 1992]: January 1992. Declassified.","Source: George H.W. Bush Presidential Library and Museum, Digital Research Room, ""Memcons and Telcons"" table (https://www.bush41library.gov/digital-research-room/about-textual-collections/memcons-and-telcons), row: Date 1/16/1992; Type Telcon; Participants Menem, Carlos; Country Argentina; Release Status Full; NAID 428082119. Priority collection for volume compilation: Latin American Directorate Chronological Files, NAID 2197972, https://catalog.archives.gov/id/2197972. National Archives Catalog item: Telcon with President Carlos Saul Menem of Argentina on January 16, 1992, NAID 428082119. Collection: Records of the National Security Council (George H. W. Bush Administration), NAID 2163580. Series: Presidential Telcon Files, NAID 321498139. File unit: [Memorandum of Telephone Conversations (Telcons) - January 1992-June 1992]: January 1992, NAID 325592758. Digital object: 1992-01-16--Menem.pdf, object ID 428082120, URL https://s3.us-east-1.amazonaws.com/NARAprodstorage/lz/presidential-libraries/bush/gb-nsc/321498139/1992-01-16--Menem.pdf. Access restriction: Unrestricted.","Latin America; South America; Argentina; Bush Library Memcons and Telcons; Telcon",https://s3.us-east-1.amazonaws.com/NARAprodstorage/lz/presidential-libraries/bush/gb-nsc/321498139/1992-01-16--Menem.pdf,https://catalog.archives.gov/id/428082119,"[Presidential Daily Backup] 1/16/1992; [Presidential Daily Diary] 1/16/1992","https://s3.dualstack.us-east-1.amazonaws.com/NARAprodstorage/lz/presidential-libraries/bush/gb-whasf/Presidential_Daily_Diary_186322/1992/41-bpr-apts_sch-dd-01_16_92-12878-016_415891788.pdf; https://s3.dualstack.us-east-1.amazonaws.com/NARAprodstorage/lz/presidential-libraries/bush/gb-whasf/Presidential_Daily_Diary_186322/1992/41-bpr-apts_sch-dd-01_16_92-12878-015_415891787.pdf","https://catalog.archives.gov/id/415891788; https://catalog.archives.gov/id/415891787"
1,Argentina,1992-04-07,"April 7, 1992",Telcon,Memorandum of Telephone Conversation,"Telcon with President Carlos Menem of Argentina on April 71 1992, April 7, 1992","George H. W. Bush; Carlos Menem",3,Partial,Presidential Telcon Files,[Memorandum of Telephone Conversations (Telcons) - January 1992-June 1992]: April 1992,428082165,"Presidential Telcon Files; [Memorandum of Telephone Conversations (Telcons) - January 1992-June 1992]: April 1992","Source: George H.W. Bush Library, Bush Presidential Records, National Security Council, Presidential Telcon Files, [Memorandum of Telephone Conversations (Telcons) - January 1992-June 1992]: April 1992. Declassified; partial release: Partial.","Source: George H.W. Bush Presidential Library and Museum, Digital Research Room, ""Memcons and Telcons"" table (https://www.bush41library.gov/digital-research-room/about-textual-collections/memcons-and-telcons), row: Date 4/7/1992; Type Telcon; Participants Menem, Carlos; Country Argentina; Release Status Partial; NAID 428082165. Priority collection for volume compilation: Latin American Directorate Chronological Files, NAID 2197972, https://catalog.archives.gov/id/2197972. National Archives Catalog item: Telcon with President Carlos Menem of Argentina on April 71 1992, April 7, 1992, NAID 428082165. Collection: Records of the National Security Council (George H. W. Bush Administration), NAID 2163580. Series: Presidential Telcon Files, NAID 321498139. File unit: [Memorandum of Telephone Conversations (Telcons) - January 1992-June 1992]: April 1992, NAID 325592762. Digital object: 1992-04-07--Menem.pdf, object ID 428082166, URL https://s3.us-east-1.amazonaws.com/NARAprodstorage/lz/presidential-libraries/bush/gb-nsc/321498139/1992-04-07--Menem.pdf. Access restriction: Restricted - Partly.","Latin America; South America; Argentina; Bush Library Memcons and Telcons; Telcon",https://s3.us-east-1.amazonaws.com/NARAprodstorage/lz/presidential-libraries/bush/gb-nsc/321498139/1992-04-07--Menem.pdf,https://catalog.archives.gov/id/428082165,"[Presidential Daily Backup] 4/7/1992; [Presidential Daily Diary] 4/7/1992","https://s3.dualstack.us-east-1.amazonaws.com/NARAprodstorage/lz/presidential-libraries/bush/gb-whasf/Presidential_Daily_Diary_186322/1992/41-bpr-apts_sch-dd-04_07_92-12886-006_415891953.pdf; https://s3.dualstack.us-east-1.amazonaws.com/NARAprodstorage/lz/presidential-libraries/bush/gb-whasf/Presidential_Daily_Diary_186322/1992/41-bpr-apts_sch-dd-04_07_92-12886-005_415891952.pdf","https://catalog.archives.gov/id/415891953; https://catalog.archives.gov/id/415891952"
1,Argentina,1992-10-31,"October 31, 1992",Telcon,Memorandum of a Telephone Conversation,"Telcon with Carlos Menem President of Argentina on October 31, 1992 ()","George H. W. Bush; Carlos Saul Menem",2,Declassified,Scowcroft extract,91113-005,366551705,"Presidential Telephone Calls - Memorandum of Conversations 7/10/92 - 11/5/92; 41-bpr-scow-pcor-telcon-91113-005.pdf; source pages 70-71","Source: George H.W. Bush Library, Bush Presidential Records, Brent Scowcroft Collection, Presidential Correspondence Files, Presidential Telcon Files, OA/ID 91113-005, Presidential Telephone Calls - Memorandum of Conversations 7/10/92 - 11/5/92. Declassified.","Source: George H.W. Bush Library, Bush Presidential Records, Brent Scowcroft Collection, Presidential Correspondence Files, Presidential Telcon Files, OA/ID 91113-005, Presidential Telephone Calls - Memorandum of Conversations 7/10/92 - 11/5/92. Declassified. Originally processed under FOIA 2009-0275-S. Project PDF begins with the PDF provenance sheet, followed by source pages 70-71. Digital source file: 41-bpr-scow-pcor-telcon-91113-005.pdf. Catalog: https://catalog.archives.gov/id/366551705.","Latin America; South America; Argentina; Brent Scowcroft Papers; Head-of-state memcons and telcons",documents/argentina/1992-10-31-bush-carlos-saul-menem-telcon-91113-005-p70-scowcroft.pdf,https://catalog.archives.gov/id/366551705,"[Presidential Daily Backup] 10/31/1992; [Presidential Daily Diary] 10/31/1992","https://s3.dualstack.us-east-1.amazonaws.com/NARAprodstorage/lz/presidential-libraries/bush/gb-whasf/Presidential_Daily_Diary_186322/1992/41-bpr-apts_sch-dd-10_31_92-26862-002_415892371.pdf; https://s3.dualstack.us-east-1.amazonaws.com/NARAprodstorage/lz/presidential-libraries/bush/gb-whasf/Presidential_Daily_Diary_186322/1992/41-bpr-apts_sch-dd-10_31_92-26862-001_415892370.pdf","https://catalog.archives.gov/id/415892371; https://catalog.archives.gov/id/415892370"
1,Argentina,1992-11-05,"November 5, 1992",Telcon,Memorandum of a Telephone Conversation,"Telcon with Carlos Saul Menem of Argentina on November 5, 1992","George H. W. Bush; Carlos Saul Menem",2,Declassified,Scowcroft extract,91113-005,366551705,"Presidential Telephone Calls - Memorandum of Conversations 7/10/92 - 11/5/92; 41-bpr-scow-pcor-telcon-91113-005.pdf; source pages 83-84","Source: George H.W. Bush Library, Bush Presidential Records, Brent Scowcroft Collection, Presidential Correspondence Files, Presidential Telcon Files, OA/ID 91113-005, Presidential Telephone Calls - Memorandum of Conversations 7/10/92 - 11/5/92. Declassified.","Source: George H.W. Bush Library, Bush Presidential Records, Brent Scowcroft Collection, Presidential Correspondence Files, Presidential Telcon Files, OA/ID 91113-005, Presidential Telephone Calls - Memorandum of Conversations 7/10/92 - 11/5/92. Declassified. Originally processed under FOIA 2009-0275-S. Project PDF begins with the PDF provenance sheet, followed by source pages 83-84. Digital source file: 41-bpr-scow-pcor-telcon-91113-005.pdf. Catalog: https://catalog.archives.gov/id/366551705.","Latin America; South America; Argentina; Brent Scowcroft Papers; Head-of-state memcons and telcons",documents/argentina/1992-11-05-bush-carlos-saul-menem-telcon-91113-005-p83-scowcroft.pdf,https://catalog.archives.gov/id/366551705,"[Presidential Daily Backup] 11/5/1992; [Presidential Daily Diary] 11/5/1992","https://s3.dualstack.us-east-1.amazonaws.com/NARAprodstorage/lz/presidential-libraries/bush/gb-whasf/Presidential_Daily_Diary_186322/1992/41-bpr-apts_sch-dd-11_05_92-26862-012_415892381.pdf; https://s3.dualstack.us-east-1.amazonaws.com/NARAprodstorage/lz/presidential-libraries/bush/gb-whasf/Presidential_Daily_Diary_186322/1992/41-bpr-apts_sch-dd-11_05_92-26862-011_415892380.pdf","https://catalog.archives.gov/id/415892381; https://catalog.archives.gov/id/415892380"
1,Argentina,1992-11-05,"November 5, 1992",Telcon,Memorandum of Telephone Conversation,"Telcon with Carlos Saul Menem of Argentina on November 5, 1992","George H. W. Bush; Carlos Menem",3,Full,Presidential Telcon Files,[Memorandum of Telephone Conversations (Telcons) - July 1992-January 1993]: November 1992,428082357,"Presidential Telcon Files; [Memorandum of Telephone Conversations (Telcons) - July 1992-January 1993]: November 1992","Source: George H.W. Bush Library, Bush Presidential Records, National Security Council, Presidential Telcon Files, [Memorandum of Telephone Conversations (Telcons) - July 1992-January 1993]: November 1992. Declassified.","Source: George H.W. Bush Presidential Library and Museum, Digital Research Room, ""Memcons and Telcons"" table (https://www.bush41library.gov/digital-research-room/about-textual-collections/memcons-and-telcons), row: Date 11/5/1992; Type Telcon; Participants Menem, Carlos; Country Argentina; Release Status Full; NAID 428082357. Priority collection for volume compilation: Latin American Directorate Chronological Files, NAID 2197972, https://catalog.archives.gov/id/2197972. National Archives Catalog item: Telcon with Carlos Saul Menem of Argentina on November 5, 1992, NAID 428082357. Collection: Records of the National Security Council (George H. W. Bush Administration), NAID 2163580. Series: Presidential Telcon Files, NAID 321498139. File unit: [Memorandum of Telephone Conversations (Telcons) - July 1992-January 1993]: November 1992, NAID 325592778. Digital object: 1992-11-05--Menem.pdf, object ID 428082358, URL https://s3.us-east-1.amazonaws.com/NARAprodstorage/lz/presidential-libraries/bush/gb-nsc/321498139/1992-11-05--Menem.pdf. Access restriction: Unrestricted.","Latin America; South America; Argentina; Bush Library Memcons and Telcons; Telcon",https://s3.us-east-1.amazonaws.com/NARAprodstorage/lz/presidential-libraries/bush/gb-nsc/321498139/1992-11-05--Menem.pdf,https://catalog.archives.gov/id/428082357,"[Presidential Daily Backup] 11/5/1992; [Presidential Daily Diary] 11/5/1992","https://s3.dualstack.us-east-1.amazonaws.com/NARAprodstorage/lz/presidential-libraries/bush/gb-whasf/Presidential_Daily_Diary_186322/1992/41-bpr-apts_sch-dd-11_05_92-26862-012_415892381.pdf; https://s3.dualstack.us-east-1.amazonaws.com/NARAprodstorage/lz/presidential-libraries/bush/gb-whasf/Presidential_Daily_Diary_186322/1992/41-bpr-apts_sch-dd-11_05_92-26862-011_415892380.pdf","https://catalog.archives.gov/id/415892381; https://catalog.archives.gov/id/415892380"
1,Argentina,1992-12-01,"December 1, 1992",Telcon,Memorandum of a Telephone Conversation,"Telcon with President Carlos Menem of Argentina on December 1, 1992 (D)","George H. W. Bush; Carlos Saul Menem",3,Declassified,Scowcroft extract,91113-006,366551706,"Presidential Telephone Calls - Memorandum of Conversations 11/5/92 - 1/2/93; 41-bpr-scow-pcor-telcon-91113-006.pdf; source pages 34-36","Source: George H.W. Bush Library, Bush Presidential Records, Brent Scowcroft Collection, Presidential Correspondence Files, Presidential Telcon Files, OA/ID 91113-006, Presidential Telephone Calls - Memorandum of Conversations 11/5/92 - 1/2/93. Declassified.","Source: George H.W. Bush Library, Bush Presidential Records, Brent Scowcroft Collection, Presidential Correspondence Files, Presidential Telcon Files, OA/ID 91113-006, Presidential Telephone Calls - Memorandum of Conversations 11/5/92 - 1/2/93. Declassified. Originally processed under FOIA 2009-0275-S. Project PDF begins with the PDF provenance sheet, followed by source pages 34-36. Digital source file: 41-bpr-scow-pcor-telcon-91113-006.pdf. Catalog: https://catalog.archives.gov/id/366551706.","Latin America; South America; Argentina; Brent Scowcroft Papers; Head-of-state memcons and telcons",documents/argentina/1992-12-01-bush-carlos-saul-menem-telcon-91113-006-p34-scowcroft.pdf,https://catalog.archives.gov/id/366551706,"[Presidential Daily Backup] 12/01/1992; [Presidential Daily Diary] 12/01/1992","https://s3.dualstack.us-east-1.amazonaws.com/NARAprodstorage/lz/presidential-libraries/bush/gb-whasf/Presidential_Daily_Diary_186322/1992/41-bpr-apts_sch-dd-12_01_92-26863-032_415892433.pdf; https://s3.dualstack.us-east-1.amazonaws.com/NARAprodstorage/lz/presidential-libraries/bush/gb-whasf/Presidential_Daily_Diary_186322/1992/41-bpr-apts_sch-dd-12_01_92-26863-031_415892432.pdf","https://catalog.archives.gov/id/415892433; https://catalog.archives.gov/id/415892432"
1,Argentina,1992-12-01,"December 1, 1992",Telcon,Memorandum of Telephone Conversation,"Telcon with President Carlos Menem of Argentina on December 1, 1992","George H. W. Bush; Carlos Menem",4,Full,Presidential Telcon Files,[Memorandum of Telephone Conversations (Telcons) - July 1992-January 1993]: December 1992,428082385,"Presidential Telcon Files; [Memorandum of Telephone Conversations (Telcons) - July 1992-January 1993]: December 1992","Source: George H.W. Bush Library, Bush Presidential Records, National Security Council, Presidential Telcon Files, [Memorandum of Telephone Conversations (Telcons) - July 1992-January 1993]: December 1992. Declassified.","Source: George H.W. Bush Presidential Library and Museum, Digital Research Room, ""Memcons and Telcons"" table (https://www.bush41library.gov/digital-research-room/about-textual-collections/memcons-and-telcons), row: Date 12/1/1992; Type Telcon; Participants Menem, Carlos; Country Argentina; Release Status Full; NAID 428082385. Priority collection for volume compilation: Latin American Directorate Chronological Files, NAID 2197972, https://catalog.archives.gov/id/2197972. National Archives Catalog item: Telcon with President Carlos Menem of Argentina on December 1, 1992, NAID 428082385. Collection: Records of the National Security Council (George H. W. Bush Administration), NAID 2163580. Series: Presidential Telcon Files, NAID 321498139. File unit: [Memorandum of Telephone Conversations (Telcons) - July 1992-January 1993]: December 1992, NAID 325592783. Digital object: 1992-12-01--Menem.pdf, object ID 428082386, URL https://s3.us-east-1.amazonaws.com/NARAprodstorage/lz/presidential-libraries/bush/gb-nsc/321498139/1992-12-01--Menem.pdf. Access restriction: Unrestricted.","Latin America; South America; Argentina; Bush Library Memcons and Telcons; Telcon",https://s3.us-east-1.amazonaws.com/NARAprodstorage/lz/presidential-libraries/bush/gb-nsc/321498139/1992-12-01--Menem.pdf,https://catalog.archives.gov/id/428082385,"[Presidential Daily Backup] 12/01/1992; [Presidential Daily Diary] 12/01/1992","https://s3.dualstack.us-east-1.amazonaws.com/NARAprodstorage/lz/presidential-libraries/bush/gb-whasf/Presidential_Daily_Diary_186322/1992/41-bpr-apts_sch-dd-12_01_92-26863-032_415892433.pdf; https://s3.dualstack.us-east-1.amazonaws.com/NARAprodstorage/lz/presidential-libraries/bush/gb-whasf/Presidential_Daily_Diary_186322/1992/41-bpr-apts_sch-dd-12_01_92-26863-031_415892432.pdf","https://catalog.archives.gov/id/415892433; https://catalog.archives.gov/id/415892432"
2,Bolivia,1989-07-07,"July 7, 1989",Telcon,Memorandum of Telephone Conversation,"Telephone Conversation with Victor Paz Estenssoro of Bolivia, July 7, 1989","George H. W. Bush; Victor Paz Estenssoro",3,Full,Presidential Telcon Files,[Memorandum of Telephone Conversations (Telcons) - January 1989-July 1989]: July 1989,428080119,"Presidential Telcon Files; [Memorandum of Telephone Conversations (Telcons) - January 1989-July 1989]: July 1989","Source: George H.W. Bush Library, Bush Presidential Records, National Security Council, Presidential Telcon Files, [Memorandum of Telephone Conversations (Telcons) - January 1989-July 1989]: July 1989. Declassified.","Source: George H.W. Bush Presidential Library and Museum, Digital Research Room, ""Memcons and Telcons"" table (https://www.bush41library.gov/digital-research-room/about-textual-collections/memcons-and-telcons), row: Date 7/7/1989; Type Telcon; Participants Estenssoro, Victor Paz; Country Bolivia; Release Status Full; NAID 428080119. Priority collection for volume compilation: Latin American Directorate Chronological Files, NAID 2197972, https://catalog.archives.gov/id/2197972. National Archives Catalog item: Telephone Conversation with Victor Paz Estenssoro of Bolivia, July 7, 1989, NAID 428080119. Collection: Records of the National Security Council (George H. W. Bush Administration), NAID 2163580. Series: Presidential Telcon Files, NAID 321498139. File unit: [Memorandum of Telephone Conversations (Telcons) - January 1989-July 1989]: July 1989, NAID 325592634. Digital object: 1989-07-07--Estenssoro.pdf, object ID 428080120, URL https://s3.us-east-1.amazonaws.com/NARAprodstorage/lz/presidential-libraries/bush/gb-nsc/321498139/1989-07-07--Estenssoro.pdf. Access restriction: Unrestricted.","Latin America; South America; Bolivia; Bush Library Memcons and Telcons; Telcon",https://s3.us-east-1.amazonaws.com/NARAprodstorage/lz/presidential-libraries/bush/gb-nsc/321498139/1989-07-07--Estenssoro.pdf,https://catalog.archives.gov/id/428080119,"[Presidential Daily Backup] 7/7/1989; [Presidential Daily Diary] 7/7/1989","https://s3.amazonaws.com/NARAprodstorage/lz/presidential-libraries/bush/gb-whasf/Presidential_Daily_Diary_186322/1989/41-bpr-apts_sch-dd-07_07_89-12801-016_415889935.pdf; https://s3.amazonaws.com/NARAprodstorage/lz/presidential-libraries/bush/gb-whasf/Presidential_Daily_Diary_186322/1989/41-bpr-apts_sch-dd-07_07_89-12801-015_415889934.pdf","https://catalog.archives.gov/id/415889935; https://catalog.archives.gov/id/415889934"
2,Bolivia,1990-02-15,"February 15, 1990",Memcon,Memorandum of Conversation,Cartagena Drug Summit,"George H. W. Bush; Jaime Paz Zamora",7,Declassified,Scowcroft extract,91107-007,366551666,"Presidential Meetings - Memorandum of Conversations 1/11/90 - 2/21/90; 41-bpr-scow-pcor-memcon-91107-007.pdf; source pages 73-79","Source: George H.W. Bush Library, Bush Presidential Records, Brent Scowcroft Collection, Presidential Correspondence Files, Presidential Memcons Files, OA/ID 91107-007, Presidential Meetings - Memorandum of Conversations 1/11/90 - 2/21/90. Declassified.","Source: George H.W. Bush Library, Bush Presidential Records, Brent Scowcroft Collection, Presidential Correspondence Files, Presidential Memcons Files, OA/ID 91107-007, Presidential Meetings - Memorandum of Conversations 1/11/90 - 2/21/90. Declassified. Originally processed under FOIA 2009-0275-S. Project PDF begins with the PDF provenance sheet, followed by source pages 73-79. Digital source file: 41-bpr-scow-pcor-memcon-91107-007.pdf. Catalog: https://catalog.archives.gov/id/366551666.","Latin America; South America; Bolivia; Brent Scowcroft Papers; Head-of-state memcons and telcons",documents/bolivia/1990-02-15-bush-jaime-paz-zamora-memcon-91107-007-p73-scowcroft.pdf,https://catalog.archives.gov/id/366551666,"[Presidential Daily Backup] 2/15/1990; [Presidential Daily Diary] 2/15/1990","https://s3.amazonaws.com/NARAprodstorage/lz/presidential-libraries/bush/gb-whasf/Presidential_Daily_Diary_186322/1990/41-bpr-apts_sch-dd-02_15_90-12818-010_415890381.pdf; https://s3.amazonaws.com/NARAprodstorage/lz/presidential-libraries/bush/gb-whasf/Presidential_Daily_Diary_186322/1990/41-bpr-apts_sch-dd-02_15_90-12818-009_415890380.pdf","https://catalog.archives.gov/id/415890381; https://catalog.archives.gov/id/415890380"
2,Bolivia,1990-05-08,"May 8, 1990",Memcon,Memorandum of Conversation,"Meetihg with President Jaime Paz Zamora of Bolivia, May 8, 1990 (2 of 2)","George H. W. Bush; Jaime Paz Zamora",6,Partial,Presidential Memcon Files,[Memorandum of Conversations (Memcons)-January 1990-June 1990]: May 1990,428080687,"Presidential Memcon Files; [Memorandum of Conversations (Memcons)-January 1990-June 1990]: May 1990","Source: George H.W. Bush Library, Bush Presidential Records, National Security Council, Presidential Memcon Files, [Memorandum of Conversations (Memcons)-January 1990-June 1990]: May 1990. Declassified; partial release: Partial.","Source: George H.W. Bush Presidential Library and Museum, Digital Research Room, ""Memcons and Telcons"" table (https://www.bush41library.gov/digital-research-room/about-textual-collections/memcons-and-telcons), row: Date 5/8/1990; Type Memcon; Participants Zamora, Jaime Paz; Country Bolivia; Release Status Partial; NAID 428080687. Priority collection for volume compilation: Latin American Directorate Chronological Files, NAID 2197972, https://catalog.archives.gov/id/2197972. National Archives Catalog item: Meetihg with President Jaime Paz Zamora of Bolivia, May 8, 1990 (2 of 2), NAID 428080687. Collection: Records of the National Security Council (George H. W. Bush Administration), NAID 2163580. Series: Presidential Memcon Files, NAID 321498039. File unit: [Memorandum of Conversations (Memcons)-January 1990-June 1990]: May 1990, NAID 325541470. Digital object: 1990-05-08--Zamora-2.pdf, object ID 428080688, URL https://s3.us-east-1.amazonaws.com/NARAprodstorage/lz/presidential-libraries/bush/gb-nsc/321498039/1990-05-08--Zamora-2.pdf. Access restriction: Restricted - Partly.","Latin America; South America; Bolivia; Bush Library Memcons and Telcons; Memcon",https://s3.us-east-1.amazonaws.com/NARAprodstorage/lz/presidential-libraries/bush/gb-nsc/321498039/1990-05-08--Zamora-2.pdf,https://catalog.archives.gov/id/428080687,"[Presidential Daily Backup] 5/8/1990; [Presidential Daily Diary] 5/8/1990","https://s3.amazonaws.com/NARAprodstorage/lz/presidential-libraries/bush/gb-whasf/Presidential_Daily_Diary_186322/1990/41-bpr-apts_sch-dd-05_08_90-12826-010_415890545.pdf; https://s3.amazonaws.com/NARAprodstorage/lz/presidential-libraries/bush/gb-whasf/Presidential_Daily_Diary_186322/1990/41-bpr-apts_sch-dd-05_08_90-12826-009_415890544.pdf","https://catalog.archives.gov/id/415890545; https://catalog.archives.gov/id/415890544"
2,Bolivia,1990-05-08,"May 8, 1990",Memcon,Memorandum of Conversation,"Meeting with President Jaime Paz Zamora of Bolivia, May 8, 1990 (1 of 2)","George H. W. Bush; Jaime Paz Zamora",5,Full,Presidential Memcon Files,[Memorandum of Conversations (Memcons)-January 1990-June 1990]: May 1990,428080685,"Presidential Memcon Files; [Memorandum of Conversations (Memcons)-January 1990-June 1990]: May 1990","Source: George H.W. Bush Library, Bush Presidential Records, National Security Council, Presidential Memcon Files, [Memorandum of Conversations (Memcons)-January 1990-June 1990]: May 1990. Declassified.","Source: George H.W. Bush Presidential Library and Museum, Digital Research Room, ""Memcons and Telcons"" table (https://www.bush41library.gov/digital-research-room/about-textual-collections/memcons-and-telcons), row: Date 5/8/1990; Type Memcon; Participants Zamora, Jaime Paz; Country Bolivia; Release Status Full; NAID 428080685. Priority collection for volume compilation: Latin American Directorate Chronological Files, NAID 2197972, https://catalog.archives.gov/id/2197972. National Archives Catalog item: Meeting with President Jaime Paz Zamora of Bolivia, May 8, 1990 (1 of 2), NAID 428080685. Collection: Records of the National Security Council (George H. W. Bush Administration), NAID 2163580. Series: Presidential Memcon Files, NAID 321498039. File unit: [Memorandum of Conversations (Memcons)-January 1990-June 1990]: May 1990, NAID 325541470. Digital object: 1990-05-08--Zamora-1.pdf, object ID 428080686, URL https://s3.us-east-1.amazonaws.com/NARAprodstorage/lz/presidential-libraries/bush/gb-nsc/321498039/1990-05-08--Zamora-1.pdf. Access restriction: Unrestricted.","Latin America; South America; Bolivia; Bush Library Memcons and Telcons; Memcon",https://s3.us-east-1.amazonaws.com/NARAprodstorage/lz/presidential-libraries/bush/gb-nsc/321498039/1990-05-08--Zamora-1.pdf,https://catalog.archives.gov/id/428080685,"[Presidential Daily Backup] 5/8/1990; [Presidential Daily Diary] 5/8/1990","https://s3.amazonaws.com/NARAprodstorage/lz/presidential-libraries/bush/gb-whasf/Presidential_Daily_Diary_186322/1990/41-bpr-apts_sch-dd-05_08_90-12826-010_415890545.pdf; https://s3.amazonaws.com/NARAprodstorage/lz/presidential-libraries/bush/gb-whasf/Presidential_Daily_Diary_186322/1990/41-bpr-apts_sch-dd-05_08_90-12826-009_415890544.pdf","https://catalog.archives.gov/id/415890545; https://catalog.archives.gov/id/415890544"
3,Brazil,1989-02-25,"February 25, 1989",Memcon,Memorandum of Conversation,"President's Meeting with President Jose Sarney of Brazil, February 25, 1989","George H. W. Bush; Jose Sarney",5,Full,Presidential Memcon Files,[Memorandum of Conversations (Memcons)-January 1989-May 1989]: February 1989,428079873,"Presidential Memcon Files; [Memorandum of Conversations (Memcons)-January 1989-May 1989]: February 1989","Source: George H.W. Bush Library, Bush Presidential Records, National Security Council, Presidential Memcon Files, [Memorandum of Conversations (Memcons)-January 1989-May 1989]: February 1989. Declassified.","Source: George H.W. Bush Presidential Library and Museum, Digital Research Room, ""Memcons and Telcons"" table (https://www.bush41library.gov/digital-research-room/about-textual-collections/memcons-and-telcons), row: Date 2/25/1989; Type Memcon; Participants Sarney, Jose; Country Brazil; Release Status Full; NAID 428079873. Priority collection for volume compilation: Latin American Directorate Chronological Files, NAID 2197972, https://catalog.archives.gov/id/2197972. National Archives Catalog item: President's Meeting with President Jose Sarney of Brazil, February 25, 1989, NAID 428079873. Collection: Records of the National Security Council (George H. W. Bush Administration), NAID 2163580. Series: Presidential Memcon Files, NAID 321498039. File unit: [Memorandum of Conversations (Memcons)-January 1989-May 1989]: February 1989, NAID 325377380. Digital object: 1989-02-25--Sarney.pdf, object ID 428079874, URL https://s3.us-east-1.amazonaws.com/NARAprodstorage/lz/presidential-libraries/bush/gb-nsc/321498039/1989-02-25--Sarney.pdf. Access restriction: Unrestricted. Deduped local provenance: Brent Scowcroft Papers, Presidential Correspondence Files, NAID 366551660, 91107-001, source pages 92-95.","Latin America; South America; Brazil; Bush Library Memcons and Telcons; Memcon",https://s3.us-east-1.amazonaws.com/NARAprodstorage/lz/presidential-libraries/bush/gb-nsc/321498039/1989-02-25--Sarney.pdf,https://catalog.archives.gov/id/428079873,"[Presidential Daily Backup] 2/25/1989; [Presidential Daily Diary] 2/25/1989 [EMPTY]","https://s3.amazonaws.com/NARAprodstorage/lz/presidential-libraries/bush/gb-whasf/Presidential_Daily_Diary_186322/1989/41-bpr-apts_sch-dd-02_25_89-12791-018_415889671.pdf; https://s3.amazonaws.com/NARAprodstorage/lz/presidential-libraries/bush/gb-whasf/Presidential_Daily_Diary_186322/1989/41-bpr-apts_sch-dd-02_25_89-12791-017_415889670.pdf","https://catalog.archives.gov/id/415889671; https://catalog.archives.gov/id/415889670"
3,Brazil,1989-05-17,"May 17, 1989",Telcon,Memorandum of Telephone Conversation,"Telcon with President Sarney of Brazil, May 17, 1989","George H. W. Bush; Jose Sarney",4,Full,Presidential Telcon Files,[Memorandum of Telephone Conversations (Telcons) - January 1989-July 1989]: May 1989,428082459,"Presidential Telcon Files; [Memorandum of Telephone Conversations (Telcons) - January 1989-July 1989]: May 1989","Source: George H.W. Bush Library, Bush Presidential Records, National Security Council, Presidential Telcon Files, [Memorandum of Telephone Conversations (Telcons) - January 1989-July 1989]: May 1989. Declassified.","Source: George H.W. Bush Presidential Library and Museum, Digital Research Room, ""Memcons and Telcons"" table (https://www.bush41library.gov/digital-research-room/about-textual-collections/memcons-and-telcons), row: Date 5/17/1989; Type Telcon; Participants Sarney, Jose; Country Brazil; Release Status Full; NAID 428082459. Priority collection for volume compilation: Latin American Directorate Chronological Files, NAID 2197972, https://catalog.archives.gov/id/2197972. National Archives Catalog item: Telcon with President Sarney of Brazil, May 17, 1989, NAID 428082459. Collection: Records of the National Security Council (George H. W. Bush Administration), NAID 2163580. Series: Presidential Telcon Files, NAID 321498139. File unit: [Memorandum of Telephone Conversations (Telcons) - January 1989-July 1989]: May 1989, NAID 325592632. Digital object: 1989-05-17--Sarney.pdf, object ID 428082460, URL https://s3.us-east-1.amazonaws.com/NARAprodstorage/lz/presidential-libraries/bush/gb-nsc/321498139/1989-05-17--Sarney.pdf. Access restriction: Unrestricted. Deduped local provenance: Brent Scowcroft Papers, Presidential Correspondence Files, NAID 366551687, 91111-002, source pages 41-43.","Latin America; South America; Brazil; Bush Library Memcons and Telcons; Telcon",https://s3.us-east-1.amazonaws.com/NARAprodstorage/lz/presidential-libraries/bush/gb-nsc/321498139/1989-05-17--Sarney.pdf,https://catalog.archives.gov/id/428082459,"[Presidential Daily Backup] 5/17/1989; [Presidential Daily Diary] 5/17/1989","https://s3.amazonaws.com/NARAprodstorage/lz/presidential-libraries/bush/gb-whasf/Presidential_Daily_Diary_186322/1989/41-bpr-apts_sch-dd-05_17_89-12797-006_415889833.pdf; https://s3.amazonaws.com/NARAprodstorage/lz/presidential-libraries/bush/gb-whasf/Presidential_Daily_Diary_186322/1989/41-bpr-apts_sch-dd-05_17_89-12797-005_415889832.pdf","https://catalog.archives.gov/id/415889833; https://catalog.archives.gov/id/415889832"
3,Brazil,1989-09-25,"September 25, 1989",Memcon,Memorandum of Conversation,"Meeting with Jose Sarney, September 25, 1989","George H. W. Bush; Jose Sarney",2,Unrestricted,Presidential Memcon Files,,428080259,Presidential Memcon Files,"Source: George H.W. Bush Library, Bush Presidential Records, National Security Council, Presidential Memcon Files. Access restriction: Unrestricted.","Source: George H.W. Bush Library, Records of the National Security Council (George H. W. Bush Administration), Presidential Memcon Files, NAID 321498039; item Meeting with Jose Sarney, September 25, 1989, NAID 428080259. Digital object: 1989-09-25--Sarney.pdf.","Latin America; South America; Brazil; Presidential Memcon Files; Memcon",https://s3.us-east-1.amazonaws.com/NARAprodstorage/lz/presidential-libraries/bush/gb-nsc/321498039/1989-09-25--Sarney.pdf,https://catalog.archives.gov/id/428080259,"[Presidential Daily Backup] 9/25/1989; [Presidential Daily Diary] 9/25/1989","https://s3.amazonaws.com/NARAprodstorage/lz/presidential-libraries/bush/gb-whasf/Presidential_Daily_Diary_186322/1989/41-bpr-apts_sch-dd-09_25_89-12806-016_415890095.pdf; https://s3.amazonaws.com/NARAprodstorage/lz/presidential-libraries/bush/gb-whasf/Presidential_Daily_Diary_186322/1989/41-bpr-apts_sch-dd-09_25_89-12806-015_415890094.pdf","https://catalog.archives.gov/id/415890095; https://catalog.archives.gov/id/415890094"
3,Brazil,1990-01-26,"January 26, 1990",Memcon,Memorandum of Conversation,"Meeting with Fernando Collor de Mello of Brazil, January 26, 1990","George H. W. Bush; Fernando Collor de Mello",2,Unrestricted,Presidential Memcon Files,,428080489,Presidential Memcon Files,"Source: George H.W. Bush Library, Bush Presidential Records, National Security Council, Presidential Memcon Files. Access restriction: Unrestricted.","Source: George H.W. Bush Library, Records of the National Security Council (George H. W. Bush Administration), Presidential Memcon Files, NAID 321498039; item Meeting with Fernando Collor de Mello of Brazil, January 26, 1990, NAID 428080489. Digital object: 1990-01-26--Collor-de-Mello.pdf.","Latin America; South America; Brazil; Presidential Memcon Files; Memcon",https://s3.us-east-1.amazonaws.com/NARAprodstorage/lz/presidential-libraries/bush/gb-nsc/321498039/1990-01-26--Collor-de-Mello.pdf,https://catalog.archives.gov/id/428080489,"[Presidential Daily Backup] 1/26/1990; [Presidential Daily Diary] 1/26/1990","https://s3.amazonaws.com/NARAprodstorage/lz/presidential-libraries/bush/gb-whasf/Presidential_Daily_Diary_186322/1990/41-bpr-apts_sch-dd-01_26_90-12816-006_415890341.pdf; https://s3.amazonaws.com/NARAprodstorage/lz/presidential-libraries/bush/gb-whasf/Presidential_Daily_Diary_186322/1990/41-bpr-apts_sch-dd-01_26_90-12816-005_415890340.pdf","https://catalog.archives.gov/id/415890341; https://catalog.archives.gov/id/415890340"
3,Brazil,1990-03-23,"March 23, 1990",Telcon,Memorandum of Telephone Conversation,"Telephone conversation with President Fernando Collor of Brazil, March 23, 1990","George H. W. Bush; Fernando Collor de Mello",3,Full,Presidential Telcon Files,[Memorandum of Telephone Conversations (Telcons) - January 1990-July 1990]: March 1990,428080617,"Presidential Telcon Files; [Memorandum of Telephone Conversations (Telcons) - January 1990-July 1990]: March 1990","Source: George H.W. Bush Library, Bush Presidential Records, National Security Council, Presidential Telcon Files, [Memorandum of Telephone Conversations (Telcons) - January 1990-July 1990]: March 1990. Declassified.","Source: George H.W. Bush Presidential Library and Museum, Digital Research Room, ""Memcons and Telcons"" table (https://www.bush41library.gov/digital-research-room/about-textual-collections/memcons-and-telcons), row: Date 3/23/1990; Type Telcon; Participants Collor de Mello, Fernando; Country Brazil; Release Status Full; NAID 428080617. Priority collection for volume compilation: Latin American Directorate Chronological Files, NAID 2197972, https://catalog.archives.gov/id/2197972. National Archives Catalog item: Telephone conversation with President Fernando Collor of Brazil, March 23, 1990, NAID 428080617. Collection: Records of the National Security Council (George H. W. Bush Administration), NAID 2163580. Series: Presidential Telcon Files, NAID 321498139. File unit: [Memorandum of Telephone Conversations (Telcons) - January 1990-July 1990]: March 1990, NAID 325592642. Digital object: 1990-03-23--Collor-de-Mello.pdf, object ID 428080618, URL https://s3.us-east-1.amazonaws.com/NARAprodstorage/lz/presidential-libraries/bush/gb-nsc/321498139/1990-03-23--Collor-de-Mello.pdf. Access restriction: Unrestricted. Deduped local provenance: Brent Scowcroft Papers, Presidential Correspondence Files, NAID 366551691, 91111-006, source pages 25-26.","Latin America; South America; Brazil; Bush Library Memcons and Telcons; Telcon",https://s3.us-east-1.amazonaws.com/NARAprodstorage/lz/presidential-libraries/bush/gb-nsc/321498139/1990-03-23--Collor-de-Mello.pdf,https://catalog.archives.gov/id/428080617,"[Presidential Daily Backup] 3/23/1990; [Presidential Daily Diary] 3/23/1990","https://s3.amazonaws.com/NARAprodstorage/lz/presidential-libraries/bush/gb-whasf/Presidential_Daily_Diary_186322/1990/41-bpr-apts_sch-dd-03_23_90-12821-020_415890453.pdf; https://s3.amazonaws.com/NARAprodstorage/lz/presidential-libraries/bush/gb-whasf/Presidential_Daily_Diary_186322/1990/41-bpr-apts_sch-dd-03_23_90-12821-019_415890452.pdf","https://catalog.archives.gov/id/415890453; https://catalog.archives.gov/id/415890452"
3,Brazil,1990-06-06,"June 6, 1990",Telcon,Memorandum of Telephone Conversation,"Telephone Conversation with President Fernando Collor de Mello of Brazil, June 6, 1990","George H. W. Bush; Fernando Collor de Mello",4,Full,Presidential Telcon Files,[Memorandum of Telephone Conversations (Telcons) - January 1990-July 1990]: June 1990,428080767,"Presidential Telcon Files; [Memorandum of Telephone Conversations (Telcons) - January 1990-July 1990]: June 1990","Source: George H.W. Bush Library, Bush Presidential Records, National Security Council, Presidential Telcon Files, [Memorandum of Telephone Conversations (Telcons) - January 1990-July 1990]: June 1990. Declassified.","Source: George H.W. Bush Presidential Library and Museum, Digital Research Room, ""Memcons and Telcons"" table (https://www.bush41library.gov/digital-research-room/about-textual-collections/memcons-and-telcons), row: Date 6/6/1990; Type Telcon; Participants Collor de Mello, Fernando; Country Brazil; Release Status Full; NAID 428080767. Priority collection for volume compilation: Latin American Directorate Chronological Files, NAID 2197972, https://catalog.archives.gov/id/2197972. National Archives Catalog item: Telephone Conversation with President Fernando Collor de Mello of Brazil, June 6, 1990, NAID 428080767. Collection: Records of the National Security Council (George H. W. Bush Administration), NAID 2163580. Series: Presidential Telcon Files, NAID 321498139. File unit: [Memorandum of Telephone Conversations (Telcons) - January 1990-July 1990]: June 1990, NAID 325592645. Digital object: 1990-06-06--Collor-de-Mello.pdf, object ID 428080768, URL https://s3.us-east-1.amazonaws.com/NARAprodstorage/lz/presidential-libraries/bush/gb-nsc/321498139/1990-06-06--Collor-de-Mello.pdf. Access restriction: Unrestricted. Deduped local provenance: Brent Scowcroft Papers, Presidential Correspondence Files, NAID 366551691, 91111-006, source pages 91-93.","Latin America; South America; Brazil; Bush Library Memcons and Telcons; Telcon",https://s3.us-east-1.amazonaws.com/NARAprodstorage/lz/presidential-libraries/bush/gb-nsc/321498139/1990-06-06--Collor-de-Mello.pdf,https://catalog.archives.gov/id/428080767,"[Presidential Daily Backup] 6/6/1990; [Presidential Daily Diary] 6/6/1990","https://s3.amazonaws.com/NARAprodstorage/lz/presidential-libraries/bush/gb-whasf/Presidential_Daily_Diary_186322/1990/41-bpr-apts_sch-dd-06_06_90-12828-028_415890603.pdf; https://s3.amazonaws.com/NARAprodstorage/lz/presidential-libraries/bush/gb-whasf/Presidential_Daily_Diary_186322/1990/41-bpr-apts_sch-dd-06_06_90-12828-027_415890602.pdf","https://catalog.archives.gov/id/415890603; https://catalog.archives.gov/id/415890602"
3,Brazil,1990-06-28,"June 28, 1990",Telcon,Memorandum of Telephone Conversation,"Telephone Conversation with President Fernando Collor de Mello of Brazil, June 28, 1990","George H. W. Bush; Fernando Collor de Mello",3,Full,Presidential Telcon Files,[Memorandum of Telephone Conversations (Telcons) - January 1990-July 1990]: June 1990,428080813,"Presidential Telcon Files; [Memorandum of Telephone Conversations (Telcons) - January 1990-July 1990]: June 1990","Source: George H.W. Bush Library, Bush Presidential Records, National Security Council, Presidential Telcon Files, [Memorandum of Telephone Conversations (Telcons) - January 1990-July 1990]: June 1990. Declassified.","Source: George H.W. Bush Presidential Library and Museum, Digital Research Room, ""Memcons and Telcons"" table (https://www.bush41library.gov/digital-research-room/about-textual-collections/memcons-and-telcons), row: Date 6/28/1990; Type Telcon; Participants Collor de Mello, Fernando; Country Brazil; Release Status Full; NAID 428080813. Priority collection for volume compilation: Latin American Directorate Chronological Files, NAID 2197972, https://catalog.archives.gov/id/2197972. National Archives Catalog item: Telephone Conversation with President Fernando Collor de Mello of Brazil, June 28, 1990, NAID 428080813. Collection: Records of the National Security Council (George H. W. Bush Administration), NAID 2163580. Series: Presidential Telcon Files, NAID 321498139. File unit: [Memorandum of Telephone Conversations (Telcons) - January 1990-July 1990]: June 1990, NAID 325592645. Digital object: 1990-06-28--Collor-de-Mello.pdf, object ID 428080814, URL https://s3.us-east-1.amazonaws.com/NARAprodstorage/lz/presidential-libraries/bush/gb-nsc/321498139/1990-06-28--Collor-de-Mello.pdf. Access restriction: Unrestricted. Deduped local provenance: Brent Scowcroft Papers, Presidential Correspondence Files, NAID 366551692, 91111-007, source pages 14-15.","Latin America; South America; Brazil; Bush Library Memcons and Telcons; Telcon",https://s3.us-east-1.amazonaws.com/NARAprodstorage/lz/presidential-libraries/bush/gb-nsc/321498139/1990-06-28--Collor-de-Mello.pdf,https://catalog.archives.gov/id/428080813,"[Presidential Daily Backup] 6/28/1990; [Presidential Daily Diary] 6/28/1990","https://s3.amazonaws.com/NARAprodstorage/lz/presidential-libraries/bush/gb-whasf/Presidential_Daily_Diary_186322/1990/41-bpr-apts_sch-dd-06_28_90-12831-002_415890647.pdf; https://s3.amazonaws.com/NARAprodstorage/lz/presidential-libraries/bush/gb-whasf/Presidential_Daily_Diary_186322/1990/41-bpr-apts_sch-dd-06_28_90-12831-001_415890646.pdf","https://catalog.archives.gov/id/415890647; https://catalog.archives.gov/id/415890646"
3,Brazil,1990-10-01,"October 1, 1990",Memcon,Memorandum of Conversation,"Memorandum of Conversation with President Collor of Brazil, October 1, 1990","George H. W. Bush; Fernando Collor de Mello",6,Full,Presidential Memcon Files,[Memorandum of Conversations (Memcons)-July 1990-December 1990]: October 1990,428081095,"Presidential Memcon Files; [Memorandum of Conversations (Memcons)-July 1990-December 1990]: October 1990","Source: George H.W. Bush Library, Bush Presidential Records, National Security Council, Presidential Memcon Files, [Memorandum of Conversations (Memcons)-July 1990-December 1990]: October 1990. Declassified.","Source: George H.W. Bush Presidential Library and Museum, Digital Research Room, ""Memcons and Telcons"" table (https://www.bush41library.gov/digital-research-room/about-textual-collections/memcons-and-telcons), row: Date 10/1/1990; Type Memcon; Participants Collor de Mello, Fernando; Country Brazil; Release Status Full; NAID 428081095. Priority collection for volume compilation: Latin American Directorate Chronological Files, NAID 2197972, https://catalog.archives.gov/id/2197972. National Archives Catalog item: Memorandum of Conversation with President Collor of Brazil, October 1, 1990, NAID 428081095. Collection: Records of the National Security Council (George H. W. Bush Administration), NAID 2163580. Series: Presidential Memcon Files, NAID 321498039. File unit: [Memorandum of Conversations (Memcons)-July 1990-December 1990]: October 1990, NAID 325541480. Digital object: 1990-10-01--Collor-de-Mello.pdf, object ID 428081096, URL https://s3.us-east-1.amazonaws.com/NARAprodstorage/lz/presidential-libraries/bush/gb-nsc/321498039/1990-10-01--Collor-de-Mello.pdf. Access restriction: Unrestricted. Deduped local provenance: Brent Scowcroft Papers, Presidential Correspondence Files, NAID 366551671, 91108-002, source pages 82-86.","Latin America; South America; Brazil; Bush Library Memcons and Telcons; Memcon",https://s3.us-east-1.amazonaws.com/NARAprodstorage/lz/presidential-libraries/bush/gb-nsc/321498039/1990-10-01--Collor-de-Mello.pdf,https://catalog.archives.gov/id/428081095,"[Presidential Daily Backup] 10/01/1990; [Presidential Daily Diary] 10/01/1990","https://s3.amazonaws.com/NARAprodstorage/lz/presidential-libraries/bush/gb-whasf/Presidential_Daily_Diary_186322/1990/41-bpr-apts_sch-dd-10_01_90-12838-004_415890837.pdf; https://s3.amazonaws.com/NARAprodstorage/lz/presidential-libraries/bush/gb-whasf/Presidential_Daily_Diary_186322/1990/41-bpr-apts_sch-dd-10_01_90-12838-003_415890836.pdf","https://catalog.archives.gov/id/415890837; https://catalog.archives.gov/id/415890836"
3,Brazil,1990-12-03,"December 3, 1990",Memcon,Memorandum of Conversation,"Meeting with President Fernando Col lor de Mello of Brazil, December 3, 1990","George H. W. Bush; Fernando Collor de Mello",7,Full,Presidential Memcon Files,[Memorandum of Conversations (Memcons)-July 1990-December 1990]: December 1990,428081233,"Presidential Memcon Files; [Memorandum of Conversations (Memcons)-July 1990-December 1990]: December 1990","Source: George H.W. Bush Library, Bush Presidential Records, National Security Council, Presidential Memcon Files, [Memorandum of Conversations (Memcons)-July 1990-December 1990]: December 1990. Declassified.","Source: George H.W. Bush Presidential Library and Museum, Digital Research Room, ""Memcons and Telcons"" table (https://www.bush41library.gov/digital-research-room/about-textual-collections/memcons-and-telcons), row: Date 12/3/1990; Type Memcon; Participants Collor de Mello, Fernando; Country Brazil; Release Status Full; NAID 428081233. Priority collection for volume compilation: Latin American Directorate Chronological Files, NAID 2197972, https://catalog.archives.gov/id/2197972. National Archives Catalog item: Meeting with President Fernando Col lor de Mello of Brazil, December 3, 1990, NAID 428081233. Collection: Records of the National Security Council (George H. W. Bush Administration), NAID 2163580. Series: Presidential Memcon Files, NAID 321498039. File unit: [Memorandum of Conversations (Memcons)-July 1990-December 1990]: December 1990, NAID 325541483. Digital object: 1990-12-03--Collor-de-Mello.pdf, object ID 428081234, URL https://s3.us-east-1.amazonaws.com/NARAprodstorage/lz/presidential-libraries/bush/gb-nsc/321498039/1990-12-03--Collor-de-Mello.pdf. Access restriction: Unrestricted. Deduped local provenance: Brent Scowcroft Papers, Presidential Correspondence Files, NAID 366551672, 91108-003, source pages 103-108.","Latin America; South America; Brazil; Bush Library Memcons and Telcons; Memcon",https://s3.us-east-1.amazonaws.com/NARAprodstorage/lz/presidential-libraries/bush/gb-nsc/321498039/1990-12-03--Collor-de-Mello.pdf,https://catalog.archives.gov/id/428081233,"[Presidential Daily Backup] 12/3/1990; [Presidential Daily Diary] 12/3/1990 [EMPTY]","https://s3.amazonaws.com/NARAprodstorage/lz/presidential-libraries/bush/gb-whasf/Presidential_Daily_Diary_186322/1990/41-bpr-apts_sch-dd-12_03_90-12843-026_415890965.pdf; https://s3.amazonaws.com/NARAprodstorage/lz/presidential-libraries/bush/gb-whasf/Presidential_Daily_Diary_186322/1990/41-bpr-apts_sch-dd-12_03_90-12843-025_415890964.pdf","https://catalog.archives.gov/id/415890965; https://catalog.archives.gov/id/415890964"
3,Brazil,1991-06-18,"June 18, 1991",Memcon,Memorandum of Conversation,"Meeting with Fernando Collor de Mello, President of Brazil, June 18, 1991","George H. W. Bush; Fernando Collor de Mello",7,Full,Presidential Memcon Files,[Memorandum of Conversations (Memcons)-January 1991-June 1991]: June 1991,428081693,"Presidential Memcon Files; [Memorandum of Conversations (Memcons)-January 1991-June 1991]: June 1991","Source: George H.W. Bush Library, Bush Presidential Records, National Security Council, Presidential Memcon Files, [Memorandum of Conversations (Memcons)-January 1991-June 1991]: June 1991. Declassified.","Source: George H.W. Bush Presidential Library and Museum, Digital Research Room, ""Memcons and Telcons"" table (https://www.bush41library.gov/digital-research-room/about-textual-collections/memcons-and-telcons), row: Date 6/18/1991; Type Memcon; Participants Collor de Mello, Fernando; Country Brazil; Release Status Full; NAID 428081693. Priority collection for volume compilation: Latin American Directorate Chronological Files, NAID 2197972, https://catalog.archives.gov/id/2197972. National Archives Catalog item: Meeting with Fernando Collor de Mello, President of Brazil, June 18, 1991, NAID 428081693. Collection: Records of the National Security Council (George H. W. Bush Administration), NAID 2163580. Series: Presidential Memcon Files, NAID 321498039. File unit: [Memorandum of Conversations (Memcons)-January 1991-June 1991]: June 1991, NAID 325542552. Digital object: 1991-06-18--Collor-de-Mello.pdf, object ID 428081694, URL https://s3.us-east-1.amazonaws.com/NARAprodstorage/lz/presidential-libraries/bush/gb-nsc/321498039/1991-06-18--Collor-de-Mello.pdf. Access restriction: Unrestricted. Deduped local provenance: Brent Scowcroft Papers, Presidential Correspondence Files, NAID 366551675, 91108-006, source pages 98-103.","Latin America; South America; Brazil; Bush Library Memcons and Telcons; Memcon",https://s3.us-east-1.amazonaws.com/NARAprodstorage/lz/presidential-libraries/bush/gb-nsc/321498039/1991-06-18--Collor-de-Mello.pdf,https://catalog.archives.gov/id/428081693,"[Presidential Daily Backup] 6/18/1991; [Presidential Daily Diary] 6/18/1991","https://s3.amazonaws.com/NARAprodstorage/lz/presidential-libraries/bush/gb-whasf/Presidential_Daily_Diary_186322/1991/41-bpr-apts_sch-dd-06_18_91-12861-004_415891360.pdf; https://s3.amazonaws.com/NARAprodstorage/lz/presidential-libraries/bush/gb-whasf/Presidential_Daily_Diary_186322/1991/41-bpr-apts_sch-dd-06_18_91-12861-003_415891359.pdf","https://catalog.archives.gov/id/415891360; https://catalog.archives.gov/id/415891359"
3,Brazil,1991-09-23,"September 23, 1991",Memcon,Memorandum of Conversation,"Meeting with Fernando Collor de Mello, President of the Federative Republic of Brazil at UNGA, Waldorf Astoria Hotel, New York","George H. W. Bush; Fernando Collor de Mello",6,Full,Presidential Memcon Files,[Memorandum of Conversations (Memcons)-July 1991-December 1991]: September 1991,428081891,"Presidential Memcon Files; [Memorandum of Conversations (Memcons)-July 1991-December 1991]: September 1991","Source: George H.W. Bush Library, Bush Presidential Records, National Security Council, Presidential Memcon Files, [Memorandum of Conversations (Memcons)-July 1991-December 1991]: September 1991. Declassified.","Source: George H.W. Bush Presidential Library and Museum, Digital Research Room, ""Memcons and Telcons"" table (https://www.bush41library.gov/digital-research-room/about-textual-collections/memcons-and-telcons), row: Date 9/23/1991; Type Memcon; Participants Collor de Mello, Fernando; Country Brazil; Release Status Full; NAID 428081891. Priority collection for volume compilation: Latin American Directorate Chronological Files, NAID 2197972, https://catalog.archives.gov/id/2197972. National Archives Catalog item: Meeting with Fernando Collor de Mello, President of the Federative Republic of Brazil at UNGA, Waldorf Astoria Hotel, New York, NAID 428081891. Collection: Records of the National Security Council (George H. W. Bush Administration), NAID 2163580. Series: Presidential Memcon Files, NAID 321498039. File unit: [Memorandum of Conversations (Memcons)-July 1991-December 1991]: September 1991, NAID 325542558. Digital object: 1991-09-23--Collor-de-Mello.pdf, object ID 428081892, URL https://s3.us-east-1.amazonaws.com/NARAprodstorage/lz/presidential-libraries/bush/gb-nsc/321498039/1991-09-23--Collor-de-Mello.pdf. Access restriction: Unrestricted. Deduped local provenance: Brent Scowcroft Papers, Presidential Correspondence Files, NAID 366551677, 91109-002, source pages 96-100.","Latin America; South America; Brazil; Bush Library Memcons and Telcons; Memcon",https://s3.us-east-1.amazonaws.com/NARAprodstorage/lz/presidential-libraries/bush/gb-nsc/321498039/1991-09-23--Collor-de-Mello.pdf,https://catalog.archives.gov/id/428081891,"[Presidential Daily Backup] 9/23/1991; [Presidential Daily Diary] 9/23/1991","https://s3.amazonaws.com/NARAprodstorage/lz/presidential-libraries/bush/gb-whasf/Presidential_Daily_Diary_186322/1991/41-bpr-apts_sch-dd-09_23_91-12868-010_415891554.pdf; https://s3.amazonaws.com/NARAprodstorage/lz/presidential-libraries/bush/gb-whasf/Presidential_Daily_Diary_186322/1991/41-bpr-apts_sch-dd-09_23_91-12868-009_415891553.pdf","https://catalog.archives.gov/id/415891554; https://catalog.archives.gov/id/415891553"
3,Brazil,1992-03-25,"March 25, 1992",Telcon,Memorandum of a Telephone Conversation,"Telcon with Fernando Collor of Brazil on March 25, 1992 (U)","George H. W. Bush; Fernando Collor de Mello",3,Declassified,Scowcroft extract,91113-003,366551703,"Presidential Telephone Calls - Memorandum of Conversations 1/2/92 - 4/9/92; 41-bpr-scow-pcor-telcon-91113-003.pdf; source pages 45-47","Source: George H.W. Bush Library, Bush Presidential Records, Brent Scowcroft Collection, Presidential Correspondence Files, Presidential Telcon Files, OA/ID 91113-003, Presidential Telephone Calls - Memorandum of Conversations 1/2/92 - 4/9/92. Declassified.","Source: George H.W. Bush Library, Bush Presidential Records, Brent Scowcroft Collection, Presidential Correspondence Files, Presidential Telcon Files, OA/ID 91113-003, Presidential Telephone Calls - Memorandum of Conversations 1/2/92 - 4/9/92. Declassified. Originally processed under FOIA 2009-0275-S. Project PDF begins with the PDF provenance sheet, followed by source pages 45-47. Digital source file: 41-bpr-scow-pcor-telcon-91113-003.pdf. Catalog: https://catalog.archives.gov/id/366551703.","Latin America; South America; Brazil; Brent Scowcroft Papers; Head-of-state memcons and telcons",documents/brazil/1992-03-25-bush-fernando-collor-de-mello-telcon-91113-003-p45-scowcroft.pdf,https://catalog.archives.gov/id/366551703,"[Presidential Daily Backup] 3/25/1992; [Presidential Daily Diary] 3/25/1992","https://s3.dualstack.us-east-1.amazonaws.com/NARAprodstorage/lz/presidential-libraries/bush/gb-whasf/Presidential_Daily_Diary_186322/1992/41-bpr-apts_sch-dd-03_25_92-12885-006_415891927.pdf; https://s3.dualstack.us-east-1.amazonaws.com/NARAprodstorage/lz/presidential-libraries/bush/gb-whasf/Presidential_Daily_Diary_186322/1992/41-bpr-apts_sch-dd-03_25_92-12885-005_415891926.pdf","https://catalog.archives.gov/id/415891927; https://catalog.archives.gov/id/415891926"
3,Brazil,1992-05-12,"May 12, 1992",Telcon,Memorandum of Telephone Conversation,"Telcon with Fernando Coller, President of Brazil, May 12, 1992","George H. W. Bush; Fernando Collor de Mello",3,Full,Presidential Telcon Files,[Memorandum of Telephone Conversations (Telcons) - January 1992-June 1992]: May 1992,428082219,"Presidential Telcon Files; [Memorandum of Telephone Conversations (Telcons) - January 1992-June 1992]: May 1992","Source: George H.W. Bush Library, Bush Presidential Records, National Security Council, Presidential Telcon Files, [Memorandum of Telephone Conversations (Telcons) - January 1992-June 1992]: May 1992. Declassified.","Source: George H.W. Bush Presidential Library and Museum, Digital Research Room, ""Memcons and Telcons"" table (https://www.bush41library.gov/digital-research-room/about-textual-collections/memcons-and-telcons), row: Date 5/12/1992; Type Telcon; Participants Collor de Mello, Fernando; Country Brazil; Release Status Full; NAID 428082219. Priority collection for volume compilation: Latin American Directorate Chronological Files, NAID 2197972, https://catalog.archives.gov/id/2197972. National Archives Catalog item: Telcon with Fernando Coller, President of Brazil, May 12, 1992, NAID 428082219. Collection: Records of the National Security Council (George H. W. Bush Administration), NAID 2163580. Series: Presidential Telcon Files, NAID 321498139. File unit: [Memorandum of Telephone Conversations (Telcons) - January 1992-June 1992]: May 1992, NAID 325592763. Digital object: 1992-05-12--Collor-de-Mello.pdf, object ID 428082220, URL https://s3.us-east-1.amazonaws.com/NARAprodstorage/lz/presidential-libraries/bush/gb-nsc/321498139/1992-05-12--Collor-de-Mello.pdf. Access restriction: Unrestricted. Deduped local provenance: Brent Scowcroft Papers, Presidential Correspondence Files, NAID 366551704, 91113-004, source pages 33-34.","Latin America; South America; Brazil; Bush Library Memcons and Telcons; Telcon",https://s3.us-east-1.amazonaws.com/NARAprodstorage/lz/presidential-libraries/bush/gb-nsc/321498139/1992-05-12--Collor-de-Mello.pdf,https://catalog.archives.gov/id/428082219,"[Presidential Daily Backup] 5/12/1992; [Presidential Daily Diary] 5/12/1992","https://s3.dualstack.us-east-1.amazonaws.com/NARAprodstorage/lz/presidential-libraries/bush/gb-whasf/Presidential_Daily_Diary_186322/1992/41-bpr-apts_sch-dd-05_12_92-12890-002_415892024.pdf; https://s3.dualstack.us-east-1.amazonaws.com/NARAprodstorage/lz/presidential-libraries/bush/gb-whasf/Presidential_Daily_Diary_186322/1992/41-bpr-apts_sch-dd-05_12_92-12890-001_415892023.pdf","https://catalog.archives.gov/id/415892024; https://catalog.archives.gov/id/415892023"
3,Brazil,1992-07-10,"July 10, 1992",Telcon,Memorandum of Telephone Conversation,"Telcon with Fernando Collor, President of Brazil, on July 10, 1992","George H. W. Bush; Fernando Collor de Mello",3,Full,Presidential Telcon Files,[Memorandum of Telephone Conversations (Telcons) - July 1992-January 1993]: July 1992,428082309,"Presidential Telcon Files; [Memorandum of Telephone Conversations (Telcons) - July 1992-January 1993]: July 1992","Source: George H.W. Bush Library, Bush Presidential Records, National Security Council, Presidential Telcon Files, [Memorandum of Telephone Conversations (Telcons) - July 1992-January 1993]: July 1992. Declassified.","Source: George H.W. Bush Presidential Library and Museum, Digital Research Room, ""Memcons and Telcons"" table (https://www.bush41library.gov/digital-research-room/about-textual-collections/memcons-and-telcons), row: Date 7/10/1992; Type Telcon; Participants Collor de Mello, Fernando; Country Brazil; Release Status Full; NAID 428082309. Priority collection for volume compilation: Latin American Directorate Chronological Files, NAID 2197972, https://catalog.archives.gov/id/2197972. National Archives Catalog item: Telcon with Fernando Collor, President of Brazil, on July 10, 1992, NAID 428082309. Collection: Records of the National Security Council (George H. W. Bush Administration), NAID 2163580. Series: Presidential Telcon Files, NAID 321498139. File unit: [Memorandum of Telephone Conversations (Telcons) - July 1992-January 1993]: July 1992, NAID 325592765. Digital object: 1992-07-10--Collor-de-Mello.pdf, object ID 428082310, URL https://s3.us-east-1.amazonaws.com/NARAprodstorage/lz/presidential-libraries/bush/gb-nsc/321498139/1992-07-10--Collor-de-Mello.pdf. Access restriction: Unrestricted. Deduped local provenance: Brent Scowcroft Papers, Presidential Correspondence Files, NAID 366551705, 91113-005, source pages 6-7.","Latin America; South America; Brazil; Bush Library Memcons and Telcons; Telcon",https://s3.us-east-1.amazonaws.com/NARAprodstorage/lz/presidential-libraries/bush/gb-nsc/321498139/1992-07-10--Collor-de-Mello.pdf,https://catalog.archives.gov/id/428082309,"[Presidential Daily Backup] 7/10/1992; [Presidential Daily Diary] 7/10/1992 [EMPTY]","https://s3.dualstack.us-east-1.amazonaws.com/NARAprodstorage/lz/presidential-libraries/bush/gb-whasf/Presidential_Daily_Diary_186322/1992/41-bpr-apts_sch-dd-07_10_92-12895-016_415892144.pdf; https://s3.dualstack.us-east-1.amazonaws.com/NARAprodstorage/lz/presidential-libraries/bush/gb-whasf/Presidential_Daily_Diary_186322/1992/41-bpr-apts_sch-dd-07_10_92-12895-015_415892143.pdf","https://catalog.archives.gov/id/415892144; https://catalog.archives.gov/id/415892143"
4,Chile,1990-03-30,"March 30, 1990",Telcon,Memorandum of Telephone Conversation,"PRESIDENT BUSH'S TELEPHONE CALL TO PRESIDENT AYLWIN, March 30, 1990","George H. W. Bush; Patricio Aylwin",3,Full,Presidential Telcon Files,[Memorandum of Telephone Conversations (Telcons) - January 1990-July 1990]: March 1990,428080659,"Presidential Telcon Files; [Memorandum of Telephone Conversations (Telcons) - January 1990-July 1990]: March 1990","Source: George H.W. Bush Library, Bush Presidential Records, National Security Council, Presidential Telcon Files, [Memorandum of Telephone Conversations (Telcons) - January 1990-July 1990]: March 1990. Declassified.","Source: George H.W. Bush Presidential Library and Museum, Digital Research Room, ""Memcons and Telcons"" table (https://www.bush41library.gov/digital-research-room/about-textual-collections/memcons-and-telcons), row: Date 3/30/1990; Type Telcon; Participants Aylwin, Patricio; Country Chile; Release Status Full; NAID 428080659. Priority collection for volume compilation: Latin American Directorate Chronological Files, NAID 2197972, https://catalog.archives.gov/id/2197972. National Archives Catalog item: PRESIDENT BUSH'S TELEPHONE CALL TO PRESIDENT AYLWIN, March 30, 1990, NAID 428080659. Collection: Records of the National Security Council (George H. W. Bush Administration), NAID 2163580. Series: Presidential Telcon Files, NAID 321498139. File unit: [Memorandum of Telephone Conversations (Telcons) - January 1990-July 1990]: March 1990, NAID 325592642. Digital object: 1990-03-30--Aylwin.pdf, object ID 428080660, URL https://s3.us-east-1.amazonaws.com/NARAprodstorage/lz/presidential-libraries/bush/gb-nsc/321498139/1990-03-30--Aylwin.pdf. Access restriction: Unrestricted.","Latin America; South America; Chile; Bush Library Memcons and Telcons; Telcon",https://s3.us-east-1.amazonaws.com/NARAprodstorage/lz/presidential-libraries/bush/gb-nsc/321498139/1990-03-30--Aylwin.pdf,https://catalog.archives.gov/id/428080659,"[Presidential Daily Backup] 3/30/1990; [Presidential Daily Diary] 3/30/1990","https://s3.amazonaws.com/NARAprodstorage/lz/presidential-libraries/bush/gb-whasf/Presidential_Daily_Diary_186322/1990/41-bpr-apts_sch-dd-03_30_90-12822-014_415890467.pdf; https://s3.amazonaws.com/NARAprodstorage/lz/presidential-libraries/bush/gb-whasf/Presidential_Daily_Diary_186322/1990/41-bpr-apts_sch-dd-03_30_90-12822-013_415890466.pdf","https://catalog.archives.gov/id/415890467; https://catalog.archives.gov/id/415890466"
4,Chile,1990-10-02,"October 2, 1990",Memcon,Memorandum of Conversation,"Memorandum of Conversation with President Patricio Aylwin of Chile, October 2, 1990","George H. W. Bush; Patricio Aylwin",6,Full,Presidential Memcon Files,[Memorandum of Conversations (Memcons)-July 1990-December 1990]: October 1990,428081115,"Presidential Memcon Files; [Memorandum of Conversations (Memcons)-July 1990-December 1990]: October 1990","Source: George H.W. Bush Library, Bush Presidential Records, National Security Council, Presidential Memcon Files, [Memorandum of Conversations (Memcons)-July 1990-December 1990]: October 1990. Declassified.","Source: George H.W. Bush Presidential Library and Museum, Digital Research Room, ""Memcons and Telcons"" table (https://www.bush41library.gov/digital-research-room/about-textual-collections/memcons-and-telcons), row: Date 10/2/1990; Type Memcon; Participants Aylwin, Patricio; Country Chile; Release Status Full; NAID 428081115. Priority collection for volume compilation: Latin American Directorate Chronological Files, NAID 2197972, https://catalog.archives.gov/id/2197972. National Archives Catalog item: Memorandum of Conversation with President Patricio Aylwin of Chile, October 2, 1990, NAID 428081115. Collection: Records of the National Security Council (George H. W. Bush Administration), NAID 2163580. Series: Presidential Memcon Files, NAID 321498039. File unit: [Memorandum of Conversations (Memcons)-July 1990-December 1990]: October 1990, NAID 325541480. Digital object: 1990-10-02--Aylwin.pdf, object ID 428081116, URL https://s3.us-east-1.amazonaws.com/NARAprodstorage/lz/presidential-libraries/bush/gb-nsc/321498039/1990-10-02--Aylwin.pdf. Access restriction: Unrestricted. Deduped local provenance: Brent Scowcroft Papers, Presidential Correspondence Files, NAID 366551671, 91108-002, source pages 119-124.","Latin America; South America; Chile; Bush Library Memcons and Telcons; Memcon",https://s3.us-east-1.amazonaws.com/NARAprodstorage/lz/presidential-libraries/bush/gb-nsc/321498039/1990-10-02--Aylwin.pdf,https://catalog.archives.gov/id/428081115,"[Presidential Daily Backup] 10/2/1990; [Presidential Daily Diary] 10/2/1990","https://s3.amazonaws.com/NARAprodstorage/lz/presidential-libraries/bush/gb-whasf/Presidential_Daily_Diary_186322/1990/41-bpr-apts_sch-dd-10_02_90-12838-006_415890839.pdf; https://s3.amazonaws.com/NARAprodstorage/lz/presidential-libraries/bush/gb-whasf/Presidential_Daily_Diary_186322/1990/41-bpr-apts_sch-dd-10_02_90-12838-005_415890838.pdf","https://catalog.archives.gov/id/415890839; https://catalog.archives.gov/id/415890838"
4,Chile,1992-05-13,"May 13, 1992",Memcon,Memorandum of Conversation,"Meeting with Patricio Aylwin Azocar, President of the Republic of Chile, May 13, 1992","George H. W. Bush; Patricio Aylwin",7,Partial,Presidential Memcon Files,[Memorandum of Conversations (Memcons)-January 1992-June 1992]: May 1992,428082199,"Presidential Memcon Files; [Memorandum of Conversations (Memcons)-January 1992-June 1992]: May 1992","Source: George H.W. Bush Library, Bush Presidential Records, National Security Council, Presidential Memcon Files, [Memorandum of Conversations (Memcons)-January 1992-June 1992]: May 1992. Declassified; partial release: Partial.","Source: George H.W. Bush Presidential Library and Museum, Digital Research Room, ""Memcons and Telcons"" table (https://www.bush41library.gov/digital-research-room/about-textual-collections/memcons-and-telcons), row: Date 5/13/1992; Type Memcon; Participants Aylwin, Patricio; Country Chile; Release Status Partial; NAID 428082199. Priority collection for volume compilation: Latin American Directorate Chronological Files, NAID 2197972, https://catalog.archives.gov/id/2197972. National Archives Catalog item: Meeting with Patricio Aylwin Azocar, President of the Republic of Chile, May 13, 1992, NAID 428082199. Collection: Records of the National Security Council (George H. W. Bush Administration), NAID 2163580. Series: Presidential Memcon Files, NAID 321498039. File unit: [Memorandum of Conversations (Memcons)-January 1992-June 1992]: May 1992, NAID 325592619. Digital object: 1992-05-13--Azocar.pdf, object ID 428082200, URL https://s3.us-east-1.amazonaws.com/NARAprodstorage/lz/presidential-libraries/bush/gb-nsc/321498039/1992-05-13--Azocar.pdf. Access restriction: Restricted - Partly. Deduped local provenance: Brent Scowcroft Papers, Presidential Correspondence Files, NAID 366551683, 91109-008, source pages 49-54.","Latin America; South America; Chile; Bush Library Memcons and Telcons; Memcon",https://s3.us-east-1.amazonaws.com/NARAprodstorage/lz/presidential-libraries/bush/gb-nsc/321498039/1992-05-13--Azocar.pdf,https://catalog.archives.gov/id/428082199,"[Presidential Daily Backup] 5/13/1992; [Presidential Daily Diary] 5/13/1992","https://s3.dualstack.us-east-1.amazonaws.com/NARAprodstorage/lz/presidential-libraries/bush/gb-whasf/Presidential_Daily_Diary_186322/1992/41-bpr-apts_sch-dd-05_13_92-12890-004_415892026.pdf; https://s3.dualstack.us-east-1.amazonaws.com/NARAprodstorage/lz/presidential-libraries/bush/gb-whasf/Presidential_Daily_Diary_186322/1992/41-bpr-apts_sch-dd-05_13_92-12890-003_415892025.pdf","https://catalog.archives.gov/id/415892026; https://catalog.archives.gov/id/415892025"
5,Colombia,1989-03-08,"March 8, 1989",Telcon,Memorandum of Telephone Conversation,"President's Telephone Call to Colombian President Barco, March 8, 1989","George H. W. Bush; Virgilio Barco",2,Full,Presidential Telcon Files,[Memorandum of Telephone Conversations (Telcons) - January 1989-July 1989]: March 1989,428079919,"Presidential Telcon Files; [Memorandum of Telephone Conversations (Telcons) - January 1989-July 1989]: March 1989","Source: George H.W. Bush Library, Bush Presidential Records, National Security Council, Presidential Telcon Files, [Memorandum of Telephone Conversations (Telcons) - January 1989-July 1989]: March 1989. Declassified.","Source: George H.W. Bush Presidential Library and Museum, Digital Research Room, ""Memcons and Telcons"" table (https://www.bush41library.gov/digital-research-room/about-textual-collections/memcons-and-telcons), row: Date 3/8/1989; Type Telcon; Participants Barco, Virgilio; Country Colombia; Release Status Full; NAID 428079919. Priority collection for volume compilation: Latin American Directorate Chronological Files, NAID 2197972, https://catalog.archives.gov/id/2197972. National Archives Catalog item: President's Telephone Call to Colombian President Barco, March 8, 1989, NAID 428079919. Collection: Records of the National Security Council (George H. W. Bush Administration), NAID 2163580. Series: Presidential Telcon Files, NAID 321498139. File unit: [Memorandum of Telephone Conversations (Telcons) - January 1989-July 1989]: March 1989, NAID 325592630. Digital object: 1989-03-08--Barco.pdf, object ID 428079920, URL https://s3.us-east-1.amazonaws.com/NARAprodstorage/lz/presidential-libraries/bush/gb-nsc/321498139/1989-03-08--Barco.pdf. Access restriction: Unrestricted.","Latin America; South America; Colombia; Bush Library Memcons and Telcons; Telcon",https://s3.us-east-1.amazonaws.com/NARAprodstorage/lz/presidential-libraries/bush/gb-nsc/321498139/1989-03-08--Barco.pdf,https://catalog.archives.gov/id/428079919,"[Presidential Daily Backup] 3/8/1989; [Presidential Daily Diary] 3/8/1989","https://s3.amazonaws.com/NARAprodstorage/lz/presidential-libraries/bush/gb-whasf/Presidential_Daily_Diary_186322/1989/41-bpr-apts_sch-dd-03_08_89-12792-006_415889693.pdf; https://s3.amazonaws.com/NARAprodstorage/lz/presidential-libraries/bush/gb-whasf/Presidential_Daily_Diary_186322/1989/41-bpr-apts_sch-dd-03_08_89-12792-005_415889692.pdf","https://catalog.archives.gov/id/415889693; https://catalog.archives.gov/id/415889692"
5,Colombia,1989-04-14,"April 14, 1989",Telcon,Memorandum of Telephone Conversation,"The President's Telephone Conversation with President Barco of Colombia, April 14, 1989","George H. W. Bush; Virgilio Barco",3,Full,Presidential Telcon Files,[Memorandum of Telephone Conversations (Telcons) - January 1989-July 1989]: April 1989,428079963,"Presidential Telcon Files; [Memorandum of Telephone Conversations (Telcons) - January 1989-July 1989]: April 1989","Source: George H.W. Bush Library, Bush Presidential Records, National Security Council, Presidential Telcon Files, [Memorandum of Telephone Conversations (Telcons) - January 1989-July 1989]: April 1989. Declassified.","Source: George H.W. Bush Presidential Library and Museum, Digital Research Room, ""Memcons and Telcons"" table (https://www.bush41library.gov/digital-research-room/about-textual-collections/memcons-and-telcons), row: Date 4/14/1989; Type Telcon; Participants Barco, Virgilio; Country Colombia; Release Status Full; NAID 428079963. Priority collection for volume compilation: Latin American Directorate Chronological Files, NAID 2197972, https://catalog.archives.gov/id/2197972. National Archives Catalog item: The President's Telephone Conversation with President Barco of Colombia, April 14, 1989, NAID 428079963. Collection: Records of the National Security Council (George H. W. Bush Administration), NAID 2163580. Series: Presidential Telcon Files, NAID 321498139. File unit: [Memorandum of Telephone Conversations (Telcons) - January 1989-July 1989]: April 1989, NAID 325592631. Digital object: 1989-04-14--Barco.pdf, object ID 428079964, URL https://s3.us-east-1.amazonaws.com/NARAprodstorage/lz/presidential-libraries/bush/gb-nsc/321498139/1989-04-14--Barco.pdf. Access restriction: Unrestricted. Deduped local provenance: Brent Scowcroft Papers, Presidential Correspondence Files, NAID 366551686, 91111-001, source pages 76-77.","Latin America; South America; Colombia; Bush Library Memcons and Telcons; Telcon",https://s3.us-east-1.amazonaws.com/NARAprodstorage/lz/presidential-libraries/bush/gb-nsc/321498139/1989-04-14--Barco.pdf,https://catalog.archives.gov/id/428079963,"[Presidential Daily Backup] 4/14/1989; [Presidential Daily Diary] 4/14/1989","https://s3.amazonaws.com/NARAprodstorage/lz/presidential-libraries/bush/gb-whasf/Presidential_Daily_Diary_186322/1989/41-bpr-apts_sch-dd-04_14_89-12794-024_415889767.pdf; https://s3.amazonaws.com/NARAprodstorage/lz/presidential-libraries/bush/gb-whasf/Presidential_Daily_Diary_186322/1989/41-bpr-apts_sch-dd-04_14_89-12794-023_415889766.pdf","https://catalog.archives.gov/id/415889767; https://catalog.archives.gov/id/415889766"
5,Colombia,1989-05-16,"May 16, 1989",Telcon,Memorandum of Telephone Conversation,"Telcon with President Barco of Colombia, May 16, 1989","George H. W. Bush; Virgilio Barco",4,Full,Presidential Telcon Files,[Memorandum of Telephone Conversations (Telcons) - January 1989-July 1989]: May 1989,428082453,"Presidential Telcon Files; [Memorandum of Telephone Conversations (Telcons) - January 1989-July 1989]: May 1989","Source: George H.W. Bush Library, Bush Presidential Records, National Security Council, Presidential Telcon Files, [Memorandum of Telephone Conversations (Telcons) - January 1989-July 1989]: May 1989. Declassified.","Source: George H.W. Bush Presidential Library and Museum, Digital Research Room, ""Memcons and Telcons"" table (https://www.bush41library.gov/digital-research-room/about-textual-collections/memcons-and-telcons), row: Date 5/16/1989; Type Telcon; Participants Barco, Virgilio; Country Colombia; Release Status Full; NAID 428082453. Priority collection for volume compilation: Latin American Directorate Chronological Files, NAID 2197972, https://catalog.archives.gov/id/2197972. National Archives Catalog item: Telcon with President Barco of Colombia, May 16, 1989, NAID 428082453. Collection: Records of the National Security Council (George H. W. Bush Administration), NAID 2163580. Series: Presidential Telcon Files, NAID 321498139. File unit: [Memorandum of Telephone Conversations (Telcons) - January 1989-July 1989]: May 1989, NAID 325592632. Digital object: 1989-05-16--Barco.pdf, object ID 428082454, URL https://s3.us-east-1.amazonaws.com/NARAprodstorage/lz/presidential-libraries/bush/gb-nsc/321498139/1989-05-16--Barco.pdf. Access restriction: Unrestricted.","Latin America; South America; Colombia; Bush Library Memcons and Telcons; Telcon",https://s3.us-east-1.amazonaws.com/NARAprodstorage/lz/presidential-libraries/bush/gb-nsc/321498139/1989-05-16--Barco.pdf,https://catalog.archives.gov/id/428082453,"[Presidential Daily Backup] 5/16/1989; [Presidential Daily Diary] 5/16/1989","https://s3.amazonaws.com/NARAprodstorage/lz/presidential-libraries/bush/gb-whasf/Presidential_Daily_Diary_186322/1989/41-bpr-apts_sch-dd-05_16_89-12797-004_415889831.pdf; https://s3.amazonaws.com/NARAprodstorage/lz/presidential-libraries/bush/gb-whasf/Presidential_Daily_Diary_186322/1989/41-bpr-apts_sch-dd-05_16_89-12797-003_415889830.pdf","https://catalog.archives.gov/id/415889831; https://catalog.archives.gov/id/415889830"
5,Colombia,1989-05-31,"May 31, 1989",Telcon,Memorandum of a Telephone Conversation,Telephone Conversation Between the President and President Barco of Colombia,"George H. W. Bush; Virgilio Barco",3,Declassified,Scowcroft extract,91111-002,366551687,"Presidential Telephone Calls - Memorandum of Conversations 5/10/89 - 7/27/89; 41-bpr-scow-pcor-telcon-91111-002.pdf; source pages 38-40","Source: George H.W. Bush Library, Bush Presidential Records, Brent Scowcroft Collection, Presidential Correspondence Files, Presidential Telcon Files, OA/ID 91111-002, Presidential Telephone Calls - Memorandum of Conversations 5/10/89 - 7/27/89. Declassified.","Source: George H.W. Bush Library, Bush Presidential Records, Brent Scowcroft Collection, Presidential Correspondence Files, Presidential Telcon Files, OA/ID 91111-002, Presidential Telephone Calls - Memorandum of Conversations 5/10/89 - 7/27/89. Declassified. Originally processed under FOIA 2009-0275-S. Project PDF begins with the PDF provenance sheet, followed by source pages 38-40. Digital source file: 41-bpr-scow-pcor-telcon-91111-002.pdf. Catalog: https://catalog.archives.gov/id/366551687.","Latin America; South America; Colombia; Brent Scowcroft Papers; Head-of-state memcons and telcons",documents/colombia/1989-05-31-bush-virgilio-barco-telcon-91111-002-p38-scowcroft.pdf,https://catalog.archives.gov/id/366551687,"[Presidential Daily Backup] 5/31/1989; [Presidential Daily Diary] 5/31/1989 [EMPTY]","https://s3.amazonaws.com/NARAprodstorage/lz/presidential-libraries/bush/gb-whasf/Presidential_Daily_Diary_186322/1989/41-bpr-apts_sch-dd-05_31_89-12798-014_415889861.pdf; https://s3.amazonaws.com/NARAprodstorage/lz/presidential-libraries/bush/gb-whasf/Presidential_Daily_Diary_186322/1989/41-bpr-apts_sch-dd-05_31_89-12798-013_415889860.pdf","https://catalog.archives.gov/id/415889861; https://catalog.archives.gov/id/415889860"
5,Colombia,1989-08-21,"August 21, 1989",Telcon,Memorandum of Telephone Conversation,"Telephone Conversation with Virgilio Barco Vargas, President of Colombia","George H. W. Bush; Virgilio Barco",4,Full,Presidential Telcon Files,[Memorandum of Telephone Conversations (Telcons) - August 1989-December 1989]: August 1989,428080207,"Presidential Telcon Files; [Memorandum of Telephone Conversations (Telcons) - August 1989-December 1989]: August 1989","Source: George H.W. Bush Library, Bush Presidential Records, National Security Council, Presidential Telcon Files, [Memorandum of Telephone Conversations (Telcons) - August 1989-December 1989]: August 1989. Declassified.","Source: George H.W. Bush Presidential Library and Museum, Digital Research Room, ""Memcons and Telcons"" table (https://www.bush41library.gov/digital-research-room/about-textual-collections/memcons-and-telcons), row: Date 8/21/1989; Type Telcon; Participants Barco, Virgilio; Country Colombia; Release Status Full; NAID 428080207. Priority collection for volume compilation: Latin American Directorate Chronological Files, NAID 2197972, https://catalog.archives.gov/id/2197972. National Archives Catalog item: Telephone Conversation with Virgilio Barco Vargas, President of Colombia, NAID 428080207. Collection: Records of the National Security Council (George H. W. Bush Administration), NAID 2163580. Series: Presidential Telcon Files, NAID 321498139. File unit: [Memorandum of Telephone Conversations (Telcons) - August 1989-December 1989]: August 1989, NAID 325592635. Digital object: 1989-08-21--Barco.pdf, object ID 428080208, URL https://s3.us-east-1.amazonaws.com/NARAprodstorage/lz/presidential-libraries/bush/gb-nsc/321498139/1989-08-21--Barco.pdf. Access restriction: Unrestricted. Deduped local provenance: Brent Scowcroft Papers, Presidential Correspondence Files, NAID 366551688, 91111-003, source pages 43-45.","Latin America; South America; Colombia; Bush Library Memcons and Telcons; Telcon",https://s3.us-east-1.amazonaws.com/NARAprodstorage/lz/presidential-libraries/bush/gb-nsc/321498139/1989-08-21--Barco.pdf,https://catalog.archives.gov/id/428080207,"[Presidential Daily Backup] 8/21/1989; [Presidential Daily Diary] 8/21/1989","https://s3.amazonaws.com/NARAprodstorage/lz/presidential-libraries/bush/gb-whasf/Presidential_Daily_Diary_186322/1989/41-bpr-apts_sch-dd-08_21_89-12804-014_415890025.pdf; https://s3.amazonaws.com/NARAprodstorage/lz/presidential-libraries/bush/gb-whasf/Presidential_Daily_Diary_186322/1989/41-bpr-apts_sch-dd-08_21_89-12804-013_415890024.pdf","https://catalog.archives.gov/id/415890025; https://catalog.archives.gov/id/415890024"
5,Colombia,1989-08-28,"August 28, 1989",Telcon,Memorandum of Telephone Conversation,"Telephone Conversation with Virgilio Barco Vargas, President of Colombia","George H. W. Bush; Virgilio Barco",4,Full,Presidential Telcon Files,[Memorandum of Telephone Conversations (Telcons) - August 1989-December 1989]: August 1989,428080215,"Presidential Telcon Files; [Memorandum of Telephone Conversations (Telcons) - August 1989-December 1989]: August 1989","Source: George H.W. Bush Library, Bush Presidential Records, National Security Council, Presidential Telcon Files, [Memorandum of Telephone Conversations (Telcons) - August 1989-December 1989]: August 1989. Declassified.","Source: George H.W. Bush Presidential Library and Museum, Digital Research Room, ""Memcons and Telcons"" table (https://www.bush41library.gov/digital-research-room/about-textual-collections/memcons-and-telcons), row: Date 8/28/1989; Type Telcon; Participants Barco, Virgilio; Country Colombia; Release Status Full; NAID 428080215. Priority collection for volume compilation: Latin American Directorate Chronological Files, NAID 2197972, https://catalog.archives.gov/id/2197972. National Archives Catalog item: Telephone Conversation with Virgilio Barco Vargas, President of Colombia, NAID 428080215. Collection: Records of the National Security Council (George H. W. Bush Administration), NAID 2163580. Series: Presidential Telcon Files, NAID 321498139. File unit: [Memorandum of Telephone Conversations (Telcons) - August 1989-December 1989]: August 1989, NAID 325592635. Digital object: 1989-08-28--Barco.pdf, object ID 428080216, URL https://s3.us-east-1.amazonaws.com/NARAprodstorage/lz/presidential-libraries/bush/gb-nsc/321498139/1989-08-28--Barco.pdf. Access restriction: Unrestricted. Deduped local provenance: Brent Scowcroft Papers, Presidential Correspondence Files, NAID 366551688, 91111-003, source pages 55-58.","Latin America; South America; Colombia; Bush Library Memcons and Telcons; Telcon",https://s3.us-east-1.amazonaws.com/NARAprodstorage/lz/presidential-libraries/bush/gb-nsc/321498139/1989-08-28--Barco.pdf,https://catalog.archives.gov/id/428080215,"[Presidential Daily Backup] 8/28/1989; [Presidential Daily Diary] 8/28/1989","https://s3.amazonaws.com/NARAprodstorage/lz/presidential-libraries/bush/gb-whasf/Presidential_Daily_Diary_186322/1989/41-bpr-apts_sch-dd-08_28_89-12804-028_415890039.pdf; https://s3.amazonaws.com/NARAprodstorage/lz/presidential-libraries/bush/gb-whasf/Presidential_Daily_Diary_186322/1989/41-bpr-apts_sch-dd-08_28_89-12804-027_415890038.pdf","https://catalog.archives.gov/id/415890039; https://catalog.archives.gov/id/415890038"
5,Colombia,1989-09-26,"September 26, 1989",Telcon,Memorandum of Telephone Conversation,"Telephone Conversation with President Virgilio Barco of Colombia, September 26, 1989","George H. W. Bush; Virgilio Barco",3,Full,Presidential Telcon Files,[Memorandum of Telephone Conversations (Telcons) - August 1989-December 1989]: September 1989,428080265,"Presidential Telcon Files; [Memorandum of Telephone Conversations (Telcons) - August 1989-December 1989]: September 1989","Source: George H.W. Bush Library, Bush Presidential Records, National Security Council, Presidential Telcon Files, [Memorandum of Telephone Conversations (Telcons) - August 1989-December 1989]: September 1989. Declassified.","Source: George H.W. Bush Presidential Library and Museum, Digital Research Room, ""Memcons and Telcons"" table (https://www.bush41library.gov/digital-research-room/about-textual-collections/memcons-and-telcons), row: Date 9/26/1989; Type Telcon; Participants Barco, Virgilio; Country Colombia; Release Status Full; NAID 428080265. Priority collection for volume compilation: Latin American Directorate Chronological Files, NAID 2197972, https://catalog.archives.gov/id/2197972. National Archives Catalog item: Telephone Conversation with President Virgilio Barco of Colombia, September 26, 1989, NAID 428080265. Collection: Records of the National Security Council (George H. W. Bush Administration), NAID 2163580. Series: Presidential Telcon Files, NAID 321498139. File unit: [Memorandum of Telephone Conversations (Telcons) - August 1989-December 1989]: September 1989, NAID 325592636. Digital object: 1989-09-26--Barco.pdf, object ID 428080266, URL https://s3.us-east-1.amazonaws.com/NARAprodstorage/lz/presidential-libraries/bush/gb-nsc/321498139/1989-09-26--Barco.pdf. Access restriction: Unrestricted. Deduped local provenance: Brent Scowcroft Papers, Presidential Correspondence Files, NAID 366551688, 91111-003, source pages 72-73.","Latin America; South America; Colombia; Bush Library Memcons and Telcons; Telcon",https://s3.us-east-1.amazonaws.com/NARAprodstorage/lz/presidential-libraries/bush/gb-nsc/321498139/1989-09-26--Barco.pdf,https://catalog.archives.gov/id/428080265,"[Presidential Daily Backup] 9/26/1989; [Presidential Daily Diary] 9/26/1989","https://s3.amazonaws.com/NARAprodstorage/lz/presidential-libraries/bush/gb-whasf/Presidential_Daily_Diary_186322/1989/41-bpr-apts_sch-dd-09_26_89-12806-018_415890097.pdf; https://s3.amazonaws.com/NARAprodstorage/lz/presidential-libraries/bush/gb-whasf/Presidential_Daily_Diary_186322/1989/41-bpr-apts_sch-dd-09_26_89-12806-017_415890096.pdf","https://catalog.archives.gov/id/415890097; https://catalog.archives.gov/id/415890096"
5,Colombia,1989-09-28,"September 28, 1989",Memcon,Memorandum of Conversation,"Meeting with President Virgilio Barco of Colombia, September 28, 1989","George H. W. Bush; Virgilio Barco",9,Full,Presidential Memcon Files,[Memorandum of Conversations (Memcons) - June 1989-December 1989]: September 1989,428080241,"Presidential Memcon Files; [Memorandum of Conversations (Memcons) - June 1989-December 1989]: September 1989","Source: George H.W. Bush Library, Bush Presidential Records, National Security Council, Presidential Memcon Files, [Memorandum of Conversations (Memcons) - June 1989-December 1989]: September 1989. Declassified.","Source: George H.W. Bush Presidential Library and Museum, Digital Research Room, ""Memcons and Telcons"" table (https://www.bush41library.gov/digital-research-room/about-textual-collections/memcons-and-telcons), row: Date 9/28/1989; Type Memcon; Participants Barco, Virgilio; Country Colombia; Release Status Full; NAID 428080241. Priority collection for volume compilation: Latin American Directorate Chronological Files, NAID 2197972, https://catalog.archives.gov/id/2197972. National Archives Catalog item: Meeting with President Virgilio Barco of Colombia, September 28, 1989, NAID 428080241. Collection: Records of the National Security Council (George H. W. Bush Administration), NAID 2163580. Series: Presidential Memcon Files, NAID 321498039. File unit: [Memorandum of Conversations (Memcons) - June 1989-December 1989]: September 1989, NAID 325377393. Digital object: 1989-09-28--Barco.pdf, object ID 428080242, URL https://s3.us-east-1.amazonaws.com/NARAprodstorage/lz/presidential-libraries/bush/gb-nsc/321498039/1989-09-28--Barco.pdf. Access restriction: Unrestricted.","Latin America; South America; Colombia; Bush Library Memcons and Telcons; Memcon",https://s3.us-east-1.amazonaws.com/NARAprodstorage/lz/presidential-libraries/bush/gb-nsc/321498039/1989-09-28--Barco.pdf,https://catalog.archives.gov/id/428080241,"[Presidential Daily Backup] 9/28/1989; [Presidential Daily Diary] 9/28/1989 [EMPTY]","https://s3.amazonaws.com/NARAprodstorage/lz/presidential-libraries/bush/gb-whasf/Presidential_Daily_Diary_186322/1989/41-bpr-apts_sch-dd-09_28_89-12806-022_415890101.pdf; https://s3.amazonaws.com/NARAprodstorage/lz/presidential-libraries/bush/gb-whasf/Presidential_Daily_Diary_186322/1989/41-bpr-apts_sch-dd-09_28_89-12806-021_415890100.pdf","https://catalog.archives.gov/id/415890101; https://catalog.archives.gov/id/415890100"
5,Colombia,1989-10-30,"October 30, 1989",Telcon,Memorandum of Telephone Conversation,"Telephone Conversation with President Barco of Colombia, October 30, 1989","George H. W. Bush; Virgilio Barco",2,Full,Presidential Telcon Files,[Memorandum of Telephone Conversations (Telcons) - August 1989-December 1989]: October 1989,428080315,"Presidential Telcon Files; [Memorandum of Telephone Conversations (Telcons) - August 1989-December 1989]: October 1989","Source: George H.W. Bush Library, Bush Presidential Records, National Security Council, Presidential Telcon Files, [Memorandum of Telephone Conversations (Telcons) - August 1989-December 1989]: October 1989. Declassified.","Source: George H.W. Bush Presidential Library and Museum, Digital Research Room, ""Memcons and Telcons"" table (https://www.bush41library.gov/digital-research-room/about-textual-collections/memcons-and-telcons), row: Date 10/30/1989; Type Telcon; Participants Barco, Virgilio; Country Colombia; Release Status Full; NAID 428080315. Priority collection for volume compilation: Latin American Directorate Chronological Files, NAID 2197972, https://catalog.archives.gov/id/2197972. National Archives Catalog item: Telephone Conversation with President Barco of Colombia, October 30, 1989, NAID 428080315. Collection: Records of the National Security Council (George H. W. Bush Administration), NAID 2163580. Series: Presidential Telcon Files, NAID 321498139. File unit: [Memorandum of Telephone Conversations (Telcons) - August 1989-December 1989]: October 1989, NAID 325592637. Digital object: 1989-10-30--Barco.pdf, object ID 428080316, URL https://s3.us-east-1.amazonaws.com/NARAprodstorage/lz/presidential-libraries/bush/gb-nsc/321498139/1989-10-30--Barco.pdf. Access restriction: Unrestricted.","Latin America; South America; Colombia; Bush Library Memcons and Telcons; Telcon",https://s3.us-east-1.amazonaws.com/NARAprodstorage/lz/presidential-libraries/bush/gb-nsc/321498139/1989-10-30--Barco.pdf,https://catalog.archives.gov/id/428080315,"[Presidential Daily Backup] 10/30/1989; [Presidential Daily Diary] 10/30/1989","https://s3.amazonaws.com/NARAprodstorage/lz/presidential-libraries/bush/gb-whasf/Presidential_Daily_Diary_186322/1989/41-bpr-apts_sch-dd-10_30_89-12809-022_415890165.pdf; https://s3.amazonaws.com/NARAprodstorage/lz/presidential-libraries/bush/gb-whasf/Presidential_Daily_Diary_186322/1989/41-bpr-apts_sch-dd-10_30_89-12809-021_415890164.pdf","https://catalog.archives.gov/id/415890165; https://catalog.archives.gov/id/415890164"
5,Colombia,1989-11-27,"November 27, 1989",Telcon,Memorandum of Telephone Conversation,"Telephone Conversation with President Barco of Colombia, November 27, 1989","George H. W. Bush; Virgilio Barco",5,Partial,Presidential Telcon Files,[Memorandum of Telephone Conversations (Telcons) - August 1989-December 1989]: November 1989,428080357,"Presidential Telcon Files; [Memorandum of Telephone Conversations (Telcons) - August 1989-December 1989]: November 1989","Source: George H.W. Bush Library, Bush Presidential Records, National Security Council, Presidential Telcon Files, [Memorandum of Telephone Conversations (Telcons) - August 1989-December 1989]: November 1989. Declassified; partial release: Partial.","Source: George H.W. Bush Presidential Library and Museum, Digital Research Room, ""Memcons and Telcons"" table (https://www.bush41library.gov/digital-research-room/about-textual-collections/memcons-and-telcons), row: Date 11/27/1989; Type Telcon; Participants Barco, Virgilio; Country Colombia; Release Status Partial; NAID 428080357. Priority collection for volume compilation: Latin American Directorate Chronological Files, NAID 2197972, https://catalog.archives.gov/id/2197972. National Archives Catalog item: Telephone Conversation with President Barco of Colombia, November 27, 1989, NAID 428080357. Collection: Records of the National Security Council (George H. W. Bush Administration), NAID 2163580. Series: Presidential Telcon Files, NAID 321498139. File unit: [Memorandum of Telephone Conversations (Telcons) - August 1989-December 1989]: November 1989, NAID 325592638. Digital object: 1989-11-27--Barco.pdf, object ID 428080358, URL https://s3.us-east-1.amazonaws.com/NARAprodstorage/lz/presidential-libraries/bush/gb-nsc/321498139/1989-11-27--Barco.pdf. Access restriction: Restricted - Partly.","Latin America; South America; Colombia; Bush Library Memcons and Telcons; Telcon",https://s3.us-east-1.amazonaws.com/NARAprodstorage/lz/presidential-libraries/bush/gb-nsc/321498139/1989-11-27--Barco.pdf,https://catalog.archives.gov/id/428080357,"[Presidential Daily Backup] 11/27/1989; [Presidential Daily Diary] 11/27/1989 [EMPTY]","https://s3.amazonaws.com/NARAprodstorage/lz/presidential-libraries/bush/gb-whasf/Presidential_Daily_Diary_186322/1989/41-bpr-apts_sch-dd-11_27_89-12812-012_415890221.pdf; https://s3.amazonaws.com/NARAprodstorage/lz/presidential-libraries/bush/gb-whasf/Presidential_Daily_Diary_186322/1989/41-bpr-apts_sch-dd-11_27_89-12812-011_415890220.pdf","https://catalog.archives.gov/id/415890221; https://catalog.archives.gov/id/415890220"
5,Colombia,1989-12-20,"December 20, 1989",Telcon,Memorandum of Telephone Conversation,"Telephone Conversation with President Barco of Colombia, December 20, 1989","George H. W. Bush; Virgilio Barco",3,Full,Presidential Telcon Files,[Memorandum of Telephone Conversations (Telcons) - August 1989-December 1989]: December 1989,428080421,"Presidential Telcon Files; [Memorandum of Telephone Conversations (Telcons) - August 1989-December 1989]: December 1989","Source: George H.W. Bush Library, Bush Presidential Records, National Security Council, Presidential Telcon Files, [Memorandum of Telephone Conversations (Telcons) - August 1989-December 1989]: December 1989. Declassified.","Source: George H.W. Bush Presidential Library and Museum, Digital Research Room, ""Memcons and Telcons"" table (https://www.bush41library.gov/digital-research-room/about-textual-collections/memcons-and-telcons), row: Date 12/20/1989; Type Telcon; Participants Barco, Virgilio; Country Colombia; Release Status Full; NAID 428080421. Priority collection for volume compilation: Latin American Directorate Chronological Files, NAID 2197972, https://catalog.archives.gov/id/2197972. National Archives Catalog item: Telephone Conversation with President Barco of Colombia, December 20, 1989, NAID 428080421. Collection: Records of the National Security Council (George H. W. Bush Administration), NAID 2163580. Series: Presidential Telcon Files, NAID 321498139. File unit: [Memorandum of Telephone Conversations (Telcons) - August 1989-December 1989]: December 1989, NAID 325592639. Digital object: 1989-12-20--Barco.pdf, object ID 428080422, URL https://s3.us-east-1.amazonaws.com/NARAprodstorage/lz/presidential-libraries/bush/gb-nsc/321498139/1989-12-20--Barco.pdf. Access restriction: Unrestricted.","Latin America; South America; Colombia; Bush Library Memcons and Telcons; Telcon",https://s3.us-east-1.amazonaws.com/NARAprodstorage/lz/presidential-libraries/bush/gb-nsc/321498139/1989-12-20--Barco.pdf,https://catalog.archives.gov/id/428080421,"[Presidential Daily Backup] 12/20/1989; [Presidential Daily Diary] 12/20/1989 [EMPTY]","https://s3.amazonaws.com/NARAprodstorage/lz/presidential-libraries/bush/gb-whasf/Presidential_Daily_Diary_186322/1989/41-bpr-apts_sch-dd-12_20_89-12813-022_415890267.pdf; https://s3.amazonaws.com/NARAprodstorage/lz/presidential-libraries/bush/gb-whasf/Presidential_Daily_Diary_186322/1989/41-bpr-apts_sch-dd-12_20_89-12813-021_415890266.pdf","https://catalog.archives.gov/id/415890267; https://catalog.archives.gov/id/415890266"
5,Colombia,1990-01-28,"January 28, 1990",Telcon,Memorandum of Telephone Conversation,"Telephone Conversation with President Barco of Colombia, January 28, 1990","George H. W. Bush; Virgilio Barco",4,Full,Presidential Telcon Files,[Memorandum of Telephone Conversations (Telcons) - January 1990-July 1990]: January 1990,428080509,"Presidential Telcon Files; [Memorandum of Telephone Conversations (Telcons) - January 1990-July 1990]: January 1990","Source: George H.W. Bush Library, Bush Presidential Records, National Security Council, Presidential Telcon Files, [Memorandum of Telephone Conversations (Telcons) - January 1990-July 1990]: January 1990. Declassified.","Source: George H.W. Bush Presidential Library and Museum, Digital Research Room, ""Memcons and Telcons"" table (https://www.bush41library.gov/digital-research-room/about-textual-collections/memcons-and-telcons), row: Date 1/28/1990; Type Telcon; Participants Barco, Virgilio; Country Colombia; Release Status Full; NAID 428080509. Priority collection for volume compilation: Latin American Directorate Chronological Files, NAID 2197972, https://catalog.archives.gov/id/2197972. National Archives Catalog item: Telephone Conversation with President Barco of Colombia, January 28, 1990, NAID 428080509. Collection: Records of the National Security Council (George H. W. Bush Administration), NAID 2163580. Series: Presidential Telcon Files, NAID 321498139. File unit: [Memorandum of Telephone Conversations (Telcons) - January 1990-July 1990]: January 1990, NAID 325592640. Digital object: 1990-01-28--Barco.pdf, object ID 428080510, URL https://s3.us-east-1.amazonaws.com/NARAprodstorage/lz/presidential-libraries/bush/gb-nsc/321498139/1990-01-28--Barco.pdf. Access restriction: Unrestricted. Deduped local provenance: Brent Scowcroft Papers, Presidential Correspondence Files, NAID 366551690, 91111-005, source pages 34-36.","Latin America; South America; Colombia; Bush Library Memcons and Telcons; Telcon",https://s3.us-east-1.amazonaws.com/NARAprodstorage/lz/presidential-libraries/bush/gb-nsc/321498139/1990-01-28--Barco.pdf,https://catalog.archives.gov/id/428080509,"[Presidential Daily Backup] 1/28/1990; [Presidential Daily Diary] 1/28/1990","https://s3.amazonaws.com/NARAprodstorage/lz/presidential-libraries/bush/gb-whasf/Presidential_Daily_Diary_186322/1990/41-bpr-apts_sch-dd-01_28_90-12816-010_415890345.pdf; https://s3.amazonaws.com/NARAprodstorage/lz/presidential-libraries/bush/gb-whasf/Presidential_Daily_Diary_186322/1990/41-bpr-apts_sch-dd-01_28_90-12816-009_415890344.pdf","https://catalog.archives.gov/id/415890345; https://catalog.archives.gov/id/415890344"
5,Colombia,1990-04-27,"April 27, 1990",Telcon,Memorandum of Telephone Conversation,"Telephone Conversation with President Virgilio Barco of Colombia, April 27, 1990","George H. W. Bush; Virgilio Barco",3,Full,Presidential Telcon Files,[Memorandum of Telephone Conversations (Telcons) - January 1990-July 1990]: April 1990,428080673,"Presidential Telcon Files; [Memorandum of Telephone Conversations (Telcons) - January 1990-July 1990]: April 1990","Source: George H.W. Bush Library, Bush Presidential Records, National Security Council, Presidential Telcon Files, [Memorandum of Telephone Conversations (Telcons) - January 1990-July 1990]: April 1990. Declassified.","Source: George H.W. Bush Presidential Library and Museum, Digital Research Room, ""Memcons and Telcons"" table (https://www.bush41library.gov/digital-research-room/about-textual-collections/memcons-and-telcons), row: Date 4/27/1990; Type Telcon; Participants Barco, Virgilio; Country Colombia; Release Status Full; NAID 428080673. Priority collection for volume compilation: Latin American Directorate Chronological Files, NAID 2197972, https://catalog.archives.gov/id/2197972. National Archives Catalog item: Telephone Conversation with President Virgilio Barco of Colombia, April 27, 1990, NAID 428080673. Collection: Records of the National Security Council (George H. W. Bush Administration), NAID 2163580. Series: Presidential Telcon Files, NAID 321498139. File unit: [Memorandum of Telephone Conversations (Telcons) - January 1990-July 1990]: April 1990, NAID 325592643. Digital object: 1990-04-27--Barco.pdf, object ID 428080674, URL https://s3.us-east-1.amazonaws.com/NARAprodstorage/lz/presidential-libraries/bush/gb-nsc/321498139/1990-04-27--Barco.pdf. Access restriction: Unrestricted. Deduped local provenance: Brent Scowcroft Papers, Presidential Correspondence Files, NAID 366551691, 91111-006, source pages 55-57.","Latin America; South America; Colombia; Bush Library Memcons and Telcons; Telcon",https://s3.us-east-1.amazonaws.com/NARAprodstorage/lz/presidential-libraries/bush/gb-nsc/321498139/1990-04-27--Barco.pdf,https://catalog.archives.gov/id/428080673,"[Presidential Daily Backup] 4/27/1990; [Presidential Daily Diary] 4/27/1990","https://s3.amazonaws.com/NARAprodstorage/lz/presidential-libraries/bush/gb-whasf/Presidential_Daily_Diary_186322/1990/41-bpr-apts_sch-dd-04_27_90-12825-004_415890523.pdf; https://s3.amazonaws.com/NARAprodstorage/lz/presidential-libraries/bush/gb-whasf/Presidential_Daily_Diary_186322/1990/41-bpr-apts_sch-dd-04_27_90-12825-003_415890522.pdf","https://catalog.archives.gov/id/415890523; https://catalog.archives.gov/id/415890522"
5,Colombia,1990-06-05,"June 5, 1990",Memcon,Memorandum of Conversation,"Memorandum of Conversation with President Virgilio Barco of Colombia, June 5, 1990","George H. W. Bush; Virgillio Barco",8,Full,Presidential Memcon Files,[Memorandum of Conversations (Memcons)-January 1990-June 1990]: June 1990,428080733,"Presidential Memcon Files; [Memorandum of Conversations (Memcons)-January 1990-June 1990]: June 1990","Source: George H.W. Bush Library, Bush Presidential Records, National Security Council, Presidential Memcon Files, [Memorandum of Conversations (Memcons)-January 1990-June 1990]: June 1990. Declassified.","Source: George H.W. Bush Presidential Library and Museum, Digital Research Room, ""Memcons and Telcons"" table (https://www.bush41library.gov/digital-research-room/about-textual-collections/memcons-and-telcons), row: Date 6/5/1990; Type Memcon; Participants Barco, Virgillio; Country Colombia; Release Status Full; NAID 428080733. Priority collection for volume compilation: Latin American Directorate Chronological Files, NAID 2197972, https://catalog.archives.gov/id/2197972. National Archives Catalog item: Memorandum of Conversation with President Virgilio Barco of Colombia, June 5, 1990, NAID 428080733. Collection: Records of the National Security Council (George H. W. Bush Administration), NAID 2163580. Series: Presidential Memcon Files, NAID 321498039. File unit: [Memorandum of Conversations (Memcons)-January 1990-June 1990]: June 1990, NAID 325541473. Digital object: 1990-06-05--Barco.pdf, object ID 428080734, URL https://s3.us-east-1.amazonaws.com/NARAprodstorage/lz/presidential-libraries/bush/gb-nsc/321498039/1990-06-05--Barco.pdf. Access restriction: Unrestricted.","Latin America; South America; Colombia; Bush Library Memcons and Telcons; Memcon",https://s3.us-east-1.amazonaws.com/NARAprodstorage/lz/presidential-libraries/bush/gb-nsc/321498039/1990-06-05--Barco.pdf,https://catalog.archives.gov/id/428080733,"[Presidential Daily Backup] 6/5/1990; [Presidential Daily Diary] 6/5/1990","https://s3.amazonaws.com/NARAprodstorage/lz/presidential-libraries/bush/gb-whasf/Presidential_Daily_Diary_186322/1990/41-bpr-apts_sch-dd-06_05_90-12828-026_415890601.pdf; https://s3.amazonaws.com/NARAprodstorage/lz/presidential-libraries/bush/gb-whasf/Presidential_Daily_Diary_186322/1990/41-bpr-apts_sch-dd-06_05_90-12828-025_415890600.pdf","https://catalog.archives.gov/id/415890601; https://catalog.archives.gov/id/415890600"
5,Colombia,1990-07-13,"July 13, 1990",Memcon,Memorandum of Conversation,Meeting with President-Elect Gaviria of Colombia (U),"George H. W. Bush; Virgilio Barco",6,Declassified,Scowcroft extract,91108-001,366551670,"Presidential Meetings - Memorandum of Conversations 7/5/90 - 9/24/90; 41-bpr-scow-pcor-memcon-91108-001.pdf; source pages 73-78","Source: George H.W. Bush Library, Bush Presidential Records, Brent Scowcroft Collection, Presidential Correspondence Files, Presidential Memcons Files, OA/ID 91108-001, Presidential Meetings - Memorandum of Conversations 7/5/90 - 9/24/90. Declassified.","Source: George H.W. Bush Library, Bush Presidential Records, Brent Scowcroft Collection, Presidential Correspondence Files, Presidential Memcons Files, OA/ID 91108-001, Presidential Meetings - Memorandum of Conversations 7/5/90 - 9/24/90. Declassified. Originally processed under FOIA 2009-0275-S. Project PDF begins with the PDF provenance sheet, followed by source pages 73-78. Digital source file: 41-bpr-scow-pcor-memcon-91108-001.pdf. Catalog: https://catalog.archives.gov/id/366551670.","Latin America; South America; Colombia; Brent Scowcroft Papers; Head-of-state memcons and telcons",documents/colombia/1990-07-13-bush-virgilio-barco-memcon-91108-001-p73-scowcroft.pdf,https://catalog.archives.gov/id/366551670,"[Presidential Daily Backup] 7/13/1990; [Presidential Daily Diary] 7/13/1990","https://s3.amazonaws.com/NARAprodstorage/lz/presidential-libraries/bush/gb-whasf/Presidential_Daily_Diary_186322/1990/41-bpr-apts_sch-dd-07_13_90-12832-004_415890677.pdf; https://s3.amazonaws.com/NARAprodstorage/lz/presidential-libraries/bush/gb-whasf/Presidential_Daily_Diary_186322/1990/41-bpr-apts_sch-dd-07_13_90-12832-003_415890676.pdf","https://catalog.archives.gov/id/415890677; https://catalog.archives.gov/id/415890676"
5,Colombia,1990-07-13,"July 13, 1990",Memcon,Memorandum of Conversation,"Meeting with President-Elect Gaviria of Colombia, July 13, 1990","George H. W. Bush; Cesar Gaviria Trujillo",7,Full,Presidential Memcon Files,[Memorandum of Conversations (Memcons)-July 1990-December 1990]: July 1990,428080837,"Presidential Memcon Files; [Memorandum of Conversations (Memcons)-July 1990-December 1990]: July 1990","Source: George H.W. Bush Library, Bush Presidential Records, National Security Council, Presidential Memcon Files, [Memorandum of Conversations (Memcons)-July 1990-December 1990]: July 1990. Declassified.","Source: George H.W. Bush Presidential Library and Museum, Digital Research Room, ""Memcons and Telcons"" table (https://www.bush41library.gov/digital-research-room/about-textual-collections/memcons-and-telcons), row: Date 7/13/1990; Type Memcon; Participants Gaviria Trujillo, Cesar; Country Colombia; Release Status Full; NAID 428080837. Priority collection for volume compilation: Latin American Directorate Chronological Files, NAID 2197972, https://catalog.archives.gov/id/2197972. National Archives Catalog item: Meeting with President-Elect Gaviria of Colombia, July 13, 1990, NAID 428080837. Collection: Records of the National Security Council (George H. W. Bush Administration), NAID 2163580. Series: Presidential Memcon Files, NAID 321498039. File unit: [Memorandum of Conversations (Memcons)-July 1990-December 1990]: July 1990, NAID 325541475. Digital object: 1990-07-13--Gaviria-Trujillo.pdf, object ID 428080838, URL https://s3.us-east-1.amazonaws.com/NARAprodstorage/lz/presidential-libraries/bush/gb-nsc/321498039/1990-07-13--Gaviria-Trujillo.pdf. Access restriction: Unrestricted.","Latin America; South America; Colombia; Bush Library Memcons and Telcons; Memcon",https://s3.us-east-1.amazonaws.com/NARAprodstorage/lz/presidential-libraries/bush/gb-nsc/321498039/1990-07-13--Gaviria-Trujillo.pdf,https://catalog.archives.gov/id/428080837,"[Presidential Daily Backup] 7/13/1990; [Presidential Daily Diary] 7/13/1990","https://s3.amazonaws.com/NARAprodstorage/lz/presidential-libraries/bush/gb-whasf/Presidential_Daily_Diary_186322/1990/41-bpr-apts_sch-dd-07_13_90-12832-004_415890677.pdf; https://s3.amazonaws.com/NARAprodstorage/lz/presidential-libraries/bush/gb-whasf/Presidential_Daily_Diary_186322/1990/41-bpr-apts_sch-dd-07_13_90-12832-003_415890676.pdf","https://catalog.archives.gov/id/415890677; https://catalog.archives.gov/id/415890676"
5,Colombia,1990-09-29,"September 29, 1990",Memcon,Memorandum of Conversation,Memorandum of Conversation with President Cesar Gaviria Trujillo of Colombia (UV),"George H. W. Bush; Cesar Gaviria",6,Declassified,Scowcroft extract,91108-002,366551671,"Presidential Meetings - Memorandum of Conversations 9/25/90 - 10/31/90; 41-bpr-scow-pcor-memcon-91108-002.pdf; source pages 27-32","Source: George H.W. Bush Library, Bush Presidential Records, Brent Scowcroft Collection, Presidential Correspondence Files, Presidential Memcons Files, OA/ID 91108-002, Presidential Meetings - Memorandum of Conversations 9/25/90 - 10/31/90. Declassified.","Source: George H.W. Bush Library, Bush Presidential Records, Brent Scowcroft Collection, Presidential Correspondence Files, Presidential Memcons Files, OA/ID 91108-002, Presidential Meetings - Memorandum of Conversations 9/25/90 - 10/31/90. Declassified. Originally processed under FOIA 2009-0275-S. Project PDF begins with the PDF provenance sheet, followed by source pages 27-32. Digital source file: 41-bpr-scow-pcor-memcon-91108-002.pdf. Catalog: https://catalog.archives.gov/id/366551671.","Latin America; South America; Colombia; Brent Scowcroft Papers; Head-of-state memcons and telcons",documents/colombia/1990-09-29-bush-cesar-gaviria-memcon-91108-002-p27-scowcroft.pdf,https://catalog.archives.gov/id/366551671,"[Presidential Daily Backup] 9/29/1990; [Presidential Daily Diary] 9/29/1990","https://s3.amazonaws.com/NARAprodstorage/lz/presidential-libraries/bush/gb-whasf/Presidential_Daily_Diary_186322/1990/41-bpr-apts_sch-dd-09_29_90-12837-010_415890833.pdf; https://s3.amazonaws.com/NARAprodstorage/lz/presidential-libraries/bush/gb-whasf/Presidential_Daily_Diary_186322/1990/41-bpr-apts_sch-dd-09_29_90-12837-009_415890832.pdf","https://catalog.archives.gov/id/415890833; https://catalog.archives.gov/id/415890832"
5,Colombia,1990-09-29,"September 29, 1990",Memcon,Memorandum of Conversation,"Memorandum of Conversation with President Cesar Gaviria Trujillo of Colombia, September 29, 1990","George H. W. Bush; Cesar Gaviria Trujillo",7,Full,Presidential Memcon Files,[Memorandum of Conversations (Memcons)-July 1990-December 1990]: September 1990,428081077,"Presidential Memcon Files; [Memorandum of Conversations (Memcons)-July 1990-December 1990]: September 1990","Source: George H.W. Bush Library, Bush Presidential Records, National Security Council, Presidential Memcon Files, [Memorandum of Conversations (Memcons)-July 1990-December 1990]: September 1990. Declassified.","Source: George H.W. Bush Presidential Library and Museum, Digital Research Room, ""Memcons and Telcons"" table (https://www.bush41library.gov/digital-research-room/about-textual-collections/memcons-and-telcons), row: Date 9/29/1990; Type Memcon; Participants Gaviria Trujillo, Cesar; Country Colombia; Release Status Full; NAID 428081077. Priority collection for volume compilation: Latin American Directorate Chronological Files, NAID 2197972, https://catalog.archives.gov/id/2197972. National Archives Catalog item: Memorandum of Conversation with President Cesar Gaviria Trujillo of Colombia, September 29, 1990, NAID 428081077. Collection: Records of the National Security Council (George H. W. Bush Administration), NAID 2163580. Series: Presidential Memcon Files, NAID 321498039. File unit: [Memorandum of Conversations (Memcons)-July 1990-December 1990]: September 1990, NAID 325541479. Digital object: 1990-09-29--Gaviria-Trujillo.pdf, object ID 428081078, URL https://s3.us-east-1.amazonaws.com/NARAprodstorage/lz/presidential-libraries/bush/gb-nsc/321498039/1990-09-29--Gaviria-Trujillo.pdf. Access restriction: Unrestricted.","Latin America; South America; Colombia; Bush Library Memcons and Telcons; Memcon",https://s3.us-east-1.amazonaws.com/NARAprodstorage/lz/presidential-libraries/bush/gb-nsc/321498039/1990-09-29--Gaviria-Trujillo.pdf,https://catalog.archives.gov/id/428081077,"[Presidential Daily Backup] 9/29/1990; [Presidential Daily Diary] 9/29/1990","https://s3.amazonaws.com/NARAprodstorage/lz/presidential-libraries/bush/gb-whasf/Presidential_Daily_Diary_186322/1990/41-bpr-apts_sch-dd-09_29_90-12837-010_415890833.pdf; https://s3.amazonaws.com/NARAprodstorage/lz/presidential-libraries/bush/gb-whasf/Presidential_Daily_Diary_186322/1990/41-bpr-apts_sch-dd-09_29_90-12837-009_415890832.pdf","https://catalog.archives.gov/id/415890833; https://catalog.archives.gov/id/415890832"
5,Colombia,1990-11-23,"November 23, 1990",Telcon,Memorandum of a Telephone Conversation,Telephone Conversation with President Gaviria of Colombia (U),"George H. W. Bush; Cesar Gaviria",4,Declassified,Scowcroft extract,91112-003,366551695,"Presidential Telephone Calls - Memorandum of Conversations 10/11/90 - 12/31/90; 41-bpr-scow-pcor-telcon-91112-003.pdf; source pages 63-66","Source: George H.W. Bush Library, Bush Presidential Records, Brent Scowcroft Collection, Presidential Correspondence Files, Presidential Telcon Files, OA/ID 91112-003, Presidential Telephone Calls - Memorandum of Conversations 10/11/90 - 12/31/90. Declassified.","Source: George H.W. Bush Library, Bush Presidential Records, Brent Scowcroft Collection, Presidential Correspondence Files, Presidential Telcon Files, OA/ID 91112-003, Presidential Telephone Calls - Memorandum of Conversations 10/11/90 - 12/31/90. Declassified. Originally processed under FOIA 2009-0275-S. Project PDF begins with the PDF provenance sheet, followed by source pages 63-66. Digital source file: 41-bpr-scow-pcor-telcon-91112-003.pdf. Catalog: https://catalog.archives.gov/id/366551695.","Latin America; South America; Colombia; Brent Scowcroft Papers; Head-of-state memcons and telcons",documents/colombia/1990-11-23-bush-cesar-gaviria-telcon-91112-003-p63-scowcroft.pdf,https://catalog.archives.gov/id/366551695,"[Presidential Daily Backup] 11/23/1990; [Presidential Daily Diary] 11/23/1990 [EMPTY]","https://s3.amazonaws.com/NARAprodstorage/lz/presidential-libraries/bush/gb-whasf/Presidential_Daily_Diary_186322/1990/41-bpr-apts_sch-dd-11_23_90-12843-006_415890945.pdf; https://s3.amazonaws.com/NARAprodstorage/lz/presidential-libraries/bush/gb-whasf/Presidential_Daily_Diary_186322/1990/41-bpr-apts_sch-dd-11_23_90-12843-005_415890944.pdf","https://catalog.archives.gov/id/415890945; https://catalog.archives.gov/id/415890944"
5,Colombia,1990-11-23,"November 23, 1990",Telcon,Memorandum of Telephone Conversation,"Telephone Conversation -with President Gaviria of Colombia, November 23, 1990","George H. W. Bush; Cesar Gaviria Trujillo",3,Full,Presidential Telcon Files,[Memorandum of Telephone Conversations (Telcons) - August 1990-December 1990]: November 1990,428081223,"Presidential Telcon Files; [Memorandum of Telephone Conversations (Telcons) - August 1990-December 1990]: November 1990","Source: George H.W. Bush Library, Bush Presidential Records, National Security Council, Presidential Telcon Files, [Memorandum of Telephone Conversations (Telcons) - August 1990-December 1990]: November 1990. Declassified.","Source: George H.W. Bush Presidential Library and Museum, Digital Research Room, ""Memcons and Telcons"" table (https://www.bush41library.gov/digital-research-room/about-textual-collections/memcons-and-telcons), row: Date 11/23/1990; Type Telcon; Participants Gaviria Trujillo, Cesar; Country Colombia; Release Status Full; NAID 428081223. Priority collection for volume compilation: Latin American Directorate Chronological Files, NAID 2197972, https://catalog.archives.gov/id/2197972. National Archives Catalog item: Telephone Conversation -with President Gaviria of Colombia, November 23, 1990, NAID 428081223. Collection: Records of the National Security Council (George H. W. Bush Administration), NAID 2163580. Series: Presidential Telcon Files, NAID 321498139. File unit: [Memorandum of Telephone Conversations (Telcons) - August 1990-December 1990]: November 1990, NAID 325592651. Digital object: 1990-11-23--Gaviria-Trujillo.pdf, object ID 428081224, URL https://s3.us-east-1.amazonaws.com/NARAprodstorage/lz/presidential-libraries/bush/gb-nsc/321498139/1990-11-23--Gaviria-Trujillo.pdf. Access restriction: Unrestricted.","Latin America; South America; Colombia; Bush Library Memcons and Telcons; Telcon",https://s3.us-east-1.amazonaws.com/NARAprodstorage/lz/presidential-libraries/bush/gb-nsc/321498139/1990-11-23--Gaviria-Trujillo.pdf,https://catalog.archives.gov/id/428081223,"[Presidential Daily Backup] 11/23/1990; [Presidential Daily Diary] 11/23/1990 [EMPTY]","https://s3.amazonaws.com/NARAprodstorage/lz/presidential-libraries/bush/gb-whasf/Presidential_Daily_Diary_186322/1990/41-bpr-apts_sch-dd-11_23_90-12843-006_415890945.pdf; https://s3.amazonaws.com/NARAprodstorage/lz/presidential-libraries/bush/gb-whasf/Presidential_Daily_Diary_186322/1990/41-bpr-apts_sch-dd-11_23_90-12843-005_415890944.pdf","https://catalog.archives.gov/id/415890945; https://catalog.archives.gov/id/415890944"
5,Colombia,1991-02-26,"February 26, 1991",Memcon,Memorandum of Conversation,Meeting with President Cesar Gaviria of Colombia (U),"George H. W. Bush; Cesar Gaviria",7,Declassified,Scowcroft extract,91108-004,366551673,"Presidential Meetings - Memorandum of Conversations 01/14/91 - 03/08/91; 41-bpr-scow-pcor-memcon-91108-004.pdf; source pages 33-39","Source: George H.W. Bush Library, Bush Presidential Records, Brent Scowcroft Collection, Presidential Correspondence Files, Presidential Memcons Files, OA/ID 91108-004, Presidential Meetings - Memorandum of Conversations 01/14/91 - 03/08/91. Declassified.","Source: George H.W. Bush Library, Bush Presidential Records, Brent Scowcroft Collection, Presidential Correspondence Files, Presidential Memcons Files, OA/ID 91108-004, Presidential Meetings - Memorandum of Conversations 01/14/91 - 03/08/91. Declassified. Originally processed under FOIA 2009-0275-S. Project PDF begins with the PDF provenance sheet, followed by source pages 33-39. Digital source file: 41-bpr-scow-pcor-memcon-91108-004.pdf. Catalog: https://catalog.archives.gov/id/366551673.","Latin America; South America; Colombia; Brent Scowcroft Papers; Head-of-state memcons and telcons",documents/colombia/1991-02-26-bush-cesar-gaviria-memcon-91108-004-p33-scowcroft.pdf,https://catalog.archives.gov/id/366551673,"[Presidential Daily Backup] 2/26/1991; [Presidential Daily Diary] 2/26/1991","https://s3.amazonaws.com/NARAprodstorage/lz/presidential-libraries/bush/gb-whasf/Presidential_Daily_Diary_186322/1991/41-bpr-apts_sch-dd-02_26_91-12850-002_415891135.pdf; https://s3.amazonaws.com/NARAprodstorage/opastorage/live/62/1863/186362/content/arcmedia/media/images/40/23/40-2260a.gif","https://catalog.archives.gov/id/415891135; https://catalog.archives.gov/id/415891134"
5,Colombia,1991-02-26,"February 26, 1991",Memcon,Memorandum of Conversation,"Meeting with President Cesar Gaviria of Colombia, February 26, 1991","George H. W. Bush; Cesar Gaviria Trujillo",8,Full,Presidential Telcon Files,[Memorandum of Telephone Conversations (Telcons) - January 1991-April 1991]: February 1991 [2],428082499,"Presidential Telcon Files; [Memorandum of Telephone Conversations (Telcons) - January 1991-April 1991]: February 1991 [2]","Source: George H.W. Bush Library, Bush Presidential Records, National Security Council, Presidential Telcon Files, [Memorandum of Telephone Conversations (Telcons) - January 1991-April 1991]: February 1991 [2]. Declassified.","Source: George H.W. Bush Presidential Library and Museum, Digital Research Room, ""Memcons and Telcons"" table (https://www.bush41library.gov/digital-research-room/about-textual-collections/memcons-and-telcons), row: Date 2/26/1991; Type Memcon; Participants Gaviria Trujillo, Cesar; Country Colombia; Release Status Full; NAID 428082499. Priority collection for volume compilation: Latin American Directorate Chronological Files, NAID 2197972, https://catalog.archives.gov/id/2197972. National Archives Catalog item: Meeting with President Cesar Gaviria of Colombia, February 26, 1991, NAID 428082499. Collection: Records of the National Security Council (George H. W. Bush Administration), NAID 2163580. Series: Presidential Telcon Files, NAID 321498139. File unit: [Memorandum of Telephone Conversations (Telcons) - January 1991-April 1991]: February 1991 [2], NAID 325592655. Digital object: 1991-02-26--Gaviria-Trujillo.pdf, object ID 428082500, URL https://s3.us-east-1.amazonaws.com/NARAprodstorage/lz/presidential-libraries/bush/gb-nsc/321498039/1991-02-26--Gaviria-Trujillo.pdf. Access restriction: Unrestricted.","Latin America; South America; Colombia; Bush Library Memcons and Telcons; Memcon",https://s3.us-east-1.amazonaws.com/NARAprodstorage/lz/presidential-libraries/bush/gb-nsc/321498039/1991-02-26--Gaviria-Trujillo.pdf,https://catalog.archives.gov/id/428082499,"[Presidential Daily Backup] 2/26/1991; [Presidential Daily Diary] 2/26/1991","https://s3.amazonaws.com/NARAprodstorage/lz/presidential-libraries/bush/gb-whasf/Presidential_Daily_Diary_186322/1991/41-bpr-apts_sch-dd-02_26_91-12850-002_415891135.pdf; https://s3.amazonaws.com/NARAprodstorage/opastorage/live/62/1863/186362/content/arcmedia/media/images/40/23/40-2260a.gif","https://catalog.archives.gov/id/415891135; https://catalog.archives.gov/id/415891134"
5,Colombia,1991-06-20,"June 20, 1991",Telcon,Memorandum of a Telephone Conversation,"Telcon with Cesar Gaviria Trujillo, President of Colombia, June 20, 1991","George H. W. Bush; Cesar Gaviria",2,Declassified,Scowcroft extract,91112-008,366551700,"Presidential Telephone Calls--Memorandum of Conversations 5/3/91-7/21/91; source pages 74-75; 41-bpr-scow-pcor-telcon-91112-008.pdf; source pages 74-75; 41-bpr-scow-pcor-telcon-91112-008.pdf; source pages 74-75","Source: George H.W. Bush Library, Bush Presidential Records, Brent Scowcroft Collection, Presidential Correspondence Files, Presidential Telcon Files, OA/ID 91112-008, 91112-008. Declassified.","Source: George H.W. Bush Library, Bush Presidential Records, Brent Scowcroft Collection, Presidential Correspondence Files, Presidential Telcon Files, OA/ID 91112-008, Presidential Telephone Calls--Memorandum of Conversations 5/3/91-7/21/91; source pages 74-75; 41-bpr-scow-pcor-telcon-91112-008.pdf; source pages 74-75; 41-bpr-scow-pcor-telcon-91112-008.pdf; source pages 74-75. Declassified. Originally processed under FOIA 2009-0275-S. Project PDF begins with the PDF provenance sheet, followed by source pages 74-75. Digital source file: 41-bpr-scow-pcor-telcon-91112-008.pdf. Catalog: https://catalog.archives.gov/id/366551700.","Latin America; South America; Colombia; Brent Scowcroft Papers; Head-of-state memcons and telcons",documents/colombia/1991-06-20-bush-cesar-gaviria-telcon-91112-008-p74-scowcroft.pdf,https://catalog.archives.gov/id/366551700,"[Presidential Daily Backup] 6/20/1991; [Presidential Daily Diary] 6/20/1991","https://s3.amazonaws.com/NARAprodstorage/lz/presidential-libraries/bush/gb-whasf/Presidential_Daily_Diary_186322/1991/41-bpr-apts_sch-dd-06_20_91-12861-008_415891364.pdf; https://s3.amazonaws.com/NARAprodstorage/lz/presidential-libraries/bush/gb-whasf/Presidential_Daily_Diary_186322/1991/41-bpr-apts_sch-dd-06_20_91-12861-007_415891363.pdf","https://catalog.archives.gov/id/415891364; https://catalog.archives.gov/id/415891363"
5,Colombia,1991-06-20,"June 20, 1991",Telcon,Memorandum of Telephone Conversation,"Telcon with Cesar Gaviria Trujillo, President of Colombia, June 20, 1991","George H. W. Bush; Cesar Gaviria Trujillo",3,Full,Presidential Telcon Files,[Memorandum of Telephone Conversations (Telcons) - May 1991-December 1991]: June 1991,428081721,"Presidential Telcon Files; [Memorandum of Telephone Conversations (Telcons) - May 1991-December 1991]: June 1991","Source: George H.W. Bush Library, Bush Presidential Records, National Security Council, Presidential Telcon Files, [Memorandum of Telephone Conversations (Telcons) - May 1991-December 1991]: June 1991. Declassified.","Source: George H.W. Bush Presidential Library and Museum, Digital Research Room, ""Memcons and Telcons"" table (https://www.bush41library.gov/digital-research-room/about-textual-collections/memcons-and-telcons), row: Date 6/20/1991; Type Telcon; Participants Gaviria Trujillo, Cesar; Country Colombia; Release Status Full; NAID 428081721. Priority collection for volume compilation: Latin American Directorate Chronological Files, NAID 2197972, https://catalog.archives.gov/id/2197972. National Archives Catalog item: Telcon with Cesar Gaviria Trujillo, President of Colombia, June 20, 1991, NAID 428081721. Collection: Records of the National Security Council (George H. W. Bush Administration), NAID 2163580. Series: Presidential Telcon Files, NAID 321498139. File unit: [Memorandum of Telephone Conversations (Telcons) - May 1991-December 1991]: June 1991, NAID 325592659. Digital object: 1991-06-20--Gaviria-Trujillo.pdf, object ID 428081722, URL https://s3.us-east-1.amazonaws.com/NARAprodstorage/lz/presidential-libraries/bush/gb-nsc/321498139/1991-06-20--Gaviria-Trujillo.pdf. Access restriction: Unrestricted.","Latin America; South America; Colombia; Bush Library Memcons and Telcons; Telcon",https://s3.us-east-1.amazonaws.com/NARAprodstorage/lz/presidential-libraries/bush/gb-nsc/321498139/1991-06-20--Gaviria-Trujillo.pdf,https://catalog.archives.gov/id/428081721,"[Presidential Daily Backup] 6/20/1991; [Presidential Daily Diary] 6/20/1991","https://s3.amazonaws.com/NARAprodstorage/lz/presidential-libraries/bush/gb-whasf/Presidential_Daily_Diary_186322/1991/41-bpr-apts_sch-dd-06_20_91-12861-008_415891364.pdf; https://s3.amazonaws.com/NARAprodstorage/lz/presidential-libraries/bush/gb-whasf/Presidential_Daily_Diary_186322/1991/41-bpr-apts_sch-dd-06_20_91-12861-007_415891363.pdf","https://catalog.archives.gov/id/415891364; https://catalog.archives.gov/id/415891363"
6,Ecuador,1990-07-23,"July 23, 1990",Memcon,Memorandum of Conversation,"Meeting with President Rodrigo Borja of Ecuador, July 23, 1990 (1 of 2)","George H. W. Bush; Rodrigo Borja",8,Full,Presidential Memcon Files,[Memorandum of Conversations (Memcons)-July 1990-December 1990]: July 1990,428080839,"Presidential Memcon Files; [Memorandum of Conversations (Memcons)-July 1990-December 1990]: July 1990","Source: George H.W. Bush Library, Bush Presidential Records, National Security Council, Presidential Memcon Files, [Memorandum of Conversations (Memcons)-July 1990-December 1990]: July 1990. Declassified.","Source: George H.W. Bush Presidential Library and Museum, Digital Research Room, ""Memcons and Telcons"" table (https://www.bush41library.gov/digital-research-room/about-textual-collections/memcons-and-telcons), row: Date 7/23/1990; Type Memcon; Participants Borja, Rodrigo; Country Ecuador; Release Status Full; NAID 428080839. Priority collection for volume compilation: Latin American Directorate Chronological Files, NAID 2197972, https://catalog.archives.gov/id/2197972. National Archives Catalog item: Meeting with President Rodrigo Borja of Ecuador, July 23, 1990 (1 of 2), NAID 428080839. Collection: Records of the National Security Council (George H. W. Bush Administration), NAID 2163580. Series: Presidential Memcon Files, NAID 321498039. File unit: [Memorandum of Conversations (Memcons)-July 1990-December 1990]: July 1990, NAID 325541475. Digital object: 1990-07-23--Borja-1.pdf, object ID 428080840, URL https://s3.us-east-1.amazonaws.com/NARAprodstorage/lz/presidential-libraries/bush/gb-nsc/321498039/1990-07-23--Borja-1.pdf. Access restriction: Unrestricted. Deduped local provenance: Brent Scowcroft Papers, Presidential Correspondence Files, NAID 366551670, 91108-001, source pages 86-91; Brent Scowcroft Papers, Presidential Correspondence Files, NAID 366551670, 91108-001, source pages 79-85.","Latin America; South America; Ecuador; Bush Library Memcons and Telcons; Memcon",https://s3.us-east-1.amazonaws.com/NARAprodstorage/lz/presidential-libraries/bush/gb-nsc/321498039/1990-07-23--Borja-1.pdf,https://catalog.archives.gov/id/428080839,"[Presidential Daily Backup] 7/23/1990; [Presidential Daily Diary] 7/23/1990","https://s3.amazonaws.com/NARAprodstorage/lz/presidential-libraries/bush/gb-whasf/Presidential_Daily_Diary_186322/1990/41-bpr-apts_sch-dd-07_23_90-12832-024_415890697.pdf; https://s3.amazonaws.com/NARAprodstorage/lz/presidential-libraries/bush/gb-whasf/Presidential_Daily_Diary_186322/1990/41-bpr-apts_sch-dd-07_23_90-12832-023_415890696.pdf","https://catalog.archives.gov/id/415890697; https://catalog.archives.gov/id/415890696"
6,Ecuador,1990-07-23,"July 23, 1990",Memcon,Memorandum of Conversation,"Meeting with President Rodrigo Borja of Ecuador, July 23, 1990 (2 of 2)","George H. W. Bush; Rodrigo Borja",7,Full,Presidential Memcon Files,[Memorandum of Conversations (Memcons)-July 1990-December 1990]: July 1990,428080841,"Presidential Memcon Files; [Memorandum of Conversations (Memcons)-July 1990-December 1990]: July 1990","Source: George H.W. Bush Library, Bush Presidential Records, National Security Council, Presidential Memcon Files, [Memorandum of Conversations (Memcons)-July 1990-December 1990]: July 1990. Declassified.","Source: George H.W. Bush Presidential Library and Museum, Digital Research Room, ""Memcons and Telcons"" table (https://www.bush41library.gov/digital-research-room/about-textual-collections/memcons-and-telcons), row: Date 7/23/1990; Type Memcon; Participants Borja, Rodrigo; Country Ecuador; Release Status Full; NAID 428080841. Priority collection for volume compilation: Latin American Directorate Chronological Files, NAID 2197972, https://catalog.archives.gov/id/2197972. National Archives Catalog item: Meeting with President Rodrigo Borja of Ecuador, July 23, 1990 (2 of 2), NAID 428080841. Collection: Records of the National Security Council (George H. W. Bush Administration), NAID 2163580. Series: Presidential Memcon Files, NAID 321498039. File unit: [Memorandum of Conversations (Memcons)-July 1990-December 1990]: July 1990, NAID 325541475. Digital object: 1990-07-23--Borja-2.pdf, object ID 428080842, URL https://s3.us-east-1.amazonaws.com/NARAprodstorage/lz/presidential-libraries/bush/gb-nsc/321498039/1990-07-23--Borja-2.pdf. Access restriction: Unrestricted.","Latin America; South America; Ecuador; Bush Library Memcons and Telcons; Memcon",https://s3.us-east-1.amazonaws.com/NARAprodstorage/lz/presidential-libraries/bush/gb-nsc/321498039/1990-07-23--Borja-2.pdf,https://catalog.archives.gov/id/428080841,"[Presidential Daily Backup] 7/23/1990; [Presidential Daily Diary] 7/23/1990","https://s3.amazonaws.com/NARAprodstorage/lz/presidential-libraries/bush/gb-whasf/Presidential_Daily_Diary_186322/1990/41-bpr-apts_sch-dd-07_23_90-12832-024_415890697.pdf; https://s3.amazonaws.com/NARAprodstorage/lz/presidential-libraries/bush/gb-whasf/Presidential_Daily_Diary_186322/1990/41-bpr-apts_sch-dd-07_23_90-12832-023_415890696.pdf","https://catalog.archives.gov/id/415890697; https://catalog.archives.gov/id/415890696"
6,Ecuador,1992-07-28,"July 28, 1992",Memcon,Memorandum of Conversation,"Meeting with Sixto Duran Ballen, PresidentElect of Ecuador, Julyu 28, 1992","George H. W. Bush; Sixto Duran Ballen",5,Full,Presidential Memcon Files,[Memorandum of Conversations (Memcons)-July 1992-December 1992]: July 1992,428082307,"Presidential Memcon Files; [Memorandum of Conversations (Memcons)-July 1992-December 1992]: July 1992","Source: George H.W. Bush Library, Bush Presidential Records, National Security Council, Presidential Memcon Files, [Memorandum of Conversations (Memcons)-July 1992-December 1992]: July 1992. Declassified.","Source: George H.W. Bush Presidential Library and Museum, Digital Research Room, ""Memcons and Telcons"" table (https://www.bush41library.gov/digital-research-room/about-textual-collections/memcons-and-telcons), row: Date 7/28/1992; Type Memcon; Participants Ballen, Sixto Duran; Country Ecuador; Release Status Full; NAID 428082307. Priority collection for volume compilation: Latin American Directorate Chronological Files, NAID 2197972, https://catalog.archives.gov/id/2197972. National Archives Catalog item: Meeting with Sixto Duran Ballen, PresidentElect of Ecuador, Julyu 28, 1992, NAID 428082307. Collection: Records of the National Security Council (George H. W. Bush Administration), NAID 2163580. Series: Presidential Memcon Files, NAID 321498039. File unit: [Memorandum of Conversations (Memcons)-July 1992-December 1992]: July 1992, NAID 325592621. Digital object: 1992-07-28--Ballen.pdf, object ID 428082308, URL https://s3.us-east-1.amazonaws.com/NARAprodstorage/lz/presidential-libraries/bush/gb-nsc/321498039/1992-07-28--Ballen.pdf. Access restriction: Unrestricted. Deduped local provenance: Brent Scowcroft Papers, Presidential Correspondence Files, NAID 366551685, 91110-002, source pages 24-28.","Latin America; South America; Ecuador; Bush Library Memcons and Telcons; Memcon",https://s3.us-east-1.amazonaws.com/NARAprodstorage/lz/presidential-libraries/bush/gb-nsc/321498039/1992-07-28--Ballen.pdf,https://catalog.archives.gov/id/428082307,"[Presidential Daily Backup] 7/28/1992; [Presidential Daily Diary] 7/28/1992","https://s3.dualstack.us-east-1.amazonaws.com/NARAprodstorage/lz/presidential-libraries/bush/gb-whasf/Presidential_Daily_Diary_186322/1992/41-bpr-apts_sch-dd-07_28_92-12897-002_415892181.pdf; https://s3.dualstack.us-east-1.amazonaws.com/NARAprodstorage/lz/presidential-libraries/bush/gb-whasf/Presidential_Daily_Diary_186322/1992/41-bpr-apts_sch-dd-07_28_92-12897-001_415892180.pdf","https://catalog.archives.gov/id/415892181; https://catalog.archives.gov/id/415892180"
7,Guyana,1989-06-19,"June 19, 1989",Memcon,Memorandum of Conversation,"The President's Meeting with President Desmond Hoyte of Guyana, June 19, 1989","George H. W. Bush; Desmond Hoyte",5,Full,Presidential Memcon Files,[Memorandum of Conversations (Memcons) - June 1989-December 1989]: June 1989,428080045,"Presidential Memcon Files; [Memorandum of Conversations (Memcons) - June 1989-December 1989]: June 1989","Source: George H.W. Bush Library, Bush Presidential Records, National Security Council, Presidential Memcon Files, [Memorandum of Conversations (Memcons) - June 1989-December 1989]: June 1989. Declassified.","Source: George H.W. Bush Presidential Library and Museum, Digital Research Room, ""Memcons and Telcons"" table (https://www.bush41library.gov/digital-research-room/about-textual-collections/memcons-and-telcons), row: Date 6/19/1989; Type Memcon; Participants Hoyte, Desmond; Country Guyana; Release Status Full; NAID 428080045. Priority collection for volume compilation: Latin American Directorate Chronological Files, NAID 2197972, https://catalog.archives.gov/id/2197972. National Archives Catalog item: The President's Meeting with President Desmond Hoyte of Guyana, June 19, 1989, NAID 428080045. Collection: Records of the National Security Council (George H. W. Bush Administration), NAID 2163580. Series: Presidential Memcon Files, NAID 321498039. File unit: [Memorandum of Conversations (Memcons) - June 1989-December 1989]: June 1989, NAID 325377389. Digital object: 1989-06-19--Hoyte.pdf, object ID 428080046, URL https://s3.us-east-1.amazonaws.com/NARAprodstorage/lz/presidential-libraries/bush/gb-nsc/321498039/1989-06-19--Hoyte.pdf. Access restriction: Unrestricted. Deduped local provenance: Brent Scowcroft Papers, Presidential Correspondence Files, NAID 366551663, 91107-004, source pages 45-48.","Latin America; South America; Guyana; Bush Library Memcons and Telcons; Memcon",https://s3.us-east-1.amazonaws.com/NARAprodstorage/lz/presidential-libraries/bush/gb-nsc/321498039/1989-06-19--Hoyte.pdf,https://catalog.archives.gov/id/428080045,"[Presidential Daily Backup] 6/19/1989; [Presidential Daily Diary] 6/19/1989","https://s3.amazonaws.com/NARAprodstorage/lz/presidential-libraries/bush/gb-whasf/Presidential_Daily_Diary_186322/1989/41-bpr-apts_sch-dd-06_19_89-12799-022_415889899.pdf; https://s3.amazonaws.com/NARAprodstorage/lz/presidential-libraries/bush/gb-whasf/Presidential_Daily_Diary_186322/1989/41-bpr-apts_sch-dd-06_19_89-12799-021_415889898.pdf","https://catalog.archives.gov/id/415889899; https://catalog.archives.gov/id/415889898"
8,Paraguay,1990-06-15,"June 15, 1990",Memcon,Memorandum of Conversation,"Meeting with Andres Rodriguez of Paraguay, June 15, 1990","George H. W. Bush; Andres Rodriguez",2,Unrestricted,Presidential Memcon Files,,428080795,Presidential Memcon Files,"Source: George H.W. Bush Library, Bush Presidential Records, National Security Council, Presidential Memcon Files. Access restriction: Unrestricted.","Source: George H.W. Bush Library, Records of the National Security Council (George H. W. Bush Administration), Presidential Memcon Files, NAID 321498039; item Meeting with Andres Rodriguez of Paraguay, June 15, 1990, NAID 428080795. Digital object: 1990-06-15--Rodriguez.pdf.","Latin America; South America; Paraguay; Presidential Memcon Files; Memcon",https://s3.us-east-1.amazonaws.com/NARAprodstorage/lz/presidential-libraries/bush/gb-nsc/321498039/1990-06-15--Rodriguez.pdf,https://catalog.archives.gov/id/428080795,"[Presidential Daily Backup] 6/15/1990; [Presidential Daily Diary] 6/15/1990","https://s3.amazonaws.com/NARAprodstorage/lz/presidential-libraries/bush/gb-whasf/Presidential_Daily_Diary_186322/1990/41-bpr-apts_sch-dd-06_15_90-12829-018_415890621.pdf; https://s3.amazonaws.com/NARAprodstorage/lz/presidential-libraries/bush/gb-whasf/Presidential_Daily_Diary_186322/1990/41-bpr-apts_sch-dd-06_15_90-12829-017_415890620.pdf","https://catalog.archives.gov/id/415890621; https://catalog.archives.gov/id/415890620"
8,Paraguay,1991-01-31,"January 31, 1991",Telcon,Memorandum of Telephone Conversation,"Telephone ccmversation with President Andres Rodriguez of Paraguay, January 31, 1991","George H. W. Bush; Andres Rodriguez",3,Full,Presidential Telcon Files,[Memorandum of Telephone Conversations (Telcons) - January 1991-April 1991]: January 1991,428081403,"Presidential Telcon Files; [Memorandum of Telephone Conversations (Telcons) - January 1991-April 1991]: January 1991","Source: George H.W. Bush Library, Bush Presidential Records, National Security Council, Presidential Telcon Files, [Memorandum of Telephone Conversations (Telcons) - January 1991-April 1991]: January 1991. Declassified.","Source: George H.W. Bush Presidential Library and Museum, Digital Research Room, ""Memcons and Telcons"" table (https://www.bush41library.gov/digital-research-room/about-textual-collections/memcons-and-telcons), row: Date 1/31/1991; Type Telcon; Participants Rodriguez, Andres; Country Paraguay; Release Status Full; NAID 428081403. Priority collection for volume compilation: Latin American Directorate Chronological Files, NAID 2197972, https://catalog.archives.gov/id/2197972. National Archives Catalog item: Telephone ccmversation with President Andres Rodriguez of Paraguay, January 31, 1991, NAID 428081403. Collection: Records of the National Security Council (George H. W. Bush Administration), NAID 2163580. Series: Presidential Telcon Files, NAID 321498139. File unit: [Memorandum of Telephone Conversations (Telcons) - January 1991-April 1991]: January 1991, NAID 325592653. Digital object: 1991-01-31--Rodriguez.pdf, object ID 428081404, URL https://s3.us-east-1.amazonaws.com/NARAprodstorage/lz/presidential-libraries/bush/gb-nsc/321498139/1991-01-31--Rodriguez.pdf. Access restriction: Unrestricted.","Latin America; South America; Paraguay; Bush Library Memcons and Telcons; Telcon",https://s3.us-east-1.amazonaws.com/NARAprodstorage/lz/presidential-libraries/bush/gb-nsc/321498139/1991-01-31--Rodriguez.pdf,https://catalog.archives.gov/id/428081403,"[Presidential Daily Backup] 1/31/1991; [Presidential Daily Diary] 1/31/1991","https://s3.amazonaws.com/NARAprodstorage/lz/presidential-libraries/bush/gb-whasf/Presidential_Daily_Diary_186322/1991/41-bpr-apts_sch-dd-01_31_91-12847-032_415891083.pdf; https://s3.amazonaws.com/NARAprodstorage/opastorage/live/37/1863/186337/content/arcmedia/media/images/40/20/40-1995a.gif","https://catalog.archives.gov/id/415891083; https://catalog.archives.gov/id/415891082"
9,Peru,1989-05-13,"May 13, 1989",Telcon,Memorandum of Telephone Conversation,"Telephone Conversation with President Alan Garcia of Peru, May 13, 1989","George H. W. Bush; Alan Garcia",5,Full,Presidential Telcon Files,[Memorandum of Telephone Conversations (Telcons) - January 1989-July 1989]: May 1989,428080015,"Presidential Telcon Files; [Memorandum of Telephone Conversations (Telcons) - January 1989-July 1989]: May 1989","Source: George H.W. Bush Library, Bush Presidential Records, National Security Council, Presidential Telcon Files, [Memorandum of Telephone Conversations (Telcons) - January 1989-July 1989]: May 1989. Declassified.","Source: George H.W. Bush Presidential Library and Museum, Digital Research Room, ""Memcons and Telcons"" table (https://www.bush41library.gov/digital-research-room/about-textual-collections/memcons-and-telcons), row: Date 5/13/1989; Type Telcon; Participants Garcia, Alan; Country Peru; Release Status Full; NAID 428080015. Priority collection for volume compilation: Latin American Directorate Chronological Files, NAID 2197972, https://catalog.archives.gov/id/2197972. National Archives Catalog item: Telephone Conversation with President Alan Garcia of Peru, May 13, 1989, NAID 428080015. Collection: Records of the National Security Council (George H. W. Bush Administration), NAID 2163580. Series: Presidential Telcon Files, NAID 321498139. File unit: [Memorandum of Telephone Conversations (Telcons) - January 1989-July 1989]: May 1989, NAID 325592632. Digital object: 1989-05-13--Garcia.pdf, object ID 428080016, URL https://s3.us-east-1.amazonaws.com/NARAprodstorage/lz/presidential-libraries/bush/gb-nsc/321498139/1989-05-13--Garcia.pdf. Access restriction: Unrestricted. Deduped local provenance: Brent Scowcroft Papers, Presidential Correspondence Files, NAID 366551687, 91111-002, source pages 17-20.","Latin America; South America; Peru; Bush Library Memcons and Telcons; Telcon",https://s3.us-east-1.amazonaws.com/NARAprodstorage/lz/presidential-libraries/bush/gb-nsc/321498139/1989-05-13--Garcia.pdf,https://catalog.archives.gov/id/428080015,"[Presidential Daily Backup] 5/13/1989; [Presidential Daily Diary] 5/13/1989","https://s3.amazonaws.com/NARAprodstorage/lz/presidential-libraries/bush/gb-whasf/Presidential_Daily_Diary_186322/1989/41-bpr-apts_sch-dd-05_13_89-12796-024_415889825.pdf; https://s3.amazonaws.com/NARAprodstorage/lz/presidential-libraries/bush/gb-whasf/Presidential_Daily_Diary_186322/1989/41-bpr-apts_sch-dd-05_13_89-12796-023_415889824.pdf","https://catalog.archives.gov/id/415889825; https://catalog.archives.gov/id/415889824"
9,Peru,1991-09-17,"September 17, 1991",Memcon,Memorandum of Conversation,"Luncheon with Alberto Fujimori, President of Peru, September 17, 1991 (2 of 2)","George H. W. Bush; Alberto Fujimori",7,Full,Presidential Memcon Files,[Memorandum of Conversations (Memcons)-July 1991-December 1991]: September 1991,428081889,"Presidential Memcon Files; [Memorandum of Conversations (Memcons)-July 1991-December 1991]: September 1991","Source: George H.W. Bush Library, Bush Presidential Records, National Security Council, Presidential Memcon Files, [Memorandum of Conversations (Memcons)-July 1991-December 1991]: September 1991. Declassified.","Source: George H.W. Bush Presidential Library and Museum, Digital Research Room, ""Memcons and Telcons"" table (https://www.bush41library.gov/digital-research-room/about-textual-collections/memcons-and-telcons), row: Date 9/17/1991; Type Memcon; Participants Fujimori, Alberto; Country Peru; Release Status Full; NAID 428081889. Priority collection for volume compilation: Latin American Directorate Chronological Files, NAID 2197972, https://catalog.archives.gov/id/2197972. National Archives Catalog item: Luncheon with Alberto Fujimori, President of Peru, September 17, 1991 (2 of 2), NAID 428081889. Collection: Records of the National Security Council (George H. W. Bush Administration), NAID 2163580. Series: Presidential Memcon Files, NAID 321498039. File unit: [Memorandum of Conversations (Memcons)-July 1991-December 1991]: September 1991, NAID 325542558. Digital object: 1991-09-17--Fujimori-2.pdf, object ID 428081890, URL https://s3.us-east-1.amazonaws.com/NARAprodstorage/lz/presidential-libraries/bush/gb-nsc/321498039/1991-09-17--Fujimori-2.pdf. Access restriction: Unrestricted. Deduped local provenance: Brent Scowcroft Papers, Presidential Correspondence Files, NAID 366551677, 91109-002, source pages 82-87.","Latin America; South America; Peru; Bush Library Memcons and Telcons; Memcon",https://s3.us-east-1.amazonaws.com/NARAprodstorage/lz/presidential-libraries/bush/gb-nsc/321498039/1991-09-17--Fujimori-2.pdf,https://catalog.archives.gov/id/428081889,"[Presidential Daily Backup] 9/17/1991; [Presidential Daily Diary] 9/17/1991","https://s3.amazonaws.com/NARAprodstorage/lz/presidential-libraries/bush/gb-whasf/Presidential_Daily_Diary_186322/1991/41-bpr-apts_sch-dd-09_17_91-12867-022_415891542.pdf; https://s3.amazonaws.com/NARAprodstorage/lz/presidential-libraries/bush/gb-whasf/Presidential_Daily_Diary_186322/1991/41-bpr-apts_sch-dd-09_17_91-12867-021_415891541.pdf","https://catalog.archives.gov/id/415891542; https://catalog.archives.gov/id/415891541"
9,Peru,1991-09-17,"September 17, 1991",Memcon,Memorandum of Conversation,"Meeting with Alberto Fujimori, President of Peru, September 17, 1991 (1 of 2)","George H. W. Bush; Alberto Fujimori",7,Full,Presidential Memcon Files,[Memorandum of Conversations (Memcons)-July 1991-December 1991]: September 1991,428081887,"Presidential Memcon Files; [Memorandum of Conversations (Memcons)-July 1991-December 1991]: September 1991","Source: George H.W. Bush Library, Bush Presidential Records, National Security Council, Presidential Memcon Files, [Memorandum of Conversations (Memcons)-July 1991-December 1991]: September 1991. Declassified.","Source: George H.W. Bush Presidential Library and Museum, Digital Research Room, ""Memcons and Telcons"" table (https://www.bush41library.gov/digital-research-room/about-textual-collections/memcons-and-telcons), row: Date 9/17/1991; Type Memcon; Participants Fujimori, Alberto; Country Peru; Release Status Full; NAID 428081887. Priority collection for volume compilation: Latin American Directorate Chronological Files, NAID 2197972, https://catalog.archives.gov/id/2197972. National Archives Catalog item: Meeting with Alberto Fujimori, President of Peru, September 17, 1991 (1 of 2), NAID 428081887. Collection: Records of the National Security Council (George H. W. Bush Administration), NAID 2163580. Series: Presidential Memcon Files, NAID 321498039. File unit: [Memorandum of Conversations (Memcons)-July 1991-December 1991]: September 1991, NAID 325542558. Digital object: 1991-09-17--Fujimori-1.pdf, object ID 428081888, URL https://s3.us-east-1.amazonaws.com/NARAprodstorage/lz/presidential-libraries/bush/gb-nsc/321498039/1991-09-17--Fujimori-1.pdf. Access restriction: Unrestricted.","Latin America; South America; Peru; Bush Library Memcons and Telcons; Memcon",https://s3.us-east-1.amazonaws.com/NARAprodstorage/lz/presidential-libraries/bush/gb-nsc/321498039/1991-09-17--Fujimori-1.pdf,https://catalog.archives.gov/id/428081887,"[Presidential Daily Backup] 9/17/1991; [Presidential Daily Diary] 9/17/1991","https://s3.amazonaws.com/NARAprodstorage/lz/presidential-libraries/bush/gb-whasf/Presidential_Daily_Diary_186322/1991/41-bpr-apts_sch-dd-09_17_91-12867-022_415891542.pdf; https://s3.amazonaws.com/NARAprodstorage/lz/presidential-libraries/bush/gb-whasf/Presidential_Daily_Diary_186322/1991/41-bpr-apts_sch-dd-09_17_91-12867-021_415891541.pdf","https://catalog.archives.gov/id/415891542; https://catalog.archives.gov/id/415891541"
9,Peru,1992-04-20,"April 20, 1992",Telcon,Memorandum of Telephone Conversation,"Telcon with Alberto Fujimori of Peru on April 20, 1992","George H. W. Bush; Alberto Fujimori",5,Full,Presidential Telcon Files,[Memorandum of Telephone Conversations (Telcons) - January 1992-June 1992]: April 1992,428082203,"Presidential Telcon Files; [Memorandum of Telephone Conversations (Telcons) - January 1992-June 1992]: April 1992","Source: George H.W. Bush Library, Bush Presidential Records, National Security Council, Presidential Telcon Files, [Memorandum of Telephone Conversations (Telcons) - January 1992-June 1992]: April 1992. Declassified.","Source: George H.W. Bush Presidential Library and Museum, Digital Research Room, ""Memcons and Telcons"" table (https://www.bush41library.gov/digital-research-room/about-textual-collections/memcons-and-telcons), row: Date 4/20/1992; Type Telcon; Participants Fujimori, Alberto; Country Peru; Release Status Full; NAID 428082203. Priority collection for volume compilation: Latin American Directorate Chronological Files, NAID 2197972, https://catalog.archives.gov/id/2197972. National Archives Catalog item: Telcon with Alberto Fujimori of Peru on April 20, 1992, NAID 428082203. Collection: Records of the National Security Council (George H. W. Bush Administration), NAID 2163580. Series: Presidential Telcon Files, NAID 321498139. File unit: [Memorandum of Telephone Conversations (Telcons) - January 1992-June 1992]: April 1992, NAID 325592762. Digital object: 1992-04-20--Fujimori.pdf, object ID 428082204, URL https://s3.us-east-1.amazonaws.com/NARAprodstorage/lz/presidential-libraries/bush/gb-nsc/321498139/1992-04-20--Fujimori.pdf. Access restriction: Unrestricted. Deduped local provenance: Brent Scowcroft Papers, Presidential Correspondence Files, NAID 366551704, 91113-004, source pages 11-14.","Latin America; South America; Peru; Bush Library Memcons and Telcons; Telcon",https://s3.us-east-1.amazonaws.com/NARAprodstorage/lz/presidential-libraries/bush/gb-nsc/321498139/1992-04-20--Fujimori.pdf,https://catalog.archives.gov/id/428082203,"[Presidential Daily Backup] 4/20/1992; [Presidential Daily Diary] 4/20/1992","https://s3.dualstack.us-east-1.amazonaws.com/NARAprodstorage/lz/presidential-libraries/bush/gb-whasf/Presidential_Daily_Diary_186322/1992/41-bpr-apts_sch-dd-04_20_92-12887-014_415891979.pdf; https://s3.dualstack.us-east-1.amazonaws.com/NARAprodstorage/lz/presidential-libraries/bush/gb-whasf/Presidential_Daily_Diary_186322/1992/41-bpr-apts_sch-dd-04_20_92-12887-013_415891978.pdf","https://catalog.archives.gov/id/415891979; https://catalog.archives.gov/id/415891978"
11,Uruguay,1989-05-13,"May 13, 1989",Telcon,Memorandum of Telephone Conversation,"Presidential Telephone Calls to Presidents Sanguinetti, Alfonsin, and Garcia on May 13 (2 of 2)","George H. W. Bush; Julio Maria; Garcia Alan; Afonsin Raul Sanguinetti",3,Full,Presidential Telcon Files,[Memorandum of Telephone Conversations (Telcons) - January 1989-July 1989]: May 1989,428080019,"Presidential Telcon Files; [Memorandum of Telephone Conversations (Telcons) - January 1989-July 1989]: May 1989","Source: George H.W. Bush Library, Bush Presidential Records, National Security Council, Presidential Telcon Files, [Memorandum of Telephone Conversations (Telcons) - January 1989-July 1989]: May 1989. Declassified.","Source: George H.W. Bush Presidential Library and Museum, Digital Research Room, ""Memcons and Telcons"" table (https://www.bush41library.gov/digital-research-room/about-textual-collections/memcons-and-telcons), row: Date 5/13/1989; Type Telcon; Participants Sanguinetti, Julio Maria; Garcia, Alan; Afonsin, Raul; Country Uruguay; Release Status Full; NAID 428080019. Priority collection for volume compilation: Latin American Directorate Chronological Files, NAID 2197972, https://catalog.archives.gov/id/2197972. National Archives Catalog item: Presidential Telephone Calls to Presidents Sanguinetti, Alfonsin, and Garcia on May 13 (2 of 2), NAID 428080019. Collection: Records of the National Security Council (George H. W. Bush Administration), NAID 2163580. Series: Presidential Telcon Files, NAID 321498139. File unit: [Memorandum of Telephone Conversations (Telcons) - January 1989-July 1989]: May 1989, NAID 325592632. Digital object: 1989-05-13--Sanguinetti-2.pdf, object ID 428080020, URL https://s3.us-east-1.amazonaws.com/NARAprodstorage/lz/presidential-libraries/bush/gb-nsc/321498139/1989-05-13--Sanguinetti-2.pdf. Access restriction: Unrestricted.","Latin America; South America; Uruguay; Bush Library Memcons and Telcons; Telcon",https://s3.us-east-1.amazonaws.com/NARAprodstorage/lz/presidential-libraries/bush/gb-nsc/321498139/1989-05-13--Sanguinetti-2.pdf,https://catalog.archives.gov/id/428080019,"[Presidential Daily Backup] 5/13/1989; [Presidential Daily Diary] 5/13/1989","https://s3.amazonaws.com/NARAprodstorage/lz/presidential-libraries/bush/gb-whasf/Presidential_Daily_Diary_186322/1989/41-bpr-apts_sch-dd-05_13_89-12796-024_415889825.pdf; https://s3.amazonaws.com/NARAprodstorage/lz/presidential-libraries/bush/gb-whasf/Presidential_Daily_Diary_186322/1989/41-bpr-apts_sch-dd-05_13_89-12796-023_415889824.pdf","https://catalog.archives.gov/id/415889825; https://catalog.archives.gov/id/415889824"
11,Uruguay,1989-05-13,"May 13, 1989",Telcon,Memorandum of Telephone Conversation,"The President's Telephone Conversation with President Sanguinetti of Uruguay, May 13, 1989 (1 of 2)","George H. W. Bush; Julio Maria Sanguinetti",4,Full,Presidential Telcon Files,[Memorandum of Telephone Conversations (Telcons) - January 1989-July 1989]: May 1989,428080017,"Presidential Telcon Files; [Memorandum of Telephone Conversations (Telcons) - January 1989-July 1989]: May 1989","Source: George H.W. Bush Library, Bush Presidential Records, National Security Council, Presidential Telcon Files, [Memorandum of Telephone Conversations (Telcons) - January 1989-July 1989]: May 1989. Declassified.","Source: George H.W. Bush Presidential Library and Museum, Digital Research Room, ""Memcons and Telcons"" table (https://www.bush41library.gov/digital-research-room/about-textual-collections/memcons-and-telcons), row: Date 5/13/1989; Type Telcon; Participants Sanguinetti, Julio Maria; Country Uruguay; Release Status Full; NAID 428080017. Priority collection for volume compilation: Latin American Directorate Chronological Files, NAID 2197972, https://catalog.archives.gov/id/2197972. National Archives Catalog item: The President's Telephone Conversation with President Sanguinetti of Uruguay, May 13, 1989 (1 of 2), NAID 428080017. Collection: Records of the National Security Council (George H. W. Bush Administration), NAID 2163580. Series: Presidential Telcon Files, NAID 321498139. File unit: [Memorandum of Telephone Conversations (Telcons) - January 1989-July 1989]: May 1989, NAID 325592632. Digital object: 1989-05-13--Sanguinetti-1.pdf, object ID 428080018, URL https://s3.us-east-1.amazonaws.com/NARAprodstorage/lz/presidential-libraries/bush/gb-nsc/321498139/1989-05-13--Sanguinetti-1.pdf. Access restriction: Unrestricted. Deduped local provenance: Brent Scowcroft Papers, Presidential Correspondence Files, NAID 366551687, 91111-002, source pages 21-23.","Latin America; South America; Uruguay; Bush Library Memcons and Telcons; Telcon",https://s3.us-east-1.amazonaws.com/NARAprodstorage/lz/presidential-libraries/bush/gb-nsc/321498139/1989-05-13--Sanguinetti-1.pdf,https://catalog.archives.gov/id/428080017,"[Presidential Daily Backup] 5/13/1989; [Presidential Daily Diary] 5/13/1989","https://s3.amazonaws.com/NARAprodstorage/lz/presidential-libraries/bush/gb-whasf/Presidential_Daily_Diary_186322/1989/41-bpr-apts_sch-dd-05_13_89-12796-024_415889825.pdf; https://s3.amazonaws.com/NARAprodstorage/lz/presidential-libraries/bush/gb-whasf/Presidential_Daily_Diary_186322/1989/41-bpr-apts_sch-dd-05_13_89-12796-023_415889824.pdf","https://catalog.archives.gov/id/415889825; https://catalog.archives.gov/id/415889824"
11,Uruguay,1989-09-15,"September 15, 1989",Memcon,Memorandum of Conversation,"Meeting with Uruguayan President Julio Maria Sanguinetti, September 15, 1989","George H. W. Bush; Julio Maria Sanguinetti",7,Full,Presidential Memcon Files,[Memorandum of Conversations (Memcons) - June 1989-December 1989]: September 1989,428080181,"Presidential Memcon Files; [Memorandum of Conversations (Memcons) - June 1989-December 1989]: September 1989","Source: George H.W. Bush Library, Bush Presidential Records, National Security Council, Presidential Memcon Files, [Memorandum of Conversations (Memcons) - June 1989-December 1989]: September 1989. Declassified.","Source: George H.W. Bush Presidential Library and Museum, Digital Research Room, ""Memcons and Telcons"" table (https://www.bush41library.gov/digital-research-room/about-textual-collections/memcons-and-telcons), row: Date 9/15/1989; Type Memcon; Participants Sanguinetti, Julio Maria; Country Uruguay; Release Status Full; NAID 428080181. Priority collection for volume compilation: Latin American Directorate Chronological Files, NAID 2197972, https://catalog.archives.gov/id/2197972. National Archives Catalog item: Meeting with Uruguayan President Julio Maria Sanguinetti, September 15, 1989, NAID 428080181. Collection: Records of the National Security Council (George H. W. Bush Administration), NAID 2163580. Series: Presidential Memcon Files, NAID 321498039. File unit: [Memorandum of Conversations (Memcons) - June 1989-December 1989]: September 1989, NAID 325377393. Digital object: 1989-09-15--Sanguinetti.pdf, object ID 428080182, URL https://s3.us-east-1.amazonaws.com/NARAprodstorage/lz/presidential-libraries/bush/gb-nsc/321498039/1989-09-15--Sanguinetti.pdf. Access restriction: Unrestricted. Deduped local provenance: Brent Scowcroft Papers, Presidential Correspondence Files, NAID 366551664, 91107-005, source pages 53-62.","Latin America; South America; Uruguay; Bush Library Memcons and Telcons; Memcon",https://s3.us-east-1.amazonaws.com/NARAprodstorage/lz/presidential-libraries/bush/gb-nsc/321498039/1989-09-15--Sanguinetti.pdf,https://catalog.archives.gov/id/428080181,"[Presidential Daily Backup] 9/15/1989; [Presidential Daily Diary] 9/15/1989","https://s3.amazonaws.com/NARAprodstorage/lz/presidential-libraries/bush/gb-whasf/Presidential_Daily_Diary_186322/1989/41-bpr-apts_sch-dd-09_15_89-12805-020_415890075.pdf; https://s3.amazonaws.com/NARAprodstorage/lz/presidential-libraries/bush/gb-whasf/Presidential_Daily_Diary_186322/1989/41-bpr-apts_sch-dd-09_15_89-12805-019_415890074.pdf","https://catalog.archives.gov/id/415890075; https://catalog.archives.gov/id/415890074"
11,Uruguay,1990-02-05,"February 5, 1990",Memcon,Memorandum of Conversation,"Meeting with President-elect Luis Alberto Lacalle of Uruguay, February 5, 1990","George H. W. Bush; Luis Alberto Lacalle",6,Full,Presidential Memcon Files,[Memorandum of Conversations (Memcons)-January 1990-June 1990]: February 1990,428080481,"Presidential Memcon Files; [Memorandum of Conversations (Memcons)-January 1990-June 1990]: February 1990","Source: George H.W. Bush Library, Bush Presidential Records, National Security Council, Presidential Memcon Files, [Memorandum of Conversations (Memcons)-January 1990-June 1990]: February 1990. Declassified.","Source: George H.W. Bush Presidential Library and Museum, Digital Research Room, ""Memcons and Telcons"" table (https://www.bush41library.gov/digital-research-room/about-textual-collections/memcons-and-telcons), row: Date 2/5/1990; Type Memcon; Participants Lacalle, Luis Alberto; Country Uruguay; Release Status Full; NAID 428080481. Priority collection for volume compilation: Latin American Directorate Chronological Files, NAID 2197972, https://catalog.archives.gov/id/2197972. National Archives Catalog item: Meeting with President-elect Luis Alberto Lacalle of Uruguay, February 5, 1990, NAID 428080481. Collection: Records of the National Security Council (George H. W. Bush Administration), NAID 2163580. Series: Presidential Memcon Files, NAID 321498039. File unit: [Memorandum of Conversations (Memcons)-January 1990-June 1990]: February 1990, NAID 325377405. Digital object: 1990-02-05--Lacalle.pdf, object ID 428080482, URL https://s3.us-east-1.amazonaws.com/NARAprodstorage/lz/presidential-libraries/bush/gb-nsc/321498039/1990-02-05--Lacalle.pdf. Access restriction: Unrestricted. Deduped local provenance: Brent Scowcroft Papers, Presidential Correspondence Files, NAID 366551666, 91107-007, source pages 57-61.","Latin America; South America; Uruguay; Bush Library Memcons and Telcons; Memcon",https://s3.us-east-1.amazonaws.com/NARAprodstorage/lz/presidential-libraries/bush/gb-nsc/321498039/1990-02-05--Lacalle.pdf,https://catalog.archives.gov/id/428080481,"[Presidential Daily Backup] 2/5/1990; [Presidential Daily Diary] 2/5/1990","https://s3.amazonaws.com/NARAprodstorage/lz/presidential-libraries/bush/gb-whasf/Presidential_Daily_Diary_186322/1990/41-bpr-apts_sch-dd-02_05_90-12817-008_415890361.pdf; https://s3.amazonaws.com/NARAprodstorage/lz/presidential-libraries/bush/gb-whasf/Presidential_Daily_Diary_186322/1990/41-bpr-apts_sch-dd-02_05_90-12817-007_415890360.pdf","https://catalog.archives.gov/id/415890361; https://catalog.archives.gov/id/415890360"
11,Uruguay,1990-06-28,"June 28, 1990",Telcon,Memorandum of Telephone Conversation,"Telephone Conversation with President Luis Alberto Lacalle of Uruguay, June 28, 1990","George H. W. Bush; Luis Alberto Lacalle",3,Full,Presidential Telcon Files,[Memorandum of Telephone Conversations (Telcons) - January 1990-July 1990]: June 1990,428080815,"Presidential Telcon Files; [Memorandum of Telephone Conversations (Telcons) - January 1990-July 1990]: June 1990","Source: George H.W. Bush Library, Bush Presidential Records, National Security Council, Presidential Telcon Files, [Memorandum of Telephone Conversations (Telcons) - January 1990-July 1990]: June 1990. Declassified.","Source: George H.W. Bush Presidential Library and Museum, Digital Research Room, ""Memcons and Telcons"" table (https://www.bush41library.gov/digital-research-room/about-textual-collections/memcons-and-telcons), row: Date 6/28/1990; Type Telcon; Participants Lacalle, Luis Alberto; Country Uruguay; Release Status Full; NAID 428080815. Priority collection for volume compilation: Latin American Directorate Chronological Files, NAID 2197972, https://catalog.archives.gov/id/2197972. National Archives Catalog item: Telephone Conversation with President Luis Alberto Lacalle of Uruguay, June 28, 1990, NAID 428080815. Collection: Records of the National Security Council (George H. W. Bush Administration), NAID 2163580. Series: Presidential Telcon Files, NAID 321498139. File unit: [Memorandum of Telephone Conversations (Telcons) - January 1990-July 1990]: June 1990, NAID 325592645. Digital object: 1990-06-28--Lacalle.pdf, object ID 428080816, URL https://s3.us-east-1.amazonaws.com/NARAprodstorage/lz/presidential-libraries/bush/gb-nsc/321498139/1990-06-28--Lacalle.pdf. Access restriction: Unrestricted. Deduped local provenance: Brent Scowcroft Papers, Presidential Correspondence Files, NAID 366551692, 91111-007, source pages 16-17.","Latin America; South America; Uruguay; Bush Library Memcons and Telcons; Telcon",https://s3.us-east-1.amazonaws.com/NARAprodstorage/lz/presidential-libraries/bush/gb-nsc/321498139/1990-06-28--Lacalle.pdf,https://catalog.archives.gov/id/428080815,"[Presidential Daily Backup] 6/28/1990; [Presidential Daily Diary] 6/28/1990","https://s3.amazonaws.com/NARAprodstorage/lz/presidential-libraries/bush/gb-whasf/Presidential_Daily_Diary_186322/1990/41-bpr-apts_sch-dd-06_28_90-12831-002_415890647.pdf; https://s3.amazonaws.com/NARAprodstorage/lz/presidential-libraries/bush/gb-whasf/Presidential_Daily_Diary_186322/1990/41-bpr-apts_sch-dd-06_28_90-12831-001_415890646.pdf","https://catalog.archives.gov/id/415890647; https://catalog.archives.gov/id/415890646"
11,Uruguay,1990-10-01,"October 1, 1990",Memcon,Memorandum of Conversation,"Meeting with President Luis Alberto Lacalle of Uruguay, October 1, 1990","George H. W. Bush; Luis Alberto Lacalle",5,Full,Presidential Memcon Files,[Memorandum of Conversations (Memcons)-July 1990-December 1990]: October 1990,428081103,"Presidential Memcon Files; [Memorandum of Conversations (Memcons)-July 1990-December 1990]: October 1990","Source: George H.W. Bush Library, Bush Presidential Records, National Security Council, Presidential Memcon Files, [Memorandum of Conversations (Memcons)-July 1990-December 1990]: October 1990. Declassified.","Source: George H.W. Bush Presidential Library and Museum, Digital Research Room, ""Memcons and Telcons"" table (https://www.bush41library.gov/digital-research-room/about-textual-collections/memcons-and-telcons), row: Date 10/1/1990; Type Memcon; Participants Lacalle, Luis Alberto; Country Uruguay; Release Status Full; NAID 428081103. Priority collection for volume compilation: Latin American Directorate Chronological Files, NAID 2197972, https://catalog.archives.gov/id/2197972. National Archives Catalog item: Meeting with President Luis Alberto Lacalle of Uruguay, October 1, 1990, NAID 428081103. Collection: Records of the National Security Council (George H. W. Bush Administration), NAID 2163580. Series: Presidential Memcon Files, NAID 321498039. File unit: [Memorandum of Conversations (Memcons)-July 1990-December 1990]: October 1990, NAID 325541480. Digital object: 1990-10-01--Lacalle.pdf, object ID 428081104, URL https://s3.us-east-1.amazonaws.com/NARAprodstorage/lz/presidential-libraries/bush/gb-nsc/321498039/1990-10-01--Lacalle.pdf. Access restriction: Unrestricted. Deduped local provenance: Brent Scowcroft Papers, Presidential Correspondence Files, NAID 366551671, 91108-002, source pages 112-115.","Latin America; South America; Uruguay; Bush Library Memcons and Telcons; Memcon",https://s3.us-east-1.amazonaws.com/NARAprodstorage/lz/presidential-libraries/bush/gb-nsc/321498039/1990-10-01--Lacalle.pdf,https://catalog.archives.gov/id/428081103,"[Presidential Daily Backup] 10/01/1990; [Presidential Daily Diary] 10/01/1990","https://s3.amazonaws.com/NARAprodstorage/lz/presidential-libraries/bush/gb-whasf/Presidential_Daily_Diary_186322/1990/41-bpr-apts_sch-dd-10_01_90-12838-004_415890837.pdf; https://s3.amazonaws.com/NARAprodstorage/lz/presidential-libraries/bush/gb-whasf/Presidential_Daily_Diary_186322/1990/41-bpr-apts_sch-dd-10_01_90-12838-003_415890836.pdf","https://catalog.archives.gov/id/415890837; https://catalog.archives.gov/id/415890836"
11,Uruguay,1990-12-04,"December 4, 1990",Memcon,Memorandum of Conversation,"Meeting with Luis Alberto Lacalle of Uruguay, December 4, 1990","George H. W. Bush; Luis Alberto Lacalle",4,Full,Presidential Memcon Files,[Memorandum of Conversations (Memcons)-July 1990-December 1990]: December 1990,428081235,"Presidential Memcon Files; [Memorandum of Conversations (Memcons)-July 1990-December 1990]: December 1990","Source: George H.W. Bush Library, Bush Presidential Records, National Security Council, Presidential Memcon Files, [Memorandum of Conversations (Memcons)-July 1990-December 1990]: December 1990. Declassified.","Source: George H.W. Bush Presidential Library and Museum, Digital Research Room, ""Memcons and Telcons"" table (https://www.bush41library.gov/digital-research-room/about-textual-collections/memcons-and-telcons), row: Date 12/4/1990; Type Memcon; Participants Lacalle, Luis Alberto; Country Uruguay; Release Status Full; NAID 428081235. Priority collection for volume compilation: Latin American Directorate Chronological Files, NAID 2197972, https://catalog.archives.gov/id/2197972. National Archives Catalog item: Meeting with Luis Alberto Lacalle of Uruguay, December 4, 1990, NAID 428081235. Collection: Records of the National Security Council (George H. W. Bush Administration), NAID 2163580. Series: Presidential Memcon Files, NAID 321498039. File unit: [Memorandum of Conversations (Memcons)-July 1990-December 1990]: December 1990, NAID 325541483. Digital object: 1990-12-04--Lacalle.pdf, object ID 428081236, URL https://s3.us-east-1.amazonaws.com/NARAprodstorage/lz/presidential-libraries/bush/gb-nsc/321498039/1990-12-04--Lacalle.pdf. Access restriction: Unrestricted.","Latin America; South America; Uruguay; Bush Library Memcons and Telcons; Memcon",https://s3.us-east-1.amazonaws.com/NARAprodstorage/lz/presidential-libraries/bush/gb-nsc/321498039/1990-12-04--Lacalle.pdf,https://catalog.archives.gov/id/428081235,"[Presidential Daily Backup] 12/4/1990; [Presidential Daily Diary] 12/4/1990 [EMPTY]","https://s3.amazonaws.com/NARAprodstorage/lz/presidential-libraries/bush/gb-whasf/Presidential_Daily_Diary_186322/1990/41-bpr-apts_sch-dd-12_04_90-12843-028_415890967.pdf; https://s3.amazonaws.com/NARAprodstorage/lz/presidential-libraries/bush/gb-whasf/Presidential_Daily_Diary_186322/1990/41-bpr-apts_sch-dd-12_04_90-12843-027_415890966.pdf","https://catalog.archives.gov/id/415890967; https://catalog.archives.gov/id/415890966"
11,Uruguay,1991-01-16,"January 16, 1991",Telcon,Memorandum of Telephone Conversation,"Telephone Conversation with President Luis Alberto Lacalle of Uruguay, January 16, 1991","George H. W. Bush; Luis Alberto Lacalle",2,Full,Presidential Telcon Files,[Memorandum of Telephone Conversations (Telcons) - January 1991-April 1991]: January 1991,428081349,"Presidential Telcon Files; [Memorandum of Telephone Conversations (Telcons) - January 1991-April 1991]: January 1991","Source: George H.W. Bush Library, Bush Presidential Records, National Security Council, Presidential Telcon Files, [Memorandum of Telephone Conversations (Telcons) - January 1991-April 1991]: January 1991. Declassified.","Source: George H.W. Bush Presidential Library and Museum, Digital Research Room, ""Memcons and Telcons"" table (https://www.bush41library.gov/digital-research-room/about-textual-collections/memcons-and-telcons), row: Date 1/16/1991; Type Telcon; Participants Lacalle, Luis Alberto; Country Uruguay; Release Status Full; NAID 428081349. Priority collection for volume compilation: Latin American Directorate Chronological Files, NAID 2197972, https://catalog.archives.gov/id/2197972. National Archives Catalog item: Telephone Conversation with President Luis Alberto Lacalle of Uruguay, January 16, 1991, NAID 428081349. Collection: Records of the National Security Council (George H. W. Bush Administration), NAID 2163580. Series: Presidential Telcon Files, NAID 321498139. File unit: [Memorandum of Telephone Conversations (Telcons) - January 1991-April 1991]: January 1991, NAID 325592653. Digital object: 1991-01-16--Lacalle.pdf, object ID 428081350, URL https://s3.us-east-1.amazonaws.com/NARAprodstorage/lz/presidential-libraries/bush/gb-nsc/321498139/1991-01-16--Lacalle.pdf. Access restriction: Unrestricted. Deduped local provenance: Brent Scowcroft Papers, Presidential Correspondence Files, NAID 366551696, 91112-004, source pages 51-51.","Latin America; South America; Uruguay; Bush Library Memcons and Telcons; Telcon",https://s3.us-east-1.amazonaws.com/NARAprodstorage/lz/presidential-libraries/bush/gb-nsc/321498139/1991-01-16--Lacalle.pdf,https://catalog.archives.gov/id/428081349,"[Presidential Daily Backup] 1/16/1991; [Presidential Daily Diary] 1/16/1991","https://s3.amazonaws.com/NARAprodstorage/lz/presidential-libraries/bush/gb-whasf/Presidential_Daily_Diary_186322/1991/41-bpr-apts_sch-dd-01_16_91-12847-002_415891053.pdf; https://s3.amazonaws.com/NARAprodstorage/lz/presidential-libraries/bush/gb-whasf/Presidential_Daily_Diary_186322/1991/41-bpr-apts_sch-dd-01_16_91-12847-001_415891052.pdf","https://catalog.archives.gov/id/415891053; https://catalog.archives.gov/id/415891052"
11,Uruguay,1991-05-21,"May 21, 1991",Memcon,Memorandum of Conversation,"Meeting with President Luis Alberto Lacalle of Uruguay, May 21, 1991","George H. W. Bush; Luis Alberto Lacalle",7,Full,Presidential Memcon Files,[Memorandum of Conversations (Memcons)-January 1991-June 1991]: May 1991,428081675,"Presidential Memcon Files; [Memorandum of Conversations (Memcons)-January 1991-June 1991]: May 1991","Source: George H.W. Bush Library, Bush Presidential Records, National Security Council, Presidential Memcon Files, [Memorandum of Conversations (Memcons)-January 1991-June 1991]: May 1991. Declassified.","Source: George H.W. Bush Presidential Library and Museum, Digital Research Room, ""Memcons and Telcons"" table (https://www.bush41library.gov/digital-research-room/about-textual-collections/memcons-and-telcons), row: Date 5/21/1991; Type Memcon; Participants Lacalle, Luis Alberto; Country Uruguay; Release Status Full; NAID 428081675. Priority collection for volume compilation: Latin American Directorate Chronological Files, NAID 2197972, https://catalog.archives.gov/id/2197972. National Archives Catalog item: Meeting with President Luis Alberto Lacalle of Uruguay, May 21, 1991, NAID 428081675. Collection: Records of the National Security Council (George H. W. Bush Administration), NAID 2163580. Series: Presidential Memcon Files, NAID 321498039. File unit: [Memorandum of Conversations (Memcons)-January 1991-June 1991]: May 1991, NAID 325542551. Digital object: 1991-05-21--Lacalle.pdf, object ID 428081676, URL https://s3.us-east-1.amazonaws.com/NARAprodstorage/lz/presidential-libraries/bush/gb-nsc/321498039/1991-05-21--Lacalle.pdf. Access restriction: Unrestricted. Deduped local provenance: Brent Scowcroft Papers, Presidential Correspondence Files, NAID 366551675, 91108-006, source pages 55-60.","Latin America; South America; Uruguay; Bush Library Memcons and Telcons; Memcon",https://s3.us-east-1.amazonaws.com/NARAprodstorage/lz/presidential-libraries/bush/gb-nsc/321498039/1991-05-21--Lacalle.pdf,https://catalog.archives.gov/id/428081675,"[Presidential Daily Backup] 5/21/1991; [Presidential Daily Diary] 5/21/1991","https://s3.amazonaws.com/NARAprodstorage/lz/presidential-libraries/bush/gb-whasf/Presidential_Daily_Diary_186322/1991/41-bpr-apts_sch-dd-05_21_91-12858-008_415891303.pdf; https://s3.amazonaws.com/NARAprodstorage/lz/presidential-libraries/bush/gb-whasf/Presidential_Daily_Diary_186322/1991/41-bpr-apts_sch-dd-05_21_91-12858-007_415891302.pdf","https://catalog.archives.gov/id/415891303; https://catalog.archives.gov/id/415891302"
12,Venezuela,1989-01-24,"January 24, 1989",Telcon,Memorandum of Telephone Conversation,"Memorandum of Conversation Between the President and President-Elect Carlos Andres Perez of Venezuela, January 24, 1989","George H. W. Bush; Carlos Andres Perez",3,Full,Presidential Telcon Files,[Memorandum of Telephone Conversations (Telcons) - January 1989-July 1989]: January 1989,428079799,"Presidential Telcon Files; [Memorandum of Telephone Conversations (Telcons) - January 1989-July 1989]: January 1989","Source: George H.W. Bush Library, Bush Presidential Records, National Security Council, Presidential Telcon Files, [Memorandum of Telephone Conversations (Telcons) - January 1989-July 1989]: January 1989. Declassified.","Source: George H.W. Bush Presidential Library and Museum, Digital Research Room, ""Memcons and Telcons"" table (https://www.bush41library.gov/digital-research-room/about-textual-collections/memcons-and-telcons), row: Date 1/24/1989; Type Telcon; Participants Perez, Carlos Andres; Country Venezuela; Release Status Full; NAID 428079799. Priority collection for volume compilation: Latin American Directorate Chronological Files, NAID 2197972, https://catalog.archives.gov/id/2197972. National Archives Catalog item: Memorandum of Conversation Between the President and President-Elect Carlos Andres Perez of Venezuela, January 24, 1989, NAID 428079799. Collection: Records of the National Security Council (George H. W. Bush Administration), NAID 2163580. Series: Presidential Telcon Files, NAID 321498139. File unit: [Memorandum of Telephone Conversations (Telcons) - January 1989-July 1989]: January 1989, NAID 322361434. Digital object: 1989-01-24--Perez.pdf, object ID 428079800, URL https://s3.us-east-1.amazonaws.com/NARAprodstorage/lz/presidential-libraries/bush/gb-nsc/321498139/1989-01-24--Perez.pdf. Access restriction: Unrestricted. Deduped local provenance: Brent Scowcroft Papers, Presidential Correspondence Files, NAID 366551686, 91111-001, source pages 29-30.","Latin America; South America; Venezuela; Bush Library Memcons and Telcons; Telcon",https://s3.us-east-1.amazonaws.com/NARAprodstorage/lz/presidential-libraries/bush/gb-nsc/321498139/1989-01-24--Perez.pdf,https://catalog.archives.gov/id/428079799,"[Presidential Daily Backup] 1/24/1989; [Presidential Daily Diary] 1/24/1989","https://s3.amazonaws.com/NARAprodstorage/lz/presidential-libraries/bush/gb-whasf/Presidential_Daily_Diary_186322/1989/41-bpr-apts_sch-dd-01_24_89-12789-010_415889607.pdf; https://s3.amazonaws.com/NARAprodstorage/lz/presidential-libraries/bush/gb-whasf/Presidential_Daily_Diary_186322/1989/41-bpr-apts_sch-dd-01_24_89-12789-009_415889606.pdf","https://catalog.archives.gov/id/415889607; https://catalog.archives.gov/id/415889606"
12,Venezuela,1989-03-03,"March 3, 1989",Telcon,Memorandum of Telephone Conversation,"The President's Telephone Conversation with President Carlos Andres Perez of Venezuela on March 3, 1989","George H. W. Bush; Carlos Andres Perez",4,Full,Presidential Telcon Files,[Memorandum of Telephone Conversations (Telcons) - January 1989-July 1989]: March 1989,428079917,"Presidential Telcon Files; [Memorandum of Telephone Conversations (Telcons) - January 1989-July 1989]: March 1989","Source: George H.W. Bush Library, Bush Presidential Records, National Security Council, Presidential Telcon Files, [Memorandum of Telephone Conversations (Telcons) - January 1989-July 1989]: March 1989. Declassified.","Source: George H.W. Bush Presidential Library and Museum, Digital Research Room, ""Memcons and Telcons"" table (https://www.bush41library.gov/digital-research-room/about-textual-collections/memcons-and-telcons), row: Date 3/3/1989; Type Telcon; Participants Perez, Carlos Andres; Country Venezuela; Release Status Full; NAID 428079917. Priority collection for volume compilation: Latin American Directorate Chronological Files, NAID 2197972, https://catalog.archives.gov/id/2197972. National Archives Catalog item: The President's Telephone Conversation with President Carlos Andres Perez of Venezuela on March 3, 1989, NAID 428079917. Collection: Records of the National Security Council (George H. W. Bush Administration), NAID 2163580. Series: Presidential Telcon Files, NAID 321498139. File unit: [Memorandum of Telephone Conversations (Telcons) - January 1989-July 1989]: March 1989, NAID 325592630. Digital object: 1989-03-03--Perez.pdf, object ID 428079918, URL https://s3.us-east-1.amazonaws.com/NARAprodstorage/lz/presidential-libraries/bush/gb-nsc/321498139/1989-03-03--Perez.pdf. Access restriction: Unrestricted. Deduped local provenance: Brent Scowcroft Papers, Presidential Correspondence Files, NAID 366551686, 91111-001, source pages 55-59.","Latin America; South America; Venezuela; Bush Library Memcons and Telcons; Telcon",https://s3.us-east-1.amazonaws.com/NARAprodstorage/lz/presidential-libraries/bush/gb-nsc/321498139/1989-03-03--Perez.pdf,https://catalog.archives.gov/id/428079917,"[Presidential Daily Backup] 3/3/1989; [Presidential Daily Diary] 3/3/1989","https://s3.amazonaws.com/NARAprodstorage/lz/presidential-libraries/bush/gb-whasf/Presidential_Daily_Diary_186322/1989/41-bpr-apts_sch-dd-03_03_89-12791-030_415889683.pdf; https://s3.amazonaws.com/NARAprodstorage/lz/presidential-libraries/bush/gb-whasf/Presidential_Daily_Diary_186322/1989/41-bpr-apts_sch-dd-03_03_89-12791-029_415889682.pdf","https://catalog.archives.gov/id/415889683; https://catalog.archives.gov/id/415889682"
12,Venezuela,1989-04-01,"April 1, 1989",Memcon,Memorandum of Conversation,"Meeting with President Carlos Andres Perez of Venezuela, April 1, 1989","George H. W. Bush; Carlos Andres Perez",7,Full,Presidential Memcon Files,[Memorandum of Conversations (Memcons) - January 1989-May 1989]: April 1989,428079937,"Presidential Memcon Files; [Memorandum of Conversations (Memcons) - January 1989-May 1989]: April 1989","Source: George H.W. Bush Library, Bush Presidential Records, National Security Council, Presidential Memcon Files, [Memorandum of Conversations (Memcons) - January 1989-May 1989]: April 1989. Declassified.","Source: George H.W. Bush Presidential Library and Museum, Digital Research Room, ""Memcons and Telcons"" table (https://www.bush41library.gov/digital-research-room/about-textual-collections/memcons-and-telcons), row: Date 4/1/1989; Type Memcon; Participants Perez, Carlos Andres; Country Venezuela; Release Status Full; NAID 428079937. Priority collection for volume compilation: Latin American Directorate Chronological Files, NAID 2197972, https://catalog.archives.gov/id/2197972. National Archives Catalog item: Meeting with President Carlos Andres Perez of Venezuela, April 1, 1989, NAID 428079937. Collection: Records of the National Security Council (George H. W. Bush Administration), NAID 2163580. Series: Presidential Memcon Files, NAID 321498039. File unit: [Memorandum of Conversations (Memcons) - January 1989-May 1989]: April 1989, NAID 325377385. Digital object: 1989-04-01--Perez.pdf, object ID 428079938, URL https://s3.us-east-1.amazonaws.com/NARAprodstorage/lz/presidential-libraries/bush/gb-nsc/321498039/1989-04-01--Perez.pdf. Access restriction: Unrestricted. Deduped local provenance: Brent Scowcroft Papers, Presidential Correspondence Files, NAID 366551661, 91107-002, source pages 90-99.","Latin America; South America; Venezuela; Bush Library Memcons and Telcons; Memcon",https://s3.us-east-1.amazonaws.com/NARAprodstorage/lz/presidential-libraries/bush/gb-nsc/321498039/1989-04-01--Perez.pdf,https://catalog.archives.gov/id/428079937,"[Presidential Daily Backup] 4/1/1989; [Presidential Daily Diary] 4/1/1989","https://s3.amazonaws.com/NARAprodstorage/lz/presidential-libraries/bush/gb-whasf/Presidential_Daily_Diary_186322/1989/41-bpr-apts_sch-dd-04_01_89-12793-030_415889741.pdf; https://s3.amazonaws.com/NARAprodstorage/lz/presidential-libraries/bush/gb-whasf/Presidential_Daily_Diary_186322/1989/41-bpr-apts_sch-dd-04_01_89-12793-029_415889740.pdf","https://catalog.archives.gov/id/415889741; https://catalog.archives.gov/id/415889740"
12,Venezuela,1989-05-10,"May 10, 1989",Telcon,Memorandum of Telephone Conversation,"Telephone Call with Carlos Andres Perez of Venezuela, May 10, 1989","George H. W. Bush; Carlos Andres Perez",4,Full,Presidential Telcon Files,[Memorandum of Telephone Conversations (Telcons) - January 1989-July 1989]: May 1989,428080003,"Presidential Telcon Files; [Memorandum of Telephone Conversations (Telcons) - January 1989-July 1989]: May 1989","Source: George H.W. Bush Library, Bush Presidential Records, National Security Council, Presidential Telcon Files, [Memorandum of Telephone Conversations (Telcons) - January 1989-July 1989]: May 1989. Declassified.","Source: George H.W. Bush Presidential Library and Museum, Digital Research Room, ""Memcons and Telcons"" table (https://www.bush41library.gov/digital-research-room/about-textual-collections/memcons-and-telcons), row: Date 5/10/1989; Type Telcon; Participants Perez, Carlos Andres; Country Venezuela; Release Status Full; NAID 428080003. Priority collection for volume compilation: Latin American Directorate Chronological Files, NAID 2197972, https://catalog.archives.gov/id/2197972. National Archives Catalog item: Telephone Call with Carlos Andres Perez of Venezuela, May 10, 1989, NAID 428080003. Collection: Records of the National Security Council (George H. W. Bush Administration), NAID 2163580. Series: Presidential Telcon Files, NAID 321498139. File unit: [Memorandum of Telephone Conversations (Telcons) - January 1989-July 1989]: May 1989, NAID 325592632. Digital object: 1989-05-10--Perez.pdf, object ID 428080004, URL https://s3.us-east-1.amazonaws.com/NARAprodstorage/lz/presidential-libraries/bush/gb-nsc/321498139/1989-05-10--Perez.pdf. Access restriction: Unrestricted. Deduped local provenance: Brent Scowcroft Papers, Presidential Correspondence Files, NAID 366551687, 91111-002, source pages 7-9.","Latin America; South America; Venezuela; Bush Library Memcons and Telcons; Telcon",https://s3.us-east-1.amazonaws.com/NARAprodstorage/lz/presidential-libraries/bush/gb-nsc/321498139/1989-05-10--Perez.pdf,https://catalog.archives.gov/id/428080003,"[Presidential Daily Backup] 5/10/1989; [Presidential Daily Diary] 5/10/1989","https://s3.amazonaws.com/NARAprodstorage/lz/presidential-libraries/bush/gb-whasf/Presidential_Daily_Diary_186322/1989/41-bpr-apts_sch-dd-05_10_89-12796-018_415889819.pdf; https://s3.amazonaws.com/NARAprodstorage/lz/presidential-libraries/bush/gb-whasf/Presidential_Daily_Diary_186322/1989/41-bpr-apts_sch-dd-05_10_89-12796-017_415889818.pdf","https://catalog.archives.gov/id/415889819; https://catalog.archives.gov/id/415889818"
12,Venezuela,1989-06-23,"June 23, 1989",Telcon,Memorandum of Telephone Conversation,"The President's Telephone Conversation with President Carlos Andres Perez of Venezuela, June 23, 1989","George H. W. Bush; Carlos Andres Perez",4,Full,Presidential Telcon Files,[Memorandum of Telephone Conversations (Telcons) - January 1989-July 1989]: June 1989,428080073,"Presidential Telcon Files; [Memorandum of Telephone Conversations (Telcons) - January 1989-July 1989]: June 1989","Source: George H.W. Bush Library, Bush Presidential Records, National Security Council, Presidential Telcon Files, [Memorandum of Telephone Conversations (Telcons) - January 1989-July 1989]: June 1989. Declassified.","Source: George H.W. Bush Presidential Library and Museum, Digital Research Room, ""Memcons and Telcons"" table (https://www.bush41library.gov/digital-research-room/about-textual-collections/memcons-and-telcons), row: Date 6/23/1989; Type Telcon; Participants Perez, Carlos Andres; Country Venezuela; Release Status Full; NAID 428080073. Priority collection for volume compilation: Latin American Directorate Chronological Files, NAID 2197972, https://catalog.archives.gov/id/2197972. National Archives Catalog item: The President's Telephone Conversation with President Carlos Andres Perez of Venezuela, June 23, 1989, NAID 428080073. Collection: Records of the National Security Council (George H. W. Bush Administration), NAID 2163580. Series: Presidential Telcon Files, NAID 321498139. File unit: [Memorandum of Telephone Conversations (Telcons) - January 1989-July 1989]: June 1989, NAID 325592633. Digital object: 1989-06-23--Perez.pdf, object ID 428080074, URL https://s3.us-east-1.amazonaws.com/NARAprodstorage/lz/presidential-libraries/bush/gb-nsc/321498139/1989-06-23--Perez.pdf. Access restriction: Unrestricted. Deduped local provenance: Brent Scowcroft Papers, Presidential Correspondence Files, NAID 366551687, 91111-002, source pages 73-75.","Latin America; South America; Venezuela; Bush Library Memcons and Telcons; Telcon",https://s3.us-east-1.amazonaws.com/NARAprodstorage/lz/presidential-libraries/bush/gb-nsc/321498139/1989-06-23--Perez.pdf,https://catalog.archives.gov/id/428080073,"[Presidential Daily Backup] 6/23/1989; [Presidential Daily Diary] 6/23/1989","https://s3.amazonaws.com/NARAprodstorage/lz/presidential-libraries/bush/gb-whasf/Presidential_Daily_Diary_186322/1989/41-bpr-apts_sch-dd-06_23_89-12800-008_415889907.pdf; https://s3.amazonaws.com/NARAprodstorage/lz/presidential-libraries/bush/gb-whasf/Presidential_Daily_Diary_186322/1989/41-bpr-apts_sch-dd-06_23_89-12800-007_415889906.pdf","https://catalog.archives.gov/id/415889907; https://catalog.archives.gov/id/415889906"
12,Venezuela,1989-08-22,"August 22, 1989",Telcon,Memorandum of Telephone Conversation,"Telephone Conversation with Carlos Andres Perez, President of Venezuela","George H. W. Bush; Carlos Andres Perez",4,Full,Presidential Telcon Files,[Memorandum of Telephone Conversations (Telcons) - August 1989-December 1989]: August 1989,428080211,"Presidential Telcon Files; [Memorandum of Telephone Conversations (Telcons) - August 1989-December 1989]: August 1989","Source: George H.W. Bush Library, Bush Presidential Records, National Security Council, Presidential Telcon Files, [Memorandum of Telephone Conversations (Telcons) - August 1989-December 1989]: August 1989. Declassified.","Source: George H.W. Bush Presidential Library and Museum, Digital Research Room, ""Memcons and Telcons"" table (https://www.bush41library.gov/digital-research-room/about-textual-collections/memcons-and-telcons), row: Date 8/22/1989; Type Telcon; Participants Perez, Carlos Andres; Country Venezuela; Release Status Full; NAID 428080211. Priority collection for volume compilation: Latin American Directorate Chronological Files, NAID 2197972, https://catalog.archives.gov/id/2197972. National Archives Catalog item: Telephone Conversation with Carlos Andres Perez, President of Venezuela, NAID 428080211. Collection: Records of the National Security Council (George H. W. Bush Administration), NAID 2163580. Series: Presidential Telcon Files, NAID 321498139. File unit: [Memorandum of Telephone Conversations (Telcons) - August 1989-December 1989]: August 1989, NAID 325592635. Digital object: 1989-08-22--Perez.pdf, object ID 428080212, URL https://s3.us-east-1.amazonaws.com/NARAprodstorage/lz/presidential-libraries/bush/gb-nsc/321498139/1989-08-22--Perez.pdf. Access restriction: Unrestricted. Deduped local provenance: Brent Scowcroft Papers, Presidential Correspondence Files, NAID 366551688, 91111-003, source pages 46-51.","Latin America; South America; Venezuela; Bush Library Memcons and Telcons; Telcon",https://s3.us-east-1.amazonaws.com/NARAprodstorage/lz/presidential-libraries/bush/gb-nsc/321498139/1989-08-22--Perez.pdf,https://catalog.archives.gov/id/428080211,"[Presidential Daily Backup] 8/22/1989; [Presidential Daily Diary] 8/22/1989","https://s3.amazonaws.com/NARAprodstorage/lz/presidential-libraries/bush/gb-whasf/Presidential_Daily_Diary_186322/1989/41-bpr-apts_sch-dd-08_22_89-12804-016_415890027.pdf; https://s3.amazonaws.com/NARAprodstorage/lz/presidential-libraries/bush/gb-whasf/Presidential_Daily_Diary_186322/1989/41-bpr-apts_sch-dd-08_22_89-12804-015_415890026.pdf","https://catalog.archives.gov/id/415890027; https://catalog.archives.gov/id/415890026"
12,Venezuela,1989-09-25,"September 25, 1989",Memcon,Memorandum of Conversation,"Meeting with Venezuelan President Carlos Andres Perez, September 25, 1989","George H. W. Bush; Carlos Andres Perez",5,Full,Presidential Memcon Files,[Memorandum of Conversations (Memcons) - June 1989-December 1989]: September 1989,428080229,"Presidential Memcon Files; [Memorandum of Conversations (Memcons) - June 1989-December 1989]: September 1989","Source: George H.W. Bush Library, Bush Presidential Records, National Security Council, Presidential Memcon Files, [Memorandum of Conversations (Memcons) - June 1989-December 1989]: September 1989. Declassified.","Source: George H.W. Bush Presidential Library and Museum, Digital Research Room, ""Memcons and Telcons"" table (https://www.bush41library.gov/digital-research-room/about-textual-collections/memcons-and-telcons), row: Date 9/25/1989; Type Memcon; Participants Perez, Carlos Andres; Country Venezuela; Release Status Full; NAID 428080229. Priority collection for volume compilation: Latin American Directorate Chronological Files, NAID 2197972, https://catalog.archives.gov/id/2197972. National Archives Catalog item: Meeting with Venezuelan President Carlos Andres Perez, September 25, 1989, NAID 428080229. Collection: Records of the National Security Council (George H. W. Bush Administration), NAID 2163580. Series: Presidential Memcon Files, NAID 321498039. File unit: [Memorandum of Conversations (Memcons) - June 1989-December 1989]: September 1989, NAID 325377393. Digital object: 1989-09-25--Perez.pdf, object ID 428080230, URL https://s3.us-east-1.amazonaws.com/NARAprodstorage/lz/presidential-libraries/bush/gb-nsc/321498039/1989-09-25--Perez.pdf. Access restriction: Unrestricted. Deduped local provenance: Brent Scowcroft Papers, Presidential Correspondence Files, NAID 366551664, 91107-005, source pages 86-89.","Latin America; South America; Venezuela; Bush Library Memcons and Telcons; Memcon",https://s3.us-east-1.amazonaws.com/NARAprodstorage/lz/presidential-libraries/bush/gb-nsc/321498039/1989-09-25--Perez.pdf,https://catalog.archives.gov/id/428080229,"[Presidential Daily Backup] 9/25/1989; [Presidential Daily Diary] 9/25/1989","https://s3.amazonaws.com/NARAprodstorage/lz/presidential-libraries/bush/gb-whasf/Presidential_Daily_Diary_186322/1989/41-bpr-apts_sch-dd-09_25_89-12806-016_415890095.pdf; https://s3.amazonaws.com/NARAprodstorage/lz/presidential-libraries/bush/gb-whasf/Presidential_Daily_Diary_186322/1989/41-bpr-apts_sch-dd-09_25_89-12806-015_415890094.pdf","https://catalog.archives.gov/id/415890095; https://catalog.archives.gov/id/415890094"
12,Venezuela,1989-11-01,"November 1, 1989",Telcon,Memorandum of Telephone Conversation,"Telephone Conversation with Venezuelan President Carlos Andres Perez, November 1, 1989","George H. W. Bush; Carlos Andres Perez",4,Full,Presidential Telcon Files,[Memorandum of Telephone Conversations (Telcons) - August 1989-December 1989]: November 1989,428080319,"Presidential Telcon Files; [Memorandum of Telephone Conversations (Telcons) - August 1989-December 1989]: November 1989","Source: George H.W. Bush Library, Bush Presidential Records, National Security Council, Presidential Telcon Files, [Memorandum of Telephone Conversations (Telcons) - August 1989-December 1989]: November 1989. Declassified.","Source: George H.W. Bush Presidential Library and Museum, Digital Research Room, ""Memcons and Telcons"" table (https://www.bush41library.gov/digital-research-room/about-textual-collections/memcons-and-telcons), row: Date 11/1/1989; Type Telcon; Participants Perez, Carlos Andres; Country Venezuela; Release Status Full; NAID 428080319. Priority collection for volume compilation: Latin American Directorate Chronological Files, NAID 2197972, https://catalog.archives.gov/id/2197972. National Archives Catalog item: Telephone Conversation with Venezuelan President Carlos Andres Perez, November 1, 1989, NAID 428080319. Collection: Records of the National Security Council (George H. W. Bush Administration), NAID 2163580. Series: Presidential Telcon Files, NAID 321498139. File unit: [Memorandum of Telephone Conversations (Telcons) - August 1989-December 1989]: November 1989, NAID 325592638. Digital object: 1989-11-01--Perez.pdf, object ID 428080320, URL https://s3.us-east-1.amazonaws.com/NARAprodstorage/lz/presidential-libraries/bush/gb-nsc/321498139/1989-11-01--Perez.pdf. Access restriction: Unrestricted.","Latin America; South America; Venezuela; Bush Library Memcons and Telcons; Telcon",https://s3.us-east-1.amazonaws.com/NARAprodstorage/lz/presidential-libraries/bush/gb-nsc/321498139/1989-11-01--Perez.pdf,https://catalog.archives.gov/id/428080319,"[Presidential Daily Backup] 11/1/1989; [Presidential Daily Diary] 11/1/1989","https://s3.amazonaws.com/NARAprodstorage/lz/presidential-libraries/bush/gb-whasf/Presidential_Daily_Diary_186322/1989/41-bpr-apts_sch-dd-11_01_89-12810-002_415890169.pdf; https://s3.amazonaws.com/NARAprodstorage/lz/presidential-libraries/bush/gb-whasf/Presidential_Daily_Diary_186322/1989/41-bpr-apts_sch-dd-11_01_89-12810-001_415890168.pdf","https://catalog.archives.gov/id/415890169; https://catalog.archives.gov/id/415890168"
12,Venezuela,1989-12-20,"December 20, 1989",Telcon,Memorandum of Telephone Conversation,"Telephone Conversation with President Perez of Venezuela, December 20, 1989","George H. W. Bush; Carlos Andres Perez",4,Full,Presidential Telcon Files,[Memorandum of Telephone Conversations (Telcons) - August 1989-December 1989]: December 1989,428080461,"Presidential Telcon Files; [Memorandum of Telephone Conversations (Telcons) - August 1989-December 1989]: December 1989","Source: George H.W. Bush Library, Bush Presidential Records, National Security Council, Presidential Telcon Files, [Memorandum of Telephone Conversations (Telcons) - August 1989-December 1989]: December 1989. Declassified.","Source: George H.W. Bush Presidential Library and Museum, Digital Research Room, ""Memcons and Telcons"" table (https://www.bush41library.gov/digital-research-room/about-textual-collections/memcons-and-telcons), row: Date 12/20/1989; Type Telcon; Participants Perez, Carlos Andres; Country Venezuela; Release Status Full; NAID 428080461. Priority collection for volume compilation: Latin American Directorate Chronological Files, NAID 2197972, https://catalog.archives.gov/id/2197972. National Archives Catalog item: Telephone Conversation with President Perez of Venezuela, December 20, 1989, NAID 428080461. Collection: Records of the National Security Council (George H. W. Bush Administration), NAID 2163580. Series: Presidential Telcon Files, NAID 321498139. File unit: [Memorandum of Telephone Conversations (Telcons) - August 1989-December 1989]: December 1989, NAID 325592639. Digital object: 1989-12-20--Perez.pdf, object ID 428080462, URL https://s3.us-east-1.amazonaws.com/NARAprodstorage/lz/presidential-libraries/bush/gb-nsc/321498139/1989-12-20--Perez.pdf. Access restriction: Unrestricted.","Latin America; South America; Venezuela; Bush Library Memcons and Telcons; Telcon",https://s3.us-east-1.amazonaws.com/NARAprodstorage/lz/presidential-libraries/bush/gb-nsc/321498139/1989-12-20--Perez.pdf,https://catalog.archives.gov/id/428080461,"[Presidential Daily Backup] 12/20/1989; [Presidential Daily Diary] 12/20/1989 [EMPTY]","https://s3.amazonaws.com/NARAprodstorage/lz/presidential-libraries/bush/gb-whasf/Presidential_Daily_Diary_186322/1989/41-bpr-apts_sch-dd-12_20_89-12813-022_415890267.pdf; https://s3.amazonaws.com/NARAprodstorage/lz/presidential-libraries/bush/gb-whasf/Presidential_Daily_Diary_186322/1989/41-bpr-apts_sch-dd-12_20_89-12813-021_415890266.pdf","https://catalog.archives.gov/id/415890267; https://catalog.archives.gov/id/415890266"
12,Venezuela,1990-02-26,"February 26, 1990",Telcon,Memorandum of Telephone Conversation,"Telephone conversation with President Carlos Andres Perez of Venezuela, February 26, 1990","George H. W. Bush; Carlos Andres Perez",4,Full,Presidential Telcon Files,[Memorandum of Telephone Conversations (Telcons) - January 1990-July 1990]: February 1990,428080569,"Presidential Telcon Files; [Memorandum of Telephone Conversations (Telcons) - January 1990-July 1990]: February 1990","Source: George H.W. Bush Library, Bush Presidential Records, National Security Council, Presidential Telcon Files, [Memorandum of Telephone Conversations (Telcons) - January 1990-July 1990]: February 1990. Declassified.","Source: George H.W. Bush Presidential Library and Museum, Digital Research Room, ""Memcons and Telcons"" table (https://www.bush41library.gov/digital-research-room/about-textual-collections/memcons-and-telcons), row: Date 2/26/1990; Type Telcon; Participants Perez, Carlos Andres; Country Venezuela; Release Status Full; NAID 428080569. Priority collection for volume compilation: Latin American Directorate Chronological Files, NAID 2197972, https://catalog.archives.gov/id/2197972. National Archives Catalog item: Telephone conversation with President Carlos Andres Perez of Venezuela, February 26, 1990, NAID 428080569. Collection: Records of the National Security Council (George H. W. Bush Administration), NAID 2163580. Series: Presidential Telcon Files, NAID 321498139. File unit: [Memorandum of Telephone Conversations (Telcons) - January 1990-July 1990]: February 1990, NAID 325592641. Digital object: 1990-02-26--Perez.pdf, object ID 428080570, URL https://s3.us-east-1.amazonaws.com/NARAprodstorage/lz/presidential-libraries/bush/gb-nsc/321498139/1990-02-26--Perez.pdf. Access restriction: Unrestricted. Deduped local provenance: Brent Scowcroft Papers, Presidential Correspondence Files, NAID 366551690, 91111-005, source pages 76-78.","Latin America; South America; Venezuela; Bush Library Memcons and Telcons; Telcon",https://s3.us-east-1.amazonaws.com/NARAprodstorage/lz/presidential-libraries/bush/gb-nsc/321498139/1990-02-26--Perez.pdf,https://catalog.archives.gov/id/428080569,"[Presidential Daily Backup] 2/26/1990; [Presidential Daily Diary] 2/26/1990","https://s3.amazonaws.com/NARAprodstorage/lz/presidential-libraries/bush/gb-whasf/Presidential_Daily_Diary_186322/1990/41-bpr-apts_sch-dd-02_26_90-12819-010_415890403.pdf; https://s3.amazonaws.com/NARAprodstorage/lz/presidential-libraries/bush/gb-whasf/Presidential_Daily_Diary_186322/1990/41-bpr-apts_sch-dd-02_26_90-12819-009_415890402.pdf","https://catalog.archives.gov/id/415890403; https://catalog.archives.gov/id/415890402"
12,Venezuela,1990-03-21,"March 21, 1990",Telcon,Memorandum of Telephone Conversation,"Telephone conversation with President Carlos Andres Perez of Venezuela, March 21, 1990","George H. W. Bush; Carlos Andres Perez",5,Full,Presidential Telcon Files,[Memorandum of Telephone Conversations (Telcons) - January 1990-July 1990]: March 1990,428080615,"Presidential Telcon Files; [Memorandum of Telephone Conversations (Telcons) - January 1990-July 1990]: March 1990","Source: George H.W. Bush Library, Bush Presidential Records, National Security Council, Presidential Telcon Files, [Memorandum of Telephone Conversations (Telcons) - January 1990-July 1990]: March 1990. Declassified.","Source: George H.W. Bush Presidential Library and Museum, Digital Research Room, ""Memcons and Telcons"" table (https://www.bush41library.gov/digital-research-room/about-textual-collections/memcons-and-telcons), row: Date 3/21/1990; Type Telcon; Participants Perez, Carlos Andres; Country Venezuela; Release Status Full; NAID 428080615. Priority collection for volume compilation: Latin American Directorate Chronological Files, NAID 2197972, https://catalog.archives.gov/id/2197972. National Archives Catalog item: Telephone conversation with President Carlos Andres Perez of Venezuela, March 21, 1990, NAID 428080615. Collection: Records of the National Security Council (George H. W. Bush Administration), NAID 2163580. Series: Presidential Telcon Files, NAID 321498139. File unit: [Memorandum of Telephone Conversations (Telcons) - January 1990-July 1990]: March 1990, NAID 325592642. Digital object: 1990-03-21--Perez.pdf, object ID 428080616, URL https://s3.us-east-1.amazonaws.com/NARAprodstorage/lz/presidential-libraries/bush/gb-nsc/321498139/1990-03-21--Perez.pdf. Access restriction: Unrestricted. Deduped local provenance: Brent Scowcroft Papers, Presidential Correspondence Files, NAID 366551691, 91111-006, source pages 17-20.","Latin America; South America; Venezuela; Bush Library Memcons and Telcons; Telcon",https://s3.us-east-1.amazonaws.com/NARAprodstorage/lz/presidential-libraries/bush/gb-nsc/321498139/1990-03-21--Perez.pdf,https://catalog.archives.gov/id/428080615,"[Presidential Daily Backup] 3/21/1990; [Presidential Daily Diary] 3/21/1990","https://s3.amazonaws.com/NARAprodstorage/lz/presidential-libraries/bush/gb-whasf/Presidential_Daily_Diary_186322/1990/41-bpr-apts_sch-dd-03_21_90-12821-016_415890449.pdf; https://s3.amazonaws.com/NARAprodstorage/lz/presidential-libraries/bush/gb-whasf/Presidential_Daily_Diary_186322/1990/41-bpr-apts_sch-dd-03_21_90-12821-015_415890448.pdf","https://catalog.archives.gov/id/415890449; https://catalog.archives.gov/id/415890448"
12,Venezuela,1990-04-26,"April 26, 1990",Memcon,Memorandum of Conversation,"Meeting with Carlos Andres Perez of Venezuela, April 26, 1990","George H. W. Bush; Carlos Andres Perez",2,Unrestricted,Presidential Memcon Files,,428080655,Presidential Memcon Files,"Source: George H.W. Bush Library, Bush Presidential Records, National Security Council, Presidential Memcon Files. Access restriction: Unrestricted.","Source: George H.W. Bush Library, Records of the National Security Council (George H. W. Bush Administration), Presidential Memcon Files, NAID 321498039; item Meeting with Carlos Andres Perez of Venezuela, April 26, 1990, NAID 428080655. Digital object: 1990-04-26--Perez.pdf.","Latin America; South America; Venezuela; Presidential Memcon Files; Memcon",https://s3.us-east-1.amazonaws.com/NARAprodstorage/lz/presidential-libraries/bush/gb-nsc/321498039/1990-04-26--Perez.pdf,https://catalog.archives.gov/id/428080655,"[Presidential Daily Backup] 4/26/1990; [Presidential Daily Diary] 4/26/1990","https://s3.amazonaws.com/NARAprodstorage/lz/presidential-libraries/bush/gb-whasf/Presidential_Daily_Diary_186322/1990/41-bpr-apts_sch-dd-04_26_90-12825-002_415890521.pdf; https://s3.amazonaws.com/NARAprodstorage/lz/presidential-libraries/bush/gb-whasf/Presidential_Daily_Diary_186322/1990/41-bpr-apts_sch-dd-04_26_90-12825-001_415890520.pdf","https://catalog.archives.gov/id/415890521; https://catalog.archives.gov/id/415890520"
12,Venezuela,1990-08-13,"August 13, 1990",Telcon,Memorandum of Telephone Conversation,"Telephone Conversation with President Carlos Andres Perez of Venezuela, August 13, 1990","George H. W. Bush; Carlos Andres Perez",4,Full,Presidential Telcon Files,[Memorandum of Telephone Conversations (Telcons) - August 1990-December 1990]: August 1990 [2],428080951,"Presidential Telcon Files; [Memorandum of Telephone Conversations (Telcons) - August 1990-December 1990]: August 1990 [2]","Source: George H.W. Bush Library, Bush Presidential Records, National Security Council, Presidential Telcon Files, [Memorandum of Telephone Conversations (Telcons) - August 1990-December 1990]: August 1990 [2]. Declassified.","Source: George H.W. Bush Presidential Library and Museum, Digital Research Room, ""Memcons and Telcons"" table (https://www.bush41library.gov/digital-research-room/about-textual-collections/memcons-and-telcons), row: Date 8/13/1990; Type Telcon; Participants Perez, Carlos Andres; Country Venezuela; Release Status Full; NAID 428080951. Priority collection for volume compilation: Latin American Directorate Chronological Files, NAID 2197972, https://catalog.archives.gov/id/2197972. National Archives Catalog item: Telephone Conversation with President Carlos Andres Perez of Venezuela, August 13, 1990, NAID 428080951. Collection: Records of the National Security Council (George H. W. Bush Administration), NAID 2163580. Series: Presidential Telcon Files, NAID 321498139. File unit: [Memorandum of Telephone Conversations (Telcons) - August 1990-December 1990]: August 1990 [2], NAID 325592648. Digital object: 1990-08-13--Perez.pdf, object ID 428080952, URL https://s3.us-east-1.amazonaws.com/NARAprodstorage/lz/presidential-libraries/bush/gb-nsc/321498139/1990-08-13--Perez.pdf. Access restriction: Unrestricted. Deduped local provenance: Brent Scowcroft Papers, Presidential Correspondence Files, NAID 366551693, 91112-001, source pages 85-87.","Latin America; South America; Venezuela; Bush Library Memcons and Telcons; Telcon",https://s3.us-east-1.amazonaws.com/NARAprodstorage/lz/presidential-libraries/bush/gb-nsc/321498139/1990-08-13--Perez.pdf,https://catalog.archives.gov/id/428080951,"[Presidential Daily Backup] 8/13/1990; [Presidential Daily Diary] 8/13/1990","https://s3.amazonaws.com/NARAprodstorage/lz/presidential-libraries/bush/gb-whasf/Presidential_Daily_Diary_186322/1990/41-bpr-apts_sch-dd-08_13_90-12834-014_415890739.pdf; https://s3.amazonaws.com/NARAprodstorage/lz/presidential-libraries/bush/gb-whasf/Presidential_Daily_Diary_186322/1990/41-bpr-apts_sch-dd-08_13_90-12834-013_415890738.pdf","https://catalog.archives.gov/id/415890739; https://catalog.archives.gov/id/415890738"
12,Venezuela,1990-10-01,"October 1, 1990",Memcon,Memorandum of Conversation,"Meeting with President Carlos Andres Perez of Venezuela, October 1, 1990","George H. W. Bush; Carlos Andres Perez",6,Full,Presidential Memcon Files,[Memorandum of Conversations (Memcons)-July 1990-December 1990]: October 1990,428081109,"Presidential Memcon Files; [Memorandum of Conversations (Memcons)-July 1990-December 1990]: October 1990","Source: George H.W. Bush Library, Bush Presidential Records, National Security Council, Presidential Memcon Files, [Memorandum of Conversations (Memcons)-July 1990-December 1990]: October 1990. Declassified.","Source: George H.W. Bush Presidential Library and Museum, Digital Research Room, ""Memcons and Telcons"" table (https://www.bush41library.gov/digital-research-room/about-textual-collections/memcons-and-telcons), row: Date 10/1/1990; Type Memcon; Participants Perez, Carlos Andres; Country Venezuela; Release Status Full; NAID 428081109. Priority collection for volume compilation: Latin American Directorate Chronological Files, NAID 2197972, https://catalog.archives.gov/id/2197972. National Archives Catalog item: Meeting with President Carlos Andres Perez of Venezuela, October 1, 1990, NAID 428081109. Collection: Records of the National Security Council (George H. W. Bush Administration), NAID 2163580. Series: Presidential Memcon Files, NAID 321498039. File unit: [Memorandum of Conversations (Memcons)-July 1990-December 1990]: October 1990, NAID 325541480. Digital object: 1990-10-01--Perez.pdf, object ID 428081110, URL https://s3.us-east-1.amazonaws.com/NARAprodstorage/lz/presidential-libraries/bush/gb-nsc/321498039/1990-10-01--Perez.pdf. Access restriction: Unrestricted. Deduped local provenance: Brent Scowcroft Papers, Presidential Correspondence Files, NAID 366551671, 91108-002, source pages 107-111.","Latin America; South America; Venezuela; Bush Library Memcons and Telcons; Memcon",https://s3.us-east-1.amazonaws.com/NARAprodstorage/lz/presidential-libraries/bush/gb-nsc/321498039/1990-10-01--Perez.pdf,https://catalog.archives.gov/id/428081109,"[Presidential Daily Backup] 10/01/1990; [Presidential Daily Diary] 10/01/1990","https://s3.amazonaws.com/NARAprodstorage/lz/presidential-libraries/bush/gb-whasf/Presidential_Daily_Diary_186322/1990/41-bpr-apts_sch-dd-10_01_90-12838-004_415890837.pdf; https://s3.amazonaws.com/NARAprodstorage/lz/presidential-libraries/bush/gb-whasf/Presidential_Daily_Diary_186322/1990/41-bpr-apts_sch-dd-10_01_90-12838-003_415890836.pdf","https://catalog.archives.gov/id/415890837; https://catalog.archives.gov/id/415890836"
12,Venezuela,1990-12-08,"December 8, 1990",Memcon,Memorandum of Conversation,"Memorandum of Conversation of Expanded Bilateral Meeting with President Carlos Andres Perez of Venezuela, December 8, 1990","George H. W. Bush; Carlos Andres Perez",9,Full,Presidential Memcon Files,[Memorandum of Conversations (Memcons)-July 1990-December 1990]: December 1990,428081239,"Presidential Memcon Files; [Memorandum of Conversations (Memcons)-July 1990-December 1990]: December 1990","Source: George H.W. Bush Library, Bush Presidential Records, National Security Council, Presidential Memcon Files, [Memorandum of Conversations (Memcons)-July 1990-December 1990]: December 1990. Declassified.","Source: George H.W. Bush Presidential Library and Museum, Digital Research Room, ""Memcons and Telcons"" table (https://www.bush41library.gov/digital-research-room/about-textual-collections/memcons-and-telcons), row: Date 12/8/1990; Type Memcon; Participants Perez, Carlos Andres; Country Venezuela; Release Status Full; NAID 428081239. Priority collection for volume compilation: Latin American Directorate Chronological Files, NAID 2197972, https://catalog.archives.gov/id/2197972. National Archives Catalog item: Memorandum of Conversation of Expanded Bilateral Meeting with President Carlos Andres Perez of Venezuela, December 8, 1990, NAID 428081239. Collection: Records of the National Security Council (George H. W. Bush Administration), NAID 2163580. Series: Presidential Memcon Files, NAID 321498039. File unit: [Memorandum of Conversations (Memcons)-July 1990-December 1990]: December 1990, NAID 325541483. Digital object: 1990-12-08--Perez.pdf, object ID 428081240, URL https://s3.us-east-1.amazonaws.com/NARAprodstorage/lz/presidential-libraries/bush/gb-nsc/321498039/1990-12-08--Perez.pdf. Access restriction: Unrestricted.","Latin America; South America; Venezuela; Bush Library Memcons and Telcons; Memcon",https://s3.us-east-1.amazonaws.com/NARAprodstorage/lz/presidential-libraries/bush/gb-nsc/321498039/1990-12-08--Perez.pdf,https://catalog.archives.gov/id/428081239,"[Presidential Daily Backup] 12/8/1990; [Presidential Daily Diary] 12/8/1990 [EMPTY]","https://s3.amazonaws.com/NARAprodstorage/lz/presidential-libraries/bush/gb-whasf/Presidential_Daily_Diary_186322/1990/41-bpr-apts_sch-dd-12_08_90-12844-008_415890975.pdf; https://s3.amazonaws.com/NARAprodstorage/lz/presidential-libraries/bush/gb-whasf/Presidential_Daily_Diary_186322/1990/41-bpr-apts_sch-dd-12_08_90-12844-007_415890974.pdf","https://catalog.archives.gov/id/415890975; https://catalog.archives.gov/id/415890974"
12,Venezuela,1991-02-08,"February 8, 1991",Telcon,Memorandum of Telephone Conversation,"Telephone conversation with President Carlos Andres Perez of Venezuela, February 8, 1991","George H. W. Bush; Carlos Andres Perez",8,Full,Presidential Telcon Files,[Memorandum of Telephone Conversations (Telcons) - January 1991-April 1991]: February 1991 [1],428081439,"Presidential Telcon Files; [Memorandum of Telephone Conversations (Telcons) - January 1991-April 1991]: February 1991 [1]","Source: George H.W. Bush Library, Bush Presidential Records, National Security Council, Presidential Telcon Files, [Memorandum of Telephone Conversations (Telcons) - January 1991-April 1991]: February 1991 [1]. Declassified.","Source: George H.W. Bush Presidential Library and Museum, Digital Research Room, ""Memcons and Telcons"" table (https://www.bush41library.gov/digital-research-room/about-textual-collections/memcons-and-telcons), row: Date 2/8/1991; Type Telcon; Participants Perez, Carlos Andres; Country Venezuela; Release Status Full; NAID 428081439. Priority collection for volume compilation: Latin American Directorate Chronological Files, NAID 2197972, https://catalog.archives.gov/id/2197972. National Archives Catalog item: Telephone conversation with President Carlos Andres Perez of Venezuela, February 8, 1991, NAID 428081439. Collection: Records of the National Security Council (George H. W. Bush Administration), NAID 2163580. Series: Presidential Telcon Files, NAID 321498139. File unit: [Memorandum of Telephone Conversations (Telcons) - January 1991-April 1991]: February 1991 [1], NAID 325592654. Digital object: 1991-02-08--Perez.pdf, object ID 428081440, URL https://s3.us-east-1.amazonaws.com/NARAprodstorage/lz/presidential-libraries/bush/gb-nsc/321498139/1991-02-08--Perez.pdf. Access restriction: Unrestricted. Deduped local provenance: Brent Scowcroft Papers, Presidential Correspondence Files, NAID 366551697, 91112-005, source pages 57-62; Brent Scowcroft Papers, Presidential Correspondence Files, NAID 366551697, 91112-005, source pages 56-56.","Latin America; South America; Venezuela; Bush Library Memcons and Telcons; Telcon",https://s3.us-east-1.amazonaws.com/NARAprodstorage/lz/presidential-libraries/bush/gb-nsc/321498139/1991-02-08--Perez.pdf,https://catalog.archives.gov/id/428081439,"[Presidential Daily Backup] 2/8/1991; [Presidential Daily Diary] 2/8/1991","https://s3.amazonaws.com/NARAprodstorage/lz/presidential-libraries/bush/gb-whasf/Presidential_Daily_Diary_186322/1991/41-bpr-apts_sch-dd-02_08_91-12848-016_415891099.pdf; https://s3.amazonaws.com/NARAprodstorage/opastorage/live/45/1863/186345/content/arcmedia/media/images/40/21/40-2097a.gif","https://catalog.archives.gov/id/415891099; https://catalog.archives.gov/id/415891098"
12,Venezuela,1991-04-09,"April 9, 1991",Telcon,Memorandum of Telephone Conversation,"Telephone Conversation with President Carlos Andres Perez of Venezuela, April 9, 1991","George H. W. Bush; Carlos Andres Perez",6,Full,Presidential Telcon Files,[Memorandum of Telephone Conversations (Telcons) - January 1991-April 1991]: April 1991,428081595,"Presidential Telcon Files; [Memorandum of Telephone Conversations (Telcons) - January 1991-April 1991]: April 1991","Source: George H.W. Bush Library, Bush Presidential Records, National Security Council, Presidential Telcon Files, [Memorandum of Telephone Conversations (Telcons) - January 1991-April 1991]: April 1991. Declassified.","Source: George H.W. Bush Presidential Library and Museum, Digital Research Room, ""Memcons and Telcons"" table (https://www.bush41library.gov/digital-research-room/about-textual-collections/memcons-and-telcons), row: Date 4/9/1991; Type Telcon; Participants Perez, Carlos Andres; Country Venezuela; Release Status Full; NAID 428081595. Priority collection for volume compilation: Latin American Directorate Chronological Files, NAID 2197972, https://catalog.archives.gov/id/2197972. National Archives Catalog item: Telephone Conversation with President Carlos Andres Perez of Venezuela, April 9, 1991, NAID 428081595. Collection: Records of the National Security Council (George H. W. Bush Administration), NAID 2163580. Series: Presidential Telcon Files, NAID 321498139. File unit: [Memorandum of Telephone Conversations (Telcons) - January 1991-April 1991]: April 1991, NAID 325592657. Digital object: 1991-04-09--Perez.pdf, object ID 428081596, URL https://s3.us-east-1.amazonaws.com/NARAprodstorage/lz/presidential-libraries/bush/gb-nsc/321498139/1991-04-09--Perez.pdf. Access restriction: Unrestricted.","Latin America; South America; Venezuela; Bush Library Memcons and Telcons; Telcon",https://s3.us-east-1.amazonaws.com/NARAprodstorage/lz/presidential-libraries/bush/gb-nsc/321498139/1991-04-09--Perez.pdf,https://catalog.archives.gov/id/428081595,"[Presidential Daily Backup] 4/9/1991; [Presidential Daily Diary] 4/9/1991","https://s3.amazonaws.com/NARAprodstorage/lz/presidential-libraries/bush/gb-whasf/Presidential_Daily_Diary_186322/1991/41-bpr-apts_sch-dd-04_09_91-12853-012_415891219.pdf; https://s3.amazonaws.com/NARAprodstorage/lz/presidential-libraries/bush/gb-whasf/Presidential_Daily_Diary_186322/1991/41-bpr-apts_sch-dd-04_09_91-12853-011_415891218.pdf","https://catalog.archives.gov/id/415891219; https://catalog.archives.gov/id/415891218"
12,Venezuela,1991-04-20,"April 20, 1991",Telcon,Memorandum of Telephone Conversation,"Telcon with Carlos Andres Perez, President of Venezuela on April 20, 1991","George H. W. Bush; Carlos Andres Perez",4,Full,Presidential Telcon Files,[Memorandum of Telephone Conversations (Telcons) - January 1991-April 1991]: April 1991,428081653,"Presidential Telcon Files; [Memorandum of Telephone Conversations (Telcons) - January 1991-April 1991]: April 1991","Source: George H.W. Bush Library, Bush Presidential Records, National Security Council, Presidential Telcon Files, [Memorandum of Telephone Conversations (Telcons) - January 1991-April 1991]: April 1991. Declassified.","Source: George H.W. Bush Presidential Library and Museum, Digital Research Room, ""Memcons and Telcons"" table (https://www.bush41library.gov/digital-research-room/about-textual-collections/memcons-and-telcons), row: Date 4/20/1991; Type Telcon; Participants Perez, Carlos Andres; Country Venezuela; Release Status Full; NAID 428081653. Priority collection for volume compilation: Latin American Directorate Chronological Files, NAID 2197972, https://catalog.archives.gov/id/2197972. National Archives Catalog item: Telcon with Carlos Andres Perez, President of Venezuela on April 20, 1991, NAID 428081653. Collection: Records of the National Security Council (George H. W. Bush Administration), NAID 2163580. Series: Presidential Telcon Files, NAID 321498139. File unit: [Memorandum of Telephone Conversations (Telcons) - January 1991-April 1991]: April 1991, NAID 325592657. Digital object: 1991-04-20--Perez.pdf, object ID 428081654, URL https://s3.us-east-1.amazonaws.com/NARAprodstorage/lz/presidential-libraries/bush/gb-nsc/321498139/1991-04-20--Perez.pdf. Access restriction: Unrestricted. Deduped local provenance: Brent Scowcroft Papers, Presidential Correspondence Files, NAID 366551699, 91112-007, source pages 61-64.","Latin America; South America; Venezuela; Bush Library Memcons and Telcons; Telcon",https://s3.us-east-1.amazonaws.com/NARAprodstorage/lz/presidential-libraries/bush/gb-nsc/321498139/1991-04-20--Perez.pdf,https://catalog.archives.gov/id/428081653,"[Presidential Daily Backup] 4/20/1991; [Presidential Daily Diary] 4/20/1991","https://s3.amazonaws.com/NARAprodstorage/lz/presidential-libraries/bush/gb-whasf/Presidential_Daily_Diary_186322/1991/41-bpr-apts_sch-dd-04_20_91-12855-002_415891241.pdf; https://s3.amazonaws.com/NARAprodstorage/lz/presidential-libraries/bush/gb-whasf/Presidential_Daily_Diary_186322/1991/41-bpr-apts_sch-dd-04_20_91-12855-001_415891240.pdf","https://catalog.archives.gov/id/415891241; https://catalog.archives.gov/id/415891240"
12,Venezuela,1991-05-03,"May 3, 1991",Memcon,Memorandum of Conversation,"Meeting with President Carlos Andres Perez of Venezuela, May 3, 1991","George H. W. Bush; Carlos Andres Perez",9,Full,Presidential Memcon Files,[Memorandum of Conversations (Memcons)-January 1991-June 1991]: May 1991,428081627,"Presidential Memcon Files; [Memorandum of Conversations (Memcons)-January 1991-June 1991]: May 1991","Source: George H.W. Bush Library, Bush Presidential Records, National Security Council, Presidential Memcon Files, [Memorandum of Conversations (Memcons)-January 1991-June 1991]: May 1991. Declassified.","Source: George H.W. Bush Presidential Library and Museum, Digital Research Room, ""Memcons and Telcons"" table (https://www.bush41library.gov/digital-research-room/about-textual-collections/memcons-and-telcons), row: Date 5/3/1991; Type Memcon; Participants Perez, Carlos Andres; Country Venezuela; Release Status Full; NAID 428081627. Priority collection for volume compilation: Latin American Directorate Chronological Files, NAID 2197972, https://catalog.archives.gov/id/2197972. National Archives Catalog item: Meeting with President Carlos Andres Perez of Venezuela, May 3, 1991, NAID 428081627. Collection: Records of the National Security Council (George H. W. Bush Administration), NAID 2163580. Series: Presidential Memcon Files, NAID 321498039. File unit: [Memorandum of Conversations (Memcons)-January 1991-June 1991]: May 1991, NAID 325542551. Digital object: 1991-05-03--Perez.pdf, object ID 428081628, URL https://s3.us-east-1.amazonaws.com/NARAprodstorage/lz/presidential-libraries/bush/gb-nsc/321498039/1991-05-03--Perez.pdf. Access restriction: Unrestricted. Deduped local provenance: Brent Scowcroft Papers, Presidential Correspondence Files, NAID 366551675, 91108-006, source pages 6-13.","Latin America; South America; Venezuela; Bush Library Memcons and Telcons; Memcon",https://s3.us-east-1.amazonaws.com/NARAprodstorage/lz/presidential-libraries/bush/gb-nsc/321498039/1991-05-03--Perez.pdf,https://catalog.archives.gov/id/428081627,"[Presidential Daily Backup] 5/3/1991; [Presidential Daily Diary] 5/3/1991","https://s3.amazonaws.com/NARAprodstorage/lz/presidential-libraries/bush/gb-whasf/Presidential_Daily_Diary_186322/1991/41-bpr-apts_sch-dd-05_02_91-12856-006_415891267.pdf; https://s3.amazonaws.com/NARAprodstorage/lz/presidential-libraries/bush/gb-whasf/Presidential_Daily_Diary_186322/1991/41-bpr-apts_sch-dd-05_02_91-12856-005_415891266.pdf","https://catalog.archives.gov/id/415891267; https://catalog.archives.gov/id/415891266"
12,Venezuela,1991-09-05,"September 5, 1991",Telcon,Memorandum of Telephone Conversation,"Telcon with President Carlos Andres Perez of Venezuela on september 5, 1991","George H. W. Bush; Carlos Andres Perez",4,Full,Presidential Telcon Files,[Memorandum of Telephone Conversations (Telcons) - May 1991-December 1991]: September 1991,428081909,"Presidential Telcon Files; [Memorandum of Telephone Conversations (Telcons) - May 1991-December 1991]: September 1991","Source: George H.W. Bush Library, Bush Presidential Records, National Security Council, Presidential Telcon Files, [Memorandum of Telephone Conversations (Telcons) - May 1991-December 1991]: September 1991. Declassified.","Source: George H.W. Bush Presidential Library and Museum, Digital Research Room, ""Memcons and Telcons"" table (https://www.bush41library.gov/digital-research-room/about-textual-collections/memcons-and-telcons), row: Date 9/5/1991; Type Telcon; Participants Perez, Carlos Andres; Country Venezuela; Release Status Full; NAID 428081909. Priority collection for volume compilation: Latin American Directorate Chronological Files, NAID 2197972, https://catalog.archives.gov/id/2197972. National Archives Catalog item: Telcon with President Carlos Andres Perez of Venezuela on september 5, 1991, NAID 428081909. Collection: Records of the National Security Council (George H. W. Bush Administration), NAID 2163580. Series: Presidential Telcon Files, NAID 321498139. File unit: [Memorandum of Telephone Conversations (Telcons) - May 1991-December 1991]: September 1991, NAID 325592662. Digital object: 1991-09-05--Perez.pdf, object ID 428081910, URL https://s3.us-east-1.amazonaws.com/NARAprodstorage/lz/presidential-libraries/bush/gb-nsc/321498139/1991-09-05--Perez.pdf. Access restriction: Unrestricted. Deduped local provenance: Brent Scowcroft Papers, Presidential Correspondence Files, NAID 366551701, 91113-001, source pages 93-95.","Latin America; South America; Venezuela; Bush Library Memcons and Telcons; Telcon",https://s3.us-east-1.amazonaws.com/NARAprodstorage/lz/presidential-libraries/bush/gb-nsc/321498139/1991-09-05--Perez.pdf,https://catalog.archives.gov/id/428081909,"[Presidential Daily Backup] 9/5/1991; [Presidential Daily Diary] 9/5/1991","https://s3.amazonaws.com/NARAprodstorage/lz/presidential-libraries/bush/gb-whasf/Presidential_Daily_Diary_186322/1991/41-bpr-apts_sch-dd-09_05_91-12866-038_415891518.pdf; https://s3.amazonaws.com/NARAprodstorage/lz/presidential-libraries/bush/gb-whasf/Presidential_Daily_Diary_186322/1991/41-bpr-apts_sch-dd-09_05_91-12866-037_415891517.pdf","https://catalog.archives.gov/id/415891518; https://catalog.archives.gov/id/415891517"
12,Venezuela,1991-09-24,"September 24, 1991",Memcon,Memorandum of Conversation,"Meeting with Carlos Andres Perez, President of the Republic of Venezuela at UNGA, Waldorf Astoria Hotel, New York","George H. W. Bush; Carlos Andres Perez",9,Full,Presidential Memcon Files,[Memorandum of Conversations (Memcons)-July 1991-December 1991]: September 1991,428081905,"Presidential Memcon Files; [Memorandum of Conversations (Memcons)-July 1991-December 1991]: September 1991","Source: George H.W. Bush Library, Bush Presidential Records, National Security Council, Presidential Memcon Files, [Memorandum of Conversations (Memcons)-July 1991-December 1991]: September 1991. Declassified.","Source: George H.W. Bush Presidential Library and Museum, Digital Research Room, ""Memcons and Telcons"" table (https://www.bush41library.gov/digital-research-room/about-textual-collections/memcons-and-telcons), row: Date 9/24/1991; Type Memcon; Participants Perez, Carlos Andres; Country Venezuela; Release Status Full; NAID 428081905. Priority collection for volume compilation: Latin American Directorate Chronological Files, NAID 2197972, https://catalog.archives.gov/id/2197972. National Archives Catalog item: Meeting with Carlos Andres Perez, President of the Republic of Venezuela at UNGA, Waldorf Astoria Hotel, New York, NAID 428081905. Collection: Records of the National Security Council (George H. W. Bush Administration), NAID 2163580. Series: Presidential Memcon Files, NAID 321498039. File unit: [Memorandum of Conversations (Memcons)-July 1991-December 1991]: September 1991, NAID 325542558. Digital object: 1991-09-24--Perez.pdf, object ID 428081906, URL https://s3.us-east-1.amazonaws.com/NARAprodstorage/lz/presidential-libraries/bush/gb-nsc/321498039/1991-09-24--Perez.pdf. Access restriction: Unrestricted.","Latin America; South America; Venezuela; Bush Library Memcons and Telcons; Memcon",https://s3.us-east-1.amazonaws.com/NARAprodstorage/lz/presidential-libraries/bush/gb-nsc/321498039/1991-09-24--Perez.pdf,https://catalog.archives.gov/id/428081905,"[Presidential Daily Backup] 9/24/1991; [Presidential Daily Diary] 9/24/1991","https://s3.amazonaws.com/NARAprodstorage/lz/presidential-libraries/bush/gb-whasf/Presidential_Daily_Diary_186322/1991/41-bpr-apts_sch-dd-09_24_91-12868-012_415891556.pdf; https://s3.amazonaws.com/NARAprodstorage/lz/presidential-libraries/bush/gb-whasf/Presidential_Daily_Diary_186322/1991/41-bpr-apts_sch-dd-09_24_91-12868-011_415891555.pdf","https://catalog.archives.gov/id/415891556; https://catalog.archives.gov/id/415891555"
12,Venezuela,1991-09-30,"September 30, 1991",Telcon,Memorandum of Telephone Conversation,"Telephone Conversation with President Carlos Andres Perez of Venezuela, September 30, 1991","George H. W. Bush; Carlos Andres Perez",3,Full,Presidential Telcon Files,[Memorandum of Telephone Conversations (Telcons) - May 1991-December 1991]: September 1991,428081963,"Presidential Telcon Files; [Memorandum of Telephone Conversations (Telcons) - May 1991-December 1991]: September 1991","Source: George H.W. Bush Library, Bush Presidential Records, National Security Council, Presidential Telcon Files, [Memorandum of Telephone Conversations (Telcons) - May 1991-December 1991]: September 1991. Declassified.","Source: George H.W. Bush Presidential Library and Museum, Digital Research Room, ""Memcons and Telcons"" table (https://www.bush41library.gov/digital-research-room/about-textual-collections/memcons-and-telcons), row: Date 9/30/1991; Type Telcon; Participants Perez, Carlos Andres; Country Venezuela; Release Status Full; NAID 428081963. Priority collection for volume compilation: Latin American Directorate Chronological Files, NAID 2197972, https://catalog.archives.gov/id/2197972. National Archives Catalog item: Telephone Conversation with President Carlos Andres Perez of Venezuela, September 30, 1991, NAID 428081963. Collection: Records of the National Security Council (George H. W. Bush Administration), NAID 2163580. Series: Presidential Telcon Files, NAID 321498139. File unit: [Memorandum of Telephone Conversations (Telcons) - May 1991-December 1991]: September 1991, NAID 325592662. Digital object: 1991-09-30--Perez.pdf, object ID 428081964, URL https://s3.us-east-1.amazonaws.com/NARAprodstorage/lz/presidential-libraries/bush/gb-nsc/321498139/1991-09-30--Perez.pdf. Access restriction: Unrestricted. Deduped local provenance: Brent Scowcroft Papers, Presidential Correspondence Files, NAID 366551702, 91113-002, source pages 26-28.","Latin America; South America; Venezuela; Bush Library Memcons and Telcons; Telcon",https://s3.us-east-1.amazonaws.com/NARAprodstorage/lz/presidential-libraries/bush/gb-nsc/321498139/1991-09-30--Perez.pdf,https://catalog.archives.gov/id/428081963,"[Presidential Daily Backup] 9/30/1991; [Presidential Daily Diary] 9/30/1991","https://s3.amazonaws.com/NARAprodstorage/lz/presidential-libraries/bush/gb-whasf/Presidential_Daily_Diary_186322/1991/41-bpr-apts_sch-dd-09_30_91-12869-002_415891568.pdf; https://s3.amazonaws.com/NARAprodstorage/lz/presidential-libraries/bush/gb-whasf/Presidential_Daily_Diary_186322/1991/41-bpr-apts_sch-dd-09_30_91-12869-001_415891567.pdf","https://catalog.archives.gov/id/415891568; https://catalog.archives.gov/id/415891567"
12,Venezuela,1991-10-01,"October 1, 1991",Telcon,Memorandum of Telephone Conversation,"Telephone Conversation with President Carlos Andres Perez of Venezuela, October 1, 1991","George H. W. Bush; Carlos Andres Perez",3,Full,Presidential Telcon Files,[Memorandum of Telephone Conversations (Telcons) - May 1991-December 1991]: October 1991,428081965,"Presidential Telcon Files; [Memorandum of Telephone Conversations (Telcons) - May 1991-December 1991]: October 1991","Source: George H.W. Bush Library, Bush Presidential Records, National Security Council, Presidential Telcon Files, [Memorandum of Telephone Conversations (Telcons) - May 1991-December 1991]: October 1991. Declassified.","Source: George H.W. Bush Presidential Library and Museum, Digital Research Room, ""Memcons and Telcons"" table (https://www.bush41library.gov/digital-research-room/about-textual-collections/memcons-and-telcons), row: Date 10/1/1991; Type Telcon; Participants Perez, Carlos Andres; Country Venezuela; Release Status Full; NAID 428081965. Priority collection for volume compilation: Latin American Directorate Chronological Files, NAID 2197972, https://catalog.archives.gov/id/2197972. National Archives Catalog item: Telephone Conversation with President Carlos Andres Perez of Venezuela, October 1, 1991, NAID 428081965. Collection: Records of the National Security Council (George H. W. Bush Administration), NAID 2163580. Series: Presidential Telcon Files, NAID 321498139. File unit: [Memorandum of Telephone Conversations (Telcons) - May 1991-December 1991]: October 1991, NAID 325592663. Digital object: 1991-10-01--Perez.pdf, object ID 428081966, URL https://s3.us-east-1.amazonaws.com/NARAprodstorage/lz/presidential-libraries/bush/gb-nsc/321498139/1991-10-01--Perez.pdf. Access restriction: Unrestricted. Deduped local provenance: Brent Scowcroft Papers, Presidential Correspondence Files, NAID 366551702, 91113-002, source pages 29-30.","Latin America; South America; Venezuela; Bush Library Memcons and Telcons; Telcon",https://s3.us-east-1.amazonaws.com/NARAprodstorage/lz/presidential-libraries/bush/gb-nsc/321498139/1991-10-01--Perez.pdf,https://catalog.archives.gov/id/428081965,"[Presidential Daily Backup] 10/1/1991; [Presidential Daily Diary] 10/1/1991","https://s3.amazonaws.com/NARAprodstorage/lz/presidential-libraries/bush/gb-whasf/Presidential_Daily_Diary_186322/1991/41-bpr-apts_sch-dd-10_01_91-12869-004_415891570.pdf; https://s3.amazonaws.com/NARAprodstorage/lz/presidential-libraries/bush/gb-whasf/Presidential_Daily_Diary_186322/1991/41-bpr-apts_sch-dd-10_01_91-12869-003_415891569.pdf","https://catalog.archives.gov/id/415891570; https://catalog.archives.gov/id/415891569"
12,Venezuela,1991-10-10,"October 10, 1991",Telcon,Memorandum of Telephone Conversation,"Telcon with President Carlos Andres Perez President of Venezuela on October 10, 1991","George H. W. Bush; Carlos Andres Perez",4,Full,Presidential Telcon Files,[Memorandum of Telephone Conversations (Telcons) - May 1991-December 1991]: October 1991,428082007,"Presidential Telcon Files; [Memorandum of Telephone Conversations (Telcons) - May 1991-December 1991]: October 1991","Source: George H.W. Bush Library, Bush Presidential Records, National Security Council, Presidential Telcon Files, [Memorandum of Telephone Conversations (Telcons) - May 1991-December 1991]: October 1991. Declassified.","Source: George H.W. Bush Presidential Library and Museum, Digital Research Room, ""Memcons and Telcons"" table (https://www.bush41library.gov/digital-research-room/about-textual-collections/memcons-and-telcons), row: Date 10/10/1991; Type Telcon; Participants Perez, Carlos Andres; Country Venezuela; Release Status Full; NAID 428082007. Priority collection for volume compilation: Latin American Directorate Chronological Files, NAID 2197972, https://catalog.archives.gov/id/2197972. National Archives Catalog item: Telcon with President Carlos Andres Perez President of Venezuela on October 10, 1991, NAID 428082007. Collection: Records of the National Security Council (George H. W. Bush Administration), NAID 2163580. Series: Presidential Telcon Files, NAID 321498139. File unit: [Memorandum of Telephone Conversations (Telcons) - May 1991-December 1991]: October 1991, NAID 325592663. Digital object: 1991-10-10--Perez.pdf, object ID 428082008, URL https://s3.us-east-1.amazonaws.com/NARAprodstorage/lz/presidential-libraries/bush/gb-nsc/321498139/1991-10-10--Perez.pdf. Access restriction: Unrestricted. Deduped local provenance: Brent Scowcroft Papers, Presidential Correspondence Files, NAID 366551702, 91113-002, source pages 36-45.","Latin America; South America; Venezuela; Bush Library Memcons and Telcons; Telcon",https://s3.us-east-1.amazonaws.com/NARAprodstorage/lz/presidential-libraries/bush/gb-nsc/321498139/1991-10-10--Perez.pdf,https://catalog.archives.gov/id/428082007,"[Presidential Daily Backup] 10/10/1991; [Presidential Daily Diary] 10/10/1991","https://s3.amazonaws.com/NARAprodstorage/lz/presidential-libraries/bush/gb-whasf/Presidential_Daily_Diary_186322/1991/41-bpr-apts_sch-dd-10_10_91-12870-008_415891589.pdf; https://s3.amazonaws.com/NARAprodstorage/lz/presidential-libraries/bush/gb-whasf/Presidential_Daily_Diary_186322/1991/41-bpr-apts_sch-dd-10_10_91-12870-007_415891588.pdf","https://catalog.archives.gov/id/415891589; https://catalog.archives.gov/id/415891588"
12,Venezuela,1991-11-15,"November 15, 1991",Telcon,Memorandum of Telephone Conversation,"Telephone Conversation with Carlos Andres Perez, President of Venezuela on November 15, 1991","George H. W. Bush; Carlos Andres Perez",4,Full,Presidential Telcon Files,[Memorandum of Telephone Conversations (Telcons) - May 1991-December 1991]: November 1991,428082045,"Presidential Telcon Files; [Memorandum of Telephone Conversations (Telcons) - May 1991-December 1991]: November 1991","Source: George H.W. Bush Library, Bush Presidential Records, National Security Council, Presidential Telcon Files, [Memorandum of Telephone Conversations (Telcons) - May 1991-December 1991]: November 1991. Declassified.","Source: George H.W. Bush Presidential Library and Museum, Digital Research Room, ""Memcons and Telcons"" table (https://www.bush41library.gov/digital-research-room/about-textual-collections/memcons-and-telcons), row: Date 11/15/1991; Type Telcon; Participants Perez, Carlos Andres; Country Venezuela; Release Status Full; NAID 428082045. Priority collection for volume compilation: Latin American Directorate Chronological Files, NAID 2197972, https://catalog.archives.gov/id/2197972. National Archives Catalog item: Telephone Conversation with Carlos Andres Perez, President of Venezuela on November 15, 1991, NAID 428082045. Collection: Records of the National Security Council (George H. W. Bush Administration), NAID 2163580. Series: Presidential Telcon Files, NAID 321498139. File unit: [Memorandum of Telephone Conversations (Telcons) - May 1991-December 1991]: November 1991, NAID 325592664. Digital object: 1991-11-15--Perez.pdf, object ID 428082046, URL https://s3.us-east-1.amazonaws.com/NARAprodstorage/lz/presidential-libraries/bush/gb-nsc/321498139/1991-11-15--Perez.pdf. Access restriction: Unrestricted. Deduped local provenance: Brent Scowcroft Papers, Presidential Correspondence Files, NAID 366551702, 91113-002, source pages 62-64.","Latin America; South America; Venezuela; Bush Library Memcons and Telcons; Telcon",https://s3.us-east-1.amazonaws.com/NARAprodstorage/lz/presidential-libraries/bush/gb-nsc/321498139/1991-11-15--Perez.pdf,https://catalog.archives.gov/id/428082045,"[Presidential Daily Backup] 11/15/1991; [Presidential Daily Diary] 11/15/1991","https://s3.amazonaws.com/NARAprodstorage/lz/presidential-libraries/bush/gb-whasf/Presidential_Daily_Diary_186322/1991/41-bpr-apts_sch-dd-11_15_91-12873-015_415891663.pdf; https://s3.amazonaws.com/NARAprodstorage/lz/presidential-libraries/bush/gb-whasf/Presidential_Daily_Diary_186322/1991/41-bpr-apts_sch-dd-11_15_91-12873-014_415891662.pdf","https://catalog.archives.gov/id/415891663; https://catalog.archives.gov/id/415891662"
12,Venezuela,1991-12-17,"December 17, 1991",Telcon,Memorandum of Telephone Conversation,"Telephone Conversation with Carlos Andres Perez, December 18, 1991","George H. W. Bush; Carlos Andres Perez",6,Full,Presidential Telcon Files,[Memorandum of Telephone Conversations (Telcons) - May 1991-December 1991]: December 1991,428082109,"Presidential Telcon Files; [Memorandum of Telephone Conversations (Telcons) - May 1991-December 1991]: December 1991","Source: George H.W. Bush Library, Bush Presidential Records, National Security Council, Presidential Telcon Files, [Memorandum of Telephone Conversations (Telcons) - May 1991-December 1991]: December 1991. Declassified.","Source: George H.W. Bush Presidential Library and Museum, Digital Research Room, ""Memcons and Telcons"" table (https://www.bush41library.gov/digital-research-room/about-textual-collections/memcons-and-telcons), row: Date 12/17/1991; Type Telcon; Participants Perez, Carlos Andres; Country Venezuela; Release Status Full; NAID 428082109. Priority collection for volume compilation: Latin American Directorate Chronological Files, NAID 2197972, https://catalog.archives.gov/id/2197972. National Archives Catalog item: Telephone Conversation with Carlos Andres Perez, December 18, 1991, NAID 428082109. Collection: Records of the National Security Council (George H. W. Bush Administration), NAID 2163580. Series: Presidential Telcon Files, NAID 321498139. File unit: [Memorandum of Telephone Conversations (Telcons) - May 1991-December 1991]: December 1991, NAID 325592665. Digital object: 1991-12-17--Perez.pdf, object ID 428082110, URL https://s3.us-east-1.amazonaws.com/NARAprodstorage/lz/presidential-libraries/bush/gb-nsc/321498139/1991-12-17--Perez.pdf. Access restriction: Unrestricted. Deduped local provenance: Brent Scowcroft Papers, Presidential Correspondence Files, NAID 366551702, 91113-002, source pages 139-143.","Latin America; South America; Venezuela; Bush Library Memcons and Telcons; Telcon",https://s3.us-east-1.amazonaws.com/NARAprodstorage/lz/presidential-libraries/bush/gb-nsc/321498139/1991-12-17--Perez.pdf,https://catalog.archives.gov/id/428082109,"[Presidential Daily Backup] 12/17/1991; [Presidential Daily Diary] 12/17/1991","https://s3.amazonaws.com/NARAprodstorage/lz/presidential-libraries/bush/gb-whasf/Presidential_Daily_Diary_186322/1991/41-bpr-apts_sch-dd-12_17_91-12876-010_415891727.pdf; https://s3.amazonaws.com/NARAprodstorage/lz/presidential-libraries/bush/gb-whasf/Presidential_Daily_Diary_186322/1991/41-bpr-apts_sch-dd-12_17_91-12876-009_415891726.pdf","https://catalog.archives.gov/id/415891727; https://catalog.archives.gov/id/415891726"
12,Venezuela,1992-04-09,"April 9, 1992",Telcon,Memorandum of a Telephone Conversation,"Telcon with Carlos Andres Perez of Venezuela on April 9, 1992 (&","George H. W. Bush; Carlos Andres Perez",3,Declassified,Scowcroft extract,91113-003,366551703,"Presidential Telephone Calls - Memorandum of Conversations 1/2/92 - 4/9/92; 41-bpr-scow-pcor-telcon-91113-003.pdf; source pages 61-63","Source: George H.W. Bush Library, Bush Presidential Records, Brent Scowcroft Collection, Presidential Correspondence Files, Presidential Telcon Files, OA/ID 91113-003, Presidential Telephone Calls - Memorandum of Conversations 1/2/92 - 4/9/92. Declassified.","Source: George H.W. Bush Library, Bush Presidential Records, Brent Scowcroft Collection, Presidential Correspondence Files, Presidential Telcon Files, OA/ID 91113-003, Presidential Telephone Calls - Memorandum of Conversations 1/2/92 - 4/9/92. Declassified. Originally processed under FOIA 2009-0275-S. Project PDF begins with the PDF provenance sheet, followed by source pages 61-63. Digital source file: 41-bpr-scow-pcor-telcon-91113-003.pdf. Catalog: https://catalog.archives.gov/id/366551703.","Latin America; South America; Venezuela; Brent Scowcroft Papers; Head-of-state memcons and telcons",documents/venezuela/1992-04-09-bush-carlos-andres-perez-telcon-91113-003-p61-scowcroft.pdf,https://catalog.archives.gov/id/366551703,"[Presidential Daily Backup] 4/9/1992; [Presidential Daily Diary] 4/9/1992","https://s3.dualstack.us-east-1.amazonaws.com/NARAprodstorage/lz/presidential-libraries/bush/gb-whasf/Presidential_Daily_Diary_186322/1992/41-bpr-apts_sch-dd-04_09_92-12886-010_415891957.pdf; https://s3.dualstack.us-east-1.amazonaws.com/NARAprodstorage/lz/presidential-libraries/bush/gb-whasf/Presidential_Daily_Diary_186322/1992/41-bpr-apts_sch-dd-04_09_92-12886-009_415891956.pdf","https://catalog.archives.gov/id/415891957; https://catalog.archives.gov/id/415891956"
12,Venezuela,1992-06-20,"June 20, 1992",Telcon,Memorandum of Telephone Conversation,"Telcon with Carlos Andres Perez, President of Venezuela, on June 20, 1992","George H. W. Bush; Carlos Andres Perez",4,Full,Presidential Telcon Files,[Memorandum of Telephone Conversations (Telcons) - January 1992-June 1992]: June 1992,428082247,"Presidential Telcon Files; [Memorandum of Telephone Conversations (Telcons) - January 1992-June 1992]: June 1992","Source: George H.W. Bush Library, Bush Presidential Records, National Security Council, Presidential Telcon Files, [Memorandum of Telephone Conversations (Telcons) - January 1992-June 1992]: June 1992. Declassified.","Source: George H.W. Bush Presidential Library and Museum, Digital Research Room, ""Memcons and Telcons"" table (https://www.bush41library.gov/digital-research-room/about-textual-collections/memcons-and-telcons), row: Date 6/20/1992; Type Telcon; Participants Perez, Carlos Andres; Country Venezuela; Release Status Full; NAID 428082247. Priority collection for volume compilation: Latin American Directorate Chronological Files, NAID 2197972, https://catalog.archives.gov/id/2197972. National Archives Catalog item: Telcon with Carlos Andres Perez, President of Venezuela, on June 20, 1992, NAID 428082247. Collection: Records of the National Security Council (George H. W. Bush Administration), NAID 2163580. Series: Presidential Telcon Files, NAID 321498139. File unit: [Memorandum of Telephone Conversations (Telcons) - January 1992-June 1992]: June 1992, NAID 325592764. Digital object: 1992-06-20--Perez.pdf, object ID 428082248, URL https://s3.us-east-1.amazonaws.com/NARAprodstorage/lz/presidential-libraries/bush/gb-nsc/321498139/1992-06-20--Perez.pdf. Access restriction: Unrestricted. Deduped local provenance: Brent Scowcroft Papers, Presidential Correspondence Files, NAID 366551704, 91113-004, source pages 54-58.","Latin America; South America; Venezuela; Bush Library Memcons and Telcons; Telcon",https://s3.us-east-1.amazonaws.com/NARAprodstorage/lz/presidential-libraries/bush/gb-nsc/321498139/1992-06-20--Perez.pdf,https://catalog.archives.gov/id/428082247,"[Presidential Daily Backup] 6/20/1992; [Presidential Daily Diary] 6/20/1992","https://s3.dualstack.us-east-1.amazonaws.com/NARAprodstorage/lz/presidential-libraries/bush/gb-whasf/Presidential_Daily_Diary_186322/1992/41-bpr-apts_sch-dd-06_20_92-12893-014_415892103.pdf; https://s3.dualstack.us-east-1.amazonaws.com/NARAprodstorage/lz/presidential-libraries/bush/gb-whasf/Presidential_Daily_Diary_186322/1992/41-bpr-apts_sch-dd-06_20_92-12893-013_415892102.pdf","https://catalog.archives.gov/id/415892103; https://catalog.archives.gov/id/415892102"
12,Venezuela,1992-11-27,"November 27, 1992",Telcon,Memorandum of a Telephone Conversation,"Telcon with Carlos Andres Perez, President of Venezuela on November 27, 1992 (U)","George H. W. Bush; Carlos Andres Perez",3,Declassified,Scowcroft extract,91110-002,366551685,"Presidential Meetings - Memorandum of Conversations 7/9/92 - 12/22/92; 41-bpr-scow-pcor-memcon-91110-002.pdf; source pages 65-67","Source: George H.W. Bush Library, Bush Presidential Records, Brent Scowcroft Collection, Presidential Correspondence Files, Presidential Memcons Files, OA/ID 91110-002, Presidential Meetings - Memorandum of Conversations 7/9/92 - 12/22/92. Declassified.","Source: George H.W. Bush Library, Bush Presidential Records, Brent Scowcroft Collection, Presidential Correspondence Files, Presidential Memcons Files, OA/ID 91110-002, Presidential Meetings - Memorandum of Conversations 7/9/92 - 12/22/92. Declassified. Originally processed under FOIA 2009-0275-S. Project PDF begins with the PDF provenance sheet, followed by source pages 65-67. Digital source file: 41-bpr-scow-pcor-memcon-91110-002.pdf. Catalog: https://catalog.archives.gov/id/366551685.","Latin America; South America; Venezuela; Brent Scowcroft Papers; Head-of-state memcons and telcons",documents/venezuela/1992-11-27-bush-carlos-andres-perez-telcon-91110-002-p65-scowcroft.pdf,https://catalog.archives.gov/id/366551685,"[Presidential Daily Backup] 11/27/1992; [Presidential Daily Diary] 11/27/1992","https://s3.dualstack.us-east-1.amazonaws.com/NARAprodstorage/lz/presidential-libraries/bush/gb-whasf/Presidential_Daily_Diary_186322/1992/41-bpr-apts_sch-dd-11_27_92-26863-024_415892425.pdf; https://s3.dualstack.us-east-1.amazonaws.com/NARAprodstorage/lz/presidential-libraries/bush/gb-whasf/Presidential_Daily_Diary_186322/1992/41-bpr-apts_sch-dd-11_27_92-26863-023_415892424.pdf","https://catalog.archives.gov/id/415892425; https://catalog.archives.gov/id/415892424"
12,Venezuela,1992-11-27,"November 27, 1992",Memcon,Memorandum of Conversation,"Telcon with Carlos Andres Perez, President of Venezuela on November 27, 1992 (1 of 2)","George H. W. Bush; Carlos Andres Perez",1,Full,Presidential Memcon Files,[Memorandum of Conversations (Memcons)-July 1992-December 1992]: November 1992,428082369,"Presidential Memcon Files; [Memorandum of Conversations (Memcons)-July 1992-December 1992]: November 1992","Source: George H.W. Bush Library, Bush Presidential Records, National Security Council, Presidential Memcon Files, [Memorandum of Conversations (Memcons)-July 1992-December 1992]: November 1992. Declassified.","Source: George H.W. Bush Presidential Library and Museum, Digital Research Room, ""Memcons and Telcons"" table (https://www.bush41library.gov/digital-research-room/about-textual-collections/memcons-and-telcons), row: Date 11/27/1992; Type Memcon; Participants Perez, Carlos Andres; Country Venezuela; Release Status Full; NAID 428082369. Priority collection for volume compilation: Latin American Directorate Chronological Files, NAID 2197972, https://catalog.archives.gov/id/2197972. National Archives Catalog item: Telcon with Carlos Andres Perez, President of Venezuela on November 27, 1992 (1 of 2), NAID 428082369. Collection: Records of the National Security Council (George H. W. Bush Administration), NAID 2163580. Series: Presidential Memcon Files, NAID 321498039. File unit: [Memorandum of Conversations (Memcons)-July 1992-December 1992]: November 1992, NAID 325592627. Digital object: 1992-11-27--Perez-1.pdf, object ID 428082370, URL https://s3.us-east-1.amazonaws.com/NARAprodstorage/lz/presidential-libraries/bush/gb-nsc/321498039/1992-11-27--Perez-1.pdf. Access restriction: Unrestricted.","Latin America; South America; Venezuela; Bush Library Memcons and Telcons; Memcon",https://s3.us-east-1.amazonaws.com/NARAprodstorage/lz/presidential-libraries/bush/gb-nsc/321498039/1992-11-27--Perez-1.pdf,https://catalog.archives.gov/id/428082369,"[Presidential Daily Backup] 11/27/1992; [Presidential Daily Diary] 11/27/1992","https://s3.dualstack.us-east-1.amazonaws.com/NARAprodstorage/lz/presidential-libraries/bush/gb-whasf/Presidential_Daily_Diary_186322/1992/41-bpr-apts_sch-dd-11_27_92-26863-024_415892425.pdf; https://s3.dualstack.us-east-1.amazonaws.com/NARAprodstorage/lz/presidential-libraries/bush/gb-whasf/Presidential_Daily_Diary_186322/1992/41-bpr-apts_sch-dd-11_27_92-26863-023_415892424.pdf","https://catalog.archives.gov/id/415892425; https://catalog.archives.gov/id/415892424"
12,Venezuela,1992-11-27,"November 27, 1992",Memcon,Memorandum of Conversation,"Telcon with Carlos Andres Perez, President of Venezuela on November 27, 1992 (2 of 2)","George H. W. Bush; Carlos Andres Perez",3,Full,Presidential Memcon Files,[Memorandum of Conversations (Memcons)-July 1992-December 1992]: November 1992,428082371,"Presidential Memcon Files; [Memorandum of Conversations (Memcons)-July 1992-December 1992]: November 1992","Source: George H.W. Bush Library, Bush Presidential Records, National Security Council, Presidential Memcon Files, [Memorandum of Conversations (Memcons)-July 1992-December 1992]: November 1992. Declassified.","Source: George H.W. Bush Presidential Library and Museum, Digital Research Room, ""Memcons and Telcons"" table (https://www.bush41library.gov/digital-research-room/about-textual-collections/memcons-and-telcons), row: Date 11/27/1992; Type Memcon; Participants Perez, Carlos Andres; Country Venezuela; Release Status Full; NAID 428082371. Priority collection for volume compilation: Latin American Directorate Chronological Files, NAID 2197972, https://catalog.archives.gov/id/2197972. National Archives Catalog item: Telcon with Carlos Andres Perez, President of Venezuela on November 27, 1992 (2 of 2), NAID 428082371. Collection: Records of the National Security Council (George H. W. Bush Administration), NAID 2163580. Series: Presidential Memcon Files, NAID 321498039. File unit: [Memorandum of Conversations (Memcons)-July 1992-December 1992]: November 1992, NAID 325592627. Digital object: 1992-11-27--Perez-2.pdf, object ID 428082372, URL https://s3.us-east-1.amazonaws.com/NARAprodstorage/lz/presidential-libraries/bush/gb-nsc/321498039/1992-11-27--Perez-2.pdf. Access restriction: Unrestricted.","Latin America; South America; Venezuela; Bush Library Memcons and Telcons; Memcon",https://s3.us-east-1.amazonaws.com/NARAprodstorage/lz/presidential-libraries/bush/gb-nsc/321498039/1992-11-27--Perez-2.pdf,https://catalog.archives.gov/id/428082371,"[Presidential Daily Backup] 11/27/1992; [Presidential Daily Diary] 11/27/1992","https://s3.dualstack.us-east-1.amazonaws.com/NARAprodstorage/lz/presidential-libraries/bush/gb-whasf/Presidential_Daily_Diary_186322/1992/41-bpr-apts_sch-dd-11_27_92-26863-024_415892425.pdf; https://s3.dualstack.us-east-1.amazonaws.com/NARAprodstorage/lz/presidential-libraries/bush/gb-whasf/Presidential_Daily_Diary_186322/1992/41-bpr-apts_sch-dd-11_27_92-26863-023_415892424.pdf","https://catalog.archives.gov/id/415892425; https://catalog.archives.gov/id/415892424"
