queue_order,action_type,urgency,country,country_risk_score,private_record_count,high_priority_print_candidates,date,document_type,title,source_series,source_folder,priority,score,release_or_access_status,page_count_or_range,evidence,recommended_action,source_note,pdf_url,catalog_url
1000,Structural gap,Critical,,,,557,,Compiler audit,Print-candidate backlog is much larger than the verified private corpus,Compiler gap audit,,,,,,"935 OCR-derived print leads, including 557 high-priority leads, are not yet selected, transcribed, or compared against the country chronologies.",Triage high-priority leads by country and theme before treating the memcon/telcon chapters as complete.,,,
1100,Structural gap,High,,,,557,,Compiler audit,Current site sources are NSC/Bush Library-heavy,Compiler gap audit,,,,,,"The site now covers Bush Library memcons/telcons, Scowcroft extracts, selected NSC Latin America files, Deal files, and Public Papers. It does not yet represent State central files, embassy cables, Treasury, Defense, CIA, DEA, or congressional notification files.","Use this site as a presidential/NSC starting point, not as the full FRUS evidentiary universe.",,,
1100,Structural gap,High,,,,557,,Compiler audit,Public-private chronology mismatches remain unresolved,Compiler gap audit,,,,,,"Bolivia: 47 public statements vs. 4 private records; Chile: 41 public statements vs. 3 private records; Paraguay: 23 public statements vs. 2 private records; Peru: 66 public statements vs. 4 private records; Ecuador: 27 public statements vs. 3 private records","For mismatch countries, map public statements to surrounding private memoranda, cables, briefing papers, and policy papers.",,,
1100,Structural gap,High,,,,557,,Compiler audit,Several countries have thin or absent private-record coverage,Compiler gap audit,,,,,,"Bolivia: 4 private records, 47 high-priority leads; Chile: 3 private records, 32 high-priority leads; Suriname: 0 private records, 2 high-priority leads; Paraguay: 2 private records, 19 high-priority leads; Peru: 4 private records, 29 high-priority leads; Guyana: 1 private records, 25 high-priority leads; Ecuador: 3 private records, 11 high-priority leads","Prioritize these chapters for non-presidential NSC files, State Department records, and agency records.",,,
1200,Structural gap,Medium,,,,557,,Compiler audit,OCR-derived leads are not document-level certainty,Compiler gap audit,,,,,,"Withdrawal-sheet rows and page OCR identify likely documents but can contain OCR noise, truncated titles, and page-start uncertainty.",Confirm page images and source folders before final document selection or citation.,,,
1200,Structural gap,Medium,,,,557,,Compiler audit,Partial releases require replacement or annotation checks,Compiler gap audit,,,,,,"4 private record(s) are marked Partial: Argentina 1992-04-07; Bolivia 1990-05-08; Chile 1992-05-13; Colombia 1989-11-27.",Check whether less-redacted versions exist in parallel files or later releases.,,,
1905,Country coverage gap,Critical,Bolivia,95,4,47,,Country chapter audit,Bolivia coverage risk,Compiler gap audit,,,,,21,"Four or fewer released private records are in the country chapter.; 47 high-priority print leads exist against a thin private-record chapter.; 47 public statements contrast with sparse private records.; 1 private record(s) are partial releases.","Use high-priority print leads to test whether the current private record set is only a presidential-contact skeleton.; Build a public-private chronology and look for missing decision documents around statement dates.; Flag partial releases for possible replacement, re-review, or annotation.",,,
1905,Country coverage gap,Critical,Chile,95,3,32,,Country chapter audit,Chile coverage risk,Compiler gap audit,,,,,16,"Four or fewer released private records are in the country chapter.; 32 high-priority print leads exist against a thin private-record chapter.; 41 public statements contrast with sparse private records.; 1 private record(s) are partial releases.","Use high-priority print leads to test whether the current private record set is only a presidential-contact skeleton.; Build a public-private chronology and look for missing decision documents around statement dates.; Flag partial releases for possible replacement, re-review, or annotation.",,,
1910,Country coverage gap,Critical,Suriname,90,0,2,,Country chapter audit,Suriname coverage risk,Compiler gap audit,,,,,0,No released private memcon/telcon record is currently in the country chapter.,"Treat this chapter as unresolved until non-presidential, State, NSC country, or agency files are checked.",,,
1911,Country coverage gap,Critical,Paraguay,89,2,19,,Country chapter audit,Paraguay coverage risk,Compiler gap audit,,,,,5,"Only one or two released private records are in the country chapter.; 19 high-priority print leads may materially alter the chapter chronology.; 23 public statements contrast with sparse private records.","Prioritize adjacent NSC country files, State records, and withdrawal-sheet leads before treating the chapter as representative.; Build a public-private chronology and look for missing decision documents around statement dates.",,,
1913,Country coverage gap,Critical,Peru,87,4,29,,Country chapter audit,Peru coverage risk,Compiler gap audit,,,,,24,"Four or fewer released private records are in the country chapter.; 29 high-priority print leads exist against a thin private-record chapter.; 66 public statements contrast with sparse private records.","Use high-priority print leads to test whether the current private record set is only a presidential-contact skeleton.; Build a public-private chronology and look for missing decision documents around statement dates.",,,
1914,Country coverage gap,Critical,Guyana,86,1,25,,Country chapter audit,Guyana coverage risk,Compiler gap audit,,,,,5,"Only one or two released private records are in the country chapter.; 25 high-priority print leads exist against a thin private-record chapter.; Private records come from a single source bucket.","Prioritize adjacent NSC country files, State records, and withdrawal-sheet leads before treating the chapter as representative.",,,
2032,Country coverage gap,High,Ecuador,68,3,11,,Country chapter audit,Ecuador coverage risk,Compiler gap audit,,,,,20,"Four or fewer released private records are in the country chapter.; 27 public statements contrast with sparse private records.; Private records come from a single source bucket.","Use high-priority print leads to test whether the current private record set is only a presidential-contact skeleton.; Build a public-private chronology and look for missing decision documents around statement dates.",,,
2168,Country coverage gap,Medium,Uruguay,32,9,32,,Country chapter audit,Uruguay coverage risk,Compiler gap audit,,,,,41,"The private record set is modest and may miss issue-level policy development.; 32 high-priority print leads may materially alter the chapter chronology.",Cross-check major public statements and high-priority leads against the country chronology.,,,
2272,Country coverage gap,Monitor,Brazil,28,14,63,,Country chapter audit,Brazil coverage risk,Compiler gap audit,,,,,58,"63 high-priority print leads require triage.; 66 public statements indicate substantial public diplomacy or policy activity.","Maintain as lower-risk, but still check high-priority print leads before final compilation decisions.",,,
2274,Country coverage gap,Monitor,Argentina,26,31,87,,Country chapter audit,Argentina coverage risk,Compiler gap audit,,,,,116,"87 high-priority print leads require triage.; 1 private record(s) are partial releases.","Flag partial releases for possible replacement, re-review, or annotation.",,,
2274,Country coverage gap,Monitor,Colombia,26,24,96,,Country chapter audit,Colombia coverage risk,Compiler gap audit,,,,,110,"96 high-priority print leads require triage.; 1 private record(s) are partial releases.","Flag partial releases for possible replacement, re-review, or annotation.",,,
2282,Country coverage gap,Monitor,Venezuela,18,31,109,,Country chapter audit,Venezuela coverage risk,Compiler gap audit,,,,,143,109 high-priority print leads require triage.,"Maintain as lower-risk, but still check high-priority print leads before final compilation decisions.",,,
2905,Partial release,Medium,Bolivia,95,4,47,1990-05-08,Memcon,Memorandum of Conversation,Presidential Memcon Files,"Presidential Memcon Files; [Memorandum of Conversations (Memcons)-January 1990-June 1990]: May 1990",,,Partial,6,Partial release in verified private memcon/telcon chronology.,"Check for less-redacted copies in parallel files, later releases, or cited backup material before final selection.","Source: George H.W. Bush Library, Bush Presidential Records, National Security Council, Presidential Memcon Files, [Memorandum of Conversations (Memcons)-January 1990-June 1990]: May 1990. Declassified; partial release: Partial.",https://s3.us-east-1.amazonaws.com/NARAprodstorage/lz/presidential-libraries/bush/gb-nsc/321498039/1990-05-08--Zamora-2.pdf,https://catalog.archives.gov/id/428080687
2905,Partial release,Medium,Chile,95,3,32,1992-05-13,Memcon,Memorandum of Conversation,Presidential Memcon Files,"Presidential Memcon Files; [Memorandum of Conversations (Memcons)-January 1992-June 1992]: May 1992",,,Partial,7,Partial release in verified private memcon/telcon chronology.,"Check for less-redacted copies in parallel files, later releases, or cited backup material before final selection.","Source: George H.W. Bush Library, Bush Presidential Records, National Security Council, Presidential Memcon Files, [Memorandum of Conversations (Memcons)-January 1992-June 1992]: May 1992. Declassified; partial release: Partial.",https://s3.us-east-1.amazonaws.com/NARAprodstorage/lz/presidential-libraries/bush/gb-nsc/321498039/1992-05-13--Azocar.pdf,https://catalog.archives.gov/id/428082199
3274,Partial release,Medium,Argentina,26,31,87,1992-04-07,Telcon,Memorandum of Telephone Conversation,Presidential Telcon Files,"Presidential Telcon Files; [Memorandum of Telephone Conversations (Telcons) - January 1992-June 1992]: April 1992",,,Partial,3,Partial release in verified private memcon/telcon chronology.,"Check for less-redacted copies in parallel files, later releases, or cited backup material before final selection.","Source: George H.W. Bush Library, Bush Presidential Records, National Security Council, Presidential Telcon Files, [Memorandum of Telephone Conversations (Telcons) - January 1992-June 1992]: April 1992. Declassified; partial release: Partial.",https://s3.us-east-1.amazonaws.com/NARAprodstorage/lz/presidential-libraries/bush/gb-nsc/321498139/1992-04-07--Menem.pdf,https://catalog.archives.gov/id/428082165
3274,Partial release,Medium,Colombia,26,24,96,1989-11-27,Telcon,Memorandum of Telephone Conversation,Presidential Telcon Files,"Presidential Telcon Files; [Memorandum of Telephone Conversations (Telcons) - August 1989-December 1989]: November 1989",,,Partial,5,Partial release in verified private memcon/telcon chronology.,"Check for less-redacted copies in parallel files, later releases, or cited backup material before final selection.","Source: George H.W. Bush Library, Bush Presidential Records, National Security Council, Presidential Telcon Files, [Memorandum of Telephone Conversations (Telcons) - August 1989-December 1989]: November 1989. Declassified; partial release: Partial.",https://s3.us-east-1.amazonaws.com/NARAprodstorage/lz/presidential-libraries/bush/gb-nsc/321498139/1989-11-27--Barco.pdf,https://catalog.archives.gov/id/428080357
3905,High-priority print candidate,Critical,"Argentina; Bolivia",95,4,47,"March 27, 1989",Memorandum,Neil Bush Trip to Argentina,Latin American Directorate Chronological Files,"March 17, 1989-March 31, 1989 [2]",High,72,Restricted - Possibly,35,"memorandum form; Presidential or NSC principals; presidential diplomacy; document text visible in OCR","Verify page image, source folder, and date; compare against the country chronology before print selection.","Source: George H.W. Bush Library, Bush Presidential Records, National Security Council, Latin American Affairs Directorate Files, Chronological Files, OA/ID CF00300, CF00300-015, March 17, 1989-March 31, 1989 [2]. Access restriction: Restricted - Possibly. FOIA 2015-0017-S.",https://s3.dualstack.us-east-1.amazonaws.com/NARAprodstorage/lz/presidential-libraries/bush/gb-nsc/Latin_Amer_Aff_Dir_Files/Chronological_2197972/41-bpr-nsc-lat_amer_dir-chron-cf00300-015.pdf,https://catalog.archives.gov/id/470766416
3905,High-priority print candidate,Critical,"Argentina; Bolivia",95,4,47,"March 27, 1989",Memorandum,Neil Bush Trip to Argentina,Latin American Affairs Directorate Subject Files,"Argentina - January 20, 1989-December 31, 1989 [4]",High,72,Restricted - Possibly,52,"memorandum form; Presidential or NSC principals; presidential diplomacy; document text visible in OCR","Verify page image, source folder, and date; compare against the country chronology before print selection.","Source: George H.W. Bush Library, Bush Presidential Records, National Security Council, Latin American Affairs Directorate Files, Subject File 1989, OA/ID CF00189, CF00189-008, Argentina - January 20, 1989-December 31, 1989 [4]. Access restriction: Restricted - Possibly. FOIA 2015-0017-S.",https://s3.dualstack.us-east-1.amazonaws.com/NARAprodstorage/lz/presidential-libraries/bush/gb-nsc/Latin_Amer_Aff_Dir_Files/Subject_376217847/41-bpr-nsc-lat_amer_dir-subj-cf00189-008.pdf,https://catalog.archives.gov/id/470766481
3905,High-priority print candidate,Critical,"Argentina; Bolivia; Colombia",95,4,47,,Talking Points,"The talking points that have been prepared for you outline the major themes of our policy toward Latin America, including cooperation with Latin leaders, support for",Latin American Directorate Chronological Files,"May 1, 1989-May 15, 1989 [2]",High,70,Restricted - Possibly,39,"narcotics, democracy, debt and economy; document text visible in OCR","Verify page image, source folder, and date; compare against the country chronology before print selection.","Source: George H.W. Bush Library, Bush Presidential Records, National Security Council, Latin American Affairs Directorate Files, Chronological Files, OA/ID CF00301, CF00301-011, May 1, 1989-May 15, 1989 [2]. Access restriction: Restricted - Possibly. FOIA 2015-0017-S.",https://s3.dualstack.us-east-1.amazonaws.com/NARAprodstorage/lz/presidential-libraries/bush/gb-nsc/Latin_Amer_Aff_Dir_Files/Chronological_2197972/41-bpr-nsc-lat_amer_dir-chron-cf00301-011.pdf,https://catalog.archives.gov/id/470766428
3905,High-priority print candidate,Critical,"Argentina; Bolivia; Colombia",95,4,47,,Talking Points,"The talking points that have been prepared for you outline the major themes of our policy toward Latin America, including cooperation with Latin leaders, support for",Latin American Affairs Directorate Subject Files,Latin America - Business Groups,High,70,Restricted - Possibly,8,"Latin America, business groups, narcotics; document text visible in OCR","Verify page image, source folder, and date; compare against the country chronology before print selection.","Source: George H.W. Bush Library, Bush Presidential Records, National Security Council, Latin American Affairs Directorate Files, Subject File 1989, OA/ID CF00192, CF00192-003, Latin America - Business Groups. Access restriction: Restricted - Possibly. FOIA 2015-0017-S.",https://s3.dualstack.us-east-1.amazonaws.com/NARAprodstorage/lz/presidential-libraries/bush/gb-nsc/Latin_Amer_Aff_Dir_Files/Subject_376217847/41-bpr-nsc-lat_amer_dir-subj-cf00192-003.pdf,https://catalog.archives.gov/id/470766498
3905,High-priority print candidate,Critical,"Argentina; Brazil; Chile",95,3,32,"December 15, 1989",Memorandum,"Meeting with Argentine Ambassador Guido di Tella,",Latin American Directorate Chronological Files,"December 1, 1989-December 15, 1989 [1]",High,72,Restricted - Possibly,21,"memorandum form; Presidential or NSC principals; presidential diplomacy; document text visible in OCR","Verify page image, source folder, and date; compare against the country chronology before print selection.","Source: George H.W. Bush Library, Bush Presidential Records, National Security Council, Latin American Affairs Directorate Files, Chronological Files, OA/ID CF00303, CF00303-013, December 1, 1989-December 15, 1989 [1]. Access restriction: Restricted - Possibly. FOIA 2015-0017-S.",https://s3.dualstack.us-east-1.amazonaws.com/NARAprodstorage/lz/presidential-libraries/bush/gb-nsc/Latin_Amer_Aff_Dir_Files/Chronological_2197972/41-bpr-nsc-lat_amer_dir-chron-cf00303-013.pdf,https://catalog.archives.gov/id/470766470
3905,High-priority print candidate,Critical,"Argentina; Brazil; Chile",95,3,32,"December 15, 1989",Memorandum,"Meeting with Argentine Ambassador Guido di Tella,",Latin American Affairs Directorate Subject Files,"Argentina - January 20, 1989-December 31, 1989 [1]",High,72,Restricted - Possibly,23,"memorandum form; Presidential or NSC principals; presidential diplomacy; document text visible in OCR","Verify page image, source folder, and date; compare against the country chronology before print selection.","Source: George H.W. Bush Library, Bush Presidential Records, National Security Council, Latin American Affairs Directorate Files, Subject File 1989, OA/ID CF00189, CF00189-005, Argentina - January 20, 1989-December 31, 1989 [1]. Access restriction: Restricted - Possibly. FOIA 2015-0017-S.",https://s3.dualstack.us-east-1.amazonaws.com/NARAprodstorage/lz/presidential-libraries/bush/gb-nsc/Latin_Amer_Aff_Dir_Files/Subject_376217847/41-bpr-nsc-lat_amer_dir-subj-cf00189-005.pdf,https://catalog.archives.gov/id/470766478
3905,High-priority print candidate,Critical,Bolivia,95,4,47,,Memorandum,Appointment of Jorge Crespo Velasco of Bolivia as,Latin American Directorate Chronological Files,"September 16, 1989-September 30, 1989 [1]",High,72,Restricted - Possibly,105,"memorandum form; Presidential or NSC principals; presidential diplomacy; document text visible in OCR","Verify page image, source folder, and date; compare against the country chronology before print selection.","Source: George H.W. Bush Library, Bush Presidential Records, National Security Council, Latin American Affairs Directorate Files, Chronological Files, OA/ID CF00302, CF00302-017, September 16, 1989-September 30, 1989 [1]. Access restriction: Restricted - Possibly. FOIA 2015-0017-S.",https://s3.dualstack.us-east-1.amazonaws.com/NARAprodstorage/lz/presidential-libraries/bush/gb-nsc/Latin_Amer_Aff_Dir_Files/Chronological_2197972/41-bpr-nsc-lat_amer_dir-chron-cf00302-017.pdf,https://catalog.archives.gov/id/470766454
3905,High-priority print candidate,Critical,Bolivia,95,4,47,,Memorandum,Concurrence on 4068,Latin American Directorate Chronological Files,"May 16, 1989-May 30, 1989 [2]",High,72,Restricted - Possibly,6,"memorandum form; Presidential or NSC principals; presidential diplomacy; document text visible in OCR","Verify page image, source folder, and date; compare against the country chronology before print selection.","Source: George H.W. Bush Library, Bush Presidential Records, National Security Council, Latin American Affairs Directorate Files, Chronological Files, OA/ID CF00301, CF00301-014, May 16, 1989-May 30, 1989 [2]. Access restriction: Restricted - Possibly. FOIA 2015-0017-S.",https://s3.dualstack.us-east-1.amazonaws.com/NARAprodstorage/lz/presidential-libraries/bush/gb-nsc/Latin_Amer_Aff_Dir_Files/Chronological_2197972/41-bpr-nsc-lat_amer_dir-chron-cf00301-014.pdf,https://catalog.archives.gov/id/470766431
3905,High-priority print candidate,Critical,Bolivia,95,4,47,,Memorandum,Congratulatory Letter to the New President of,Latin American Directorate Chronological Files,"August 1, 1989-August 15, 1989 [4]",High,72,Restricted - Possibly,26,"memorandum form; Presidential or NSC principals; presidential diplomacy; document text visible in OCR","Verify page image, source folder, and date; compare against the country chronology before print selection.","Source: George H.W. Bush Library, Bush Presidential Records, National Security Council, Latin American Affairs Directorate Files, Chronological Files, OA/ID CF00302, CF00302-010, August 1, 1989-August 15, 1989 [4]. Access restriction: Restricted - Possibly. FOIA 2015-0017-S.",https://s3.dualstack.us-east-1.amazonaws.com/NARAprodstorage/lz/presidential-libraries/bush/gb-nsc/Latin_Amer_Aff_Dir_Files/Chronological_2197972/41-bpr-nsc-lat_amer_dir-chron-cf00302-010.pdf,https://catalog.archives.gov/id/470766447
3905,High-priority print candidate,Critical,Bolivia,95,4,47,,Memorandum,Delegation to Inauguration of Bolivian President,Latin American Directorate Chronological Files,"July 16, 1989-July 30, 1989 [1]",High,78,Restricted - Possibly,7,"memorandum form; Presidential or NSC principals; democracy, presidential diplomacy; document text visible in OCR","Verify page image, source folder, and date; compare against the country chronology before print selection.","Source: George H.W. Bush Library, Bush Presidential Records, National Security Council, Latin American Affairs Directorate Files, Chronological Files, OA/ID CF00302, CF00302-004, July 16, 1989-July 30, 1989 [1]. Access restriction: Restricted - Possibly. FOIA 2015-0017-S.",https://s3.dualstack.us-east-1.amazonaws.com/NARAprodstorage/lz/presidential-libraries/bush/gb-nsc/Latin_Amer_Aff_Dir_Files/Chronological_2197972/41-bpr-nsc-lat_amer_dir-chron-cf00302-004.pdf,https://catalog.archives.gov/id/470766441
3905,High-priority print candidate,Critical,Bolivia,95,4,47,,Memorandum,Follow Up Message from the President to,Latin American Directorate Chronological Files,"July 1, 1989-July 15, 1989 [2]",High,78,Restricted - Possibly,87,"memorandum form; Presidential or NSC principals; debt and economy, presidential diplomacy, panama spillover; document text visible in OCR","Verify page image, source folder, and date; compare against the country chronology before print selection.","Source: George H.W. Bush Library, Bush Presidential Records, National Security Council, Latin American Affairs Directorate Files, Chronological Files, OA/ID CF00302, CF00302-002, July 1, 1989-July 15, 1989 [2]. Access restriction: Restricted - Possibly. FOIA 2015-0017-S.",https://s3.dualstack.us-east-1.amazonaws.com/NARAprodstorage/lz/presidential-libraries/bush/gb-nsc/Latin_Amer_Aff_Dir_Files/Chronological_2197972/41-bpr-nsc-lat_amer_dir-chron-cf00302-002.pdf,https://catalog.archives.gov/id/470766439
3905,High-priority print candidate,Critical,Bolivia,95,4,47,,Action Memo,PRESIDENTIAL LETTER ON PANAMA,Latin American Affairs Directorate Subject Files,"Bolivia - January 20, 1989-December 31, 1989",High,78,Restricted - Possibly,40,"memorandum form; Presidential or NSC principals; presidential diplomacy, panama spillover; document text visible in OCR","Verify page image, source folder, and date; compare against the country chronology before print selection.","Source: George H.W. Bush Library, Bush Presidential Records, National Security Council, Latin American Affairs Directorate Files, Subject File 1989, OA/ID CF00189, CF00189-012, Bolivia - January 20, 1989-December 31, 1989. Access restriction: Restricted - Possibly. FOIA 2015-0017-S.",https://s3.dualstack.us-east-1.amazonaws.com/NARAprodstorage/lz/presidential-libraries/bush/gb-nsc/Latin_Amer_Aff_Dir_Files/Subject_376217847/41-bpr-nsc-lat_amer_dir-subj-cf00189-012.pdf,https://catalog.archives.gov/id/470766485
3905,High-priority print candidate,Critical,Bolivia,95,4,47,,Memorandum,Recommendation for the Vice President's Travel to,Latin American Directorate Chronological Files,"July 1, 1989-July 15, 1989 [3]",High,90,Restricted - Possibly,29,"memorandum form; Presidential or NSC principals; democracy, presidential diplomacy, regional policy; document text visible in OCR","Verify page image, source folder, and date; compare against the country chronology before print selection.","Source: George H.W. Bush Library, Bush Presidential Records, National Security Council, Latin American Affairs Directorate Files, Chronological Files, OA/ID CF00302, CF00302-003, July 1, 1989-July 15, 1989 [3]. Access restriction: Restricted - Possibly. FOIA 2015-0017-S.",https://s3.dualstack.us-east-1.amazonaws.com/NARAprodstorage/lz/presidential-libraries/bush/gb-nsc/Latin_Amer_Aff_Dir_Files/Chronological_2197972/41-bpr-nsc-lat_amer_dir-chron-cf00302-003.pdf,https://catalog.archives.gov/id/470766440
3905,High-priority print candidate,Critical,Bolivia,95,4,47,,Memorandum,Recommendation for the Vice President's Travel to,Latin American Directorate Chronological Files,"July 16, 1989-July 30, 1989 [2]",High,90,Restricted - Possibly,106,"memorandum form; Presidential or NSC principals; democracy, presidential diplomacy, regional policy; document text visible in OCR","Verify page image, source folder, and date; compare against the country chronology before print selection.","Source: George H.W. Bush Library, Bush Presidential Records, National Security Council, Latin American Affairs Directorate Files, Chronological Files, OA/ID CF00302, CF00302-005, July 16, 1989-July 30, 1989 [2]. Access restriction: Restricted - Possibly. FOIA 2015-0017-S.",https://s3.dualstack.us-east-1.amazonaws.com/NARAprodstorage/lz/presidential-libraries/bush/gb-nsc/Latin_Amer_Aff_Dir_Files/Chronological_2197972/41-bpr-nsc-lat_amer_dir-chron-cf00302-005.pdf,https://catalog.archives.gov/id/470766442
3905,High-priority print candidate,Critical,Bolivia,95,4,47,,Memorandum,Recommendation for the Vice President's Travel to,Latin American Affairs Directorate Subject Files,"South America - January 20, 1989-December 31, 1989",High,90,Restricted - Possibly,10,"memorandum form; Presidential or NSC principals; South America, democracy, presidential diplomacy; document text visible in OCR","Verify page image, source folder, and date; compare against the country chronology before print selection.","Source: George H.W. Bush Library, Bush Presidential Records, National Security Council, Latin American Affairs Directorate Files, Subject File 1989, OA/ID CF00193, CF00193-010, South America - January 20, 1989-December 31, 1989. Access restriction: Restricted - Possibly. FOIA 2015-0017-S.",https://s3.dualstack.us-east-1.amazonaws.com/NARAprodstorage/lz/presidential-libraries/bush/gb-nsc/Latin_Amer_Aff_Dir_Files/Subject_376217847/41-bpr-nsc-lat_amer_dir-subj-cf00193-010.pdf,https://catalog.archives.gov/id/470766525
3905,High-priority print candidate,Critical,Bolivia,95,4,47,,Talking Points,Talking Points for the President CONPERENL LAL. DECL: OADR,Latin American Affairs Directorate Subject Files,"Bolivia - January 20, 1989-December 31, 1989",High,78,Restricted - Possibly,73,"Presidential or NSC principals; narcotics, presidential diplomacy; document text visible in OCR","Verify page image, source folder, and date; compare against the country chronology before print selection.","Source: George H.W. Bush Library, Bush Presidential Records, National Security Council, Latin American Affairs Directorate Files, Subject File 1989, OA/ID CF00189, CF00189-012, Bolivia - January 20, 1989-December 31, 1989. Access restriction: Restricted - Possibly. FOIA 2015-0017-S.",https://s3.dualstack.us-east-1.amazonaws.com/NARAprodstorage/lz/presidential-libraries/bush/gb-nsc/Latin_Amer_Aff_Dir_Files/Subject_376217847/41-bpr-nsc-lat_amer_dir-subj-cf00189-012.pdf,https://catalog.archives.gov/id/470766485
3905,High-priority print candidate,Critical,Bolivia,95,4,47,,Talking Points,Talking Points for the President SONSTBENTIA DECL: OADR,Latin American Directorate Chronological Files,"July 1, 1989-July 15, 1989 [3]",High,78,Restricted - Possibly,48,"Presidential or NSC principals; narcotics, presidential diplomacy; document text visible in OCR","Verify page image, source folder, and date; compare against the country chronology before print selection.","Source: George H.W. Bush Library, Bush Presidential Records, National Security Council, Latin American Affairs Directorate Files, Chronological Files, OA/ID CF00302, CF00302-003, July 1, 1989-July 15, 1989 [3]. Access restriction: Restricted - Possibly. FOIA 2015-0017-S.",https://s3.dualstack.us-east-1.amazonaws.com/NARAprodstorage/lz/presidential-libraries/bush/gb-nsc/Latin_Amer_Aff_Dir_Files/Chronological_2197972/41-bpr-nsc-lat_amer_dir-chron-cf00302-003.pdf,https://catalog.archives.gov/id/470766440
3905,High-priority print candidate,Critical,Bolivia,95,4,47,,Talking Points,"TALKING POINTS FOR THE PRESIDENT: -- IT am calling to congratulate the Government and people of Bolivia on the peaceful conduct of free elections, which",Latin American Directorate Chronological Files,"May 16, 1989-May 30, 1989 [3]",High,78,Restricted - Possibly,57,"Presidential or NSC principals; narcotics, democracy, debt and economy; document text visible in OCR","Verify page image, source folder, and date; compare against the country chronology before print selection.","Source: George H.W. Bush Library, Bush Presidential Records, National Security Council, Latin American Affairs Directorate Files, Chronological Files, OA/ID CF00301, CF00301-015, May 16, 1989-May 30, 1989 [3]. Access restriction: Restricted - Possibly. FOIA 2015-0017-S.",https://s3.dualstack.us-east-1.amazonaws.com/NARAprodstorage/lz/presidential-libraries/bush/gb-nsc/Latin_Amer_Aff_Dir_Files/Chronological_2197972/41-bpr-nsc-lat_amer_dir-chron-cf00301-015.pdf,https://catalog.archives.gov/id/470766432
3905,High-priority print candidate,Critical,Bolivia,95,4,47,"July 12, 1989",Memorandum of Telephone Conversation,The President’s Telephone Conversation with,Latin American Affairs Directorate Subject Files,"Bolivia - January 20, 1989-December 31, 1989",High,72,Restricted - Possibly,55,"memorandum form; Presidential or NSC principals; presidential diplomacy; document text visible in OCR","Verify page image, source folder, and date; compare against the country chronology before print selection.","Source: George H.W. Bush Library, Bush Presidential Records, National Security Council, Latin American Affairs Directorate Files, Subject File 1989, OA/ID CF00189, CF00189-012, Bolivia - January 20, 1989-December 31, 1989. Access restriction: Restricted - Possibly. FOIA 2015-0017-S.",https://s3.dualstack.us-east-1.amazonaws.com/NARAprodstorage/lz/presidential-libraries/bush/gb-nsc/Latin_Amer_Aff_Dir_Files/Subject_376217847/41-bpr-nsc-lat_amer_dir-subj-cf00189-012.pdf,https://catalog.archives.gov/id/470766485
3905,High-priority print candidate,Critical,Bolivia,95,4,47,"July 13, 1989",Memorandum,Recommendation that the President Name an Official,Latin American Directorate Chronological Files,"July 16, 1989-July 30, 1989 [2]",High,90,Restricted - Possibly,94,"memorandum form; Presidential or NSC principals; democracy, presidential diplomacy, panama spillover; document text visible in OCR","Verify page image, source folder, and date; compare against the country chronology before print selection.","Source: George H.W. Bush Library, Bush Presidential Records, National Security Council, Latin American Affairs Directorate Files, Chronological Files, OA/ID CF00302, CF00302-005, July 16, 1989-July 30, 1989 [2]. Access restriction: Restricted - Possibly. FOIA 2015-0017-S.",https://s3.dualstack.us-east-1.amazonaws.com/NARAprodstorage/lz/presidential-libraries/bush/gb-nsc/Latin_Amer_Aff_Dir_Files/Chronological_2197972/41-bpr-nsc-lat_amer_dir-chron-cf00302-005.pdf,https://catalog.archives.gov/id/470766442
3905,High-priority print candidate,Critical,Bolivia,95,4,47,"July 31, 1989",Memorandum,Congratulatory Letter from President Bush to the,Latin American Affairs Directorate Subject Files,"Bolivia - January 20, 1989-December 31, 1989",High,78,Restricted - Possibly,51,"memorandum form; Presidential or NSC principals; democracy, presidential diplomacy; document text visible in OCR","Verify page image, source folder, and date; compare against the country chronology before print selection.","Source: George H.W. Bush Library, Bush Presidential Records, National Security Council, Latin American Affairs Directorate Files, Subject File 1989, OA/ID CF00189, CF00189-012, Bolivia - January 20, 1989-December 31, 1989. Access restriction: Restricted - Possibly. FOIA 2015-0017-S.",https://s3.dualstack.us-east-1.amazonaws.com/NARAprodstorage/lz/presidential-libraries/bush/gb-nsc/Latin_Amer_Aff_Dir_Files/Subject_376217847/41-bpr-nsc-lat_amer_dir-subj-cf00189-012.pdf,https://catalog.archives.gov/id/470766485
3905,High-priority print candidate,Critical,Bolivia,95,4,47,"July 31, 1989",Memorandum,Congratulatory Letter from President Bush to the',Latin American Directorate Chronological Files,"August 1, 1989-August 15, 1989 [4]",High,78,Restricted - Possibly,28,"memorandum form; Presidential or NSC principals; democracy, presidential diplomacy; document text visible in OCR","Verify page image, source folder, and date; compare against the country chronology before print selection.","Source: George H.W. Bush Library, Bush Presidential Records, National Security Council, Latin American Affairs Directorate Files, Chronological Files, OA/ID CF00302, CF00302-010, August 1, 1989-August 15, 1989 [4]. Access restriction: Restricted - Possibly. FOIA 2015-0017-S.",https://s3.dualstack.us-east-1.amazonaws.com/NARAprodstorage/lz/presidential-libraries/bush/gb-nsc/Latin_Amer_Aff_Dir_Files/Chronological_2197972/41-bpr-nsc-lat_amer_dir-chron-cf00302-010.pdf,https://catalog.archives.gov/id/470766447
3905,High-priority print candidate,Critical,Bolivia,95,4,47,"June 30, 1989",Memorandum,U.S. Delegation to the Inauguration of the New,Latin American Directorate Chronological Files,"July 16, 1989-July 30, 1989 [2]",High,72,Restricted - Possibly,105,"memorandum form; Presidential or NSC principals; presidential diplomacy; document text visible in OCR","Verify page image, source folder, and date; compare against the country chronology before print selection.","Source: George H.W. Bush Library, Bush Presidential Records, National Security Council, Latin American Affairs Directorate Files, Chronological Files, OA/ID CF00302, CF00302-005, July 16, 1989-July 30, 1989 [2]. Access restriction: Restricted - Possibly. FOIA 2015-0017-S.",https://s3.dualstack.us-east-1.amazonaws.com/NARAprodstorage/lz/presidential-libraries/bush/gb-nsc/Latin_Amer_Aff_Dir_Files/Chronological_2197972/41-bpr-nsc-lat_amer_dir-chron-cf00302-005.pdf,https://catalog.archives.gov/id/470766442
3905,High-priority print candidate,Critical,Bolivia,95,4,47,"June 30, 1989",Memorandum,Vice President’s Trip t outh America,Latin American Affairs Directorate Subject Files,"South America - January 20, 1989-December 31, 1989",High,72,Restricted - Possibly,5,"memorandum form; Presidential or NSC principals; South America, presidential diplomacy, regional policy; document text visible in OCR","Verify page image, source folder, and date; compare against the country chronology before print selection.","Source: George H.W. Bush Library, Bush Presidential Records, National Security Council, Latin American Affairs Directorate Files, Subject File 1989, OA/ID CF00193, CF00193-010, South America - January 20, 1989-December 31, 1989. Access restriction: Restricted - Possibly. FOIA 2015-0017-S.",https://s3.dualstack.us-east-1.amazonaws.com/NARAprodstorage/lz/presidential-libraries/bush/gb-nsc/Latin_Amer_Aff_Dir_Files/Subject_376217847/41-bpr-nsc-lat_amer_dir-subj-cf00193-010.pdf,https://catalog.archives.gov/id/470766525
3905,High-priority print candidate,Critical,Bolivia,95,4,47,"June 30, 1989",Memorandum,Vice President's Trip to South America,Latin American Affairs Directorate Subject Files,"South America - January 20, 1989-December 31, 1989",High,72,Restricted - Possibly,9,"memorandum form; Presidential or NSC principals; South America, presidential diplomacy, regional policy; document text visible in OCR","Verify page image, source folder, and date; compare against the country chronology before print selection.","Source: George H.W. Bush Library, Bush Presidential Records, National Security Council, Latin American Affairs Directorate Files, Subject File 1989, OA/ID CF00193, CF00193-010, South America - January 20, 1989-December 31, 1989. Access restriction: Restricted - Possibly. FOIA 2015-0017-S.",https://s3.dualstack.us-east-1.amazonaws.com/NARAprodstorage/lz/presidential-libraries/bush/gb-nsc/Latin_Amer_Aff_Dir_Files/Subject_376217847/41-bpr-nsc-lat_amer_dir-subj-cf00193-010.pdf,https://catalog.archives.gov/id/470766525
3905,High-priority print candidate,Critical,Bolivia,95,4,47,"June 30, 1989",Memorandum,Vice President’s Trip to South America,Latin American Directorate Chronological Files,"July 1, 1989-July 15, 1989 [3]",High,72,Restricted - Possibly,28,"memorandum form; Presidential or NSC principals; presidential diplomacy, regional policy; document text visible in OCR","Verify page image, source folder, and date; compare against the country chronology before print selection.","Source: George H.W. Bush Library, Bush Presidential Records, National Security Council, Latin American Affairs Directorate Files, Chronological Files, OA/ID CF00302, CF00302-003, July 1, 1989-July 15, 1989 [3]. Access restriction: Restricted - Possibly. FOIA 2015-0017-S.",https://s3.dualstack.us-east-1.amazonaws.com/NARAprodstorage/lz/presidential-libraries/bush/gb-nsc/Latin_Amer_Aff_Dir_Files/Chronological_2197972/41-bpr-nsc-lat_amer_dir-chron-cf00302-003.pdf,https://catalog.archives.gov/id/470766440
3905,High-priority print candidate,Critical,Bolivia,95,4,47,"June 6, 1989",Memorandum,Presidential Letter to Families of U.S.,Latin American Directorate Chronological Files,"June 1, 1989-June 30, 1989 [4]",High,72,Restricted - Possibly,63,"memorandum form; Presidential or NSC principals; presidential diplomacy; document text visible in OCR","Verify page image, source folder, and date; compare against the country chronology before print selection.","Source: George H.W. Bush Library, Bush Presidential Records, National Security Council, Latin American Affairs Directorate Files, Chronological Files, OA/ID CF00301, CF00301-019, June 1, 1989-June 30, 1989 [4]. Access restriction: Restricted - Possibly. FOIA 2015-0017-S.",https://s3.dualstack.us-east-1.amazonaws.com/NARAprodstorage/lz/presidential-libraries/bush/gb-nsc/Latin_Amer_Aff_Dir_Files/Chronological_2197972/41-bpr-nsc-lat_amer_dir-chron-cf00301-019.pdf,https://catalog.archives.gov/id/470766436
3905,High-priority print candidate,Critical,Bolivia,95,4,47,"March 1, 1989",Memorandum,"Meeting with U.S. Ambassador to Bolivia, Robert",Latin American Directorate Chronological Files,"March 1, 1989-March 16, 1989 [4]",High,70,Restricted - Possibly,58,"memorandum form; democracy, debt and economy; document text visible in OCR","Verify page image, source folder, and date; compare against the country chronology before print selection.","Source: George H.W. Bush Library, Bush Presidential Records, National Security Council, Latin American Affairs Directorate Files, Chronological Files, OA/ID CF00300, CF00300-013, March 1, 1989-March 16, 1989 [4]. Access restriction: Restricted - Possibly. FOIA 2015-0017-S.",https://s3.dualstack.us-east-1.amazonaws.com/NARAprodstorage/lz/presidential-libraries/bush/gb-nsc/Latin_Amer_Aff_Dir_Files/Chronological_2197972/41-bpr-nsc-lat_amer_dir-chron-cf00300-013.pdf,https://catalog.archives.gov/id/470766414
3905,High-priority print candidate,Critical,Bolivia,95,4,47,"March 1, 1989",Memorandum,"Meeting with U.S. Ambassador to Bolivia, Robert",Latin American Affairs Directorate Subject Files,"Bolivia - January 20, 1989-December 31, 1989",High,70,Restricted - Possibly,98,"memorandum form; democracy, debt and economy; document text visible in OCR","Verify page image, source folder, and date; compare against the country chronology before print selection.","Source: George H.W. Bush Library, Bush Presidential Records, National Security Council, Latin American Affairs Directorate Files, Subject File 1989, OA/ID CF00189, CF00189-012, Bolivia - January 20, 1989-December 31, 1989. Access restriction: Restricted - Possibly. FOIA 2015-0017-S.",https://s3.dualstack.us-east-1.amazonaws.com/NARAprodstorage/lz/presidential-libraries/bush/gb-nsc/Latin_Amer_Aff_Dir_Files/Subject_376217847/41-bpr-nsc-lat_amer_dir-subj-cf00189-012.pdf,https://catalog.archives.gov/id/470766485
3905,High-priority print candidate,Critical,Bolivia,95,4,47,"May 11, 1989",Memorandum,Recommendation for Telephone Call by the,Latin American Directorate Chronological Files,"May 16, 1989-May 30, 1989 [3]",High,90,Restricted - Possibly,56,"memorandum form; Presidential or NSC principals; narcotics, democracy, presidential diplomacy; document text visible in OCR","Verify page image, source folder, and date; compare against the country chronology before print selection.","Source: George H.W. Bush Library, Bush Presidential Records, National Security Council, Latin American Affairs Directorate Files, Chronological Files, OA/ID CF00301, CF00301-015, May 16, 1989-May 30, 1989 [3]. Access restriction: Restricted - Possibly. FOIA 2015-0017-S.",https://s3.dualstack.us-east-1.amazonaws.com/NARAprodstorage/lz/presidential-libraries/bush/gb-nsc/Latin_Amer_Aff_Dir_Files/Chronological_2197972/41-bpr-nsc-lat_amer_dir-chron-cf00301-015.pdf,https://catalog.archives.gov/id/470766432
3905,High-priority print candidate,Critical,Bolivia,95,4,47,"October 11, 1989",Memorandum,Letter of Introduction for OPIC Mission to Bolivia,Latin American Affairs Directorate Subject Files,"Bolivia - January 20, 1989-December 31, 1989",High,72,Restricted - Possibly,33,"memorandum form; Presidential or NSC principals; debt and economy, presidential diplomacy; document text visible in OCR","Verify page image, source folder, and date; compare against the country chronology before print selection.","Source: George H.W. Bush Library, Bush Presidential Records, National Security Council, Latin American Affairs Directorate Files, Subject File 1989, OA/ID CF00189, CF00189-012, Bolivia - January 20, 1989-December 31, 1989. Access restriction: Restricted - Possibly. FOIA 2015-0017-S.",https://s3.dualstack.us-east-1.amazonaws.com/NARAprodstorage/lz/presidential-libraries/bush/gb-nsc/Latin_Amer_Aff_Dir_Files/Subject_376217847/41-bpr-nsc-lat_amer_dir-subj-cf00189-012.pdf,https://catalog.archives.gov/id/470766485
3905,High-priority print candidate,Critical,Bolivia,95,4,47,"October 2, 1989",Memorandum,Appointment of Jorge Crespo Velasco of Bolivia as,Latin American Affairs Directorate Subject Files,"Bolivia - January 20, 1989-December 31, 1989",High,72,Restricted - Possibly,26,"memorandum form; Presidential or NSC principals; presidential diplomacy; document text visible in OCR","Verify page image, source folder, and date; compare against the country chronology before print selection.","Source: George H.W. Bush Library, Bush Presidential Records, National Security Council, Latin American Affairs Directorate Files, Subject File 1989, OA/ID CF00189, CF00189-012, Bolivia - January 20, 1989-December 31, 1989. Access restriction: Restricted - Possibly. FOIA 2015-0017-S.",https://s3.dualstack.us-east-1.amazonaws.com/NARAprodstorage/lz/presidential-libraries/bush/gb-nsc/Latin_Amer_Aff_Dir_Files/Subject_376217847/41-bpr-nsc-lat_amer_dir-subj-cf00189-012.pdf,https://catalog.archives.gov/id/470766485
3905,High-priority print candidate,Critical,Bolivia,95,4,47,"October 23, 1989",Memorandum,Letter of Introduction for OPIC Mission to Bolivia,Latin American Directorate Chronological Files,"October 1, 1989-October 15, 1989 [3]",High,72,Restricted - Possibly,7,"memorandum form; Presidential or NSC principals; debt and economy, presidential diplomacy; document text visible in OCR","Verify page image, source folder, and date; compare against the country chronology before print selection.","Source: George H.W. Bush Library, Bush Presidential Records, National Security Council, Latin American Affairs Directorate Files, Chronological Files, OA/ID CF00303, CF00303-003, October 1, 1989-October 15, 1989 [3]. Access restriction: Restricted - Possibly. FOIA 2015-0017-S.",https://s3.dualstack.us-east-1.amazonaws.com/NARAprodstorage/lz/presidential-libraries/bush/gb-nsc/Latin_Amer_Aff_Dir_Files/Chronological_2197972/41-bpr-nsc-lat_amer_dir-chron-cf00303-003.pdf,https://catalog.archives.gov/id/470766460
3905,High-priority print candidate,Critical,Bolivia,95,4,47,"September 28, 1989",Memorandum,Appointment of Jorge Crespo Velasco of Bolivia as,Latin American Directorate Chronological Files,"September 16, 1989-September 30, 1989 [1]",High,72,Restricted - Possibly,104,"memorandum form; Presidential or NSC principals; presidential diplomacy; document text visible in OCR","Verify page image, source folder, and date; compare against the country chronology before print selection.","Source: George H.W. Bush Library, Bush Presidential Records, National Security Council, Latin American Affairs Directorate Files, Chronological Files, OA/ID CF00302, CF00302-017, September 16, 1989-September 30, 1989 [1]. Access restriction: Restricted - Possibly. FOIA 2015-0017-S.",https://s3.dualstack.us-east-1.amazonaws.com/NARAprodstorage/lz/presidential-libraries/bush/gb-nsc/Latin_Amer_Aff_Dir_Files/Chronological_2197972/41-bpr-nsc-lat_amer_dir-chron-cf00302-017.pdf,https://catalog.archives.gov/id/470766454
3905,High-priority print candidate,Critical,Bolivia,95,4,47,"September 28, 1989",Memorandum,Appointment of Jorge Crespo Velasco of Bolivia as,Latin American Affairs Directorate Subject Files,"Bolivia - January 20, 1989-December 31, 1989",High,72,Restricted - Possibly,27,"memorandum form; Presidential or NSC principals; presidential diplomacy; document text visible in OCR","Verify page image, source folder, and date; compare against the country chronology before print selection.","Source: George H.W. Bush Library, Bush Presidential Records, National Security Council, Latin American Affairs Directorate Files, Subject File 1989, OA/ID CF00189, CF00189-012, Bolivia - January 20, 1989-December 31, 1989. Access restriction: Restricted - Possibly. FOIA 2015-0017-S.",https://s3.dualstack.us-east-1.amazonaws.com/NARAprodstorage/lz/presidential-libraries/bush/gb-nsc/Latin_Amer_Aff_Dir_Files/Subject_376217847/41-bpr-nsc-lat_amer_dir-subj-cf00189-012.pdf,https://catalog.archives.gov/id/470766485
3905,High-priority print candidate,Critical,"Bolivia; Brazil; Colombia; Ecuador",95,4,47,,Memorandum,Certifications for Narcotics Source and Transit,Latin American Affairs Directorate Subject Files,"Drug / Anti-Narcotics - January 20, 1989-December 31, 1989 [4]",High,78,Restricted - Possibly,30,"memorandum form; Presidential or NSC principals; narcotics, drug, presidential diplomacy; document text visible in OCR","Verify page image, source folder, and date; compare against the country chronology before print selection.","Source: George H.W. Bush Library, Bush Presidential Records, National Security Council, Latin American Affairs Directorate Files, Subject File 1989, OA/ID CF00194, CF00194-016, Drug / Anti-Narcotics - January 20, 1989-December 31, 1989 [4]. Access restriction: Restricted - Possibly. FOIA 2015-0017-S.",https://s3.dualstack.us-east-1.amazonaws.com/NARAprodstorage/lz/presidential-libraries/bush/gb-nsc/Latin_Amer_Aff_Dir_Files/Subject_376217847/41-bpr-nsc-lat_amer_dir-subj-cf00194-016.pdf,https://catalog.archives.gov/id/470766553
3905,High-priority print candidate,Critical,"Bolivia; Colombia",95,4,47,,Talking Points,"DRAWING ON THE SUMMIT TALKING POINTS Paras I-le, THE AMBASSADOR Is REQUESTED To seex A MEETING BITH PRESIDENT PAZ ZAMORA AT THE CARLIEST OPPORTUNITY To DELIVER THE",Latin American Affairs Directorate Subject Files,Andean [Drug] Summit 1989 [3],High,90,Restricted - Possibly,50,"Presidential or NSC principals; Andean, drug, narcotics; document text visible in OCR","Verify page image, source folder, and date; compare against the country chronology before print selection.","Source: George H.W. Bush Library, Bush Presidential Records, National Security Council, Latin American Affairs Directorate Files, Subject File 1989, OA/ID CF00189, CF00189-004, Andean [Drug] Summit 1989 [3]. Access restriction: Restricted - Possibly. FOIA 2015-0017-S.",https://s3.dualstack.us-east-1.amazonaws.com/NARAprodstorage/lz/presidential-libraries/bush/gb-nsc/Latin_Amer_Aff_Dir_Files/Subject_376217847/41-bpr-nsc-lat_amer_dir-subj-cf00189-004.pdf,https://catalog.archives.gov/id/470766477
3905,High-priority print candidate,Critical,"Bolivia; Colombia; Peru",95,4,47,,Talking Points,ABOVE AND THE TALKING POINTS IN PARAS 4-114 AMBASSADOR IS REQUESTED TO. SEEK A MEETING WITH PRESIDENT BARCO AT THE EARLIEST OPPORTUNITY TO SHARE OUR VIEWS OF WHAT THE SUMMIT IS,Latin American Affairs Directorate Subject Files,Andean [Drug] Summit 1989 [2],High,90,Restricted - Possibly,22,"Presidential or NSC principals; Andean, drug, narcotics; document text visible in OCR","Verify page image, source folder, and date; compare against the country chronology before print selection.","Source: George H.W. Bush Library, Bush Presidential Records, National Security Council, Latin American Affairs Directorate Files, Subject File 1989, OA/ID CF00189, CF00189-003, Andean [Drug] Summit 1989 [2]. Access restriction: Restricted - Possibly. FOIA 2015-0017-S.",https://s3.dualstack.us-east-1.amazonaws.com/NARAprodstorage/lz/presidential-libraries/bush/gb-nsc/Latin_Amer_Aff_Dir_Files/Subject_376217847/41-bpr-nsc-lat_amer_dir-subj-cf00189-003.pdf,https://catalog.archives.gov/id/470766476
3905,High-priority print candidate,Critical,"Bolivia; Colombia; Peru",95,4,47,,Memorandum,Andean Drug Summit 124 -,Latin American Affairs Directorate Subject Files,"Drug / Anti-Narcotics - January 20, 1989-December 31, 1989 [1]",High,90,Restricted - Possibly,29,"memorandum form; Presidential or NSC principals; narcotics, drug, presidential diplomacy; document text visible in OCR","Verify page image, source folder, and date; compare against the country chronology before print selection.","Source: George H.W. Bush Library, Bush Presidential Records, National Security Council, Latin American Affairs Directorate Files, Subject File 1989, OA/ID CF00194, CF00194-013, Drug / Anti-Narcotics - January 20, 1989-December 31, 1989 [1]. Access restriction: Restricted - Possibly. FOIA 2015-0017-S.",https://s3.dualstack.us-east-1.amazonaws.com/NARAprodstorage/lz/presidential-libraries/bush/gb-nsc/Latin_Amer_Aff_Dir_Files/Subject_376217847/41-bpr-nsc-lat_amer_dir-subj-cf00194-013.pdf,https://catalog.archives.gov/id/470766550
3905,High-priority print candidate,Critical,"Bolivia; Colombia; Peru",95,4,47,"December 18, 1989",Memorandum,Appointment Request with the President,Latin American Affairs Directorate Subject Files,"Bolivia - January 20, 1989-December 31, 1989",High,90,Restricted - Possibly,12,"memorandum form; Presidential or NSC principals; narcotics, presidential diplomacy; document text visible in OCR","Verify page image, source folder, and date; compare against the country chronology before print selection.","Source: George H.W. Bush Library, Bush Presidential Records, National Security Council, Latin American Affairs Directorate Files, Subject File 1989, OA/ID CF00189, CF00189-012, Bolivia - January 20, 1989-December 31, 1989. Access restriction: Restricted - Possibly. FOIA 2015-0017-S.",https://s3.dualstack.us-east-1.amazonaws.com/NARAprodstorage/lz/presidential-libraries/bush/gb-nsc/Latin_Amer_Aff_Dir_Files/Subject_376217847/41-bpr-nsc-lat_amer_dir-subj-cf00189-012.pdf,https://catalog.archives.gov/id/470766485
3905,High-priority print candidate,Critical,"Bolivia; Colombia; Peru",95,4,47,"December 4, 1989",Memorandum,Proposed U.S.-Andean Public Awareness,Latin American Affairs Directorate Subject Files,Andean [Drug] Summit 1989 [3],High,70,Restricted - Possibly,109,"memorandum form; Andean, drug, narcotics; document text visible in OCR","Verify page image, source folder, and date; compare against the country chronology before print selection.","Source: George H.W. Bush Library, Bush Presidential Records, National Security Council, Latin American Affairs Directorate Files, Subject File 1989, OA/ID CF00189, CF00189-004, Andean [Drug] Summit 1989 [3]. Access restriction: Restricted - Possibly. FOIA 2015-0017-S.",https://s3.dualstack.us-east-1.amazonaws.com/NARAprodstorage/lz/presidential-libraries/bush/gb-nsc/Latin_Amer_Aff_Dir_Files/Subject_376217847/41-bpr-nsc-lat_amer_dir-subj-cf00189-004.pdf,https://catalog.archives.gov/id/470766477
3905,High-priority print candidate,Critical,"Bolivia; Colombia; Peru",95,4,47,"December 4, 1989",Memorandum,Report by Bruce Gelb on His Trip to the Andean,Latin American Directorate Chronological Files,"December 1, 1989-December 15, 1989 [2]",High,90,Restricted - Possibly,63,"memorandum form; Presidential or NSC principals; narcotics, presidential diplomacy; document text visible in OCR","Verify page image, source folder, and date; compare against the country chronology before print selection.","Source: George H.W. Bush Library, Bush Presidential Records, National Security Council, Latin American Affairs Directorate Files, Chronological Files, OA/ID CF00303, CF00303-014, December 1, 1989-December 15, 1989 [2]. Access restriction: Restricted - Possibly. FOIA 2015-0017-S.",https://s3.dualstack.us-east-1.amazonaws.com/NARAprodstorage/lz/presidential-libraries/bush/gb-nsc/Latin_Amer_Aff_Dir_Files/Chronological_2197972/41-bpr-nsc-lat_amer_dir-chron-cf00303-014.pdf,https://catalog.archives.gov/id/470766471
3905,High-priority print candidate,Critical,"Bolivia; Colombia; Peru",95,4,47,"December 4, 1989",Memorandum,Report by Bruce Gelb on His Trip to the Andean,Latin American Affairs Directorate Subject Files,Andean [Drug] Summit 1989 [1],High,90,Restricted - Possibly,14,"memorandum form; Presidential or NSC principals; Andean, drug, narcotics; document text visible in OCR","Verify page image, source folder, and date; compare against the country chronology before print selection.","Source: George H.W. Bush Library, Bush Presidential Records, National Security Council, Latin American Affairs Directorate Files, Subject File 1989, OA/ID CF00189, CF00189-002, Andean [Drug] Summit 1989 [1]. Access restriction: Restricted - Possibly. FOIA 2015-0017-S.",https://s3.dualstack.us-east-1.amazonaws.com/NARAprodstorage/lz/presidential-libraries/bush/gb-nsc/Latin_Amer_Aff_Dir_Files/Subject_376217847/41-bpr-nsc-lat_amer_dir-subj-cf00189-002.pdf,https://catalog.archives.gov/id/470766475
3905,High-priority print candidate,Critical,"Bolivia; Colombia; Peru",95,4,47,"November 22, 1989",Memorandum,Telephone Call to Colombian President,Latin American Directorate Chronological Files,"November 16, 1989-November 30, 1989 [2]",High,90,Restricted - Possibly,16,"memorandum form; Presidential or NSC principals; narcotics, presidential diplomacy; document text visible in OCR","Verify page image, source folder, and date; compare against the country chronology before print selection.","Source: George H.W. Bush Library, Bush Presidential Records, National Security Council, Latin American Affairs Directorate Files, Chronological Files, OA/ID CF00303, CF00303-012, November 16, 1989-November 30, 1989 [2]. Access restriction: Restricted - Possibly. FOIA 2015-0017-S.",https://s3.dualstack.us-east-1.amazonaws.com/NARAprodstorage/lz/presidential-libraries/bush/gb-nsc/Latin_Amer_Aff_Dir_Files/Chronological_2197972/41-bpr-nsc-lat_amer_dir-chron-cf00303-012.pdf,https://catalog.archives.gov/id/470766469
3905,High-priority print candidate,Critical,"Bolivia; Colombia; Peru",95,4,47,"October 30, 1989",Memorandum,Telephone Call to Colombian President,Latin American Directorate Chronological Files,"October 16, 1989-October 31, 1989 [1]",High,90,Restricted - Possibly,36,"memorandum form; Presidential or NSC principals; narcotics, presidential diplomacy, regional policy; document text visible in OCR","Verify page image, source folder, and date; compare against the country chronology before print selection.","Source: George H.W. Bush Library, Bush Presidential Records, National Security Council, Latin American Affairs Directorate Files, Chronological Files, OA/ID CF00303, CF00303-004, October 16, 1989-October 31, 1989 [1]. Access restriction: Restricted - Possibly. FOIA 2015-0017-S.",https://s3.dualstack.us-east-1.amazonaws.com/NARAprodstorage/lz/presidential-libraries/bush/gb-nsc/Latin_Amer_Aff_Dir_Files/Chronological_2197972/41-bpr-nsc-lat_amer_dir-chron-cf00303-004.pdf,https://catalog.archives.gov/id/470766461
3905,High-priority print candidate,Critical,"Bolivia; Colombia; Peru",95,4,47,"October 30, 1989",Memorandum,Telephone Call to Colombian President,Latin American Affairs Directorate Subject Files,"Colombia - January 20, 1989-December 31, 1989 [1]",High,90,Restricted - Possibly,84,"memorandum form; Presidential or NSC principals; narcotics, presidential diplomacy, regional policy; document text visible in OCR","Verify page image, source folder, and date; compare against the country chronology before print selection.","Source: George H.W. Bush Library, Bush Presidential Records, National Security Council, Latin American Affairs Directorate Files, Subject File 1989, OA/ID CF00195, CF00195-007, Colombia - January 20, 1989-December 31, 1989 [1]. Access restriction: Restricted - Possibly. FOIA 2001-0434-F.",https://s3.dualstack.us-east-1.amazonaws.com/NARAprodstorage/lz/presidential-libraries/bush/gb-nsc/Latin_Amer_Aff_Dir_Files/Subject_376217847/41-bpr-nsc-lat_amer_dir-subj-cf00195-007.pdf,https://catalog.archives.gov/id/470766564
3905,High-priority print candidate,Critical,"Bolivia; Colombia; Peru",95,4,47,"September 16, 1989",Memorandum,Meeting with President Bush for the Chiefs of Mission,Latin American Directorate Chronological Files,"September 16, 1989-September 30, 1989 [4]",High,90,Restricted - Possibly,82,"memorandum form; Presidential or NSC principals; narcotics, presidential diplomacy; document text visible in OCR","Verify page image, source folder, and date; compare against the country chronology before print selection.","Source: George H.W. Bush Library, Bush Presidential Records, National Security Council, Latin American Affairs Directorate Files, Chronological Files, OA/ID CF00302, CF00302-020, September 16, 1989-September 30, 1989 [4]. Access restriction: Restricted - Possibly. FOIA 2015-0017-S.",https://s3.dualstack.us-east-1.amazonaws.com/NARAprodstorage/lz/presidential-libraries/bush/gb-nsc/Latin_Amer_Aff_Dir_Files/Chronological_2197972/41-bpr-nsc-lat_amer_dir-chron-cf00302-020.pdf,https://catalog.archives.gov/id/470766457
3905,High-priority print candidate,Critical,"Bolivia; Colombia; Peru",95,4,47,"September 18, 1989",Memorandum,Request for Meeting with the President for U.S.,Latin American Directorate Chronological Files,"September 16, 1989-September 30, 1989 [4]",High,90,Restricted - Possibly,76,"memorandum form; Presidential or NSC principals; narcotics, presidential diplomacy; document text visible in OCR","Verify page image, source folder, and date; compare against the country chronology before print selection.","Source: George H.W. Bush Library, Bush Presidential Records, National Security Council, Latin American Affairs Directorate Files, Chronological Files, OA/ID CF00302, CF00302-020, September 16, 1989-September 30, 1989 [4]. Access restriction: Restricted - Possibly. FOIA 2015-0017-S.",https://s3.dualstack.us-east-1.amazonaws.com/NARAprodstorage/lz/presidential-libraries/bush/gb-nsc/Latin_Amer_Aff_Dir_Files/Chronological_2197972/41-bpr-nsc-lat_amer_dir-chron-cf00302-020.pdf,https://catalog.archives.gov/id/470766457
3905,High-priority print candidate,Critical,"Bolivia; Colombia; Peru",95,4,47,"September 18, 1989",Memorandum,Request for Meeting with the President for U.S.,Latin American Affairs Directorate Subject Files,"Colombia - January 20, 1989-December 31, 1989 [3]",High,90,Restricted - Possibly,49,"memorandum form; Presidential or NSC principals; narcotics, presidential diplomacy; document text visible in OCR","Verify page image, source folder, and date; compare against the country chronology before print selection.","Source: George H.W. Bush Library, Bush Presidential Records, National Security Council, Latin American Affairs Directorate Files, Subject File 1989, OA/ID CF00195, CF00195-009, Colombia - January 20, 1989-December 31, 1989 [3]. Access restriction: Restricted - Possibly. FOIA 2001-0434-F.",https://s3.dualstack.us-east-1.amazonaws.com/NARAprodstorage/lz/presidential-libraries/bush/gb-nsc/Latin_Amer_Aff_Dir_Files/Subject_376217847/41-bpr-nsc-lat_amer_dir-subj-cf00195-009.pdf,https://catalog.archives.gov/id/470766566
3905,High-priority print candidate,Critical,Chile,95,3,32,,Memorandum,"; Request by Amb Gillespie",Latin American Directorate Chronological Files,"March 1, 1989-March 16, 1989 [4]",High,72,Restricted - Possibly,53,"memorandum form; Presidential or NSC principals; debt and economy, presidential diplomacy; document text visible in OCR","Verify page image, source folder, and date; compare against the country chronology before print selection.","Source: George H.W. Bush Library, Bush Presidential Records, National Security Council, Latin American Affairs Directorate Files, Chronological Files, OA/ID CF00300, CF00300-013, March 1, 1989-March 16, 1989 [4]. Access restriction: Restricted - Possibly. FOIA 2015-0017-S.",https://s3.dualstack.us-east-1.amazonaws.com/NARAprodstorage/lz/presidential-libraries/bush/gb-nsc/Latin_Amer_Aff_Dir_Files/Chronological_2197972/41-bpr-nsc-lat_amer_dir-chron-cf00300-013.pdf,https://catalog.archives.gov/id/470766414
3905,High-priority print candidate,Critical,Chile,95,3,32,,Memorandum,Appointment of Octavio Errazuriz Guilisasti of the,Latin American Directorate Chronological Files,"January 20, 1989-February 1, 1989 [2]",High,72,Restricted - Possibly,4,"memorandum form; Presidential or NSC principals; presidential diplomacy; document text visible in OCR","Verify page image, source folder, and date; compare against the country chronology before print selection.","Source: George H.W. Bush Library, Bush Presidential Records, National Security Council, Latin American Affairs Directorate Files, Chronological Files, OA/ID CF00300, CF00300-004, January 20, 1989-February 1, 1989 [2]. Access restriction: Restricted - Possibly. FOIA 2015-0017-S.",https://s3.dualstack.us-east-1.amazonaws.com/NARAprodstorage/lz/presidential-libraries/bush/gb-nsc/Latin_Amer_Aff_Dir_Files/Chronological_2197972/41-bpr-nsc-lat_amer_dir-chron-cf00300-004.pdf,https://catalog.archives.gov/id/470766405
3905,High-priority print candidate,Critical,Chile,95,3,32,,Memorandum,REQ. BY CHILEAN FM FOR MEETING,Latin American Directorate Chronological Files,"March 1, 1989-March 16, 1989 [1]",High,72,Restricted - Possibly,34,"memorandum form; Presidential or NSC principals; presidential diplomacy; document text visible in OCR","Verify page image, source folder, and date; compare against the country chronology before print selection.","Source: George H.W. Bush Library, Bush Presidential Records, National Security Council, Latin American Affairs Directorate Files, Chronological Files, OA/ID CF00300, CF00300-010, March 1, 1989-March 16, 1989 [1]. Access restriction: Restricted - Possibly. FOIA 2015-0017-S.",https://s3.dualstack.us-east-1.amazonaws.com/NARAprodstorage/lz/presidential-libraries/bush/gb-nsc/Latin_Amer_Aff_Dir_Files/Chronological_2197972/41-bpr-nsc-lat_amer_dir-chron-cf00300-010.pdf,https://catalog.archives.gov/id/470766411
3905,High-priority print candidate,Critical,Chile,95,3,32,,Memorandum,Request by Amb Gillespie,Latin American Directorate Chronological Files,"February 1, 1989-March 1, 1989 [3]",High,72,Restricted - Possibly,6,"memorandum form; Presidential or NSC principals; debt and economy, presidential diplomacy; document text visible in OCR","Verify page image, source folder, and date; compare against the country chronology before print selection.","Source: George H.W. Bush Library, Bush Presidential Records, National Security Council, Latin American Affairs Directorate Files, Chronological Files, OA/ID CF00300, CF00300-007, February 1, 1989-March 1, 1989 [3]. Access restriction: Restricted - Possibly. FOIA 2015-0017-S.",https://s3.dualstack.us-east-1.amazonaws.com/NARAprodstorage/lz/presidential-libraries/bush/gb-nsc/Latin_Amer_Aff_Dir_Files/Chronological_2197972/41-bpr-nsc-lat_amer_dir-chron-cf00300-007.pdf,https://catalog.archives.gov/id/470766408
3905,High-priority print candidate,Critical,Chile,95,3,32,,Memorandum,Request by Amb Gillespie,Latin American Affairs Directorate Subject Files,"Chile - January 20, 1989-December 31, 1989",High,72,Restricted - Possibly,71,"memorandum form; Presidential or NSC principals; debt and economy, presidential diplomacy; document text visible in OCR","Verify page image, source folder, and date; compare against the country chronology before print selection.","Source: George H.W. Bush Library, Bush Presidential Records, National Security Council, Latin American Affairs Directorate Files, Subject File 1989, OA/ID CF00195, CF00195-005, Chile - January 20, 1989-December 31, 1989. Access restriction: Restricted - Possibly. FOIA 2004-0731-F.",https://s3.dualstack.us-east-1.amazonaws.com/NARAprodstorage/lz/presidential-libraries/bush/gb-nsc/Latin_Amer_Aff_Dir_Files/Subject_376217847/41-bpr-nsc-lat_amer_dir-subj-cf00195-005.pdf,https://catalog.archives.gov/id/470766562
3905,High-priority print candidate,Critical,Chile,95,3,32,,Memorandum,Request by U.S. Ambassador to Chile Charles,Latin American Directorate Chronological Files,"June 1, 1989-June 30, 1989 [4]",High,70,Restricted - Possibly,32,"memorandum form; democracy; document text visible in OCR","Verify page image, source folder, and date; compare against the country chronology before print selection.","Source: George H.W. Bush Library, Bush Presidential Records, National Security Council, Latin American Affairs Directorate Files, Chronological Files, OA/ID CF00301, CF00301-019, June 1, 1989-June 30, 1989 [4]. Access restriction: Restricted - Possibly. FOIA 2015-0017-S.",https://s3.dualstack.us-east-1.amazonaws.com/NARAprodstorage/lz/presidential-libraries/bush/gb-nsc/Latin_Amer_Aff_Dir_Files/Chronological_2197972/41-bpr-nsc-lat_amer_dir-chron-cf00301-019.pdf,https://catalog.archives.gov/id/470766436
3905,High-priority print candidate,Critical,Chile,95,3,32,,Talking Points,TALKING POINTS FOR PRESIDENT IN PUBLIC PORTION OF MEETING WITH JACEK KURON AND MONICA JIMENEZ DE BARROS -- It is an honor to welcome to the White House today two,Latin American Affairs Directorate Subject Files,"Chile - January 20, 1989-December 31, 1989",High,90,Restricted - Possibly,46,"Presidential or NSC principals; democracy, debt and economy, presidential diplomacy; document text visible in OCR","Verify page image, source folder, and date; compare against the country chronology before print selection.","Source: George H.W. Bush Library, Bush Presidential Records, National Security Council, Latin American Affairs Directorate Files, Subject File 1989, OA/ID CF00195, CF00195-005, Chile - January 20, 1989-December 31, 1989. Access restriction: Restricted - Possibly. FOIA 2004-0731-F.",https://s3.dualstack.us-east-1.amazonaws.com/NARAprodstorage/lz/presidential-libraries/bush/gb-nsc/Latin_Amer_Aff_Dir_Files/Subject_376217847/41-bpr-nsc-lat_amer_dir-subj-cf00195-005.pdf,https://catalog.archives.gov/id/470766562
3905,High-priority print candidate,Critical,Chile,95,3,32,,Talking Points,TALKING POINTS FOR THE PRESIDENT'S INAUGURATION OF THE PRESIDENTIAL ELECTION MONITORING COMMISSION,Latin American Directorate Chronological Files,"September 16, 1989-September 30, 1989 [2]",High,78,Restricted - Possibly,91,"Presidential or NSC principals; democracy, presidential diplomacy, panama spillover; document text visible in OCR","Verify page image, source folder, and date; compare against the country chronology before print selection.","Source: George H.W. Bush Library, Bush Presidential Records, National Security Council, Latin American Affairs Directorate Files, Chronological Files, OA/ID CF00302, CF00302-018, September 16, 1989-September 30, 1989 [2]. Access restriction: Restricted - Possibly. FOIA 2015-0017-S.",https://s3.dualstack.us-east-1.amazonaws.com/NARAprodstorage/lz/presidential-libraries/bush/gb-nsc/Latin_Amer_Aff_Dir_Files/Chronological_2197972/41-bpr-nsc-lat_amer_dir-chron-cf00302-018.pdf,https://catalog.archives.gov/id/470766455
3905,High-priority print candidate,Critical,Chile,95,3,32,,Talking Points,TALKING POINTS TO BE MADE WITH CHILBAN FOREIGN MINISTER HERNAN FELIPE ERRAZURIZ CORREA -- We have a keen interest that the upcoming elections in Chile,Latin American Affairs Directorate Subject Files,"Chile - January 20, 1989-December 31, 1989",High,78,Restricted - Possibly,16,"Presidential or NSC principals; democracy, presidential diplomacy; document text visible in OCR","Verify page image, source folder, and date; compare against the country chronology before print selection.","Source: George H.W. Bush Library, Bush Presidential Records, National Security Council, Latin American Affairs Directorate Files, Subject File 1989, OA/ID CF00195, CF00195-005, Chile - January 20, 1989-December 31, 1989. Access restriction: Restricted - Possibly. FOIA 2004-0731-F.",https://s3.dualstack.us-east-1.amazonaws.com/NARAprodstorage/lz/presidential-libraries/bush/gb-nsc/Latin_Amer_Aff_Dir_Files/Subject_376217847/41-bpr-nsc-lat_amer_dir-subj-cf00195-005.pdf,https://catalog.archives.gov/id/470766562
3905,High-priority print candidate,Critical,Chile,95,3,32,,Talking Points,TALKING POINTS TO BE MADE WITH CHTLEAN FOREIGN MINISTER HERNAN FELIPE ERRAZURIZ CORREA We have a keen interest that the upcoming elections in Chile,Latin American Directorate Chronological Files,"November 1, 1989-November 15, 1989 [1]",High,78,Restricted - Possibly,32,"Presidential or NSC principals; democracy, presidential diplomacy; document text visible in OCR","Verify page image, source folder, and date; compare against the country chronology before print selection.","Source: George H.W. Bush Library, Bush Presidential Records, National Security Council, Latin American Affairs Directorate Files, Chronological Files, OA/ID CF00303, CF00303-009, November 1, 1989-November 15, 1989 [1]. Access restriction: Restricted - Possibly. FOIA 2015-0017-S.",https://s3.dualstack.us-east-1.amazonaws.com/NARAprodstorage/lz/presidential-libraries/bush/gb-nsc/Latin_Amer_Aff_Dir_Files/Chronological_2197972/41-bpr-nsc-lat_amer_dir-chron-cf00303-009.pdf,https://catalog.archives.gov/id/470766466
3905,High-priority print candidate,Critical,Chile,95,3,32,,Memorandum,To: Diane Edwards/Florence Gantt From: Deborah,Latin American Directorate Chronological Files,"March 1, 1989-March 16, 1989 [1]",High,72,Restricted - Possibly,2,"memorandum form; presidential diplomacy; identified on withdrawal sheet","Verify page image, source folder, and date; compare against the country chronology before print selection.","Source: George H.W. Bush Library, Bush Presidential Records, National Security Council, Latin American Affairs Directorate Files, Chronological Files, OA/ID CF00300, CF00300-010, March 1, 1989-March 16, 1989 [1]. Access restriction: Restricted - Possibly. FOIA 2015-0017-S.",https://s3.dualstack.us-east-1.amazonaws.com/NARAprodstorage/lz/presidential-libraries/bush/gb-nsc/Latin_Amer_Aff_Dir_Files/Chronological_2197972/41-bpr-nsc-lat_amer_dir-chron-cf00300-010.pdf,https://catalog.archives.gov/id/470766411
3905,High-priority print candidate,Critical,Chile,95,3,32,"August 18, 1989",Memorandum,Request That You Meet with the Chilean Chief of,Latin American Directorate Chronological Files,"August 16, 1989-August 31, 1989 [3]",High,90,Restricted - Possibly,54,"memorandum form; Presidential or NSC principals; democracy, presidential diplomacy, ussr/cuba; document text visible in OCR","Verify page image, source folder, and date; compare against the country chronology before print selection.","Source: George H.W. Bush Library, Bush Presidential Records, National Security Council, Latin American Affairs Directorate Files, Chronological Files, OA/ID CF00302, CF00302-013, August 16, 1989-August 31, 1989 [3]. Access restriction: Restricted - Possibly. FOIA 2015-0017-S.",https://s3.dualstack.us-east-1.amazonaws.com/NARAprodstorage/lz/presidential-libraries/bush/gb-nsc/Latin_Amer_Aff_Dir_Files/Chronological_2197972/41-bpr-nsc-lat_amer_dir-chron-cf00302-013.pdf,https://catalog.archives.gov/id/470766450
3905,High-priority print candidate,Critical,Chile,95,3,32,"August 18, 1989",Memorandum,Request That You Meet with the Chilean Chief of,Latin American Affairs Directorate Subject Files,"Chile - January 20, 1989-December 31, 1989",High,90,Restricted - Possibly,29,"memorandum form; Presidential or NSC principals; democracy, presidential diplomacy, ussr/cuba; document text visible in OCR","Verify page image, source folder, and date; compare against the country chronology before print selection.","Source: George H.W. Bush Library, Bush Presidential Records, National Security Council, Latin American Affairs Directorate Files, Subject File 1989, OA/ID CF00195, CF00195-005, Chile - January 20, 1989-December 31, 1989. Access restriction: Restricted - Possibly. FOIA 2004-0731-F.",https://s3.dualstack.us-east-1.amazonaws.com/NARAprodstorage/lz/presidential-libraries/bush/gb-nsc/Latin_Amer_Aff_Dir_Files/Subject_376217847/41-bpr-nsc-lat_amer_dir-subj-cf00195-005.pdf,https://catalog.archives.gov/id/470766562
3905,High-priority print candidate,Critical,Chile,95,3,32,CONEERENIES,Memorandum,Guidance for Ambassador Gillespie,Latin American Affairs Directorate Subject Files,"Chile - January 20, 1989-December 31, 1989",High,72,Restricted - Possibly,69,"memorandum form; Presidential or NSC principals; presidential diplomacy; document text visible in OCR","Verify page image, source folder, and date; compare against the country chronology before print selection.","Source: George H.W. Bush Library, Bush Presidential Records, National Security Council, Latin American Affairs Directorate Files, Subject File 1989, OA/ID CF00195, CF00195-005, Chile - January 20, 1989-December 31, 1989. Access restriction: Restricted - Possibly. FOIA 2004-0731-F.",https://s3.dualstack.us-east-1.amazonaws.com/NARAprodstorage/lz/presidential-libraries/bush/gb-nsc/Latin_Amer_Aff_Dir_Files/Subject_376217847/41-bpr-nsc-lat_amer_dir-subj-cf00195-005.pdf,https://catalog.archives.gov/id/470766562
3905,High-priority print candidate,Critical,Chile,95,3,32,"February 17, 1989",Memorandum,Chile Policy,Latin American Directorate Chronological Files,"February 1, 1989-March 1, 1989 [3]",High,78,Restricted - Possibly,5,"memorandum form; democracy, debt and economy, presidential diplomacy; document text visible in OCR","Verify page image, source folder, and date; compare against the country chronology before print selection.","Source: George H.W. Bush Library, Bush Presidential Records, National Security Council, Latin American Affairs Directorate Files, Chronological Files, OA/ID CF00300, CF00300-007, February 1, 1989-March 1, 1989 [3]. Access restriction: Restricted - Possibly. FOIA 2015-0017-S.",https://s3.dualstack.us-east-1.amazonaws.com/NARAprodstorage/lz/presidential-libraries/bush/gb-nsc/Latin_Amer_Aff_Dir_Files/Chronological_2197972/41-bpr-nsc-lat_amer_dir-chron-cf00300-007.pdf,https://catalog.archives.gov/id/470766408
3905,High-priority print candidate,Critical,Chile,95,3,32,"February 17, 1989",Memorandum,Chile Policy,Latin American Directorate Chronological Files,"March 1, 1989-March 16, 1989 [4]",High,78,Restricted - Possibly,52,"memorandum form; democracy, presidential diplomacy; document text visible in OCR","Verify page image, source folder, and date; compare against the country chronology before print selection.","Source: George H.W. Bush Library, Bush Presidential Records, National Security Council, Latin American Affairs Directorate Files, Chronological Files, OA/ID CF00300, CF00300-013, March 1, 1989-March 16, 1989 [4]. Access restriction: Restricted - Possibly. FOIA 2015-0017-S.",https://s3.dualstack.us-east-1.amazonaws.com/NARAprodstorage/lz/presidential-libraries/bush/gb-nsc/Latin_Amer_Aff_Dir_Files/Chronological_2197972/41-bpr-nsc-lat_amer_dir-chron-cf00300-013.pdf,https://catalog.archives.gov/id/470766414
3905,High-priority print candidate,Critical,Chile,95,3,32,"February 17, 1989",Memorandum,Chile Policy,Latin American Affairs Directorate Subject Files,"Chile - January 20, 1989-December 31, 1989",High,78,Restricted - Possibly,70,"memorandum form; Presidential or NSC principals; democracy, debt and economy, presidential diplomacy; document text visible in OCR","Verify page image, source folder, and date; compare against the country chronology before print selection.","Source: George H.W. Bush Library, Bush Presidential Records, National Security Council, Latin American Affairs Directorate Files, Subject File 1989, OA/ID CF00195, CF00195-005, Chile - January 20, 1989-December 31, 1989. Access restriction: Restricted - Possibly. FOIA 2004-0731-F.",https://s3.dualstack.us-east-1.amazonaws.com/NARAprodstorage/lz/presidential-libraries/bush/gb-nsc/Latin_Amer_Aff_Dir_Files/Subject_376217847/41-bpr-nsc-lat_amer_dir-subj-cf00195-005.pdf,https://catalog.archives.gov/id/470766562
3905,High-priority print candidate,Critical,Chile,95,3,32,"February 3, 1989",Information Memo,"Your ecting with US Ambassador to Chile,",Latin American Directorate Chronological Files,"February 1, 1989-March 1, 1989 [5]",High,78,Restricted - Possibly,34,"memorandum form; Presidential or NSC principals; democracy, presidential diplomacy; document text visible in OCR","Verify page image, source folder, and date; compare against the country chronology before print selection.","Source: George H.W. Bush Library, Bush Presidential Records, National Security Council, Latin American Affairs Directorate Files, Chronological Files, OA/ID CF00300, CF00300-009, February 1, 1989-March 1, 1989 [5]. Access restriction: Restricted - Possibly. FOIA 2015-0017-S.",https://s3.dualstack.us-east-1.amazonaws.com/NARAprodstorage/lz/presidential-libraries/bush/gb-nsc/Latin_Amer_Aff_Dir_Files/Chronological_2197972/41-bpr-nsc-lat_amer_dir-chron-cf00300-009.pdf,https://catalog.archives.gov/id/470766410
3905,High-priority print candidate,Critical,Chile,95,3,32,"January 24, 1989",Memorandum,Appointment of Octavio Errazuriz Guilisasti of the,Latin American Directorate Chronological Files,"January 20, 1989-February 1, 1989 [2]",High,72,Restricted - Possibly,3,"memorandum form; Presidential or NSC principals; presidential diplomacy; document text visible in OCR","Verify page image, source folder, and date; compare against the country chronology before print selection.","Source: George H.W. Bush Library, Bush Presidential Records, National Security Council, Latin American Affairs Directorate Files, Chronological Files, OA/ID CF00300, CF00300-004, January 20, 1989-February 1, 1989 [2]. Access restriction: Restricted - Possibly. FOIA 2015-0017-S.",https://s3.dualstack.us-east-1.amazonaws.com/NARAprodstorage/lz/presidential-libraries/bush/gb-nsc/Latin_Amer_Aff_Dir_Files/Chronological_2197972/41-bpr-nsc-lat_amer_dir-chron-cf00300-004.pdf,https://catalog.archives.gov/id/470766405
3905,High-priority print candidate,Critical,Chile,95,3,32,"January 24, 1989",Memorandum,Appointment of Octavio Errazuriz Guilisasti of the,Latin American Affairs Directorate Subject Files,"Chile - January 20, 1989-December 31, 1989",High,72,Restricted - Possibly,76,"memorandum form; Presidential or NSC principals; presidential diplomacy; document text visible in OCR","Verify page image, source folder, and date; compare against the country chronology before print selection.","Source: George H.W. Bush Library, Bush Presidential Records, National Security Council, Latin American Affairs Directorate Files, Subject File 1989, OA/ID CF00195, CF00195-005, Chile - January 20, 1989-December 31, 1989. Access restriction: Restricted - Possibly. FOIA 2004-0731-F.",https://s3.dualstack.us-east-1.amazonaws.com/NARAprodstorage/lz/presidential-libraries/bush/gb-nsc/Latin_Amer_Aff_Dir_Files/Subject_376217847/41-bpr-nsc-lat_amer_dir-subj-cf00195-005.pdf,https://catalog.archives.gov/id/470766562
3905,High-priority print candidate,Critical,Chile,95,3,32,"June 9, 1989",Memorandum,— Request by U.S. Ambassador to Chile Charles,Latin American Affairs Directorate Subject Files,"Chile - January 20, 1989-December 31, 1989",High,70,Restricted - Possibly,37,"memorandum form; democracy; document text visible in OCR","Verify page image, source folder, and date; compare against the country chronology before print selection.","Source: George H.W. Bush Library, Bush Presidential Records, National Security Council, Latin American Affairs Directorate Files, Subject File 1989, OA/ID CF00195, CF00195-005, Chile - January 20, 1989-December 31, 1989. Access restriction: Restricted - Possibly. FOIA 2004-0731-F.",https://s3.dualstack.us-east-1.amazonaws.com/NARAprodstorage/lz/presidential-libraries/bush/gb-nsc/Latin_Amer_Aff_Dir_Files/Subject_376217847/41-bpr-nsc-lat_amer_dir-subj-cf00195-005.pdf,https://catalog.archives.gov/id/470766562
3905,High-priority print candidate,Critical,Chile,95,3,32,"March 2, 1989",Memorandum,Guidance for Ambassador Gillespie,Latin American Directorate Chronological Files,"March 1, 1989-March 16, 1989 [4]",High,72,Restricted - Possibly,50,"memorandum form; Presidential or NSC principals; presidential diplomacy; document text visible in OCR","Verify page image, source folder, and date; compare against the country chronology before print selection.","Source: George H.W. Bush Library, Bush Presidential Records, National Security Council, Latin American Affairs Directorate Files, Chronological Files, OA/ID CF00300, CF00300-013, March 1, 1989-March 16, 1989 [4]. Access restriction: Restricted - Possibly. FOIA 2015-0017-S.",https://s3.dualstack.us-east-1.amazonaws.com/NARAprodstorage/lz/presidential-libraries/bush/gb-nsc/Latin_Amer_Aff_Dir_Files/Chronological_2197972/41-bpr-nsc-lat_amer_dir-chron-cf00300-013.pdf,https://catalog.archives.gov/id/470766414
3905,High-priority print candidate,Critical,Chile,95,3,32,"March 3, 1989",Memorandum,Guidance for Ambassador Gillespie (U),Latin American Affairs Directorate Subject Files,"Chile - January 20, 1989-December 31, 1989",High,90,Restricted - Possibly,68,"memorandum form; Presidential or NSC principals; democracy, presidential diplomacy; document text visible in OCR","Verify page image, source folder, and date; compare against the country chronology before print selection.","Source: George H.W. Bush Library, Bush Presidential Records, National Security Council, Latin American Affairs Directorate Files, Subject File 1989, OA/ID CF00195, CF00195-005, Chile - January 20, 1989-December 31, 1989. Access restriction: Restricted - Possibly. FOIA 2004-0731-F.",https://s3.dualstack.us-east-1.amazonaws.com/NARAprodstorage/lz/presidential-libraries/bush/gb-nsc/Latin_Amer_Aff_Dir_Files/Subject_376217847/41-bpr-nsc-lat_amer_dir-subj-cf00195-005.pdf,https://catalog.archives.gov/id/470766562
3905,High-priority print candidate,Critical,Chile,95,3,32,"March 6, 1989",Memorandum,Guidance for Ambassador Gillespie (U),Latin American Directorate Chronological Files,"March 1, 1989-March 16, 1989 [4]",High,90,Restricted - Possibly,51,"memorandum form; Presidential or NSC principals; democracy, presidential diplomacy; document text visible in OCR","Verify page image, source folder, and date; compare against the country chronology before print selection.","Source: George H.W. Bush Library, Bush Presidential Records, National Security Council, Latin American Affairs Directorate Files, Chronological Files, OA/ID CF00300, CF00300-013, March 1, 1989-March 16, 1989 [4]. Access restriction: Restricted - Possibly. FOIA 2015-0017-S.",https://s3.dualstack.us-east-1.amazonaws.com/NARAprodstorage/lz/presidential-libraries/bush/gb-nsc/Latin_Amer_Aff_Dir_Files/Chronological_2197972/41-bpr-nsc-lat_amer_dir-chron-cf00300-013.pdf,https://catalog.archives.gov/id/470766414
3905,High-priority print candidate,Critical,Chile,95,3,32,"May 2, 1989",Memorandum,"President’s Meeting with Kuron and Jimenez,",Latin American Affairs Directorate Subject Files,"Chile - January 20, 1989-December 31, 1989",High,72,Restricted - Possibly,43,"memorandum form; Presidential or NSC principals; presidential diplomacy; document text visible in OCR","Verify page image, source folder, and date; compare against the country chronology before print selection.","Source: George H.W. Bush Library, Bush Presidential Records, National Security Council, Latin American Affairs Directorate Files, Subject File 1989, OA/ID CF00195, CF00195-005, Chile - January 20, 1989-December 31, 1989. Access restriction: Restricted - Possibly. FOIA 2004-0731-F.",https://s3.dualstack.us-east-1.amazonaws.com/NARAprodstorage/lz/presidential-libraries/bush/gb-nsc/Latin_Amer_Aff_Dir_Files/Subject_376217847/41-bpr-nsc-lat_amer_dir-subj-cf00195-005.pdf,https://catalog.archives.gov/id/470766562
3905,High-priority print candidate,Critical,Chile,95,3,32,"May 3, 1989",Memorandum,Request by Ambassador Gillespie for Meeting With,Latin American Directorate Chronological Files,"May 1, 1989-May 15, 1989 [3]",High,90,Restricted - Possibly,98,"memorandum form; Presidential or NSC principals; democracy, presidential diplomacy; document text visible in OCR","Verify page image, source folder, and date; compare against the country chronology before print selection.","Source: George H.W. Bush Library, Bush Presidential Records, National Security Council, Latin American Affairs Directorate Files, Chronological Files, OA/ID CF00301, CF00301-012, May 1, 1989-May 15, 1989 [3]. Access restriction: Restricted - Possibly. FOIA 2015-0017-S.",https://s3.dualstack.us-east-1.amazonaws.com/NARAprodstorage/lz/presidential-libraries/bush/gb-nsc/Latin_Amer_Aff_Dir_Files/Chronological_2197972/41-bpr-nsc-lat_amer_dir-chron-cf00301-012.pdf,https://catalog.archives.gov/id/470766429
3905,High-priority print candidate,Critical,Chile,95,3,32,"May 3, 1989",Memorandum,Request by Ambassador Gillespie for Meeting With,Latin American Affairs Directorate Subject Files,"Chile - January 20, 1989-December 31, 1989",High,90,Restricted - Possibly,42,"memorandum form; Presidential or NSC principals; democracy, presidential diplomacy; document text visible in OCR","Verify page image, source folder, and date; compare against the country chronology before print selection.","Source: George H.W. Bush Library, Bush Presidential Records, National Security Council, Latin American Affairs Directorate Files, Subject File 1989, OA/ID CF00195, CF00195-005, Chile - January 20, 1989-December 31, 1989. Access restriction: Restricted - Possibly. FOIA 2004-0731-F.",https://s3.dualstack.us-east-1.amazonaws.com/NARAprodstorage/lz/presidential-libraries/bush/gb-nsc/Latin_Amer_Aff_Dir_Files/Subject_376217847/41-bpr-nsc-lat_amer_dir-subj-cf00195-005.pdf,https://catalog.archives.gov/id/470766562
3905,High-priority print candidate,Critical,Chile,95,3,32,"November 14, 1989",Memorandum,Meeting with Chilean Foreign Minister,Latin American Directorate Chronological Files,"November 1, 1989-November 15, 1989 [1]",High,72,Restricted - Possibly,31,"memorandum form; Presidential or NSC principals; presidential diplomacy; document text visible in OCR","Verify page image, source folder, and date; compare against the country chronology before print selection.","Source: George H.W. Bush Library, Bush Presidential Records, National Security Council, Latin American Affairs Directorate Files, Chronological Files, OA/ID CF00303, CF00303-009, November 1, 1989-November 15, 1989 [1]. Access restriction: Restricted - Possibly. FOIA 2015-0017-S.",https://s3.dualstack.us-east-1.amazonaws.com/NARAprodstorage/lz/presidential-libraries/bush/gb-nsc/Latin_Amer_Aff_Dir_Files/Chronological_2197972/41-bpr-nsc-lat_amer_dir-chron-cf00303-009.pdf,https://catalog.archives.gov/id/470766466
3905,High-priority print candidate,Critical,Chile,95,3,32,"November 14, 1989",Memorandum,Meeting with Chilean Foreign Minister,Latin American Affairs Directorate Subject Files,"Chile - January 20, 1989-December 31, 1989",High,72,Restricted - Possibly,15,"memorandum form; Presidential or NSC principals; presidential diplomacy; document text visible in OCR","Verify page image, source folder, and date; compare against the country chronology before print selection.","Source: George H.W. Bush Library, Bush Presidential Records, National Security Council, Latin American Affairs Directorate Files, Subject File 1989, OA/ID CF00195, CF00195-005, Chile - January 20, 1989-December 31, 1989. Access restriction: Restricted - Possibly. FOIA 2004-0731-F.",https://s3.dualstack.us-east-1.amazonaws.com/NARAprodstorage/lz/presidential-libraries/bush/gb-nsc/Latin_Amer_Aff_Dir_Files/Subject_376217847/41-bpr-nsc-lat_amer_dir-subj-cf00195-005.pdf,https://catalog.archives.gov/id/470766562
3905,High-priority print candidate,Critical,Chile,95,3,32,"November 3, 1989",Memorandum,PCC Meeting on Chile,Latin American Affairs Directorate Subject Files,"Chile - January 20, 1989-December 31, 1989",High,72,Restricted - Possibly,12,"memorandum form; Presidential or NSC principals; debt and economy, presidential diplomacy; document text visible in OCR","Verify page image, source folder, and date; compare against the country chronology before print selection.","Source: George H.W. Bush Library, Bush Presidential Records, National Security Council, Latin American Affairs Directorate Files, Subject File 1989, OA/ID CF00195, CF00195-005, Chile - January 20, 1989-December 31, 1989. Access restriction: Restricted - Possibly. FOIA 2004-0731-F.",https://s3.dualstack.us-east-1.amazonaws.com/NARAprodstorage/lz/presidential-libraries/bush/gb-nsc/Latin_Amer_Aff_Dir_Files/Subject_376217847/41-bpr-nsc-lat_amer_dir-subj-cf00195-005.pdf,https://catalog.archives.gov/id/470766562
3910,High-priority print candidate,Critical,Suriname,90,,2,,Memorandum,Appointment of Willem A. Udenhout of the Republic,Latin American Directorate Chronological Files,"March 17, 1989-March 31, 1989 [2]",High,72,Restricted - Possibly,17,"memorandum form; Presidential or NSC principals; presidential diplomacy; document text visible in OCR","Verify page image, source folder, and date; compare against the country chronology before print selection.","Source: George H.W. Bush Library, Bush Presidential Records, National Security Council, Latin American Affairs Directorate Files, Chronological Files, OA/ID CF00300, CF00300-015, March 17, 1989-March 31, 1989 [2]. Access restriction: Restricted - Possibly. FOIA 2015-0017-S.",https://s3.dualstack.us-east-1.amazonaws.com/NARAprodstorage/lz/presidential-libraries/bush/gb-nsc/Latin_Amer_Aff_Dir_Files/Chronological_2197972/41-bpr-nsc-lat_amer_dir-chron-cf00300-015.pdf,https://catalog.archives.gov/id/470766416
3910,High-priority print candidate,Critical,Suriname,90,,2,SECURITY COUNCIL ID 8910039,Memorandum,To: SOURCE:,Latin American Affairs Directorate Subject Files,"Suriname - January 20, 1989-December 31, 1989",High,72,Restricted - Possibly,5,"memorandum form; Presidential or NSC principals; presidential diplomacy; document text visible in OCR","Verify page image, source folder, and date; compare against the country chronology before print selection.","Source: George H.W. Bush Library, Bush Presidential Records, National Security Council, Latin American Affairs Directorate Files, Subject File 1989, OA/ID CF00193, CF00193-012, Suriname - January 20, 1989-December 31, 1989. Access restriction: Restricted - Possibly. FOIA 2015-0017-S.",https://s3.dualstack.us-east-1.amazonaws.com/NARAprodstorage/lz/presidential-libraries/bush/gb-nsc/Latin_Amer_Aff_Dir_Files/Subject_376217847/41-bpr-nsc-lat_amer_dir-subj-cf00193-012.pdf,https://catalog.archives.gov/id/470766527
3911,High-priority print candidate,Critical,Paraguay,89,2,19,,Talking Points,CONTINGENCY TALKING POINTS FOR USE WITH PRESIDENT ANDRES RODRIGUEZ OF PARAGUAY I enjoyed learning about Paraguay from you at the dinner,Latin American Directorate Chronological Files,"October 16, 1989-October 31, 1989 [1]",High,90,Restricted - Possibly,67,"Presidential or NSC principals; democracy, presidential diplomacy; document text visible in OCR","Verify page image, source folder, and date; compare against the country chronology before print selection.","Source: George H.W. Bush Library, Bush Presidential Records, National Security Council, Latin American Affairs Directorate Files, Chronological Files, OA/ID CF00303, CF00303-004, October 16, 1989-October 31, 1989 [1]. Access restriction: Restricted - Possibly. FOIA 2015-0017-S.",https://s3.dualstack.us-east-1.amazonaws.com/NARAprodstorage/lz/presidential-libraries/bush/gb-nsc/Latin_Amer_Aff_Dir_Files/Chronological_2197972/41-bpr-nsc-lat_amer_dir-chron-cf00303-004.pdf,https://catalog.archives.gov/id/470766461
3911,High-priority print candidate,Critical,Paraguay,89,2,19,,Memorandum,Letter to the President from U.S. Families Facing,Latin American Directorate Chronological Files,"September 16, 1989-September 30, 1989 [3]",High,72,Restricted - Possibly,60,"memorandum form; Presidential or NSC principals; presidential diplomacy, regional policy; document text visible in OCR","Verify page image, source folder, and date; compare against the country chronology before print selection.","Source: George H.W. Bush Library, Bush Presidential Records, National Security Council, Latin American Affairs Directorate Files, Chronological Files, OA/ID CF00302, CF00302-019, September 16, 1989-September 30, 1989 [3]. Access restriction: Restricted - Possibly. FOIA 2015-0017-S.",https://s3.dualstack.us-east-1.amazonaws.com/NARAprodstorage/lz/presidential-libraries/bush/gb-nsc/Latin_Amer_Aff_Dir_Files/Chronological_2197972/41-bpr-nsc-lat_amer_dir-chron-cf00302-019.pdf,https://catalog.archives.gov/id/470766456
3911,High-priority print candidate,Critical,Paraguay,89,2,19,,Memorandum,Reauest from Paraguayan President Rodriguez to Meet,Latin American Affairs Directorate Subject Files,"Paraguay - January 20, 1989-December 31, 1989",High,72,Restricted - Possibly,24,"memorandum form; Presidential or NSC principals; presidential diplomacy; document text visible in OCR","Verify page image, source folder, and date; compare against the country chronology before print selection.","Source: George H.W. Bush Library, Bush Presidential Records, National Security Council, Latin American Affairs Directorate Files, Subject File 1989, OA/ID CF00193, CF00193-001, Paraguay - January 20, 1989-December 31, 1989. Access restriction: Restricted - Possibly. FOIA 2015-0017-S.",https://s3.dualstack.us-east-1.amazonaws.com/NARAprodstorage/lz/presidential-libraries/bush/gb-nsc/Latin_Amer_Aff_Dir_Files/Subject_376217847/41-bpr-nsc-lat_amer_dir-subj-cf00193-001.pdf,https://catalog.archives.gov/id/470766516
3911,High-priority print candidate,Critical,Paraguay,89,2,19,,Memorandum,U.S. Representation at the May 15 Inauguration of the,Latin American Directorate Chronological Files,"May 1, 1989-May 15, 1989 [3]",High,78,Restricted - Possibly,126,"memorandum form; Presidential or NSC principals; democracy, presidential diplomacy; document text visible in OCR","Verify page image, source folder, and date; compare against the country chronology before print selection.","Source: George H.W. Bush Library, Bush Presidential Records, National Security Council, Latin American Affairs Directorate Files, Chronological Files, OA/ID CF00301, CF00301-012, May 1, 1989-May 15, 1989 [3]. Access restriction: Restricted - Possibly. FOIA 2015-0017-S.",https://s3.dualstack.us-east-1.amazonaws.com/NARAprodstorage/lz/presidential-libraries/bush/gb-nsc/Latin_Amer_Aff_Dir_Files/Chronological_2197972/41-bpr-nsc-lat_amer_dir-chron-cf00301-012.pdf,https://catalog.archives.gov/id/470766429
3911,High-priority print candidate,Critical,Paraguay,89,2,19,,Memorandum,U.S. Representation at the May 15 Inauguration of the,Latin American Affairs Directorate Subject Files,"Paraguay - January 20, 1989-December 31, 1989",High,78,Restricted - Possibly,39,"memorandum form; Presidential or NSC principals; democracy, presidential diplomacy; document text visible in OCR","Verify page image, source folder, and date; compare against the country chronology before print selection.","Source: George H.W. Bush Library, Bush Presidential Records, National Security Council, Latin American Affairs Directorate Files, Subject File 1989, OA/ID CF00193, CF00193-001, Paraguay - January 20, 1989-December 31, 1989. Access restriction: Restricted - Possibly. FOIA 2015-0017-S.",https://s3.dualstack.us-east-1.amazonaws.com/NARAprodstorage/lz/presidential-libraries/bush/gb-nsc/Latin_Amer_Aff_Dir_Files/Subject_376217847/41-bpr-nsc-lat_amer_dir-subj-cf00193-001.pdf,https://catalog.archives.gov/id/470766516
3911,High-priority print candidate,Critical,Paraguay,89,2,19,"May 15, 1989",Memorandum,Background Paper and Points to Be Made for the,Latin American Affairs Directorate Subject Files,"Latin America - Churches - January 20, 1989-December 31, 1989",High,72,Restricted - Possibly,54,"memorandum form; Presidential or NSC principals; Latin America, presidential diplomacy, regional policy; document text visible in OCR","Verify page image, source folder, and date; compare against the country chronology before print selection.","Source: George H.W. Bush Library, Bush Presidential Records, National Security Council, Latin American Affairs Directorate Files, Subject File 1989, OA/ID CF00196, CF00196-018, Latin America - Churches - January 20, 1989-December 31, 1989. Access restriction: Restricted - Possibly. FOIA 2015-0017-S.",https://s3.dualstack.us-east-1.amazonaws.com/NARAprodstorage/lz/presidential-libraries/bush/gb-nsc/Latin_Amer_Aff_Dir_Files/Subject_376217847/41-bpr-nsc-lat_amer_dir-subj-cf00196-018.pdf,https://catalog.archives.gov/id/470766604
3911,High-priority print candidate,Critical,Paraguay,89,2,19,"May 15, 1989",Memorandum,Background Paper and Points to Be Made for the,Latin American Affairs Directorate Subject Files,"Latin America - January 20, 1989-December 31, 1989 [2]",High,72,Restricted - Possibly,110,"memorandum form; Presidential or NSC principals; Latin America, presidential diplomacy, regional policy; document text visible in OCR","Verify page image, source folder, and date; compare against the country chronology before print selection.","Source: George H.W. Bush Library, Bush Presidential Records, National Security Council, Latin American Affairs Directorate Files, Subject File 1989, OA/ID CF00192, CF00192-002, Latin America - January 20, 1989-December 31, 1989 [2]. Access restriction: Restricted - Possibly. FOIA 2015-0017-S.",https://s3.dualstack.us-east-1.amazonaws.com/NARAprodstorage/lz/presidential-libraries/bush/gb-nsc/Latin_Amer_Aff_Dir_Files/Subject_376217847/41-bpr-nsc-lat_amer_dir-subj-cf00192-002.pdf,https://catalog.archives.gov/id/470766497
3911,High-priority print candidate,Critical,Paraguay,89,2,19,"May 9, 1989",Memorandum,Request for Aircraft for U.S. Official Delegation,Latin American Directorate Chronological Files,"May 1, 1989-May 15, 1989 [2]",High,72,Restricted - Possibly,23,"memorandum form; Presidential or NSC principals; presidential diplomacy; document text visible in OCR","Verify page image, source folder, and date; compare against the country chronology before print selection.","Source: George H.W. Bush Library, Bush Presidential Records, National Security Council, Latin American Affairs Directorate Files, Chronological Files, OA/ID CF00301, CF00301-011, May 1, 1989-May 15, 1989 [2]. Access restriction: Restricted - Possibly. FOIA 2015-0017-S.",https://s3.dualstack.us-east-1.amazonaws.com/NARAprodstorage/lz/presidential-libraries/bush/gb-nsc/Latin_Amer_Aff_Dir_Files/Chronological_2197972/41-bpr-nsc-lat_amer_dir-chron-cf00301-011.pdf,https://catalog.archives.gov/id/470766428
3911,High-priority print candidate,Critical,Paraguay,89,2,19,"May 9, 1989",Memorandum,Request for Aircraft for U.S. Official Delegation,Latin American Affairs Directorate Subject Files,"Paraguay - January 20, 1989-December 31, 1989",High,72,Restricted - Possibly,31,"memorandum form; Presidential or NSC principals; presidential diplomacy; document text visible in OCR","Verify page image, source folder, and date; compare against the country chronology before print selection.","Source: George H.W. Bush Library, Bush Presidential Records, National Security Council, Latin American Affairs Directorate Files, Subject File 1989, OA/ID CF00193, CF00193-001, Paraguay - January 20, 1989-December 31, 1989. Access restriction: Restricted - Possibly. FOIA 2015-0017-S.",https://s3.dualstack.us-east-1.amazonaws.com/NARAprodstorage/lz/presidential-libraries/bush/gb-nsc/Latin_Amer_Aff_Dir_Files/Subject_376217847/41-bpr-nsc-lat_amer_dir-subj-cf00193-001.pdf,https://catalog.archives.gov/id/470766516
3911,High-priority print candidate,Critical,Paraguay,89,2,19,"May 9, 1989",Memorandum,Request for Aircraft to Transport the U.S. Delegation,Latin American Directorate Chronological Files,"May 1, 1989-May 15, 1989 [2]",High,78,Restricted - Possibly,26,"memorandum form; Presidential or NSC principals; democracy, presidential diplomacy; document text visible in OCR","Verify page image, source folder, and date; compare against the country chronology before print selection.","Source: George H.W. Bush Library, Bush Presidential Records, National Security Council, Latin American Affairs Directorate Files, Chronological Files, OA/ID CF00301, CF00301-011, May 1, 1989-May 15, 1989 [2]. Access restriction: Restricted - Possibly. FOIA 2015-0017-S.",https://s3.dualstack.us-east-1.amazonaws.com/NARAprodstorage/lz/presidential-libraries/bush/gb-nsc/Latin_Amer_Aff_Dir_Files/Chronological_2197972/41-bpr-nsc-lat_amer_dir-chron-cf00301-011.pdf,https://catalog.archives.gov/id/470766428
3911,High-priority print candidate,Critical,Paraguay,89,2,19,"May 9, 1989",Memorandum,Request for Aircraft to Transport the U.S. Delegation,Latin American Affairs Directorate Subject Files,"Paraguay - January 20, 1989-December 31, 1989",High,78,Restricted - Possibly,42,"memorandum form; Presidential or NSC principals; democracy, presidential diplomacy; document text visible in OCR","Verify page image, source folder, and date; compare against the country chronology before print selection.","Source: George H.W. Bush Library, Bush Presidential Records, National Security Council, Latin American Affairs Directorate Files, Subject File 1989, OA/ID CF00193, CF00193-001, Paraguay - January 20, 1989-December 31, 1989. Access restriction: Restricted - Possibly. FOIA 2015-0017-S.",https://s3.dualstack.us-east-1.amazonaws.com/NARAprodstorage/lz/presidential-libraries/bush/gb-nsc/Latin_Amer_Aff_Dir_Files/Subject_376217847/41-bpr-nsc-lat_amer_dir-subj-cf00193-001.pdf,https://catalog.archives.gov/id/470766516
3911,High-priority print candidate,Critical,Paraguay,89,2,19,"November 8, 1989",Memorandum,Meeting with the President,Latin American Directorate Chronological Files,"November 1, 1989-November 15, 1989 [2]",High,72,Restricted - Possibly,21,"memorandum form; Presidential or NSC principals; presidential diplomacy; document text visible in OCR","Verify page image, source folder, and date; compare against the country chronology before print selection.","Source: George H.W. Bush Library, Bush Presidential Records, National Security Council, Latin American Affairs Directorate Files, Chronological Files, OA/ID CF00303, CF00303-010, November 1, 1989-November 15, 1989 [2]. Access restriction: Restricted - Possibly. FOIA 2015-0017-S.",https://s3.dualstack.us-east-1.amazonaws.com/NARAprodstorage/lz/presidential-libraries/bush/gb-nsc/Latin_Amer_Aff_Dir_Files/Chronological_2197972/41-bpr-nsc-lat_amer_dir-chron-cf00303-010.pdf,https://catalog.archives.gov/id/470766467
3911,High-priority print candidate,Critical,Paraguay,89,2,19,"October 13, 1989",Memorandum,The President's Reply to Costa Rican Amateur Fishing,Latin American Directorate Chronological Files,"October 16, 1989-October 31, 1989 [4]",High,72,Restricted - Possibly,28,"memorandum form; Presidential or NSC principals; presidential diplomacy; document text visible in OCR","Verify page image, source folder, and date; compare against the country chronology before print selection.","Source: George H.W. Bush Library, Bush Presidential Records, National Security Council, Latin American Affairs Directorate Files, Chronological Files, OA/ID CF00303, CF00303-007, October 16, 1989-October 31, 1989 [4]. Access restriction: Restricted - Possibly. FOIA 2015-0017-S.",https://s3.dualstack.us-east-1.amazonaws.com/NARAprodstorage/lz/presidential-libraries/bush/gb-nsc/Latin_Amer_Aff_Dir_Files/Chronological_2197972/41-bpr-nsc-lat_amer_dir-chron-cf00303-007.pdf,https://catalog.archives.gov/id/470766464
3911,High-priority print candidate,Critical,Paraguay,89,2,19,"September 18, 1989",Memorandum,Presidential Letter to Jamaican Prime Minister,Latin American Directorate Chronological Files,"September 16, 1989-September 30, 1989 [4]",High,90,Restricted - Possibly,103,"memorandum form; Presidential or NSC principals; presidential diplomacy, panama spillover; document text visible in OCR","Verify page image, source folder, and date; compare against the country chronology before print selection.","Source: George H.W. Bush Library, Bush Presidential Records, National Security Council, Latin American Affairs Directorate Files, Chronological Files, OA/ID CF00302, CF00302-020, September 16, 1989-September 30, 1989 [4]. Access restriction: Restricted - Possibly. FOIA 2015-0017-S.",https://s3.dualstack.us-east-1.amazonaws.com/NARAprodstorage/lz/presidential-libraries/bush/gb-nsc/Latin_Amer_Aff_Dir_Files/Chronological_2197972/41-bpr-nsc-lat_amer_dir-chron-cf00302-020.pdf,https://catalog.archives.gov/id/470766457
3911,High-priority print candidate,Critical,Paraguay,89,2,19,"September 20, 1989",Memorandum,Request from Paraguayan President Rodriguez to Meet,Latin American Directorate Chronological Files,"September 16, 1989-September 30, 1989 [3]",High,72,Restricted - Possibly,7,"memorandum form; Presidential or NSC principals; presidential diplomacy; document text visible in OCR","Verify page image, source folder, and date; compare against the country chronology before print selection.","Source: George H.W. Bush Library, Bush Presidential Records, National Security Council, Latin American Affairs Directorate Files, Chronological Files, OA/ID CF00302, CF00302-019, September 16, 1989-September 30, 1989 [3]. Access restriction: Restricted - Possibly. FOIA 2015-0017-S.",https://s3.dualstack.us-east-1.amazonaws.com/NARAprodstorage/lz/presidential-libraries/bush/gb-nsc/Latin_Amer_Aff_Dir_Files/Chronological_2197972/41-bpr-nsc-lat_amer_dir-chron-cf00302-019.pdf,https://catalog.archives.gov/id/470766456
3911,High-priority print candidate,Critical,Paraguay,89,2,19,"September 21, 1989",Memorandum,Letter to the President from U.S. Families in,Latin American Directorate Chronological Files,"September 16, 1989-September 30, 1989 [3]",High,72,Restricted - Possibly,59,"memorandum form; Presidential or NSC principals; presidential diplomacy; document text visible in OCR","Verify page image, source folder, and date; compare against the country chronology before print selection.","Source: George H.W. Bush Library, Bush Presidential Records, National Security Council, Latin American Affairs Directorate Files, Chronological Files, OA/ID CF00302, CF00302-019, September 16, 1989-September 30, 1989 [3]. Access restriction: Restricted - Possibly. FOIA 2015-0017-S.",https://s3.dualstack.us-east-1.amazonaws.com/NARAprodstorage/lz/presidential-libraries/bush/gb-nsc/Latin_Amer_Aff_Dir_Files/Chronological_2197972/41-bpr-nsc-lat_amer_dir-chron-cf00302-019.pdf,https://catalog.archives.gov/id/470766456
3911,High-priority print candidate,Critical,Paraguay,89,2,19,"September 21, 1989",Memorandum,Letter to the President from U.S. Families in,Latin American Affairs Directorate Subject Files,"Paraguay - January 20, 1989-December 31, 1989",High,72,Restricted - Possibly,22,"memorandum form; Presidential or NSC principals; presidential diplomacy; document text visible in OCR","Verify page image, source folder, and date; compare against the country chronology before print selection.","Source: George H.W. Bush Library, Bush Presidential Records, National Security Council, Latin American Affairs Directorate Files, Subject File 1989, OA/ID CF00193, CF00193-001, Paraguay - January 20, 1989-December 31, 1989. Access restriction: Restricted - Possibly. FOIA 2015-0017-S.",https://s3.dualstack.us-east-1.amazonaws.com/NARAprodstorage/lz/presidential-libraries/bush/gb-nsc/Latin_Amer_Aff_Dir_Files/Subject_376217847/41-bpr-nsc-lat_amer_dir-subj-cf00193-001.pdf,https://catalog.archives.gov/id/470766516
3911,High-priority print candidate,Critical,Paraguay,89,2,19,"September 25, 1989",Memorandum,Letter to the President from U.S. Families Facing,Latin American Affairs Directorate Subject Files,"Paraguay - January 20, 1989-December 31, 1989",High,72,Restricted - Possibly,18,"memorandum form; Presidential or NSC principals; presidential diplomacy, regional policy; document text visible in OCR","Verify page image, source folder, and date; compare against the country chronology before print selection.","Source: George H.W. Bush Library, Bush Presidential Records, National Security Council, Latin American Affairs Directorate Files, Subject File 1989, OA/ID CF00193, CF00193-001, Paraguay - January 20, 1989-December 31, 1989. Access restriction: Restricted - Possibly. FOIA 2015-0017-S.",https://s3.dualstack.us-east-1.amazonaws.com/NARAprodstorage/lz/presidential-libraries/bush/gb-nsc/Latin_Amer_Aff_Dir_Files/Subject_376217847/41-bpr-nsc-lat_amer_dir-subj-cf00193-001.pdf,https://catalog.archives.gov/id/470766516
3911,High-priority print candidate,Critical,"Paraguay; Uruguay; Venezuela",89,2,19,"August 22, 1989",Memorandum,Talking Points for Telephone Conversations with,Latin American Directorate Chronological Files,"August 16, 1989-August 31, 1989 [2]",High,72,Restricted - Possibly,67,"memorandum form; Presidential or NSC principals; presidential diplomacy, regional policy; document text visible in OCR","Verify page image, source folder, and date; compare against the country chronology before print selection.","Source: George H.W. Bush Library, Bush Presidential Records, National Security Council, Latin American Affairs Directorate Files, Chronological Files, OA/ID CF00302, CF00302-012, August 16, 1989-August 31, 1989 [2]. Access restriction: Restricted - Possibly. FOIA 2015-0017-S.",https://s3.dualstack.us-east-1.amazonaws.com/NARAprodstorage/lz/presidential-libraries/bush/gb-nsc/Latin_Amer_Aff_Dir_Files/Chronological_2197972/41-bpr-nsc-lat_amer_dir-chron-cf00302-012.pdf,https://catalog.archives.gov/id/470766449
3913,High-priority print candidate,Critical,"Argentina; Peru",87,4,29,,Memorandum,UNGA Meetings,Latin American Directorate Chronological Files,"August 16, 1989-August 31, 1989 [4]",High,72,Restricted - Possibly,38,"memorandum form; Presidential or NSC principals; democracy, debt and economy, presidential diplomacy; document text visible in OCR","Verify page image, source folder, and date; compare against the country chronology before print selection.","Source: George H.W. Bush Library, Bush Presidential Records, National Security Council, Latin American Affairs Directorate Files, Chronological Files, OA/ID CF00302, CF00302-014, August 16, 1989-August 31, 1989 [4]. Access restriction: Restricted - Possibly. FOIA 2015-0017-S.",https://s3.dualstack.us-east-1.amazonaws.com/NARAprodstorage/lz/presidential-libraries/bush/gb-nsc/Latin_Amer_Aff_Dir_Files/Chronological_2197972/41-bpr-nsc-lat_amer_dir-chron-cf00302-014.pdf,https://catalog.archives.gov/id/470766451
3913,High-priority print candidate,Critical,"Argentina; Peru; Uruguay",87,4,29,,Memorandum,Panama -- Recommendation that President Bush Telephone,Latin American Directorate Chronological Files,"May 16, 1989-May 30, 1989 [3]",High,90,Restricted - Possibly,91,"memorandum form; Presidential or NSC principals; presidential diplomacy, regional policy, panama spillover; document text visible in OCR","Verify page image, source folder, and date; compare against the country chronology before print selection.","Source: George H.W. Bush Library, Bush Presidential Records, National Security Council, Latin American Affairs Directorate Files, Chronological Files, OA/ID CF00301, CF00301-015, May 16, 1989-May 30, 1989 [3]. Access restriction: Restricted - Possibly. FOIA 2015-0017-S.",https://s3.dualstack.us-east-1.amazonaws.com/NARAprodstorage/lz/presidential-libraries/bush/gb-nsc/Latin_Amer_Aff_Dir_Files/Chronological_2197972/41-bpr-nsc-lat_amer_dir-chron-cf00301-015.pdf,https://catalog.archives.gov/id/470766432
3913,High-priority print candidate,Critical,"Argentina; Peru; Uruguay",87,4,29,"May 15, 1989",Memorandum of Conversation,Transmittal of the Memorandum of Conversation of,Latin American Directorate Chronological Files,"May 1, 1989-May 15, 1989 [1]",High,72,Restricted - Possibly,22,"memorandum form; Presidential or NSC principals; presidential diplomacy; document text visible in OCR","Verify page image, source folder, and date; compare against the country chronology before print selection.","Source: George H.W. Bush Library, Bush Presidential Records, National Security Council, Latin American Affairs Directorate Files, Chronological Files, OA/ID CF00301, CF00301-010, May 1, 1989-May 15, 1989 [1]. Access restriction: Restricted - Possibly. FOIA 2015-0017-S.",https://s3.dualstack.us-east-1.amazonaws.com/NARAprodstorage/lz/presidential-libraries/bush/gb-nsc/Latin_Amer_Aff_Dir_Files/Chronological_2197972/41-bpr-nsc-lat_amer_dir-chron-cf00301-010.pdf,https://catalog.archives.gov/id/470766427
3913,High-priority print candidate,Critical,"Colombia; Ecuador; Peru",87,4,29,"October 30, 1989",Memorandum of Telephone Conversation,Telephone Conversation with President Barco,Latin American Affairs Directorate Subject Files,"Colombia - January 20, 1989-December 31, 1989 [1]",High,90,Restricted - Possibly,90,"memorandum form; Presidential or NSC principals; narcotics, presidential diplomacy; document text visible in OCR","Verify page image, source folder, and date; compare against the country chronology before print selection.","Source: George H.W. Bush Library, Bush Presidential Records, National Security Council, Latin American Affairs Directorate Files, Subject File 1989, OA/ID CF00195, CF00195-007, Colombia - January 20, 1989-December 31, 1989 [1]. Access restriction: Restricted - Possibly. FOIA 2001-0434-F.",https://s3.dualstack.us-east-1.amazonaws.com/NARAprodstorage/lz/presidential-libraries/bush/gb-nsc/Latin_Amer_Aff_Dir_Files/Subject_376217847/41-bpr-nsc-lat_amer_dir-subj-cf00195-007.pdf,https://catalog.archives.gov/id/470766564
3913,High-priority print candidate,Critical,"Colombia; Peru",87,4,29,,Memorandum,Colombian Arms Deal,Latin American Directorate Chronological Files,"June 1, 1989-June 30, 1989 [5]",High,78,Restricted - Possibly,83,"memorandum form; narcotics, presidential diplomacy; document text visible in OCR","Verify page image, source folder, and date; compare against the country chronology before print selection.","Source: George H.W. Bush Library, Bush Presidential Records, National Security Council, Latin American Affairs Directorate Files, Chronological Files, OA/ID CF00301, CF00301-020, June 1, 1989-June 30, 1989 [5]. Access restriction: Restricted - Possibly. FOIA 2015-0017-S.",https://s3.dualstack.us-east-1.amazonaws.com/NARAprodstorage/lz/presidential-libraries/bush/gb-nsc/Latin_Amer_Aff_Dir_Files/Chronological_2197972/41-bpr-nsc-lat_amer_dir-chron-cf00301-020.pdf,https://catalog.archives.gov/id/470766437
3913,High-priority print candidate,Critical,"Colombia; Peru",87,4,29,"December 27, 1989",Memorandum,"Andean Summit -- First Good News, Then Bad, Then Good",Latin American Directorate Chronological Files,"December 16, 1989-December 31, 1989 [1]",High,90,Restricted - Possibly,40,"memorandum form; Presidential or NSC principals; narcotics, presidential diplomacy, panama spillover; document text visible in OCR","Verify page image, source folder, and date; compare against the country chronology before print selection.","Source: George H.W. Bush Library, Bush Presidential Records, National Security Council, Latin American Affairs Directorate Files, Chronological Files, OA/ID CF00303, CF00303-015, December 16, 1989-December 31, 1989 [1]. Access restriction: Restricted - Possibly. FOIA 2015-0017-S.",https://s3.dualstack.us-east-1.amazonaws.com/NARAprodstorage/lz/presidential-libraries/bush/gb-nsc/Latin_Amer_Aff_Dir_Files/Chronological_2197972/41-bpr-nsc-lat_amer_dir-chron-cf00303-015.pdf,https://catalog.archives.gov/id/470766472
3913,High-priority print candidate,Critical,Peru,87,4,29,,Memorandum,Appointment Request for Peruvian Candidate,Latin American Directorate Chronological Files,"September 1, 1989-September 15, 1989 [1]",High,72,Restricted - Possibly,92,"memorandum form; Presidential or NSC principals; presidential diplomacy, regional policy; document text visible in OCR","Verify page image, source folder, and date; compare against the country chronology before print selection.","Source: George H.W. Bush Library, Bush Presidential Records, National Security Council, Latin American Affairs Directorate Files, Chronological Files, OA/ID CF00302, CF00302-015, September 1, 1989-September 15, 1989 [1]. Access restriction: Restricted - Possibly. FOIA 2015-0017-S.",https://s3.dualstack.us-east-1.amazonaws.com/NARAprodstorage/lz/presidential-libraries/bush/gb-nsc/Latin_Amer_Aff_Dir_Files/Chronological_2197972/41-bpr-nsc-lat_amer_dir-chron-cf00302-015.pdf,https://catalog.archives.gov/id/470766452
3913,High-priority print candidate,Critical,Peru,87,4,29,,Memorandum,Letters for Families of Victims Killed in Peru on,Latin American Affairs Directorate Subject Files,"Peru - January 20, 1989-December 31, 1989",High,90,Restricted - Possibly,35,"memorandum form; Presidential or NSC principals; narcotics, presidential diplomacy; document text visible in OCR","Verify page image, source folder, and date; compare against the country chronology before print selection.","Source: George H.W. Bush Library, Bush Presidential Records, National Security Council, Latin American Affairs Directorate Files, Subject File 1989, OA/ID CF00193, CF00193-003, Peru - January 20, 1989-December 31, 1989. Access restriction: Restricted - Possibly. FOIA 2001-0010-F.",https://s3.dualstack.us-east-1.amazonaws.com/NARAprodstorage/lz/presidential-libraries/bush/gb-nsc/Latin_Amer_Aff_Dir_Files/Subject_376217847/41-bpr-nsc-lat_amer_dir-subj-cf00193-003.pdf,https://catalog.archives.gov/id/470766518
3913,High-priority print candidate,Critical,Peru,87,4,29,,Memorandum,Points to Be Made in Possible Telephone Call from,Latin American Directorate Chronological Files,"May 16, 1989-May 30, 1989 [2]",High,90,Restricted - Possibly,61,"memorandum form; Presidential or NSC principals; narcotics, presidential diplomacy, regional policy; document text visible in OCR","Verify page image, source folder, and date; compare against the country chronology before print selection.","Source: George H.W. Bush Library, Bush Presidential Records, National Security Council, Latin American Affairs Directorate Files, Chronological Files, OA/ID CF00301, CF00301-014, May 16, 1989-May 30, 1989 [2]. Access restriction: Restricted - Possibly. FOIA 2015-0017-S.",https://s3.dualstack.us-east-1.amazonaws.com/NARAprodstorage/lz/presidential-libraries/bush/gb-nsc/Latin_Amer_Aff_Dir_Files/Chronological_2197972/41-bpr-nsc-lat_amer_dir-chron-cf00301-014.pdf,https://catalog.archives.gov/id/470766431
3913,High-priority print candidate,Critical,Peru,87,4,29,,Memorandum,Points to Be Made in Possible Telephone Call from,Latin American Affairs Directorate Subject Files,"Peru - January 20, 1989-December 31, 1989",High,90,Restricted - Possibly,82,"memorandum form; Presidential or NSC principals; narcotics, presidential diplomacy, regional policy; document text visible in OCR","Verify page image, source folder, and date; compare against the country chronology before print selection.","Source: George H.W. Bush Library, Bush Presidential Records, National Security Council, Latin American Affairs Directorate Files, Subject File 1989, OA/ID CF00193, CF00193-003, Peru - January 20, 1989-December 31, 1989. Access restriction: Restricted - Possibly. FOIA 2001-0010-F.",https://s3.dualstack.us-east-1.amazonaws.com/NARAprodstorage/lz/presidential-libraries/bush/gb-nsc/Latin_Amer_Aff_Dir_Files/Subject_376217847/41-bpr-nsc-lat_amer_dir-subj-cf00193-003.pdf,https://catalog.archives.gov/id/470766518
3913,High-priority print candidate,Critical,Peru,87,4,29,"June 5, 1989",Memorandum,Letters for Families of Victims Killed in Peru on,Latin American Affairs Directorate Subject Files,"Drug / Anti-Narcotics - January 20, 1989-December 31, 1989 [2]",High,90,Restricted - Possibly,57,"memorandum form; Presidential or NSC principals; narcotics, drug, presidential diplomacy; document text visible in OCR","Verify page image, source folder, and date; compare against the country chronology before print selection.","Source: George H.W. Bush Library, Bush Presidential Records, National Security Council, Latin American Affairs Directorate Files, Subject File 1989, OA/ID CF00194, CF00194-014, Drug / Anti-Narcotics - January 20, 1989-December 31, 1989 [2]. Access restriction: Restricted - Possibly. FOIA 2015-0017-S.",https://s3.dualstack.us-east-1.amazonaws.com/NARAprodstorage/lz/presidential-libraries/bush/gb-nsc/Latin_Amer_Aff_Dir_Files/Subject_376217847/41-bpr-nsc-lat_amer_dir-subj-cf00194-014.pdf,https://catalog.archives.gov/id/470766551
3913,High-priority print candidate,Critical,Peru,87,4,29,"June 7, 1989",Memorandum,Letters to wamirioo ey of Peru Victims and Phone Call,Latin American Affairs Directorate Subject Files,"Drug / Anti-Narcotics - January 20, 1989-December 31, 1989 [2]",High,78,Restricted - Possibly,56,"memorandum form; Presidential or NSC principals; narcotics, drug, presidential diplomacy; document text visible in OCR","Verify page image, source folder, and date; compare against the country chronology before print selection.","Source: George H.W. Bush Library, Bush Presidential Records, National Security Council, Latin American Affairs Directorate Files, Subject File 1989, OA/ID CF00194, CF00194-014, Drug / Anti-Narcotics - January 20, 1989-December 31, 1989 [2]. Access restriction: Restricted - Possibly. FOIA 2015-0017-S.",https://s3.dualstack.us-east-1.amazonaws.com/NARAprodstorage/lz/presidential-libraries/bush/gb-nsc/Latin_Amer_Aff_Dir_Files/Subject_376217847/41-bpr-nsc-lat_amer_dir-subj-cf00194-014.pdf,https://catalog.archives.gov/id/470766551
3913,High-priority print candidate,Critical,Peru,87,4,29,"May 20, 1989",Memorandum,Letters to Families of Peru Victims and Phone Call,Latin American Affairs Directorate Subject Files,"Peru - January 20, 1989-December 31, 1989",High,78,Restricted - Possibly,36,"memorandum form; Presidential or NSC principals; narcotics, presidential diplomacy; document text visible in OCR","Verify page image, source folder, and date; compare against the country chronology before print selection.","Source: George H.W. Bush Library, Bush Presidential Records, National Security Council, Latin American Affairs Directorate Files, Subject File 1989, OA/ID CF00193, CF00193-003, Peru - January 20, 1989-December 31, 1989. Access restriction: Restricted - Possibly. FOIA 2001-0010-F.",https://s3.dualstack.us-east-1.amazonaws.com/NARAprodstorage/lz/presidential-libraries/bush/gb-nsc/Latin_Amer_Aff_Dir_Files/Subject_376217847/41-bpr-nsc-lat_amer_dir-subj-cf00193-003.pdf,https://catalog.archives.gov/id/470766518
3913,High-priority print candidate,Critical,Peru,87,4,29,"May 22, 1989",Memorandum,Possible Call to the President from Peruvian,Latin American Directorate Chronological Files,"May 16, 1989-May 30, 1989 [2]",High,90,Restricted - Possibly,59,"memorandum form; Presidential or NSC principals; narcotics, presidential diplomacy, regional policy; document text visible in OCR","Verify page image, source folder, and date; compare against the country chronology before print selection.","Source: George H.W. Bush Library, Bush Presidential Records, National Security Council, Latin American Affairs Directorate Files, Chronological Files, OA/ID CF00301, CF00301-014, May 16, 1989-May 30, 1989 [2]. Access restriction: Restricted - Possibly. FOIA 2015-0017-S.",https://s3.dualstack.us-east-1.amazonaws.com/NARAprodstorage/lz/presidential-libraries/bush/gb-nsc/Latin_Amer_Aff_Dir_Files/Chronological_2197972/41-bpr-nsc-lat_amer_dir-chron-cf00301-014.pdf,https://catalog.archives.gov/id/470766431
3913,High-priority print candidate,Critical,Peru,87,4,29,"May 22, 1989",Memorandum,Possible Call to the President from Peruvian,Latin American Affairs Directorate Subject Files,"Peru - January 20, 1989-December 31, 1989",High,90,Restricted - Possibly,80,"memorandum form; Presidential or NSC principals; narcotics, presidential diplomacy, regional policy; document text visible in OCR","Verify page image, source folder, and date; compare against the country chronology before print selection.","Source: George H.W. Bush Library, Bush Presidential Records, National Security Council, Latin American Affairs Directorate Files, Subject File 1989, OA/ID CF00193, CF00193-003, Peru - January 20, 1989-December 31, 1989. Access restriction: Restricted - Possibly. FOIA 2001-0010-F.",https://s3.dualstack.us-east-1.amazonaws.com/NARAprodstorage/lz/presidential-libraries/bush/gb-nsc/Latin_Amer_Aff_Dir_Files/Subject_376217847/41-bpr-nsc-lat_amer_dir-subj-cf00193-003.pdf,https://catalog.archives.gov/id/470766518
3913,High-priority print candidate,Critical,Peru,87,4,29,"September 13, 1989",Memorandum,Meeting with Amnesty International CHRON,Latin American Directorate Chronological Files,"September 1, 1989-September 15, 1989 [1]",High,90,Restricted - Possibly,52,"memorandum form; Presidential or NSC principals; democracy, presidential diplomacy; document text visible in OCR","Verify page image, source folder, and date; compare against the country chronology before print selection.","Source: George H.W. Bush Library, Bush Presidential Records, National Security Council, Latin American Affairs Directorate Files, Chronological Files, OA/ID CF00302, CF00302-015, September 1, 1989-September 15, 1989 [1]. Access restriction: Restricted - Possibly. FOIA 2015-0017-S.",https://s3.dualstack.us-east-1.amazonaws.com/NARAprodstorage/lz/presidential-libraries/bush/gb-nsc/Latin_Amer_Aff_Dir_Files/Chronological_2197972/41-bpr-nsc-lat_amer_dir-chron-cf00302-015.pdf,https://catalog.archives.gov/id/470766452
3913,High-priority print candidate,Critical,Peru,87,4,29,"September 7, 1989",Memorandum,Vargas Llosa,Latin American Directorate Chronological Files,"September 1, 1989-September 15, 1989 [1]",High,90,Restricted - Possibly,91,"memorandum form; Presidential or NSC principals; democracy, presidential diplomacy; document text visible in OCR","Verify page image, source folder, and date; compare against the country chronology before print selection.","Source: George H.W. Bush Library, Bush Presidential Records, National Security Council, Latin American Affairs Directorate Files, Chronological Files, OA/ID CF00302, CF00302-015, September 1, 1989-September 15, 1989 [1]. Access restriction: Restricted - Possibly. FOIA 2015-0017-S.",https://s3.dualstack.us-east-1.amazonaws.com/NARAprodstorage/lz/presidential-libraries/bush/gb-nsc/Latin_Amer_Aff_Dir_Files/Chronological_2197972/41-bpr-nsc-lat_amer_dir-chron-cf00302-015.pdf,https://catalog.archives.gov/id/470766452
3914,High-priority print candidate,Critical,Guyana,86,1,25,,Memorandum,Informal Working Viait of Prime Minister Burnham of Guyana,Latin American Directorate Chronological Files,"April 16, 1989-April 30, 1989 [3]",High,72,Restricted - Possibly,83,"memorandum form; Presidential or NSC principals; democracy, presidential diplomacy; document text visible in OCR","Verify page image, source folder, and date; compare against the country chronology before print selection.","Source: George H.W. Bush Library, Bush Presidential Records, National Security Council, Latin American Affairs Directorate Files, Chronological Files, OA/ID CF00301, CF00301-006, April 16, 1989-April 30, 1989 [3]. Access restriction: Restricted - Possibly. FOIA 2015-0017-S.",https://s3.dualstack.us-east-1.amazonaws.com/NARAprodstorage/lz/presidential-libraries/bush/gb-nsc/Latin_Amer_Aff_Dir_Files/Chronological_2197972/41-bpr-nsc-lat_amer_dir-chron-cf00301-006.pdf,https://catalog.archives.gov/id/470766423
3914,High-priority print candidate,Critical,Guyana,86,1,25,,Memorandum,Informal Working Visit of Prime Minister Burnham of Guyana,Latin American Directorate Chronological Files,"April 16, 1989-April 30, 1989 [4]",High,72,Restricted - Possibly,39,"memorandum form; Presidential or NSC principals; presidential diplomacy; document text visible in OCR","Verify page image, source folder, and date; compare against the country chronology before print selection.","Source: George H.W. Bush Library, Bush Presidential Records, National Security Council, Latin American Affairs Directorate Files, Chronological Files, OA/ID CF00301, CF00301-007, April 16, 1989-April 30, 1989 [4]. Access restriction: Restricted - Possibly. FOIA 2015-0017-S.",https://s3.dualstack.us-east-1.amazonaws.com/NARAprodstorage/lz/presidential-libraries/bush/gb-nsc/Latin_Amer_Aff_Dir_Files/Chronological_2197972/41-bpr-nsc-lat_amer_dir-chron-cf00301-007.pdf,https://catalog.archives.gov/id/470766424
3914,High-priority print candidate,Critical,Guyana,86,1,25,,Memorandum,Photo Opportunity with the President for Guyanese,Latin American Affairs Directorate Subject Files,"Guyana - January 20, 1989-December 31, 1989",High,72,Restricted - Possibly,66,"memorandum form; Presidential or NSC principals; presidential diplomacy; document text visible in OCR","Verify page image, source folder, and date; compare against the country chronology before print selection.","Source: George H.W. Bush Library, Bush Presidential Records, National Security Council, Latin American Affairs Directorate Files, Subject File 1989, OA/ID CF00196, CF00196-013, Guyana - January 20, 1989-December 31, 1989. Access restriction: Restricted - Possibly. FOIA 2015-0017-S.",https://s3.dualstack.us-east-1.amazonaws.com/NARAprodstorage/lz/presidential-libraries/bush/gb-nsc/Latin_Amer_Aff_Dir_Files/Subject_376217847/41-bpr-nsc-lat_amer_dir-subj-cf00196-013.pdf,https://catalog.archives.gov/id/470766599
3914,High-priority print candidate,Critical,Guyana,86,1,25,,Memorandum,Robert Pastorino’s Meeting with the Guyanese,Latin American Directorate Chronological Files,"February 1, 1989-March 1, 1989 [1]",High,70,Restricted - Possibly,46,"memorandum form; debt and economy; document text visible in OCR","Verify page image, source folder, and date; compare against the country chronology before print selection.","Source: George H.W. Bush Library, Bush Presidential Records, National Security Council, Latin American Affairs Directorate Files, Chronological Files, OA/ID CF00300, CF00300-005, February 1, 1989-March 1, 1989 [1]. Access restriction: Restricted - Possibly. FOIA 2015-0017-S.",https://s3.dualstack.us-east-1.amazonaws.com/NARAprodstorage/lz/presidential-libraries/bush/gb-nsc/Latin_Amer_Aff_Dir_Files/Chronological_2197972/41-bpr-nsc-lat_amer_dir-chron-cf00300-005.pdf,https://catalog.archives.gov/id/470766406
3914,High-priority print candidate,Critical,Guyana,86,1,25,,Talking Points,TALKING POINTS FOR THE PRESIDENT'S MEETING WITH HOYTE,Latin American Directorate Chronological Files,"June 1, 1989-June 30, 1989 [3]",High,72,Restricted - Possibly,47,"Presidential or NSC principals; debt and economy, presidential diplomacy; document text visible in OCR","Verify page image, source folder, and date; compare against the country chronology before print selection.","Source: George H.W. Bush Library, Bush Presidential Records, National Security Council, Latin American Affairs Directorate Files, Chronological Files, OA/ID CF00301, CF00301-018, June 1, 1989-June 30, 1989 [3]. Access restriction: Restricted - Possibly. FOIA 2015-0017-S.",https://s3.dualstack.us-east-1.amazonaws.com/NARAprodstorage/lz/presidential-libraries/bush/gb-nsc/Latin_Amer_Aff_Dir_Files/Chronological_2197972/41-bpr-nsc-lat_amer_dir-chron-cf00301-018.pdf,https://catalog.archives.gov/id/470766435
3914,High-priority print candidate,Critical,Guyana,86,1,25,,Talking Points,TALKING POINTS FOR THE PRESIDENT'S MEETING WITH HOYTE,Latin American Affairs Directorate Subject Files,"Guyana - January 20, 1989-December 31, 1989",High,72,Restricted - Possibly,42,"Presidential or NSC principals; debt and economy, presidential diplomacy; document text visible in OCR","Verify page image, source folder, and date; compare against the country chronology before print selection.","Source: George H.W. Bush Library, Bush Presidential Records, National Security Council, Latin American Affairs Directorate Files, Subject File 1989, OA/ID CF00196, CF00196-013, Guyana - January 20, 1989-December 31, 1989. Access restriction: Restricted - Possibly. FOIA 2015-0017-S.",https://s3.dualstack.us-east-1.amazonaws.com/NARAprodstorage/lz/presidential-libraries/bush/gb-nsc/Latin_Amer_Aff_Dir_Files/Subject_376217847/41-bpr-nsc-lat_amer_dir-subj-cf00196-013.pdf,https://catalog.archives.gov/id/470766599
3914,High-priority print candidate,Critical,Guyana,86,1,25,,Memorandum,To: Melvyn Levitsky From: Philip Hughes n.d. Oe) x Re: Robert Pastorino's Meeting with Guyanese. Minister of Finance. 06a: Memorandum To:,Latin American Directorate Chronological Files,"February 1, 1989-March 1, 1989 [1]",High,72,Restricted - Possibly,3,"memorandum form; Presidential or NSC principals; presidential diplomacy; identified on withdrawal sheet","Verify page image, source folder, and date; compare against the country chronology before print selection.","Source: George H.W. Bush Library, Bush Presidential Records, National Security Council, Latin American Affairs Directorate Files, Chronological Files, OA/ID CF00300, CF00300-005, February 1, 1989-March 1, 1989 [1]. Access restriction: Restricted - Possibly. FOIA 2015-0017-S.",https://s3.dualstack.us-east-1.amazonaws.com/NARAprodstorage/lz/presidential-libraries/bush/gb-nsc/Latin_Amer_Aff_Dir_Files/Chronological_2197972/41-bpr-nsc-lat_amer_dir-chron-cf00300-005.pdf,https://catalog.archives.gov/id/470766406
3914,High-priority print candidate,Critical,Guyana,86,1,25,6/19/89,Memcon,President's Meeting with Président Desmond Hoyte of Guyana (4,Latin American Directorate Chronological Files,"June 1, 1989-June 30, 1989 [3]",High,72,Restricted - Possibly,3,"memorandum form; Presidential or NSC principals; presidential diplomacy; identified on withdrawal sheet","Verify page image, source folder, and date; compare against the country chronology before print selection.","Source: George H.W. Bush Library, Bush Presidential Records, National Security Council, Latin American Affairs Directorate Files, Chronological Files, OA/ID CF00301, CF00301-018, June 1, 1989-June 30, 1989 [3]. Access restriction: Restricted - Possibly. FOIA 2015-0017-S.",https://s3.dualstack.us-east-1.amazonaws.com/NARAprodstorage/lz/presidential-libraries/bush/gb-nsc/Latin_Amer_Aff_Dir_Files/Chronological_2197972/41-bpr-nsc-lat_amer_dir-chron-cf00301-018.pdf,https://catalog.archives.gov/id/470766435
3914,High-priority print candidate,Critical,Guyana,86,1,25,"February 27, 1989",Memorandum,Robert Pastorino’s Meeting with the Guyanese,Latin American Affairs Directorate Subject Files,"Guyana - January 20, 1989-December 31, 1989",High,70,Restricted - Possibly,69,"memorandum form; debt and economy; document text visible in OCR","Verify page image, source folder, and date; compare against the country chronology before print selection.","Source: George H.W. Bush Library, Bush Presidential Records, National Security Council, Latin American Affairs Directorate Files, Subject File 1989, OA/ID CF00196, CF00196-013, Guyana - January 20, 1989-December 31, 1989. Access restriction: Restricted - Possibly. FOIA 2015-0017-S.",https://s3.dualstack.us-east-1.amazonaws.com/NARAprodstorage/lz/presidential-libraries/bush/gb-nsc/Latin_Amer_Aff_Dir_Files/Subject_376217847/41-bpr-nsc-lat_amer_dir-subj-cf00196-013.pdf,https://catalog.archives.gov/id/470766599
3914,High-priority print candidate,Critical,Guyana,86,1,25,"June 16, 1989",Memorandum,Background Paper and Points To Be Made for the,Latin American Affairs Directorate Subject Files,"Guyana - January 20, 1989-December 31, 1989",High,72,Restricted - Possibly,27,"memorandum form; Presidential or NSC principals; debt and economy, presidential diplomacy; document text visible in OCR","Verify page image, source folder, and date; compare against the country chronology before print selection.","Source: George H.W. Bush Library, Bush Presidential Records, National Security Council, Latin American Affairs Directorate Files, Subject File 1989, OA/ID CF00196, CF00196-013, Guyana - January 20, 1989-December 31, 1989. Access restriction: Restricted - Possibly. FOIA 2015-0017-S.",https://s3.dualstack.us-east-1.amazonaws.com/NARAprodstorage/lz/presidential-libraries/bush/gb-nsc/Latin_Amer_Aff_Dir_Files/Subject_376217847/41-bpr-nsc-lat_amer_dir-subj-cf00196-013.pdf,https://catalog.archives.gov/id/470766599
3914,High-priority print candidate,Critical,Guyana,86,1,25,"June 16, 1989",Memorandum,"Meeting with Guyanese President Hugh Desmond Hoyte,",Latin American Directorate Chronological Files,"June 1, 1989-June 30, 1989 [3]",High,72,Restricted - Possibly,44,"memorandum form; Presidential or NSC principals; presidential diplomacy; document text visible in OCR","Verify page image, source folder, and date; compare against the country chronology before print selection.","Source: George H.W. Bush Library, Bush Presidential Records, National Security Council, Latin American Affairs Directorate Files, Chronological Files, OA/ID CF00301, CF00301-018, June 1, 1989-June 30, 1989 [3]. Access restriction: Restricted - Possibly. FOIA 2015-0017-S.",https://s3.dualstack.us-east-1.amazonaws.com/NARAprodstorage/lz/presidential-libraries/bush/gb-nsc/Latin_Amer_Aff_Dir_Files/Chronological_2197972/41-bpr-nsc-lat_amer_dir-chron-cf00301-018.pdf,https://catalog.archives.gov/id/470766435
3914,High-priority print candidate,Critical,Guyana,86,1,25,"June 19, 1989",Memorandum,Meeting with Guyanese President Hugh Desmond,Latin American Affairs Directorate Subject Files,"Guyana - January 20, 1989-December 31, 1989",High,72,Restricted - Possibly,39,"memorandum form; Presidential or NSC principals; presidential diplomacy; document text visible in OCR","Verify page image, source folder, and date; compare against the country chronology before print selection.","Source: George H.W. Bush Library, Bush Presidential Records, National Security Council, Latin American Affairs Directorate Files, Subject File 1989, OA/ID CF00196, CF00196-013, Guyana - January 20, 1989-December 31, 1989. Access restriction: Restricted - Possibly. FOIA 2015-0017-S.",https://s3.dualstack.us-east-1.amazonaws.com/NARAprodstorage/lz/presidential-libraries/bush/gb-nsc/Latin_Amer_Aff_Dir_Files/Subject_376217847/41-bpr-nsc-lat_amer_dir-subj-cf00196-013.pdf,https://catalog.archives.gov/id/470766599
3914,High-priority print candidate,Critical,Guyana,86,1,25,"June 19, 1989",Memorandum of Conversation,Memorandum of the President’s Conversation with,Latin American Directorate Chronological Files,"June 1, 1989-June 30, 1989 [2]",High,72,Restricted - Possibly,92,"memorandum form; Presidential or NSC principals; presidential diplomacy; document text visible in OCR","Verify page image, source folder, and date; compare against the country chronology before print selection.","Source: George H.W. Bush Library, Bush Presidential Records, National Security Council, Latin American Affairs Directorate Files, Chronological Files, OA/ID CF00301, CF00301-017, June 1, 1989-June 30, 1989 [2]. Access restriction: Restricted - Possibly. FOIA 2015-0017-S.",https://s3.dualstack.us-east-1.amazonaws.com/NARAprodstorage/lz/presidential-libraries/bush/gb-nsc/Latin_Amer_Aff_Dir_Files/Chronological_2197972/41-bpr-nsc-lat_amer_dir-chron-cf00301-017.pdf,https://catalog.archives.gov/id/470766434
3914,High-priority print candidate,Critical,Guyana,86,1,25,"June 19, 1989",Memorandum of Conversation,Memorandum of the President’s Conversation with,Latin American Directorate Chronological Files,"June 1, 1989-June 30, 1989 [3]",High,72,Restricted - Possibly,26,"memorandum form; Presidential or NSC principals; presidential diplomacy; document text visible in OCR","Verify page image, source folder, and date; compare against the country chronology before print selection.","Source: George H.W. Bush Library, Bush Presidential Records, National Security Council, Latin American Affairs Directorate Files, Chronological Files, OA/ID CF00301, CF00301-018, June 1, 1989-June 30, 1989 [3]. Access restriction: Restricted - Possibly. FOIA 2015-0017-S.",https://s3.dualstack.us-east-1.amazonaws.com/NARAprodstorage/lz/presidential-libraries/bush/gb-nsc/Latin_Amer_Aff_Dir_Files/Chronological_2197972/41-bpr-nsc-lat_amer_dir-chron-cf00301-018.pdf,https://catalog.archives.gov/id/470766435
3914,High-priority print candidate,Critical,Guyana,86,1,25,"June 19, 1989",Memorandum of Conversation,Memorandum of the President’s Conversation with,Latin American Affairs Directorate Subject Files,"Guyana - January 20, 1989-December 31, 1989",High,72,Restricted - Possibly,18,"memorandum form; Presidential or NSC principals; presidential diplomacy; document text visible in OCR","Verify page image, source folder, and date; compare against the country chronology before print selection.","Source: George H.W. Bush Library, Bush Presidential Records, National Security Council, Latin American Affairs Directorate Files, Subject File 1989, OA/ID CF00196, CF00196-013, Guyana - January 20, 1989-December 31, 1989. Access restriction: Restricted - Possibly. FOIA 2015-0017-S.",https://s3.dualstack.us-east-1.amazonaws.com/NARAprodstorage/lz/presidential-libraries/bush/gb-nsc/Latin_Amer_Aff_Dir_Files/Subject_376217847/41-bpr-nsc-lat_amer_dir-subj-cf00196-013.pdf,https://catalog.archives.gov/id/470766599
3914,High-priority print candidate,Critical,Guyana,86,1,25,"June 19, 1989",Memorandum of Conversation,The President’s Meeting with President,Latin American Directorate Chronological Files,"June 1, 1989-June 30, 1989 [2]",High,72,Restricted - Possibly,93,"memorandum form; Presidential or NSC principals; presidential diplomacy; document text visible in OCR","Verify page image, source folder, and date; compare against the country chronology before print selection.","Source: George H.W. Bush Library, Bush Presidential Records, National Security Council, Latin American Affairs Directorate Files, Chronological Files, OA/ID CF00301, CF00301-017, June 1, 1989-June 30, 1989 [2]. Access restriction: Restricted - Possibly. FOIA 2015-0017-S.",https://s3.dualstack.us-east-1.amazonaws.com/NARAprodstorage/lz/presidential-libraries/bush/gb-nsc/Latin_Amer_Aff_Dir_Files/Chronological_2197972/41-bpr-nsc-lat_amer_dir-chron-cf00301-017.pdf,https://catalog.archives.gov/id/470766434
3914,High-priority print candidate,Critical,Guyana,86,1,25,"June 19, 1989",Memorandum of Conversation,The President’s Meeting with President,Latin American Affairs Directorate Subject Files,"Guyana - January 20, 1989-December 31, 1989",High,72,Restricted - Possibly,14,"memorandum form; Presidential or NSC principals; presidential diplomacy; document text visible in OCR","Verify page image, source folder, and date; compare against the country chronology before print selection.","Source: George H.W. Bush Library, Bush Presidential Records, National Security Council, Latin American Affairs Directorate Files, Subject File 1989, OA/ID CF00196, CF00196-013, Guyana - January 20, 1989-December 31, 1989. Access restriction: Restricted - Possibly. FOIA 2015-0017-S.",https://s3.dualstack.us-east-1.amazonaws.com/NARAprodstorage/lz/presidential-libraries/bush/gb-nsc/Latin_Amer_Aff_Dir_Files/Subject_376217847/41-bpr-nsc-lat_amer_dir-subj-cf00196-013.pdf,https://catalog.archives.gov/id/470766599
3914,High-priority print candidate,Critical,Guyana,86,1,25,"June 19, 1989",Memorandum of Conversation,The President’s Meeting with President |,Latin American Directorate Chronological Files,"June 1, 1989-June 30, 1989 [3]",High,72,Restricted - Possibly,27,"memorandum form; Presidential or NSC principals; presidential diplomacy; document text visible in OCR","Verify page image, source folder, and date; compare against the country chronology before print selection.","Source: George H.W. Bush Library, Bush Presidential Records, National Security Council, Latin American Affairs Directorate Files, Chronological Files, OA/ID CF00301, CF00301-018, June 1, 1989-June 30, 1989 [3]. Access restriction: Restricted - Possibly. FOIA 2015-0017-S.",https://s3.dualstack.us-east-1.amazonaws.com/NARAprodstorage/lz/presidential-libraries/bush/gb-nsc/Latin_Amer_Aff_Dir_Files/Chronological_2197972/41-bpr-nsc-lat_amer_dir-chron-cf00301-018.pdf,https://catalog.archives.gov/id/470766435
3914,High-priority print candidate,Critical,Guyana,86,1,25,"May 13, 1989",Memorandum,Photo Opportunity with the President for Guyanese,Latin American Directorate Chronological Files,"May 16, 1989-May 30, 1989 [2]",High,72,Restricted - Possibly,40,"memorandum form; Presidential or NSC principals; presidential diplomacy; document text visible in OCR","Verify page image, source folder, and date; compare against the country chronology before print selection.","Source: George H.W. Bush Library, Bush Presidential Records, National Security Council, Latin American Affairs Directorate Files, Chronological Files, OA/ID CF00301, CF00301-014, May 16, 1989-May 30, 1989 [2]. Access restriction: Restricted - Possibly. FOIA 2015-0017-S.",https://s3.dualstack.us-east-1.amazonaws.com/NARAprodstorage/lz/presidential-libraries/bush/gb-nsc/Latin_Amer_Aff_Dir_Files/Chronological_2197972/41-bpr-nsc-lat_amer_dir-chron-cf00301-014.pdf,https://catalog.archives.gov/id/470766431
3914,High-priority print candidate,Critical,Guyana,86,1,25,"May 13, 1989",Memorandum,Photo Opportunity with the President for Guyanese,Latin American Affairs Directorate Subject Files,"Guyana - January 20, 1989-December 31, 1989",High,72,Restricted - Possibly,12,"memorandum form; Presidential or NSC principals; presidential diplomacy; document text visible in OCR","Verify page image, source folder, and date; compare against the country chronology before print selection.","Source: George H.W. Bush Library, Bush Presidential Records, National Security Council, Latin American Affairs Directorate Files, Subject File 1989, OA/ID CF00196, CF00196-013, Guyana - January 20, 1989-December 31, 1989. Access restriction: Restricted - Possibly. FOIA 2015-0017-S.",https://s3.dualstack.us-east-1.amazonaws.com/NARAprodstorage/lz/presidential-libraries/bush/gb-nsc/Latin_Amer_Aff_Dir_Files/Subject_376217847/41-bpr-nsc-lat_amer_dir-subj-cf00196-013.pdf,https://catalog.archives.gov/id/470766599
3914,High-priority print candidate,Critical,Guyana,86,1,25,"May 24, 1989",Memorandum,' Request by Guyana’s President for a Brief Visit,Latin American Affairs Directorate Subject Files,"Guyana - January 20, 1989-December 31, 1989",High,72,Restricted - Possibly,65,"memorandum form; Presidential or NSC principals; presidential diplomacy; document text visible in OCR","Verify page image, source folder, and date; compare against the country chronology before print selection.","Source: George H.W. Bush Library, Bush Presidential Records, National Security Council, Latin American Affairs Directorate Files, Subject File 1989, OA/ID CF00196, CF00196-013, Guyana - January 20, 1989-December 31, 1989. Access restriction: Restricted - Possibly. FOIA 2015-0017-S.",https://s3.dualstack.us-east-1.amazonaws.com/NARAprodstorage/lz/presidential-libraries/bush/gb-nsc/Latin_Amer_Aff_Dir_Files/Subject_376217847/41-bpr-nsc-lat_amer_dir-subj-cf00196-013.pdf,https://catalog.archives.gov/id/470766599
3914,High-priority print candidate,Critical,Guyana,86,1,25,"May 24, 1989",Memorandum,Request by Guyana’s President for a Brief Visit,Latin American Directorate Chronological Files,"May 16, 1989-May 30, 1989 [2]",High,72,Restricted - Possibly,37,"memorandum form; Presidential or NSC principals; presidential diplomacy; document text visible in OCR","Verify page image, source folder, and date; compare against the country chronology before print selection.","Source: George H.W. Bush Library, Bush Presidential Records, National Security Council, Latin American Affairs Directorate Files, Chronological Files, OA/ID CF00301, CF00301-014, May 16, 1989-May 30, 1989 [2]. Access restriction: Restricted - Possibly. FOIA 2015-0017-S.",https://s3.dualstack.us-east-1.amazonaws.com/NARAprodstorage/lz/presidential-libraries/bush/gb-nsc/Latin_Amer_Aff_Dir_Files/Chronological_2197972/41-bpr-nsc-lat_amer_dir-chron-cf00301-014.pdf,https://catalog.archives.gov/id/470766431
3914,High-priority print candidate,Critical,"Guyana; Venezuela",86,1,25,,Action Memo,Appointment for Guyana Prime Minister Burnham,Latin American Directorate Chronological Files,"April 16, 1989-April 30, 1989 [3]",High,90,Restricted - Possibly,84,"memorandum form; Presidential or NSC principals; democracy, presidential diplomacy; document text visible in OCR","Verify page image, source folder, and date; compare against the country chronology before print selection.","Source: George H.W. Bush Library, Bush Presidential Records, National Security Council, Latin American Affairs Directorate Files, Chronological Files, OA/ID CF00301, CF00301-006, April 16, 1989-April 30, 1989 [3]. Access restriction: Restricted - Possibly. FOIA 2015-0017-S.",https://s3.dualstack.us-east-1.amazonaws.com/NARAprodstorage/lz/presidential-libraries/bush/gb-nsc/Latin_Amer_Aff_Dir_Files/Chronological_2197972/41-bpr-nsc-lat_amer_dir-chron-cf00301-006.pdf,https://catalog.archives.gov/id/470766423
3914,High-priority print candidate,Critical,"Guyana; Venezuela",86,1,25,,Action Memo,Appointment for Guyana Prime Minister Burnham,Latin American Directorate Chronological Files,"April 16, 1989-April 30, 1989 [4]",High,90,Restricted - Possibly,40,"memorandum form; Presidential or NSC principals; democracy, presidential diplomacy; document text visible in OCR","Verify page image, source folder, and date; compare against the country chronology before print selection.","Source: George H.W. Bush Library, Bush Presidential Records, National Security Council, Latin American Affairs Directorate Files, Chronological Files, OA/ID CF00301, CF00301-007, April 16, 1989-April 30, 1989 [4]. Access restriction: Restricted - Possibly. FOIA 2015-0017-S.",https://s3.dualstack.us-east-1.amazonaws.com/NARAprodstorage/lz/presidential-libraries/bush/gb-nsc/Latin_Amer_Aff_Dir_Files/Chronological_2197972/41-bpr-nsc-lat_amer_dir-chron-cf00301-007.pdf,https://catalog.archives.gov/id/470766424
3914,High-priority print candidate,Critical,"Guyana; Venezuela",86,1,25,,Talking Points,SUBJ: TALKING POINTS FOR POTENTIAL QUALE-HOYET MEETING 1. GONPEIDENEIAL-- ENTIRE TEXT. 2. PRESIDENT HUGH DESMOND HOYTE HAS ANNOUNCED HIS INTENSION,Latin American Affairs Directorate Subject Files,"Guyana - January 20, 1989-December 31, 1989",High,72,Restricted - Possibly,37,"Presidential or NSC principals; presidential diplomacy; document text visible in OCR","Verify page image, source folder, and date; compare against the country chronology before print selection.","Source: George H.W. Bush Library, Bush Presidential Records, National Security Council, Latin American Affairs Directorate Files, Subject File 1989, OA/ID CF00196, CF00196-013, Guyana - January 20, 1989-December 31, 1989. Access restriction: Restricted - Possibly. FOIA 2015-0017-S.",https://s3.dualstack.us-east-1.amazonaws.com/NARAprodstorage/lz/presidential-libraries/bush/gb-nsc/Latin_Amer_Aff_Dir_Files/Subject_376217847/41-bpr-nsc-lat_amer_dir-subj-cf00196-013.pdf,https://catalog.archives.gov/id/470766599
4032,High-priority print candidate,High,Ecuador,68,3,11,,Memorandum,Request by Mrs. Borja for Meeting with Mrs. Bush,Latin American Directorate Chronological Files,"March 1, 1989-March 16, 1989 [1]",High,72,Restricted - Possibly,11,"memorandum form; Presidential or NSC principals; presidential diplomacy; document text visible in OCR","Verify page image, source folder, and date; compare against the country chronology before print selection.","Source: George H.W. Bush Library, Bush Presidential Records, National Security Council, Latin American Affairs Directorate Files, Chronological Files, OA/ID CF00300, CF00300-010, March 1, 1989-March 16, 1989 [1]. Access restriction: Restricted - Possibly. FOIA 2015-0017-S.",https://s3.dualstack.us-east-1.amazonaws.com/NARAprodstorage/lz/presidential-libraries/bush/gb-nsc/Latin_Amer_Aff_Dir_Files/Chronological_2197972/41-bpr-nsc-lat_amer_dir-chron-cf00300-010.pdf,https://catalog.archives.gov/id/470766411
4032,High-priority print candidate,High,Ecuador,68,3,11,"February 8, 1989",Memorandum of Conversation,Memorandum of Conversation Between the President,Latin American Directorate Chronological Files,"February 1, 1989-March 1, 1989 [4]",High,72,Restricted - Possibly,56,"memorandum form; Presidential or NSC principals; presidential diplomacy; document text visible in OCR","Verify page image, source folder, and date; compare against the country chronology before print selection.","Source: George H.W. Bush Library, Bush Presidential Records, National Security Council, Latin American Affairs Directorate Files, Chronological Files, OA/ID CF00300, CF00300-008, February 1, 1989-March 1, 1989 [4]. Access restriction: Restricted - Possibly. FOIA 2015-0017-S.",https://s3.dualstack.us-east-1.amazonaws.com/NARAprodstorage/lz/presidential-libraries/bush/gb-nsc/Latin_Amer_Aff_Dir_Files/Chronological_2197972/41-bpr-nsc-lat_amer_dir-chron-cf00300-008.pdf,https://catalog.archives.gov/id/470766409
4032,High-priority print candidate,High,Ecuador,68,3,11,"February 8, 1989",Memorandum of Conversation,Memorandum of Conversation Between the President,Latin American Affairs Directorate Subject Files,"Ecuador - January 20, 1989-December 31, 1989",High,72,Restricted - Possibly,48,"memorandum form; Presidential or NSC principals; presidential diplomacy; document text visible in OCR","Verify page image, source folder, and date; compare against the country chronology before print selection.","Source: George H.W. Bush Library, Bush Presidential Records, National Security Council, Latin American Affairs Directorate Files, Subject File 1989, OA/ID CF00194, CF00194-019, Ecuador - January 20, 1989-December 31, 1989. Access restriction: Restricted - Possibly. FOIA 2015-0017-S.",https://s3.dualstack.us-east-1.amazonaws.com/NARAprodstorage/lz/presidential-libraries/bush/gb-nsc/Latin_Amer_Aff_Dir_Files/Subject_376217847/41-bpr-nsc-lat_amer_dir-subj-cf00194-019.pdf,https://catalog.archives.gov/id/470766556
4032,High-priority print candidate,High,Ecuador,68,3,11,"June 15, 1989",Memorandum,Response to Letter from Representative Newt,Latin American Directorate Chronological Files,"June 1, 1989-June 30, 1989 [3]",High,72,Restricted - Possibly,80,"memorandum form; Presidential or NSC principals; presidential diplomacy, regional policy; document text visible in OCR","Verify page image, source folder, and date; compare against the country chronology before print selection.","Source: George H.W. Bush Library, Bush Presidential Records, National Security Council, Latin American Affairs Directorate Files, Chronological Files, OA/ID CF00301, CF00301-018, June 1, 1989-June 30, 1989 [3]. Access restriction: Restricted - Possibly. FOIA 2015-0017-S.",https://s3.dualstack.us-east-1.amazonaws.com/NARAprodstorage/lz/presidential-libraries/bush/gb-nsc/Latin_Amer_Aff_Dir_Files/Chronological_2197972/41-bpr-nsc-lat_amer_dir-chron-cf00301-018.pdf,https://catalog.archives.gov/id/470766435
4032,High-priority print candidate,High,Ecuador,68,3,11,"March 14, 1989",Memorandum,Request by Mrs. Borja for Meeting with Mrs. Bush,Latin American Directorate Chronological Files,"March 1, 1989-March 16, 1989 [1]",High,72,Restricted - Possibly,59,"memorandum form; Presidential or NSC principals; presidential diplomacy; document text visible in OCR","Verify page image, source folder, and date; compare against the country chronology before print selection.","Source: George H.W. Bush Library, Bush Presidential Records, National Security Council, Latin American Affairs Directorate Files, Chronological Files, OA/ID CF00300, CF00300-010, March 1, 1989-March 16, 1989 [1]. Access restriction: Restricted - Possibly. FOIA 2015-0017-S.",https://s3.dualstack.us-east-1.amazonaws.com/NARAprodstorage/lz/presidential-libraries/bush/gb-nsc/Latin_Amer_Aff_Dir_Files/Chronological_2197972/41-bpr-nsc-lat_amer_dir-chron-cf00300-010.pdf,https://catalog.archives.gov/id/470766411
4032,High-priority print candidate,High,Ecuador,68,3,11,"March 16, 1989",Memorandum,Request by Mrs. Borja for Meeting with Mrs. Bush,Latin American Directorate Chronological Files,"March 1, 1989-March 16, 1989 [1]",High,72,Restricted - Possibly,10,"memorandum form; Presidential or NSC principals; presidential diplomacy; document text visible in OCR","Verify page image, source folder, and date; compare against the country chronology before print selection.","Source: George H.W. Bush Library, Bush Presidential Records, National Security Council, Latin American Affairs Directorate Files, Chronological Files, OA/ID CF00300, CF00300-010, March 1, 1989-March 16, 1989 [1]. Access restriction: Restricted - Possibly. FOIA 2015-0017-S.",https://s3.dualstack.us-east-1.amazonaws.com/NARAprodstorage/lz/presidential-libraries/bush/gb-nsc/Latin_Amer_Aff_Dir_Files/Chronological_2197972/41-bpr-nsc-lat_amer_dir-chron-cf00300-010.pdf,https://catalog.archives.gov/id/470766411
4032,High-priority print candidate,High,Ecuador,68,3,11,"March 22, 1989",Memorandum,Request for Meeting Between Mrs. Bush and Wife of,Latin American Directorate Chronological Files,"March 17, 1989-March 31, 1989 [3]",High,72,Restricted - Possibly,15,"memorandum form; Presidential or NSC principals; presidential diplomacy; document text visible in OCR","Verify page image, source folder, and date; compare against the country chronology before print selection.","Source: George H.W. Bush Library, Bush Presidential Records, National Security Council, Latin American Affairs Directorate Files, Chronological Files, OA/ID CF00300, CF00300-016, March 17, 1989-March 31, 1989 [3]. Access restriction: Restricted - Possibly. FOIA 2015-0017-S.",https://s3.dualstack.us-east-1.amazonaws.com/NARAprodstorage/lz/presidential-libraries/bush/gb-nsc/Latin_Amer_Aff_Dir_Files/Chronological_2197972/41-bpr-nsc-lat_amer_dir-chron-cf00300-016.pdf,https://catalog.archives.gov/id/470766417
4032,High-priority print candidate,High,Ecuador,68,3,11,"May 26, 1989",Memorandum,Presidential Response to Job Recommendation by,Latin American Directorate Chronological Files,"May 16, 1989-May 30, 1989 [1]",High,72,Restricted - Possibly,56,"memorandum form; Presidential or NSC principals; presidential diplomacy; document text visible in OCR","Verify page image, source folder, and date; compare against the country chronology before print selection.","Source: George H.W. Bush Library, Bush Presidential Records, National Security Council, Latin American Affairs Directorate Files, Chronological Files, OA/ID CF00301, CF00301-013, May 16, 1989-May 30, 1989 [1]. Access restriction: Restricted - Possibly. FOIA 2015-0017-S.",https://s3.dualstack.us-east-1.amazonaws.com/NARAprodstorage/lz/presidential-libraries/bush/gb-nsc/Latin_Amer_Aff_Dir_Files/Chronological_2197972/41-bpr-nsc-lat_amer_dir-chron-cf00301-013.pdf,https://catalog.archives.gov/id/470766430
4032,High-priority print candidate,High,Ecuador,68,3,11,"May 26, 1989",Memorandum,Presidential Response to Job Recommendation by,Latin American Affairs Directorate Subject Files,"Ecuador - January 20, 1989-December 31, 1989",High,72,Restricted - Possibly,31,"memorandum form; Presidential or NSC principals; presidential diplomacy; document text visible in OCR","Verify page image, source folder, and date; compare against the country chronology before print selection.","Source: George H.W. Bush Library, Bush Presidential Records, National Security Council, Latin American Affairs Directorate Files, Subject File 1989, OA/ID CF00194, CF00194-019, Ecuador - January 20, 1989-December 31, 1989. Access restriction: Restricted - Possibly. FOIA 2015-0017-S.",https://s3.dualstack.us-east-1.amazonaws.com/NARAprodstorage/lz/presidential-libraries/bush/gb-nsc/Latin_Amer_Aff_Dir_Files/Subject_376217847/41-bpr-nsc-lat_amer_dir-subj-cf00194-019.pdf,https://catalog.archives.gov/id/470766556
4168,High-priority print candidate,Medium,"Brazil; Uruguay",32,9,32,,Memorandum,Meeting With LaCalle (Uruguay),Latin American Affairs Directorate Subject Files,"Uruguay - January 20, 1989-December 31, 1989",High,72,Restricted - Possibly,48,"memorandum form; Presidential or NSC principals; debt and economy, presidential diplomacy; document text visible in OCR","Verify page image, source folder, and date; compare against the country chronology before print selection.","Source: George H.W. Bush Library, Bush Presidential Records, National Security Council, Latin American Affairs Directorate Files, Subject File 1989, OA/ID CF00193, CF00193-016, Uruguay - January 20, 1989-December 31, 1989. Access restriction: Restricted - Possibly. FOIA 2015-0017-S.",https://s3.dualstack.us-east-1.amazonaws.com/NARAprodstorage/lz/presidential-libraries/bush/gb-nsc/Latin_Amer_Aff_Dir_Files/Subject_376217847/41-bpr-nsc-lat_amer_dir-subj-cf00193-016.pdf,https://catalog.archives.gov/id/470766531
4168,High-priority print candidate,Medium,"Brazil; Uruguay; Venezuela",32,9,32,,Memorandum,Phone Calls on Panama,Latin American Directorate Chronological Files,"August 16, 1989-August 31, 1989 [3]",High,90,Restricted - Possibly,53,"memorandum form; Presidential or NSC principals; presidential diplomacy, regional policy, panama spillover; document text visible in OCR","Verify page image, source folder, and date; compare against the country chronology before print selection.","Source: George H.W. Bush Library, Bush Presidential Records, National Security Council, Latin American Affairs Directorate Files, Chronological Files, OA/ID CF00302, CF00302-013, August 16, 1989-August 31, 1989 [3]. Access restriction: Restricted - Possibly. FOIA 2015-0017-S.",https://s3.dualstack.us-east-1.amazonaws.com/NARAprodstorage/lz/presidential-libraries/bush/gb-nsc/Latin_Amer_Aff_Dir_Files/Chronological_2197972/41-bpr-nsc-lat_amer_dir-chron-cf00302-013.pdf,https://catalog.archives.gov/id/470766450
4168,High-priority print candidate,Medium,Uruguay,32,9,32,,Talking Points,CONTINGENCY TALKING POINTS FOR USE WITH PRESIDENT JULIO MARIA SANGUINETTI OF URUGUAY PLEASANTRIES,Latin American Directorate Chronological Files,"October 16, 1989-October 31, 1989 [1]",High,90,Restricted - Possibly,69,"Presidential or NSC principals; democracy, debt and economy, presidential diplomacy; document text visible in OCR","Verify page image, source folder, and date; compare against the country chronology before print selection.","Source: George H.W. Bush Library, Bush Presidential Records, National Security Council, Latin American Affairs Directorate Files, Chronological Files, OA/ID CF00303, CF00303-004, October 16, 1989-October 31, 1989 [1]. Access restriction: Restricted - Possibly. FOIA 2015-0017-S.",https://s3.dualstack.us-east-1.amazonaws.com/NARAprodstorage/lz/presidential-libraries/bush/gb-nsc/Latin_Amer_Aff_Dir_Files/Chronological_2197972/41-bpr-nsc-lat_amer_dir-chron-cf00303-004.pdf,https://catalog.archives.gov/id/470766461
4168,High-priority print candidate,Medium,Uruguay,32,9,32,,Memorandum,Presidential Reply to Letter from the President of,Latin American Directorate Chronological Files,"June 1, 1989-June 30, 1989 [1]",High,78,Restricted - Possibly,43,"memorandum form; Presidential or NSC principals; democracy, debt and economy, presidential diplomacy; document text visible in OCR","Verify page image, source folder, and date; compare against the country chronology before print selection.","Source: George H.W. Bush Library, Bush Presidential Records, National Security Council, Latin American Affairs Directorate Files, Chronological Files, OA/ID CF00301, CF00301-016, June 1, 1989-June 30, 1989 [1]. Access restriction: Restricted - Possibly. FOIA 2015-0017-S.",https://s3.dualstack.us-east-1.amazonaws.com/NARAprodstorage/lz/presidential-libraries/bush/gb-nsc/Latin_Amer_Aff_Dir_Files/Chronological_2197972/41-bpr-nsc-lat_amer_dir-chron-cf00301-016.pdf,https://catalog.archives.gov/id/470766433
4168,High-priority print candidate,Medium,Uruguay,32,9,32,,Talking Points,TALKING POINTS WITH PRESIDENT SANGUINETTI: -~- I know from Ambassador Wilkey how concerned you are about,Latin American Directorate Chronological Files,"May 16, 1989-May 30, 1989 [3]",High,78,Restricted - Possibly,92,"Presidential or NSC principals; democracy, presidential diplomacy, panama spillover; document text visible in OCR","Verify page image, source folder, and date; compare against the country chronology before print selection.","Source: George H.W. Bush Library, Bush Presidential Records, National Security Council, Latin American Affairs Directorate Files, Chronological Files, OA/ID CF00301, CF00301-015, May 16, 1989-May 30, 1989 [3]. Access restriction: Restricted - Possibly. FOIA 2015-0017-S.",https://s3.dualstack.us-east-1.amazonaws.com/NARAprodstorage/lz/presidential-libraries/bush/gb-nsc/Latin_Amer_Aff_Dir_Files/Chronological_2197972/41-bpr-nsc-lat_amer_dir-chron-cf00301-015.pdf,https://catalog.archives.gov/id/470766432
4168,High-priority print candidate,Medium,Uruguay,32,9,32,"April 27, 1989",Memorandum,Two Requests for Meetings with the President,Latin American Directorate Chronological Files,"April 16, 1989-April 30, 1989 [2]",High,72,Restricted - Possibly,16,"memorandum form; Presidential or NSC principals; presidential diplomacy; document text visible in OCR","Verify page image, source folder, and date; compare against the country chronology before print selection.","Source: George H.W. Bush Library, Bush Presidential Records, National Security Council, Latin American Affairs Directorate Files, Chronological Files, OA/ID CF00301, CF00301-005, April 16, 1989-April 30, 1989 [2]. Access restriction: Restricted - Possibly. FOIA 2015-0017-S.",https://s3.dualstack.us-east-1.amazonaws.com/NARAprodstorage/lz/presidential-libraries/bush/gb-nsc/Latin_Amer_Aff_Dir_Files/Chronological_2197972/41-bpr-nsc-lat_amer_dir-chron-cf00301-005.pdf,https://catalog.archives.gov/id/470766422
4168,High-priority print candidate,Medium,Uruguay,32,9,32,"August 16, 1989",Memorandum,President Julio Maria Sanguinetti of Uruguay Requests a,Latin American Directorate Chronological Files,"August 16, 1989-August 31, 1989 [4]",High,90,Restricted - Possibly,68,"memorandum form; Presidential or NSC principals; democracy, presidential diplomacy; document text visible in OCR","Verify page image, source folder, and date; compare against the country chronology before print selection.","Source: George H.W. Bush Library, Bush Presidential Records, National Security Council, Latin American Affairs Directorate Files, Chronological Files, OA/ID CF00302, CF00302-014, August 16, 1989-August 31, 1989 [4]. Access restriction: Restricted - Possibly. FOIA 2015-0017-S.",https://s3.dualstack.us-east-1.amazonaws.com/NARAprodstorage/lz/presidential-libraries/bush/gb-nsc/Latin_Amer_Aff_Dir_Files/Chronological_2197972/41-bpr-nsc-lat_amer_dir-chron-cf00302-014.pdf,https://catalog.archives.gov/id/470766451
4168,High-priority print candidate,Medium,Uruguay,32,9,32,"August 16, 1989",Memorandum,President Julio Maria Sanguinetti of Uruguay Requests a,Latin American Affairs Directorate Subject Files,"Uruguay - January 20, 1989-December 31, 1989",High,90,Restricted - Possibly,71,"memorandum form; Presidential or NSC principals; democracy, presidential diplomacy; document text visible in OCR","Verify page image, source folder, and date; compare against the country chronology before print selection.","Source: George H.W. Bush Library, Bush Presidential Records, National Security Council, Latin American Affairs Directorate Files, Subject File 1989, OA/ID CF00193, CF00193-016, Uruguay - January 20, 1989-December 31, 1989. Access restriction: Restricted - Possibly. FOIA 2015-0017-S.",https://s3.dualstack.us-east-1.amazonaws.com/NARAprodstorage/lz/presidential-libraries/bush/gb-nsc/Latin_Amer_Aff_Dir_Files/Subject_376217847/41-bpr-nsc-lat_amer_dir-subj-cf00193-016.pdf,https://catalog.archives.gov/id/470766531
4168,High-priority print candidate,Medium,Uruguay,32,9,32,"August 17, 1989",Memorandum,Uruguayan President Sanguinetti’s Request for a,Latin American Directorate Chronological Files,"August 16, 1989-August 31, 1989 [4]",High,72,Restricted - Possibly,65,"memorandum form; Presidential or NSC principals; presidential diplomacy; document text visible in OCR","Verify page image, source folder, and date; compare against the country chronology before print selection.","Source: George H.W. Bush Library, Bush Presidential Records, National Security Council, Latin American Affairs Directorate Files, Chronological Files, OA/ID CF00302, CF00302-014, August 16, 1989-August 31, 1989 [4]. Access restriction: Restricted - Possibly. FOIA 2015-0017-S.",https://s3.dualstack.us-east-1.amazonaws.com/NARAprodstorage/lz/presidential-libraries/bush/gb-nsc/Latin_Amer_Aff_Dir_Files/Chronological_2197972/41-bpr-nsc-lat_amer_dir-chron-cf00302-014.pdf,https://catalog.archives.gov/id/470766451
4168,High-priority print candidate,Medium,Uruguay,32,9,32,"August 17, 1989",Memorandum,Uruguayan President Sanguinetti’s Request for a,Latin American Affairs Directorate Subject Files,"Uruguay - January 20, 1989-December 31, 1989",High,72,Restricted - Possibly,68,"memorandum form; Presidential or NSC principals; presidential diplomacy; document text visible in OCR","Verify page image, source folder, and date; compare against the country chronology before print selection.","Source: George H.W. Bush Library, Bush Presidential Records, National Security Council, Latin American Affairs Directorate Files, Subject File 1989, OA/ID CF00193, CF00193-016, Uruguay - January 20, 1989-December 31, 1989. Access restriction: Restricted - Possibly. FOIA 2015-0017-S.",https://s3.dualstack.us-east-1.amazonaws.com/NARAprodstorage/lz/presidential-libraries/bush/gb-nsc/Latin_Amer_Aff_Dir_Files/Subject_376217847/41-bpr-nsc-lat_amer_dir-subj-cf00193-016.pdf,https://catalog.archives.gov/id/470766531
4168,High-priority print candidate,Medium,Uruguay,32,9,32,"December 20, 1989",Memorandum,President-Elect Luis Alberto Lacalle of Uruguay,Latin American Affairs Directorate Subject Files,"Uruguay - January 20, 1989-December 31, 1989",High,90,Restricted - Possibly,57,"memorandum form; Presidential or NSC principals; democracy, presidential diplomacy; document text visible in OCR","Verify page image, source folder, and date; compare against the country chronology before print selection.","Source: George H.W. Bush Library, Bush Presidential Records, National Security Council, Latin American Affairs Directorate Files, Subject File 1989, OA/ID CF00193, CF00193-016, Uruguay - January 20, 1989-December 31, 1989. Access restriction: Restricted - Possibly. FOIA 2015-0017-S.",https://s3.dualstack.us-east-1.amazonaws.com/NARAprodstorage/lz/presidential-libraries/bush/gb-nsc/Latin_Amer_Aff_Dir_Files/Subject_376217847/41-bpr-nsc-lat_amer_dir-subj-cf00193-016.pdf,https://catalog.archives.gov/id/470766531
4168,High-priority print candidate,Medium,Uruguay,32,9,32,"February 1, 1990",Memorandum,President’s Meeting with President-Elect,Latin American Affairs Directorate Subject Files,"Uruguay - January 20, 1989-December 31, 1989",High,72,Restricted - Possibly,29,"memorandum form; Presidential or NSC principals; presidential diplomacy; document text visible in OCR","Verify page image, source folder, and date; compare against the country chronology before print selection.","Source: George H.W. Bush Library, Bush Presidential Records, National Security Council, Latin American Affairs Directorate Files, Subject File 1989, OA/ID CF00193, CF00193-016, Uruguay - January 20, 1989-December 31, 1989. Access restriction: Restricted - Possibly. FOIA 2015-0017-S.",https://s3.dualstack.us-east-1.amazonaws.com/NARAprodstorage/lz/presidential-libraries/bush/gb-nsc/Latin_Amer_Aff_Dir_Files/Subject_376217847/41-bpr-nsc-lat_amer_dir-subj-cf00193-016.pdf,https://catalog.archives.gov/id/470766531
4168,High-priority print candidate,Medium,Uruguay,32,9,32,"February 2, 1990",Memorandum,Briefing Materials for the President's Meeting with,Latin American Affairs Directorate Subject Files,"Uruguay - January 20, 1989-December 31, 1989",High,72,Restricted - Possibly,20,"memorandum form; Presidential or NSC principals; presidential diplomacy; document text visible in OCR","Verify page image, source folder, and date; compare against the country chronology before print selection.","Source: George H.W. Bush Library, Bush Presidential Records, National Security Council, Latin American Affairs Directorate Files, Subject File 1989, OA/ID CF00193, CF00193-016, Uruguay - January 20, 1989-December 31, 1989. Access restriction: Restricted - Possibly. FOIA 2015-0017-S.",https://s3.dualstack.us-east-1.amazonaws.com/NARAprodstorage/lz/presidential-libraries/bush/gb-nsc/Latin_Amer_Aff_Dir_Files/Subject_376217847/41-bpr-nsc-lat_amer_dir-subj-cf00193-016.pdf,https://catalog.archives.gov/id/470766531
4168,High-priority print candidate,Medium,Uruguay,32,9,32,"February 2, 1990",Memorandum,President’s Meeting with President-Elect,Latin American Affairs Directorate Subject Files,"Uruguay - January 20, 1989-December 31, 1989",High,72,Restricted - Possibly,9,"memorandum form; Presidential or NSC principals; presidential diplomacy; document text visible in OCR","Verify page image, source folder, and date; compare against the country chronology before print selection.","Source: George H.W. Bush Library, Bush Presidential Records, National Security Council, Latin American Affairs Directorate Files, Subject File 1989, OA/ID CF00193, CF00193-016, Uruguay - January 20, 1989-December 31, 1989. Access restriction: Restricted - Possibly. FOIA 2015-0017-S.",https://s3.dualstack.us-east-1.amazonaws.com/NARAprodstorage/lz/presidential-libraries/bush/gb-nsc/Latin_Amer_Aff_Dir_Files/Subject_376217847/41-bpr-nsc-lat_amer_dir-subj-cf00193-016.pdf,https://catalog.archives.gov/id/470766531
4168,High-priority print candidate,Medium,Uruguay,32,9,32,"January 3, 1990",Memorandum,Schedule Proposal for Presidential Meeting with,Latin American Affairs Directorate Subject Files,"Uruguay - January 20, 1989-December 31, 1989",High,72,Restricted - Possibly,56,"memorandum form; Presidential or NSC principals; presidential diplomacy; document text visible in OCR","Verify page image, source folder, and date; compare against the country chronology before print selection.","Source: George H.W. Bush Library, Bush Presidential Records, National Security Council, Latin American Affairs Directorate Files, Subject File 1989, OA/ID CF00193, CF00193-016, Uruguay - January 20, 1989-December 31, 1989. Access restriction: Restricted - Possibly. FOIA 2015-0017-S.",https://s3.dualstack.us-east-1.amazonaws.com/NARAprodstorage/lz/presidential-libraries/bush/gb-nsc/Latin_Amer_Aff_Dir_Files/Subject_376217847/41-bpr-nsc-lat_amer_dir-subj-cf00193-016.pdf,https://catalog.archives.gov/id/470766531
4168,High-priority print candidate,Medium,Uruguay,32,9,32,"June 28, 1989",Memorandum,Presidential Reply to Letter from the President of,Latin American Directorate Chronological Files,"June 1, 1989-June 30, 1989 [1]",High,78,Restricted - Possibly,42,"memorandum form; Presidential or NSC principals; democracy, debt and economy, presidential diplomacy; document text visible in OCR","Verify page image, source folder, and date; compare against the country chronology before print selection.","Source: George H.W. Bush Library, Bush Presidential Records, National Security Council, Latin American Affairs Directorate Files, Chronological Files, OA/ID CF00301, CF00301-016, June 1, 1989-June 30, 1989 [1]. Access restriction: Restricted - Possibly. FOIA 2015-0017-S.",https://s3.dualstack.us-east-1.amazonaws.com/NARAprodstorage/lz/presidential-libraries/bush/gb-nsc/Latin_Amer_Aff_Dir_Files/Chronological_2197972/41-bpr-nsc-lat_amer_dir-chron-cf00301-016.pdf,https://catalog.archives.gov/id/470766433
4168,High-priority print candidate,Medium,Uruguay,32,9,32,"June 28, 1989",Memorandum,Presidential Reply to Letter from the President of,Latin American Affairs Directorate Subject Files,"Uruguay - January 20, 1989-December 31, 1989",High,78,Restricted - Possibly,123,"memorandum form; Presidential or NSC principals; democracy, debt and economy, presidential diplomacy; document text visible in OCR","Verify page image, source folder, and date; compare against the country chronology before print selection.","Source: George H.W. Bush Library, Bush Presidential Records, National Security Council, Latin American Affairs Directorate Files, Subject File 1989, OA/ID CF00193, CF00193-016, Uruguay - January 20, 1989-December 31, 1989. Access restriction: Restricted - Possibly. FOIA 2015-0017-S.",https://s3.dualstack.us-east-1.amazonaws.com/NARAprodstorage/lz/presidential-libraries/bush/gb-nsc/Latin_Amer_Aff_Dir_Files/Subject_376217847/41-bpr-nsc-lat_amer_dir-subj-cf00193-016.pdf,https://catalog.archives.gov/id/470766531
4168,High-priority print candidate,Medium,Uruguay,32,9,32,"June 30, 1989",Memorandum,Presidential Reply to Letter from the President of,Latin American Affairs Directorate Subject Files,"Uruguay - January 20, 1989-December 31, 1989",High,78,Restricted - Possibly,114,"memorandum form; Presidential or NSC principals; democracy, debt and economy, presidential diplomacy; document text visible in OCR","Verify page image, source folder, and date; compare against the country chronology before print selection.","Source: George H.W. Bush Library, Bush Presidential Records, National Security Council, Latin American Affairs Directorate Files, Subject File 1989, OA/ID CF00193, CF00193-016, Uruguay - January 20, 1989-December 31, 1989. Access restriction: Restricted - Possibly. FOIA 2015-0017-S.",https://s3.dualstack.us-east-1.amazonaws.com/NARAprodstorage/lz/presidential-libraries/bush/gb-nsc/Latin_Amer_Aff_Dir_Files/Subject_376217847/41-bpr-nsc-lat_amer_dir-subj-cf00193-016.pdf,https://catalog.archives.gov/id/470766531
4168,High-priority print candidate,Medium,Uruguay,32,9,32,"May 15, 1989",Memorandum,The President's Telephone Conversation with,Latin American Directorate Chronological Files,"May 1, 1989-May 15, 1989 [1]",High,72,Restricted - Possibly,24,"memorandum form; Presidential or NSC principals; presidential diplomacy; document text visible in OCR","Verify page image, source folder, and date; compare against the country chronology before print selection.","Source: George H.W. Bush Library, Bush Presidential Records, National Security Council, Latin American Affairs Directorate Files, Chronological Files, OA/ID CF00301, CF00301-010, May 1, 1989-May 15, 1989 [1]. Access restriction: Restricted - Possibly. FOIA 2015-0017-S.",https://s3.dualstack.us-east-1.amazonaws.com/NARAprodstorage/lz/presidential-libraries/bush/gb-nsc/Latin_Amer_Aff_Dir_Files/Chronological_2197972/41-bpr-nsc-lat_amer_dir-chron-cf00301-010.pdf,https://catalog.archives.gov/id/470766427
4168,High-priority print candidate,Medium,Uruguay,32,9,32,"May 15, 1989",Memorandum,The President’s Telephone Conversation with,Latin American Affairs Directorate Subject Files,"Uruguay - January 20, 1989-December 31, 1989",High,72,Restricted - Possibly,136,"memorandum form; Presidential or NSC principals; presidential diplomacy; document text visible in OCR","Verify page image, source folder, and date; compare against the country chronology before print selection.","Source: George H.W. Bush Library, Bush Presidential Records, National Security Council, Latin American Affairs Directorate Files, Subject File 1989, OA/ID CF00193, CF00193-016, Uruguay - January 20, 1989-December 31, 1989. Access restriction: Restricted - Possibly. FOIA 2015-0017-S.",https://s3.dualstack.us-east-1.amazonaws.com/NARAprodstorage/lz/presidential-libraries/bush/gb-nsc/Latin_Amer_Aff_Dir_Files/Subject_376217847/41-bpr-nsc-lat_amer_dir-subj-cf00193-016.pdf,https://catalog.archives.gov/id/470766531
4168,High-priority print candidate,Medium,Uruguay,32,9,32,n.d.,Memorandum,[page 3 only],Latin American Affairs Directorate Subject Files,"Uruguay - January 20, 1989-December 31, 1989",High,72,Restricted - Possibly,3,"memorandum form; Presidential or NSC principals; presidential diplomacy; identified on withdrawal sheet","Verify page image, source folder, and date; compare against the country chronology before print selection.","Source: George H.W. Bush Library, Bush Presidential Records, National Security Council, Latin American Affairs Directorate Files, Subject File 1989, OA/ID CF00193, CF00193-016, Uruguay - January 20, 1989-December 31, 1989. Access restriction: Restricted - Possibly. FOIA 2015-0017-S.",https://s3.dualstack.us-east-1.amazonaws.com/NARAprodstorage/lz/presidential-libraries/bush/gb-nsc/Latin_Amer_Aff_Dir_Files/Subject_376217847/41-bpr-nsc-lat_amer_dir-subj-cf00193-016.pdf,https://catalog.archives.gov/id/470766531
4168,High-priority print candidate,Medium,Uruguay,32,9,32,"September 12, 1989",Memorandum,Briefing Materials for the President's Meeting,Latin American Affairs Directorate Subject Files,"Uruguay - January 20, 1989-December 31, 1989",High,72,Restricted - Possibly,96,"memorandum form; Presidential or NSC principals; presidential diplomacy; document text visible in OCR","Verify page image, source folder, and date; compare against the country chronology before print selection.","Source: George H.W. Bush Library, Bush Presidential Records, National Security Council, Latin American Affairs Directorate Files, Subject File 1989, OA/ID CF00193, CF00193-016, Uruguay - January 20, 1989-December 31, 1989. Access restriction: Restricted - Possibly. FOIA 2015-0017-S.",https://s3.dualstack.us-east-1.amazonaws.com/NARAprodstorage/lz/presidential-libraries/bush/gb-nsc/Latin_Amer_Aff_Dir_Files/Subject_376217847/41-bpr-nsc-lat_amer_dir-subj-cf00193-016.pdf,https://catalog.archives.gov/id/470766531
4168,High-priority print candidate,Medium,Uruguay,32,9,32,"September 12, 1989",Memorandum,Briefing Materials for the President's Meeting 1,Latin American Directorate Chronological Files,"September 1, 1989-September 15, 1989 [1]",High,72,Restricted - Possibly,50,"memorandum form; Presidential or NSC principals; presidential diplomacy; document text visible in OCR","Verify page image, source folder, and date; compare against the country chronology before print selection.","Source: George H.W. Bush Library, Bush Presidential Records, National Security Council, Latin American Affairs Directorate Files, Chronological Files, OA/ID CF00302, CF00302-015, September 1, 1989-September 15, 1989 [1]. Access restriction: Restricted - Possibly. FOIA 2015-0017-S.",https://s3.dualstack.us-east-1.amazonaws.com/NARAprodstorage/lz/presidential-libraries/bush/gb-nsc/Latin_Amer_Aff_Dir_Files/Chronological_2197972/41-bpr-nsc-lat_amer_dir-chron-cf00302-015.pdf,https://catalog.archives.gov/id/470766452
4168,High-priority print candidate,Medium,Uruguay,32,9,32,"September 13, 1989",Memorandum,Presidential Meeting with Uruguayan President,Latin American Directorate Chronological Files,"September 1, 1989-September 15, 1989 [1]",High,90,Restricted - Possibly,38,"memorandum form; Presidential or NSC principals; narcotics, debt and economy, presidential diplomacy; document text visible in OCR","Verify page image, source folder, and date; compare against the country chronology before print selection.","Source: George H.W. Bush Library, Bush Presidential Records, National Security Council, Latin American Affairs Directorate Files, Chronological Files, OA/ID CF00302, CF00302-015, September 1, 1989-September 15, 1989 [1]. Access restriction: Restricted - Possibly. FOIA 2015-0017-S.",https://s3.dualstack.us-east-1.amazonaws.com/NARAprodstorage/lz/presidential-libraries/bush/gb-nsc/Latin_Amer_Aff_Dir_Files/Chronological_2197972/41-bpr-nsc-lat_amer_dir-chron-cf00302-015.pdf,https://catalog.archives.gov/id/470766452
4168,High-priority print candidate,Medium,Uruguay,32,9,32,"September 13, 1989",Memorandum,Presidential Meeting with Uruguayan President,Latin American Affairs Directorate Subject Files,"Uruguay - January 20, 1989-December 31, 1989",High,90,Restricted - Possibly,72,"memorandum form; Presidential or NSC principals; narcotics, debt and economy, presidential diplomacy; document text visible in OCR","Verify page image, source folder, and date; compare against the country chronology before print selection.","Source: George H.W. Bush Library, Bush Presidential Records, National Security Council, Latin American Affairs Directorate Files, Subject File 1989, OA/ID CF00193, CF00193-016, Uruguay - January 20, 1989-December 31, 1989. Access restriction: Restricted - Possibly. FOIA 2015-0017-S.",https://s3.dualstack.us-east-1.amazonaws.com/NARAprodstorage/lz/presidential-libraries/bush/gb-nsc/Latin_Amer_Aff_Dir_Files/Subject_376217847/41-bpr-nsc-lat_amer_dir-subj-cf00193-016.pdf,https://catalog.archives.gov/id/470766531
4168,High-priority print candidate,Medium,Uruguay,32,9,32,"September 15, 1989",Memorandum of Conversation,Meeting with Uruguayan President Julio Maria,Latin American Directorate Chronological Files,"September 16, 1989-September 30, 1989 [4]",High,72,Restricted - Possibly,97,"memorandum form; Presidential or NSC principals; presidential diplomacy; document text visible in OCR","Verify page image, source folder, and date; compare against the country chronology before print selection.","Source: George H.W. Bush Library, Bush Presidential Records, National Security Council, Latin American Affairs Directorate Files, Chronological Files, OA/ID CF00302, CF00302-020, September 16, 1989-September 30, 1989 [4]. Access restriction: Restricted - Possibly. FOIA 2015-0017-S.",https://s3.dualstack.us-east-1.amazonaws.com/NARAprodstorage/lz/presidential-libraries/bush/gb-nsc/Latin_Amer_Aff_Dir_Files/Chronological_2197972/41-bpr-nsc-lat_amer_dir-chron-cf00302-020.pdf,https://catalog.archives.gov/id/470766457
4168,High-priority print candidate,Medium,Uruguay,32,9,32,"September 15, 1989",Memorandum,Presidential Meeting with Uruguayan President,Latin American Affairs Directorate Subject Files,"Uruguay - January 20, 1989-December 31, 1989",High,90,Restricted - Possibly,97,"memorandum form; Presidential or NSC principals; debt and economy, presidential diplomacy, panama spillover; document text visible in OCR","Verify page image, source folder, and date; compare against the country chronology before print selection.","Source: George H.W. Bush Library, Bush Presidential Records, National Security Council, Latin American Affairs Directorate Files, Subject File 1989, OA/ID CF00193, CF00193-016, Uruguay - January 20, 1989-December 31, 1989. Access restriction: Restricted - Possibly. FOIA 2015-0017-S.",https://s3.dualstack.us-east-1.amazonaws.com/NARAprodstorage/lz/presidential-libraries/bush/gb-nsc/Latin_Amer_Aff_Dir_Files/Subject_376217847/41-bpr-nsc-lat_amer_dir-subj-cf00193-016.pdf,https://catalog.archives.gov/id/470766531
4168,High-priority print candidate,Medium,Uruguay,32,9,32,"September 18, 1989",Memorandum of Conversation,Memorandum of Conversation with Uruguayan,Latin American Directorate Chronological Files,"September 16, 1989-September 30, 1989 [4]",High,72,Restricted - Possibly,95,"memorandum form; Presidential or NSC principals; presidential diplomacy; document text visible in OCR","Verify page image, source folder, and date; compare against the country chronology before print selection.","Source: George H.W. Bush Library, Bush Presidential Records, National Security Council, Latin American Affairs Directorate Files, Chronological Files, OA/ID CF00302, CF00302-020, September 16, 1989-September 30, 1989 [4]. Access restriction: Restricted - Possibly. FOIA 2015-0017-S.",https://s3.dualstack.us-east-1.amazonaws.com/NARAprodstorage/lz/presidential-libraries/bush/gb-nsc/Latin_Amer_Aff_Dir_Files/Chronological_2197972/41-bpr-nsc-lat_amer_dir-chron-cf00302-020.pdf,https://catalog.archives.gov/id/470766457
4168,High-priority print candidate,Medium,"Uruguay; Venezuela",32,9,32,"August 22, 1989",Memorandum,Telephone Calls to President Carlos Andres Perez,Latin American Directorate Chronological Files,"August 16, 1989-August 31, 1989 [2]",High,72,Restricted - Possibly,68,"memorandum form; Presidential or NSC principals; presidential diplomacy, regional policy; document text visible in OCR","Verify page image, source folder, and date; compare against the country chronology before print selection.","Source: George H.W. Bush Library, Bush Presidential Records, National Security Council, Latin American Affairs Directorate Files, Chronological Files, OA/ID CF00302, CF00302-012, August 16, 1989-August 31, 1989 [2]. Access restriction: Restricted - Possibly. FOIA 2015-0017-S.",https://s3.dualstack.us-east-1.amazonaws.com/NARAprodstorage/lz/presidential-libraries/bush/gb-nsc/Latin_Amer_Aff_Dir_Files/Chronological_2197972/41-bpr-nsc-lat_amer_dir-chron-cf00302-012.pdf,https://catalog.archives.gov/id/470766449
4272,High-priority print candidate,Monitor,"Argentina; Brazil",28,14,63,"December 6, 1990",Memorandum,Uruguay Round Report,Timothy E. Deal Subject Files,Uruguay Round [6],High,92,Restricted - Possibly,6,"memorandum form; Presidential or NSC principals; debt and economy, presidential diplomacy, trade policy; document text visible in OCR","Verify page image, source folder, and date; compare against the country chronology before print selection.","Source: George H.W. Bush Library, Bush Presidential Records, National Security Council, Deal, Timothy E., Files, Subject Files, OA/ID CF00972, CF00972-031, Uruguay Round [6]. Access restriction: Restricted - Possibly. FOIA 2023-1227-S.",https://s3.dualstack.us-east-1.amazonaws.com/NARAprodstorage/lz/presidential-libraries/bush/gb-nsc/deal/subject_2554810/41-bpr-nsc-deal-subj-cf00972-031.pdf,https://catalog.archives.gov/id/452050622
4272,High-priority print candidate,Monitor,Brazil,28,14,63,,Memorandum of Conversation,". 10320 OFFICE OF THE VICE PRESIDENT WASHINGTON ~GONFEDENTEFALY MEMORANDUM OF CONVERSATION The Vice President made the following telephone calls, December",Latin American Affairs Directorate Subject Files,"Brazil - January 20, 1989-December 31, 1989 [1]",High,78,Restricted - Possibly,17,"memorandum form; Presidential or NSC principals; democracy, presidential diplomacy, panama spillover; document text visible in OCR","Verify page image, source folder, and date; compare against the country chronology before print selection.","Source: George H.W. Bush Library, Bush Presidential Records, National Security Council, Latin American Affairs Directorate Files, Subject File 1989, OA/ID CF00189, CF00189-013, Brazil - January 20, 1989-December 31, 1989 [1]. Access restriction: Restricted - Possibly. FOIA 2004-0734-F.",https://s3.dualstack.us-east-1.amazonaws.com/NARAprodstorage/lz/presidential-libraries/bush/gb-nsc/Latin_Amer_Aff_Dir_Files/Subject_376217847/41-bpr-nsc-lat_amer_dir-subj-cf00189-013.pdf,https://catalog.archives.gov/id/470766486
4272,High-priority print candidate,Monitor,Brazil,28,14,63,,Memorandum,Background for Your Meeting with President Sarney,Latin American Directorate Chronological Files,"February 1, 1989-March 1, 1989 [1]",High,90,Restricted - Possibly,54,"memorandum form; Presidential or NSC principals; debt and economy, presidential diplomacy; document text visible in OCR","Verify page image, source folder, and date; compare against the country chronology before print selection.","Source: George H.W. Bush Library, Bush Presidential Records, National Security Council, Latin American Affairs Directorate Files, Chronological Files, OA/ID CF00300, CF00300-005, February 1, 1989-March 1, 1989 [1]. Access restriction: Restricted - Possibly. FOIA 2015-0017-S.",https://s3.dualstack.us-east-1.amazonaws.com/NARAprodstorage/lz/presidential-libraries/bush/gb-nsc/Latin_Amer_Aff_Dir_Files/Chronological_2197972/41-bpr-nsc-lat_amer_dir-chron-cf00300-005.pdf,https://catalog.archives.gov/id/470766406
4272,High-priority print candidate,Monitor,Brazil,28,14,63,,Briefing Paper,BRIEFING PAPER Brazil Rain F Since the last Sher in,Timothy E. Deal Subject Files,"[Munich Economic Summit] Fourth Sherpa Meeting Briefing Book, May 22-24, 1992, Rugen, Germany [3]",High,80,Restricted - Possibly,44,"debt and economy, summit diplomacy; document text visible in OCR","Verify page image, source folder, and date; compare against the country chronology before print selection.","Source: George H.W. Bush Library, Bush Presidential Records, National Security Council, Deal, Timothy E., Files, Subject Files, OA/ID CF00973, CF00973-011, [Munich Economic Summit] Fourth Sherpa Meeting Briefing Book, May 22-24, 1992, Rugen, Germany [3]. Access restriction: Restricted - Possibly. FOIA 2009-0783-F.",https://s3.dualstack.us-east-1.amazonaws.com/NARAprodstorage/lz/presidential-libraries/bush/gb-nsc/deal/subject_2554810/41-bpr-nsc-deal-subj-cf00973-011.pdf,https://catalog.archives.gov/id/452050633
4272,High-priority print candidate,Monitor,Brazil,28,14,63,,Talking Points,CONGRATULATORY CALL fO BRAZILIAN PRESIDENT-ELECT FERNANDO COLLOR DE MELLO,Latin American Affairs Directorate Subject Files,"Brazil - January 20, 1989-December 31, 1989 [1]",High,78,Restricted - Possibly,10,"Presidential or NSC principals; democracy, presidential diplomacy; document text visible in OCR","Verify page image, source folder, and date; compare against the country chronology before print selection.","Source: George H.W. Bush Library, Bush Presidential Records, National Security Council, Latin American Affairs Directorate Files, Subject File 1989, OA/ID CF00189, CF00189-013, Brazil - January 20, 1989-December 31, 1989 [1]. Access restriction: Restricted - Possibly. FOIA 2004-0734-F.",https://s3.dualstack.us-east-1.amazonaws.com/NARAprodstorage/lz/presidential-libraries/bush/gb-nsc/Latin_Amer_Aff_Dir_Files/Subject_376217847/41-bpr-nsc-lat_amer_dir-subj-cf00189-013.pdf,https://catalog.archives.gov/id/470766486
4272,High-priority print candidate,Monitor,Brazil,28,14,63,,Talking Points,CONGRATULATORY CALL TO BRAZILIAN PRESIDENT-ELECT FERNANDO COLLOR DE MELLO,Latin American Directorate Chronological Files,"December 16, 1989-December 31, 1989 [1]",High,90,Restricted - Possibly,49,"Presidential or NSC principals; democracy, presidential diplomacy; document text visible in OCR","Verify page image, source folder, and date; compare against the country chronology before print selection.","Source: George H.W. Bush Library, Bush Presidential Records, National Security Council, Latin American Affairs Directorate Files, Chronological Files, OA/ID CF00303, CF00303-015, December 16, 1989-December 31, 1989 [1]. Access restriction: Restricted - Possibly. FOIA 2015-0017-S.",https://s3.dualstack.us-east-1.amazonaws.com/NARAprodstorage/lz/presidential-libraries/bush/gb-nsc/Latin_Amer_Aff_Dir_Files/Chronological_2197972/41-bpr-nsc-lat_amer_dir-chron-cf00303-015.pdf,https://catalog.archives.gov/id/470766472
4272,High-priority print candidate,Monitor,Brazil,28,14,63,,Memorandum,Congratulatory Telephone Call by the President to,Latin American Affairs Directorate Subject Files,"Brazil - January 20, 1989-December 31, 1989 [1]",High,78,Restricted - Possibly,8,"memorandum form; Presidential or NSC principals; democracy, presidential diplomacy; document text visible in OCR","Verify page image, source folder, and date; compare against the country chronology before print selection.","Source: George H.W. Bush Library, Bush Presidential Records, National Security Council, Latin American Affairs Directorate Files, Subject File 1989, OA/ID CF00189, CF00189-013, Brazil - January 20, 1989-December 31, 1989 [1]. Access restriction: Restricted - Possibly. FOIA 2004-0734-F.",https://s3.dualstack.us-east-1.amazonaws.com/NARAprodstorage/lz/presidential-libraries/bush/gb-nsc/Latin_Amer_Aff_Dir_Files/Subject_376217847/41-bpr-nsc-lat_amer_dir-subj-cf00189-013.pdf,https://catalog.archives.gov/id/470766486
4272,High-priority print candidate,Monitor,Brazil,28,14,63,,Talking Points,CONTINGENCY TALKING POINTS FOR USE WITH PRESIDENT SARNEY OF BRAZIL Democracy,Latin American Directorate Chronological Files,"October 16, 1989-October 31, 1989 [1]",High,78,Restricted - Possibly,64,"Presidential or NSC principals; democracy, debt and economy, presidential diplomacy; document text visible in OCR","Verify page image, source folder, and date; compare against the country chronology before print selection.","Source: George H.W. Bush Library, Bush Presidential Records, National Security Council, Latin American Affairs Directorate Files, Chronological Files, OA/ID CF00303, CF00303-004, October 16, 1989-October 31, 1989 [1]. Access restriction: Restricted - Possibly. FOIA 2015-0017-S.",https://s3.dualstack.us-east-1.amazonaws.com/NARAprodstorage/lz/presidential-libraries/bush/gb-nsc/Latin_Amer_Aff_Dir_Files/Chronological_2197972/41-bpr-nsc-lat_amer_dir-chron-cf00303-004.pdf,https://catalog.archives.gov/id/470766461
4272,High-priority print candidate,Monitor,Brazil,28,14,63,,Memorandum,From J. Stapelton Roy for,Latin American Affairs Directorate Subject Files,"Brazil - January 20, 1989-December 31, 1989 [1]",High,72,Restricted - Possibly,3,"memorandum form; Presidential or NSC principals; presidential diplomacy; identified on withdrawal sheet","Verify page image, source folder, and date; compare against the country chronology before print selection.","Source: George H.W. Bush Library, Bush Presidential Records, National Security Council, Latin American Affairs Directorate Files, Subject File 1989, OA/ID CF00189, CF00189-013, Brazil - January 20, 1989-December 31, 1989 [1]. Access restriction: Restricted - Possibly. FOIA 2004-0734-F.",https://s3.dualstack.us-east-1.amazonaws.com/NARAprodstorage/lz/presidential-libraries/bush/gb-nsc/Latin_Amer_Aff_Dir_Files/Subject_376217847/41-bpr-nsc-lat_amer_dir-subj-cf00189-013.pdf,https://catalog.archives.gov/id/470766486
4272,High-priority print candidate,Monitor,Brazil,28,14,63,,Memorandum,Letter to President Sarney of Brazil,Latin American Directorate Chronological Files,"February 1, 1989-March 1, 1989 [4]",High,90,Restricted - Possibly,37,"memorandum form; Presidential or NSC principals; democracy, presidential diplomacy; document text visible in OCR","Verify page image, source folder, and date; compare against the country chronology before print selection.","Source: George H.W. Bush Library, Bush Presidential Records, National Security Council, Latin American Affairs Directorate Files, Chronological Files, OA/ID CF00300, CF00300-008, February 1, 1989-March 1, 1989 [4]. Access restriction: Restricted - Possibly. FOIA 2015-0017-S.",https://s3.dualstack.us-east-1.amazonaws.com/NARAprodstorage/lz/presidential-libraries/bush/gb-nsc/Latin_Amer_Aff_Dir_Files/Chronological_2197972/41-bpr-nsc-lat_amer_dir-chron-cf00300-008.pdf,https://catalog.archives.gov/id/470766409
4272,High-priority print candidate,Monitor,Brazil,28,14,63,,Memorandum,Letter to President Sarney of Brazil on the,Latin American Directorate Chronological Files,"February 1, 1989-March 1, 1989 [2]",High,78,Restricted - Possibly,71,"memorandum form; Presidential or NSC principals; democracy, debt and economy, presidential diplomacy; document text visible in OCR","Verify page image, source folder, and date; compare against the country chronology before print selection.","Source: George H.W. Bush Library, Bush Presidential Records, National Security Council, Latin American Affairs Directorate Files, Chronological Files, OA/ID CF00300, CF00300-006, February 1, 1989-March 1, 1989 [2]. Access restriction: Restricted - Possibly. FOIA 2015-0017-S.",https://s3.dualstack.us-east-1.amazonaws.com/NARAprodstorage/lz/presidential-libraries/bush/gb-nsc/Latin_Amer_Aff_Dir_Files/Chronological_2197972/41-bpr-nsc-lat_amer_dir-chron-cf00300-006.pdf,https://catalog.archives.gov/id/470766407
4272,High-priority print candidate,Monitor,Brazil,28,14,63,,Talking Points,"TALKING POINTS For at least the past decade, U.S. policy has urged developing countries to follow policies that provide",Timothy E. Deal Subject Files,"[Munich Economic Summit] First Sherpa Meeting Briefing Book, January 10-12, 1992 [1]",High,72,Restricted - Possibly,55,"debt and economy, summit diplomacy; document text visible in OCR","Verify page image, source folder, and date; compare against the country chronology before print selection.","Source: George H.W. Bush Library, Bush Presidential Records, National Security Council, Deal, Timothy E., Files, Subject Files, OA/ID CF00973, CF00973-002, [Munich Economic Summit] First Sherpa Meeting Briefing Book, January 10-12, 1992 [1]. Access restriction: Restricted - Possibly. FOIA 2009-0783-F.",https://s3.dualstack.us-east-1.amazonaws.com/NARAprodstorage/lz/presidential-libraries/bush/gb-nsc/deal/subject_2554810/41-bpr-nsc-deal-subj-cf00973-002.pdf,https://catalog.archives.gov/id/452050624
4272,High-priority print candidate,Monitor,Brazil,28,14,63,,Talking Points,"TALKING POINTS FOR TELEPHONE CALL TO GENERAL SCOWCROFT -- We recognize that Sarney is a weak president and a lame duck. However, the issue is the signal we send Brazil with a",Latin American Affairs Directorate Subject Files,"Brazil - January 20, 1989-December 31, 1989 [1]",High,90,Restricted - Possibly,64,"Presidential or NSC principals; democracy, debt and economy, presidential diplomacy; document text visible in OCR","Verify page image, source folder, and date; compare against the country chronology before print selection.","Source: George H.W. Bush Library, Bush Presidential Records, National Security Council, Latin American Affairs Directorate Files, Subject File 1989, OA/ID CF00189, CF00189-013, Brazil - January 20, 1989-December 31, 1989 [1]. Access restriction: Restricted - Possibly. FOIA 2004-0734-F.",https://s3.dualstack.us-east-1.amazonaws.com/NARAprodstorage/lz/presidential-libraries/bush/gb-nsc/Latin_Amer_Aff_Dir_Files/Subject_376217847/41-bpr-nsc-lat_amer_dir-subj-cf00189-013.pdf,https://catalog.archives.gov/id/470766486
4272,High-priority print candidate,Monitor,Brazil,28,14,63,,Talking Points,Talking Points Oo The Summit should reaffirm support for the international debt strategy and urge Brazil,Timothy E. Deal Subject Files,"[Munich Economic Summit] Fourth Sherpa Meeting Briefing Book, May 22-24, 1992, Rugen, Germany [3]",High,72,Restricted - Possibly,18,"debt and economy, summit diplomacy, regional policy; document text visible in OCR","Verify page image, source folder, and date; compare against the country chronology before print selection.","Source: George H.W. Bush Library, Bush Presidential Records, National Security Council, Deal, Timothy E., Files, Subject Files, OA/ID CF00973, CF00973-011, [Munich Economic Summit] Fourth Sherpa Meeting Briefing Book, May 22-24, 1992, Rugen, Germany [3]. Access restriction: Restricted - Possibly. FOIA 2009-0783-F.",https://s3.dualstack.us-east-1.amazonaws.com/NARAprodstorage/lz/presidential-libraries/bush/gb-nsc/deal/subject_2554810/41-bpr-nsc-deal-subj-cf00973-011.pdf,https://catalog.archives.gov/id/452050633
4272,High-priority print candidate,Monitor,Brazil,28,14,63,,Talking Points,TALKING POINTS WITH PRESIDENT SARNEY ° I truly appreciated your June 5 letter on Panama. You are,Latin American Directorate Chronological Files,"July 16, 1989-July 30, 1989 [2]",High,90,Restricted - Possibly,63,"Presidential or NSC principals; democracy, presidential diplomacy, regional policy; document text visible in OCR","Verify page image, source folder, and date; compare against the country chronology before print selection.","Source: George H.W. Bush Library, Bush Presidential Records, National Security Council, Latin American Affairs Directorate Files, Chronological Files, OA/ID CF00302, CF00302-005, July 16, 1989-July 30, 1989 [2]. Access restriction: Restricted - Possibly. FOIA 2015-0017-S.",https://s3.dualstack.us-east-1.amazonaws.com/NARAprodstorage/lz/presidential-libraries/bush/gb-nsc/Latin_Amer_Aff_Dir_Files/Chronological_2197972/41-bpr-nsc-lat_amer_dir-chron-cf00302-005.pdf,https://catalog.archives.gov/id/470766442
4272,High-priority print candidate,Monitor,Brazil,28,14,63,,Memorandum,Travel Request for Ambassador Rowny,Latin American Directorate Chronological Files,"June 1, 1989-June 30, 1989 [4]",High,72,Restricted - Possibly,79,"memorandum form; presidential diplomacy; document text visible in OCR","Verify page image, source folder, and date; compare against the country chronology before print selection.","Source: George H.W. Bush Library, Bush Presidential Records, National Security Council, Latin American Affairs Directorate Files, Chronological Files, OA/ID CF00301, CF00301-019, June 1, 1989-June 30, 1989 [4]. Access restriction: Restricted - Possibly. FOIA 2015-0017-S.",https://s3.dualstack.us-east-1.amazonaws.com/NARAprodstorage/lz/presidential-libraries/bush/gb-nsc/Latin_Amer_Aff_Dir_Files/Chronological_2197972/41-bpr-nsc-lat_amer_dir-chron-cf00301-019.pdf,https://catalog.archives.gov/id/470766436
4272,High-priority print candidate,Monitor,Brazil,28,14,63,"April 6, 1989",Memorandum,Response to Letter from National Wildlife,Latin American Directorate Chronological Files,"April 1, 1989-April 15, 1989 [2]",High,72,Restricted - Possibly,92,"memorandum form; Presidential or NSC principals; presidential diplomacy; document text visible in OCR","Verify page image, source folder, and date; compare against the country chronology before print selection.","Source: George H.W. Bush Library, Bush Presidential Records, National Security Council, Latin American Affairs Directorate Files, Chronological Files, OA/ID CF00301, CF00301-002, April 1, 1989-April 15, 1989 [2]. Access restriction: Restricted - Possibly. FOIA 2015-0017-S.",https://s3.dualstack.us-east-1.amazonaws.com/NARAprodstorage/lz/presidential-libraries/bush/gb-nsc/Latin_Amer_Aff_Dir_Files/Chronological_2197972/41-bpr-nsc-lat_amer_dir-chron-cf00301-002.pdf,https://catalog.archives.gov/id/470766419
4272,High-priority print candidate,Monitor,Brazil,28,14,63,"April 6, 1989",Memorandum,Response to Letter from National Wildlife,Latin American Affairs Directorate Subject Files,"Brazil - January 20, 1989-December 31, 1989 [2]",High,72,Restricted - Possibly,10,"memorandum form; Presidential or NSC principals; presidential diplomacy; document text visible in OCR","Verify page image, source folder, and date; compare against the country chronology before print selection.","Source: George H.W. Bush Library, Bush Presidential Records, National Security Council, Latin American Affairs Directorate Files, Subject File 1989, OA/ID CF00189, CF00189-014, Brazil - January 20, 1989-December 31, 1989 [2]. Access restriction: Restricted - Possibly. FOIA 2004-0734-F.",https://s3.dualstack.us-east-1.amazonaws.com/NARAprodstorage/lz/presidential-libraries/bush/gb-nsc/Latin_Amer_Aff_Dir_Files/Subject_376217847/41-bpr-nsc-lat_amer_dir-subj-cf00189-014.pdf,https://catalog.archives.gov/id/470766487
4272,High-priority print candidate,Monitor,Brazil,28,14,63,"December 20, 1989",Memorandum,Congratulatory Telephone Call by the President to,Latin American Directorate Chronological Files,"December 16, 1989-December 31, 1989 [1]",High,78,Restricted - Possibly,47,"memorandum form; Presidential or NSC principals; democracy, presidential diplomacy; document text visible in OCR","Verify page image, source folder, and date; compare against the country chronology before print selection.","Source: George H.W. Bush Library, Bush Presidential Records, National Security Council, Latin American Affairs Directorate Files, Chronological Files, OA/ID CF00303, CF00303-015, December 16, 1989-December 31, 1989 [1]. Access restriction: Restricted - Possibly. FOIA 2015-0017-S.",https://s3.dualstack.us-east-1.amazonaws.com/NARAprodstorage/lz/presidential-libraries/bush/gb-nsc/Latin_Amer_Aff_Dir_Files/Chronological_2197972/41-bpr-nsc-lat_amer_dir-chron-cf00303-015.pdf,https://catalog.archives.gov/id/470766472
4272,High-priority print candidate,Monitor,Brazil,28,14,63,"December 20, 1989",Memorandum of Conversation,"THE VICE PRESIDENT WASHING OM SECRE? December 20, 1989 MEMORANDUM OF CONVERSATION Summary of the Vice President's telephone conversation, December 20, with",Latin American Affairs Directorate Subject Files,"Brazil - January 20, 1989-December 31, 1989 [1]",High,78,Restricted - Possibly,18,"memorandum form; Presidential or NSC principals; democracy, presidential diplomacy, panama spillover; document text visible in OCR","Verify page image, source folder, and date; compare against the country chronology before print selection.","Source: George H.W. Bush Library, Bush Presidential Records, National Security Council, Latin American Affairs Directorate Files, Subject File 1989, OA/ID CF00189, CF00189-013, Brazil - January 20, 1989-December 31, 1989 [1]. Access restriction: Restricted - Possibly. FOIA 2004-0734-F.",https://s3.dualstack.us-east-1.amazonaws.com/NARAprodstorage/lz/presidential-libraries/bush/gb-nsc/Latin_Amer_Aff_Dir_Files/Subject_376217847/41-bpr-nsc-lat_amer_dir-subj-cf00189-013.pdf,https://catalog.archives.gov/id/470766486
4272,High-priority print candidate,Monitor,Brazil,28,14,63,"February 10, 1989",Memorandum,Presidential Letter to Brazilian President Sarney,Latin American Directorate Chronological Files,"February 1, 1989-March 1, 1989 [4]",High,90,Restricted - Possibly,36,"memorandum form; Presidential or NSC principals; democracy, presidential diplomacy; document text visible in OCR","Verify page image, source folder, and date; compare against the country chronology before print selection.","Source: George H.W. Bush Library, Bush Presidential Records, National Security Council, Latin American Affairs Directorate Files, Chronological Files, OA/ID CF00300, CF00300-008, February 1, 1989-March 1, 1989 [4]. Access restriction: Restricted - Possibly. FOIA 2015-0017-S.",https://s3.dualstack.us-east-1.amazonaws.com/NARAprodstorage/lz/presidential-libraries/bush/gb-nsc/Latin_Amer_Aff_Dir_Files/Chronological_2197972/41-bpr-nsc-lat_amer_dir-chron-cf00300-008.pdf,https://catalog.archives.gov/id/470766409
4272,High-priority print candidate,Monitor,Brazil,28,14,63,"February 10, 1989",Memorandum,Presidential Letter to Brazilian President Sarney,Latin American Affairs Directorate Subject Files,"Brazil - January 20, 1989-December 31, 1989 [2]",High,90,Restricted - Possibly,64,"memorandum form; Presidential or NSC principals; democracy, presidential diplomacy; document text visible in OCR","Verify page image, source folder, and date; compare against the country chronology before print selection.","Source: George H.W. Bush Library, Bush Presidential Records, National Security Council, Latin American Affairs Directorate Files, Subject File 1989, OA/ID CF00189, CF00189-014, Brazil - January 20, 1989-December 31, 1989 [2]. Access restriction: Restricted - Possibly. FOIA 2004-0734-F.",https://s3.dualstack.us-east-1.amazonaws.com/NARAprodstorage/lz/presidential-libraries/bush/gb-nsc/Latin_Amer_Aff_Dir_Files/Subject_376217847/41-bpr-nsc-lat_amer_dir-subj-cf00189-014.pdf,https://catalog.archives.gov/id/470766487
4272,High-priority print candidate,Monitor,Brazil,28,14,63,"February 16, 1989",Memorandum,Letter to President Sarney of Brazil,Latin American Affairs Directorate Subject Files,"Brazil - January 20, 1989-December 31, 1989 [2]",High,90,Restricted - Possibly,63,"memorandum form; Presidential or NSC principals; democracy, presidential diplomacy; document text visible in OCR","Verify page image, source folder, and date; compare against the country chronology before print selection.","Source: George H.W. Bush Library, Bush Presidential Records, National Security Council, Latin American Affairs Directorate Files, Subject File 1989, OA/ID CF00189, CF00189-014, Brazil - January 20, 1989-December 31, 1989 [2]. Access restriction: Restricted - Possibly. FOIA 2004-0734-F.",https://s3.dualstack.us-east-1.amazonaws.com/NARAprodstorage/lz/presidential-libraries/bush/gb-nsc/Latin_Amer_Aff_Dir_Files/Subject_376217847/41-bpr-nsc-lat_amer_dir-subj-cf00189-014.pdf,https://catalog.archives.gov/id/470766487
4272,High-priority print candidate,Monitor,Brazil,28,14,63,"February 16, 1989",Memorandum,Presidential Letter to Brazilian President,Latin American Directorate Chronological Files,"February 1, 1989-March 1, 1989 [2]",High,90,Restricted - Possibly,70,"memorandum form; Presidential or NSC principals; debt and economy, presidential diplomacy; document text visible in OCR","Verify page image, source folder, and date; compare against the country chronology before print selection.","Source: George H.W. Bush Library, Bush Presidential Records, National Security Council, Latin American Affairs Directorate Files, Chronological Files, OA/ID CF00300, CF00300-006, February 1, 1989-March 1, 1989 [2]. Access restriction: Restricted - Possibly. FOIA 2015-0017-S.",https://s3.dualstack.us-east-1.amazonaws.com/NARAprodstorage/lz/presidential-libraries/bush/gb-nsc/Latin_Amer_Aff_Dir_Files/Chronological_2197972/41-bpr-nsc-lat_amer_dir-chron-cf00300-006.pdf,https://catalog.archives.gov/id/470766407
4272,High-priority print candidate,Monitor,Brazil,28,14,63,"February 16, 1989",Memorandum,Presidential Letter to Brazilian President,Latin American Affairs Directorate Subject Files,"Brazil - January 20, 1989-December 31, 1989 [2]",High,90,Restricted - Possibly,71,"memorandum form; Presidential or NSC principals; debt and economy, presidential diplomacy; document text visible in OCR","Verify page image, source folder, and date; compare against the country chronology before print selection.","Source: George H.W. Bush Library, Bush Presidential Records, National Security Council, Latin American Affairs Directorate Files, Subject File 1989, OA/ID CF00189, CF00189-014, Brazil - January 20, 1989-December 31, 1989 [2]. Access restriction: Restricted - Possibly. FOIA 2004-0734-F.",https://s3.dualstack.us-east-1.amazonaws.com/NARAprodstorage/lz/presidential-libraries/bush/gb-nsc/Latin_Amer_Aff_Dir_Files/Subject_376217847/41-bpr-nsc-lat_amer_dir-subj-cf00189-014.pdf,https://catalog.archives.gov/id/470766487
4272,High-priority print candidate,Monitor,Brazil,28,14,63,"February 17, 1989",Memorandum,Letter to OAS Secretary General Baena Soares,Latin American Directorate Chronological Files,"February 1, 1989-March 1, 1989 [2]",High,72,Restricted - Possibly,45,"memorandum form; Presidential or NSC principals; presidential diplomacy, regional policy; document text visible in OCR","Verify page image, source folder, and date; compare against the country chronology before print selection.","Source: George H.W. Bush Library, Bush Presidential Records, National Security Council, Latin American Affairs Directorate Files, Chronological Files, OA/ID CF00300, CF00300-006, February 1, 1989-March 1, 1989 [2]. Access restriction: Restricted - Possibly. FOIA 2015-0017-S.",https://s3.dualstack.us-east-1.amazonaws.com/NARAprodstorage/lz/presidential-libraries/bush/gb-nsc/Latin_Amer_Aff_Dir_Files/Chronological_2197972/41-bpr-nsc-lat_amer_dir-chron-cf00300-006.pdf,https://catalog.archives.gov/id/470766407
4272,High-priority print candidate,Monitor,Brazil,28,14,63,"February 18, 1989",Memorandum,Letter to President Sarney of Brazil on the,Latin American Affairs Directorate Subject Files,"Brazil - January 20, 1989-December 31, 1989 [2]",High,78,Restricted - Possibly,70,"memorandum form; Presidential or NSC principals; democracy, debt and economy, presidential diplomacy; document text visible in OCR","Verify page image, source folder, and date; compare against the country chronology before print selection.","Source: George H.W. Bush Library, Bush Presidential Records, National Security Council, Latin American Affairs Directorate Files, Subject File 1989, OA/ID CF00189, CF00189-014, Brazil - January 20, 1989-December 31, 1989 [2]. Access restriction: Restricted - Possibly. FOIA 2004-0734-F.",https://s3.dualstack.us-east-1.amazonaws.com/NARAprodstorage/lz/presidential-libraries/bush/gb-nsc/Latin_Amer_Aff_Dir_Files/Subject_376217847/41-bpr-nsc-lat_amer_dir-subj-cf00189-014.pdf,https://catalog.archives.gov/id/470766487
4272,High-priority print candidate,Monitor,Brazil,28,14,63,"February 2, 1989",Memorandum of Conversation,Transmittal to the State Department of a,Latin American Directorate Chronological Files,"February 1, 1989-March 1, 1989 [5]",High,72,Restricted - Possibly,100,"memorandum form; Presidential or NSC principals; presidential diplomacy, regional policy; document text visible in OCR","Verify page image, source folder, and date; compare against the country chronology before print selection.","Source: George H.W. Bush Library, Bush Presidential Records, National Security Council, Latin American Affairs Directorate Files, Chronological Files, OA/ID CF00300, CF00300-009, February 1, 1989-March 1, 1989 [5]. Access restriction: Restricted - Possibly. FOIA 2015-0017-S.",https://s3.dualstack.us-east-1.amazonaws.com/NARAprodstorage/lz/presidential-libraries/bush/gb-nsc/Latin_Amer_Aff_Dir_Files/Chronological_2197972/41-bpr-nsc-lat_amer_dir-chron-cf00300-009.pdf,https://catalog.archives.gov/id/470766410
4272,High-priority print candidate,Monitor,Brazil,28,14,63,"February 23, 1989",Memorandum,Background for the President’s Meeting with Sarney,Latin American Directorate Chronological Files,"February 1, 1989-March 1, 1989 [1]",High,90,Restricted - Possibly,53,"memorandum form; Presidential or NSC principals; debt and economy, presidential diplomacy; document text visible in OCR","Verify page image, source folder, and date; compare against the country chronology before print selection.","Source: George H.W. Bush Library, Bush Presidential Records, National Security Council, Latin American Affairs Directorate Files, Chronological Files, OA/ID CF00300, CF00300-005, February 1, 1989-March 1, 1989 [1]. Access restriction: Restricted - Possibly. FOIA 2015-0017-S.",https://s3.dualstack.us-east-1.amazonaws.com/NARAprodstorage/lz/presidential-libraries/bush/gb-nsc/Latin_Amer_Aff_Dir_Files/Chronological_2197972/41-bpr-nsc-lat_amer_dir-chron-cf00300-005.pdf,https://catalog.archives.gov/id/470766406
4272,High-priority print candidate,Monitor,Brazil,28,14,63,"February 25, 1989",Memorandum of Conversation,President's Meeting with President,Latin American Affairs Directorate Subject Files,"Brazil - January 20, 1989-December 31, 1989 [2]",High,72,Restricted - Possibly,22,"memorandum form; Presidential or NSC principals; presidential diplomacy; document text visible in OCR","Verify page image, source folder, and date; compare against the country chronology before print selection.","Source: George H.W. Bush Library, Bush Presidential Records, National Security Council, Latin American Affairs Directorate Files, Subject File 1989, OA/ID CF00189, CF00189-014, Brazil - January 20, 1989-December 31, 1989 [2]. Access restriction: Restricted - Possibly. FOIA 2004-0734-F.",https://s3.dualstack.us-east-1.amazonaws.com/NARAprodstorage/lz/presidential-libraries/bush/gb-nsc/Latin_Amer_Aff_Dir_Files/Subject_376217847/41-bpr-nsc-lat_amer_dir-subj-cf00189-014.pdf,https://catalog.archives.gov/id/470766487
4272,High-priority print candidate,Monitor,Brazil,28,14,63,"February 9, 1989",Memorandum,Suggested Reply to Letter from President Sarney,Latin American Directorate Chronological Files,"February 1, 1989-March 1, 1989 [4]",High,78,Restricted - Possibly,39,"memorandum form; Presidential or NSC principals; democracy, presidential diplomacy; document text visible in OCR","Verify page image, source folder, and date; compare against the country chronology before print selection.","Source: George H.W. Bush Library, Bush Presidential Records, National Security Council, Latin American Affairs Directorate Files, Chronological Files, OA/ID CF00300, CF00300-008, February 1, 1989-March 1, 1989 [4]. Access restriction: Restricted - Possibly. FOIA 2015-0017-S.",https://s3.dualstack.us-east-1.amazonaws.com/NARAprodstorage/lz/presidential-libraries/bush/gb-nsc/Latin_Amer_Aff_Dir_Files/Chronological_2197972/41-bpr-nsc-lat_amer_dir-chron-cf00300-008.pdf,https://catalog.archives.gov/id/470766409
4272,High-priority print candidate,Monitor,Brazil,28,14,63,"February 9, 1989",Memorandum,Suggested Reply to Letter from President Sarney,Latin American Affairs Directorate Subject Files,"Brazil - January 20, 1989-December 31, 1989 [2]",High,78,Restricted - Possibly,65,"memorandum form; Presidential or NSC principals; democracy, presidential diplomacy; document text visible in OCR","Verify page image, source folder, and date; compare against the country chronology before print selection.","Source: George H.W. Bush Library, Bush Presidential Records, National Security Council, Latin American Affairs Directorate Files, Subject File 1989, OA/ID CF00189, CF00189-014, Brazil - January 20, 1989-December 31, 1989 [2]. Access restriction: Restricted - Possibly. FOIA 2004-0734-F.",https://s3.dualstack.us-east-1.amazonaws.com/NARAprodstorage/lz/presidential-libraries/bush/gb-nsc/Latin_Amer_Aff_Dir_Files/Subject_376217847/41-bpr-nsc-lat_amer_dir-subj-cf00189-014.pdf,https://catalog.archives.gov/id/470766487
4272,High-priority print candidate,Monitor,Brazil,28,14,63,"January 31, 1989",Memorandum of Conversation,Memorandum of Conversation Between the,Latin American Directorate Chronological Files,"January 20, 1989-February 1, 1989 [1]",High,72,Restricted - Possibly,13,"memorandum form; Presidential or NSC principals; presidential diplomacy, regional policy; document text visible in OCR","Verify page image, source folder, and date; compare against the country chronology before print selection.","Source: George H.W. Bush Library, Bush Presidential Records, National Security Council, Latin American Affairs Directorate Files, Chronological Files, OA/ID CF00300, CF00300-003, January 20, 1989-February 1, 1989 [1]. Access restriction: Restricted - Possibly. FOIA 2015-0017-S.",https://s3.dualstack.us-east-1.amazonaws.com/NARAprodstorage/lz/presidential-libraries/bush/gb-nsc/Latin_Amer_Aff_Dir_Files/Chronological_2197972/41-bpr-nsc-lat_amer_dir-chron-cf00300-003.pdf,https://catalog.archives.gov/id/470766404
4272,High-priority print candidate,Monitor,Brazil,28,14,63,"June 15, 1989",Memorandum,Presidential Response to a Letter on Panama from,Latin American Directorate Chronological Files,"June 1, 1989-June 30, 1989 [3]",High,90,Restricted - Possibly,74,"memorandum form; Presidential or NSC principals; presidential diplomacy, regional policy, panama spillover; document text visible in OCR","Verify page image, source folder, and date; compare against the country chronology before print selection.","Source: George H.W. Bush Library, Bush Presidential Records, National Security Council, Latin American Affairs Directorate Files, Chronological Files, OA/ID CF00301, CF00301-018, June 1, 1989-June 30, 1989 [3]. Access restriction: Restricted - Possibly. FOIA 2015-0017-S.",https://s3.dualstack.us-east-1.amazonaws.com/NARAprodstorage/lz/presidential-libraries/bush/gb-nsc/Latin_Amer_Aff_Dir_Files/Chronological_2197972/41-bpr-nsc-lat_amer_dir-chron-cf00301-018.pdf,https://catalog.archives.gov/id/470766435
4272,High-priority print candidate,Monitor,Brazil,28,14,63,"June 15, 1989",Memorandum,Presidential Response to a Letter on Panama from,Latin American Affairs Directorate Subject Files,"Brazil - January 20, 1989-December 31, 1989 [1]",High,90,Restricted - Possibly,104,"memorandum form; Presidential or NSC principals; presidential diplomacy, regional policy, panama spillover; document text visible in OCR","Verify page image, source folder, and date; compare against the country chronology before print selection.","Source: George H.W. Bush Library, Bush Presidential Records, National Security Council, Latin American Affairs Directorate Files, Subject File 1989, OA/ID CF00189, CF00189-013, Brazil - January 20, 1989-December 31, 1989 [1]. Access restriction: Restricted - Possibly. FOIA 2004-0734-F.",https://s3.dualstack.us-east-1.amazonaws.com/NARAprodstorage/lz/presidential-libraries/bush/gb-nsc/Latin_Amer_Aff_Dir_Files/Subject_376217847/41-bpr-nsc-lat_amer_dir-subj-cf00189-013.pdf,https://catalog.archives.gov/id/470766486
4272,High-priority print candidate,Monitor,Brazil,28,14,63,"MARCH 10, 1989",Action Memo,WRITES REGARDING DISCUSSIONS WITH JAPANESE,Latin American Affairs Directorate Subject Files,"Brazil - January 20, 1989-December 31, 1989 [2]",High,72,Restricted - Possibly,15,"memorandum form; Presidential or NSC principals; presidential diplomacy; document text visible in OCR","Verify page image, source folder, and date; compare against the country chronology before print selection.","Source: George H.W. Bush Library, Bush Presidential Records, National Security Council, Latin American Affairs Directorate Files, Subject File 1989, OA/ID CF00189, CF00189-014, Brazil - January 20, 1989-December 31, 1989 [2]. Access restriction: Restricted - Possibly. FOIA 2004-0734-F.",https://s3.dualstack.us-east-1.amazonaws.com/NARAprodstorage/lz/presidential-libraries/bush/gb-nsc/Latin_Amer_Aff_Dir_Files/Subject_376217847/41-bpr-nsc-lat_amer_dir-subj-cf00189-014.pdf,https://catalog.archives.gov/id/470766487
4272,High-priority print candidate,Monitor,Brazil,28,14,63,"May 10, 1989",Memorandum,PCC Meeting on Managing Issues and Relations: Brazil,Latin American Affairs Directorate Subject Files,"Brazil - January 20, 1989-December 31, 1989 [1]",High,72,Restricted - Possibly,129,"memorandum form; Presidential or NSC principals; debt and economy, presidential diplomacy; document text visible in OCR","Verify page image, source folder, and date; compare against the country chronology before print selection.","Source: George H.W. Bush Library, Bush Presidential Records, National Security Council, Latin American Affairs Directorate Files, Subject File 1989, OA/ID CF00189, CF00189-013, Brazil - January 20, 1989-December 31, 1989 [1]. Access restriction: Restricted - Possibly. FOIA 2004-0734-F.",https://s3.dualstack.us-east-1.amazonaws.com/NARAprodstorage/lz/presidential-libraries/bush/gb-nsc/Latin_Amer_Aff_Dir_Files/Subject_376217847/41-bpr-nsc-lat_amer_dir-subj-cf00189-013.pdf,https://catalog.archives.gov/id/470766486
4272,High-priority print candidate,Monitor,Brazil,28,14,63,"May 17, 1989",Memorandum,Recommended Presidential Phone Call to Brazilian,Latin American Directorate Chronological Files,"May 16, 1989-May 30, 1989 [3]",High,78,Restricted - Possibly,31,"memorandum form; Presidential or NSC principals; presidential diplomacy, regional policy, panama spillover; document text visible in OCR","Verify page image, source folder, and date; compare against the country chronology before print selection.","Source: George H.W. Bush Library, Bush Presidential Records, National Security Council, Latin American Affairs Directorate Files, Chronological Files, OA/ID CF00301, CF00301-015, May 16, 1989-May 30, 1989 [3]. Access restriction: Restricted - Possibly. FOIA 2015-0017-S.",https://s3.dualstack.us-east-1.amazonaws.com/NARAprodstorage/lz/presidential-libraries/bush/gb-nsc/Latin_Amer_Aff_Dir_Files/Chronological_2197972/41-bpr-nsc-lat_amer_dir-chron-cf00301-015.pdf,https://catalog.archives.gov/id/470766432
4272,High-priority print candidate,Monitor,Brazil,28,14,63,"May 17, 1989",Memorandum,Recommended Presidential Phone Call to Brazilian,Latin American Affairs Directorate Subject Files,"Brazil - January 20, 1989-December 31, 1989 [2]",High,78,Restricted - Possibly,7,"memorandum form; Presidential or NSC principals; presidential diplomacy, regional policy, panama spillover; document text visible in OCR","Verify page image, source folder, and date; compare against the country chronology before print selection.","Source: George H.W. Bush Library, Bush Presidential Records, National Security Council, Latin American Affairs Directorate Files, Subject File 1989, OA/ID CF00189, CF00189-014, Brazil - January 20, 1989-December 31, 1989 [2]. Access restriction: Restricted - Possibly. FOIA 2004-0734-F.",https://s3.dualstack.us-east-1.amazonaws.com/NARAprodstorage/lz/presidential-libraries/bush/gb-nsc/Latin_Amer_Aff_Dir_Files/Subject_376217847/41-bpr-nsc-lat_amer_dir-subj-cf00189-014.pdf,https://catalog.archives.gov/id/470766487
4272,High-priority print candidate,Monitor,Brazil,28,14,63,"May 17, 1989",Memorandum of Telephone Conversation,Telephone Call from President Bush to,Latin American Directorate Chronological Files,"May 16, 1989-May 30, 1989 [2]",High,78,Restricted - Possibly,91,"memorandum form; Presidential or NSC principals; presidential diplomacy, panama spillover; document text visible in OCR","Verify page image, source folder, and date; compare against the country chronology before print selection.","Source: George H.W. Bush Library, Bush Presidential Records, National Security Council, Latin American Affairs Directorate Files, Chronological Files, OA/ID CF00301, CF00301-014, May 16, 1989-May 30, 1989 [2]. Access restriction: Restricted - Possibly. FOIA 2015-0017-S.",https://s3.dualstack.us-east-1.amazonaws.com/NARAprodstorage/lz/presidential-libraries/bush/gb-nsc/Latin_Amer_Aff_Dir_Files/Chronological_2197972/41-bpr-nsc-lat_amer_dir-chron-cf00301-014.pdf,https://catalog.archives.gov/id/470766431
4272,High-priority print candidate,Monitor,Brazil,28,14,63,"May 17, 1989",Memorandum of Telephone Conversation,Telephone Call from President Bush to,Latin American Affairs Directorate Subject Files,"Brazil - January 20, 1989-December 31, 1989 [1]",High,78,Restricted - Possibly,136,"memorandum form; Presidential or NSC principals; presidential diplomacy, panama spillover; document text visible in OCR","Verify page image, source folder, and date; compare against the country chronology before print selection.","Source: George H.W. Bush Library, Bush Presidential Records, National Security Council, Latin American Affairs Directorate Files, Subject File 1989, OA/ID CF00189, CF00189-013, Brazil - January 20, 1989-December 31, 1989 [1]. Access restriction: Restricted - Possibly. FOIA 2004-0734-F.",https://s3.dualstack.us-east-1.amazonaws.com/NARAprodstorage/lz/presidential-libraries/bush/gb-nsc/Latin_Amer_Aff_Dir_Files/Subject_376217847/41-bpr-nsc-lat_amer_dir-subj-cf00189-013.pdf,https://catalog.archives.gov/id/470766486
4272,High-priority print candidate,Monitor,Brazil,28,14,63,"May 19, 1989",Memorandum of Conversation,NATIONAL SECURITY COUNCIL,Latin American Affairs Directorate Subject Files,"Brazil - January 20, 1989-December 31, 1989 [1]",High,72,Restricted - Possibly,135,"memorandum form; Presidential or NSC principals; presidential diplomacy; document text visible in OCR","Verify page image, source folder, and date; compare against the country chronology before print selection.","Source: George H.W. Bush Library, Bush Presidential Records, National Security Council, Latin American Affairs Directorate Files, Subject File 1989, OA/ID CF00189, CF00189-013, Brazil - January 20, 1989-December 31, 1989 [1]. Access restriction: Restricted - Possibly. FOIA 2004-0734-F.",https://s3.dualstack.us-east-1.amazonaws.com/NARAprodstorage/lz/presidential-libraries/bush/gb-nsc/Latin_Amer_Aff_Dir_Files/Subject_376217847/41-bpr-nsc-lat_amer_dir-subj-cf00189-013.pdf,https://catalog.archives.gov/id/470766486
4272,High-priority print candidate,Monitor,Brazil,28,14,63,"May 19, 1989",Memorandum of Conversation,The President’s Telephone Conversation with,Latin American Directorate Chronological Files,"May 16, 1989-May 30, 1989 [2]",High,72,Restricted - Possibly,90,"memorandum form; Presidential or NSC principals; presidential diplomacy; document text visible in OCR","Verify page image, source folder, and date; compare against the country chronology before print selection.","Source: George H.W. Bush Library, Bush Presidential Records, National Security Council, Latin American Affairs Directorate Files, Chronological Files, OA/ID CF00301, CF00301-014, May 16, 1989-May 30, 1989 [2]. Access restriction: Restricted - Possibly. FOIA 2015-0017-S.",https://s3.dualstack.us-east-1.amazonaws.com/NARAprodstorage/lz/presidential-libraries/bush/gb-nsc/Latin_Amer_Aff_Dir_Files/Chronological_2197972/41-bpr-nsc-lat_amer_dir-chron-cf00301-014.pdf,https://catalog.archives.gov/id/470766431
4272,High-priority print candidate,Monitor,Brazil,28,14,63,"May 5, 1989",Memorandum,"To: CAROLYN ATKINSON; From: RE:",Latin American Directorate Chronological Files,"May 1, 1989-May 15, 1989 [1]",High,78,Restricted - Possibly,66,"memorandum form; Presidential or NSC principals; democracy, presidential diplomacy; document text visible in OCR","Verify page image, source folder, and date; compare against the country chronology before print selection.","Source: George H.W. Bush Library, Bush Presidential Records, National Security Council, Latin American Affairs Directorate Files, Chronological Files, OA/ID CF00301, CF00301-010, May 1, 1989-May 15, 1989 [1]. Access restriction: Restricted - Possibly. FOIA 2015-0017-S.",https://s3.dualstack.us-east-1.amazonaws.com/NARAprodstorage/lz/presidential-libraries/bush/gb-nsc/Latin_Amer_Aff_Dir_Files/Chronological_2197972/41-bpr-nsc-lat_amer_dir-chron-cf00301-010.pdf,https://catalog.archives.gov/id/470766427
4272,High-priority print candidate,Monitor,Brazil,28,14,63,"November 28, 1989",Memorandum,Brazil-U.S. Business Council,Latin American Directorate Chronological Files,"November 16, 1989-November 30, 1989 [1]",High,72,Restricted - Possibly,74,"memorandum form; Presidential or NSC principals; presidential diplomacy; document text visible in OCR","Verify page image, source folder, and date; compare against the country chronology before print selection.","Source: George H.W. Bush Library, Bush Presidential Records, National Security Council, Latin American Affairs Directorate Files, Chronological Files, OA/ID CF00303, CF00303-011, November 16, 1989-November 30, 1989 [1]. Access restriction: Restricted - Possibly. FOIA 2015-0017-S.",https://s3.dualstack.us-east-1.amazonaws.com/NARAprodstorage/lz/presidential-libraries/bush/gb-nsc/Latin_Amer_Aff_Dir_Files/Chronological_2197972/41-bpr-nsc-lat_amer_dir-chron-cf00303-011.pdf,https://catalog.archives.gov/id/470766468
4272,High-priority print candidate,Monitor,Brazil,28,14,63,"November 28, 1989",Memorandum,Brazil-U.S. Business Council,Latin American Affairs Directorate Subject Files,"Brazil - January 20, 1989-December 31, 1989 [1]",High,72,Restricted - Possibly,28,"memorandum form; Presidential or NSC principals; presidential diplomacy; document text visible in OCR","Verify page image, source folder, and date; compare against the country chronology before print selection.","Source: George H.W. Bush Library, Bush Presidential Records, National Security Council, Latin American Affairs Directorate Files, Subject File 1989, OA/ID CF00189, CF00189-013, Brazil - January 20, 1989-December 31, 1989 [1]. Access restriction: Restricted - Possibly. FOIA 2004-0734-F.",https://s3.dualstack.us-east-1.amazonaws.com/NARAprodstorage/lz/presidential-libraries/bush/gb-nsc/Latin_Amer_Aff_Dir_Files/Subject_376217847/41-bpr-nsc-lat_amer_dir-subj-cf00189-013.pdf,https://catalog.archives.gov/id/470766486
4272,High-priority print candidate,Monitor,Brazil,28,14,63,"November 6, 1989",Memorandum,Letter to Brazilian State Representative,Latin American Directorate Chronological Files,"November 1, 1989-November 15, 1989 [2]",High,72,Restricted - Possibly,42,"memorandum form; Presidential or NSC principals; presidential diplomacy; document text visible in OCR","Verify page image, source folder, and date; compare against the country chronology before print selection.","Source: George H.W. Bush Library, Bush Presidential Records, National Security Council, Latin American Affairs Directorate Files, Chronological Files, OA/ID CF00303, CF00303-010, November 1, 1989-November 15, 1989 [2]. Access restriction: Restricted - Possibly. FOIA 2015-0017-S.",https://s3.dualstack.us-east-1.amazonaws.com/NARAprodstorage/lz/presidential-libraries/bush/gb-nsc/Latin_Amer_Aff_Dir_Files/Chronological_2197972/41-bpr-nsc-lat_amer_dir-chron-cf00303-010.pdf,https://catalog.archives.gov/id/470766467
4272,High-priority print candidate,Monitor,Brazil,28,14,63,"November 6, 1989",Memorandum,Letter to Brazilian State Representative,Latin American Affairs Directorate Subject Files,"Brazil - January 20, 1989-December 31, 1989 [1]",High,72,Restricted - Possibly,47,"memorandum form; Presidential or NSC principals; presidential diplomacy; document text visible in OCR","Verify page image, source folder, and date; compare against the country chronology before print selection.","Source: George H.W. Bush Library, Bush Presidential Records, National Security Council, Latin American Affairs Directorate Files, Subject File 1989, OA/ID CF00189, CF00189-013, Brazil - January 20, 1989-December 31, 1989 [1]. Access restriction: Restricted - Possibly. FOIA 2004-0734-F.",https://s3.dualstack.us-east-1.amazonaws.com/NARAprodstorage/lz/presidential-libraries/bush/gb-nsc/Latin_Amer_Aff_Dir_Files/Subject_376217847/41-bpr-nsc-lat_amer_dir-subj-cf00189-013.pdf,https://catalog.archives.gov/id/470766486
4272,High-priority print candidate,Monitor,Brazil,28,14,63,REFERRAL,Memorandum,To: SOURCE:,Latin American Affairs Directorate Subject Files,"Brazil - January 20, 1989-December 31, 1989 [1]",High,72,Restricted - Possibly,82,"memorandum form; Presidential or NSC principals; presidential diplomacy, panama spillover; document text visible in OCR","Verify page image, source folder, and date; compare against the country chronology before print selection.","Source: George H.W. Bush Library, Bush Presidential Records, National Security Council, Latin American Affairs Directorate Files, Subject File 1989, OA/ID CF00189, CF00189-013, Brazil - January 20, 1989-December 31, 1989 [1]. Access restriction: Restricted - Possibly. FOIA 2004-0734-F.",https://s3.dualstack.us-east-1.amazonaws.com/NARAprodstorage/lz/presidential-libraries/bush/gb-nsc/Latin_Amer_Aff_Dir_Files/Subject_376217847/41-bpr-nsc-lat_amer_dir-subj-cf00189-013.pdf,https://catalog.archives.gov/id/470766486
4272,High-priority print candidate,Monitor,"Brazil; Colombia",28,14,63,,Memorandum,Barco Wants to Visit,Latin American Affairs Directorate Subject Files,"Colombia - January 20, 1989-December 31, 1989 [4]",High,72,Restricted - Possibly,87,"memorandum form; Presidential or NSC principals; presidential diplomacy; document text visible in OCR","Verify page image, source folder, and date; compare against the country chronology before print selection.","Source: George H.W. Bush Library, Bush Presidential Records, National Security Council, Latin American Affairs Directorate Files, Subject File 1989, OA/ID CF00195, CF00195-010, Colombia - January 20, 1989-December 31, 1989 [4]. Access restriction: Restricted - Possibly. FOIA 2001-0434-F.",https://s3.dualstack.us-east-1.amazonaws.com/NARAprodstorage/lz/presidential-libraries/bush/gb-nsc/Latin_Amer_Aff_Dir_Files/Subject_376217847/41-bpr-nsc-lat_amer_dir-subj-cf00195-010.pdf,https://catalog.archives.gov/id/470766567
4272,High-priority print candidate,Monitor,"Brazil; Colombia",28,14,63,"August 23, 1989",Memorandum,Colombian Coffee Complaint,Latin American Directorate Chronological Files,"August 16, 1989-August 31, 1989 [2]",High,72,Restricted - Possibly,34,"memorandum form; Presidential or NSC principals; presidential diplomacy; document text visible in OCR","Verify page image, source folder, and date; compare against the country chronology before print selection.","Source: George H.W. Bush Library, Bush Presidential Records, National Security Council, Latin American Affairs Directorate Files, Chronological Files, OA/ID CF00302, CF00302-012, August 16, 1989-August 31, 1989 [2]. Access restriction: Restricted - Possibly. FOIA 2015-0017-S.",https://s3.dualstack.us-east-1.amazonaws.com/NARAprodstorage/lz/presidential-libraries/bush/gb-nsc/Latin_Amer_Aff_Dir_Files/Chronological_2197972/41-bpr-nsc-lat_amer_dir-chron-cf00302-012.pdf,https://catalog.archives.gov/id/470766449
4272,High-priority print candidate,Monitor,"Brazil; Venezuela",28,14,63,"February 6, 1989",Memorandum of Conversation,"-"" - Memorandum of Conversation between Vice President",Latin American Affairs Directorate Subject Files,"Brazil - January 20, 1989-December 31, 1989 [2]",High,72,Restricted - Possibly,78,"memorandum form; Presidential or NSC principals; presidential diplomacy; document text visible in OCR","Verify page image, source folder, and date; compare against the country chronology before print selection.","Source: George H.W. Bush Library, Bush Presidential Records, National Security Council, Latin American Affairs Directorate Files, Subject File 1989, OA/ID CF00189, CF00189-014, Brazil - January 20, 1989-December 31, 1989 [2]. Access restriction: Restricted - Possibly. FOIA 2004-0734-F.",https://s3.dualstack.us-east-1.amazonaws.com/NARAprodstorage/lz/presidential-libraries/bush/gb-nsc/Latin_Amer_Aff_Dir_Files/Subject_376217847/41-bpr-nsc-lat_amer_dir-subj-cf00189-014.pdf,https://catalog.archives.gov/id/470766487
4272,High-priority print candidate,Monitor,"Brazil; Venezuela",28,14,63,"February 6, 1989",Memorandum of Conversation,"| |"" """"Mémorandum of Conversation between Vice President",Latin American Affairs Directorate Subject Files,"Brazil - January 20, 1989-December 31, 1989 [2]",High,72,Restricted - Possibly,76,"memorandum form; Presidential or NSC principals; presidential diplomacy; document text visible in OCR","Verify page image, source folder, and date; compare against the country chronology before print selection.","Source: George H.W. Bush Library, Bush Presidential Records, National Security Council, Latin American Affairs Directorate Files, Subject File 1989, OA/ID CF00189, CF00189-014, Brazil - January 20, 1989-December 31, 1989 [2]. Access restriction: Restricted - Possibly. FOIA 2004-0734-F.",https://s3.dualstack.us-east-1.amazonaws.com/NARAprodstorage/lz/presidential-libraries/bush/gb-nsc/Latin_Amer_Aff_Dir_Files/Subject_376217847/41-bpr-nsc-lat_amer_dir-subj-cf00189-014.pdf,https://catalog.archives.gov/id/470766487
4272,High-priority print candidate,Monitor,"Brazil; Venezuela",28,14,63,"January 30, 1989",Memorandum,Presidential Letters for Vice President Quayle to,Latin American Directorate Chronological Files,"January 20, 1989-February 1, 1989 [1]",High,72,Restricted - Possibly,28,"memorandum form; Presidential or NSC principals; presidential diplomacy; document text visible in OCR","Verify page image, source folder, and date; compare against the country chronology before print selection.","Source: George H.W. Bush Library, Bush Presidential Records, National Security Council, Latin American Affairs Directorate Files, Chronological Files, OA/ID CF00300, CF00300-003, January 20, 1989-February 1, 1989 [1]. Access restriction: Restricted - Possibly. FOIA 2015-0017-S.",https://s3.dualstack.us-east-1.amazonaws.com/NARAprodstorage/lz/presidential-libraries/bush/gb-nsc/Latin_Amer_Aff_Dir_Files/Chronological_2197972/41-bpr-nsc-lat_amer_dir-chron-cf00300-003.pdf,https://catalog.archives.gov/id/470766404
4272,High-priority print candidate,Monitor,"Brazil; Venezuela",28,14,63,"January 30, 1989",Memorandum,Presidential Letters for Vice President Quayle to,Latin American Affairs Directorate Subject Files,"Venezuela - January 20, 1989-December 31, 1989 [2]",High,72,Restricted - Possibly,131,"memorandum form; Presidential or NSC principals; presidential diplomacy; document text visible in OCR","Verify page image, source folder, and date; compare against the country chronology before print selection.","Source: George H.W. Bush Library, Bush Presidential Records, National Security Council, Latin American Affairs Directorate Files, Subject File 1989, OA/ID CF00193, CF00193-019, Venezuela - January 20, 1989-December 31, 1989 [2]. Access restriction: Restricted - Possibly. FOIA 2009-0704-F.",https://s3.dualstack.us-east-1.amazonaws.com/NARAprodstorage/lz/presidential-libraries/bush/gb-nsc/Latin_Amer_Aff_Dir_Files/Subject_376217847/41-bpr-nsc-lat_amer_dir-subj-cf00193-019.pdf,https://catalog.archives.gov/id/470766534
4272,High-priority print candidate,Monitor,"Brazil; Venezuela",28,14,63,"June 17, 1989",Memorandum,Panama -~ Recommendation that President Bush,Latin American Directorate Chronological Files,"July 16, 1989-July 30, 1989 [2]",High,90,Restricted - Possibly,60,"memorandum form; Presidential or NSC principals; presidential diplomacy, regional policy, panama spillover; document text visible in OCR","Verify page image, source folder, and date; compare against the country chronology before print selection.","Source: George H.W. Bush Library, Bush Presidential Records, National Security Council, Latin American Affairs Directorate Files, Chronological Files, OA/ID CF00302, CF00302-005, July 16, 1989-July 30, 1989 [2]. Access restriction: Restricted - Possibly. FOIA 2015-0017-S.",https://s3.dualstack.us-east-1.amazonaws.com/NARAprodstorage/lz/presidential-libraries/bush/gb-nsc/Latin_Amer_Aff_Dir_Files/Chronological_2197972/41-bpr-nsc-lat_amer_dir-chron-cf00302-005.pdf,https://catalog.archives.gov/id/470766442
4272,High-priority print candidate,Monitor,"Brazil; Venezuela",28,14,63,"June 21, 1989",Memorandum,Nicaragua -- Recommendation that President,Latin American Directorate Chronological Files,"June 1, 1989-June 30, 1989 [2]",High,90,Restricted - Possibly,71,"memorandum form; Presidential or NSC principals; presidential diplomacy, regional policy, panama spillover; document text visible in OCR","Verify page image, source folder, and date; compare against the country chronology before print selection.","Source: George H.W. Bush Library, Bush Presidential Records, National Security Council, Latin American Affairs Directorate Files, Chronological Files, OA/ID CF00301, CF00301-017, June 1, 1989-June 30, 1989 [2]. Access restriction: Restricted - Possibly. FOIA 2015-0017-S.",https://s3.dualstack.us-east-1.amazonaws.com/NARAprodstorage/lz/presidential-libraries/bush/gb-nsc/Latin_Amer_Aff_Dir_Files/Chronological_2197972/41-bpr-nsc-lat_amer_dir-chron-cf00301-017.pdf,https://catalog.archives.gov/id/470766434
4272,High-priority print candidate,Monitor,"Brazil; Venezuela",28,14,63,"June 21, 1989",Memorandum,Nicaragua -- Recommendation that President,Latin American Affairs Directorate Subject Files,"Venezuela - January 20, 1989-December 31, 1989 [1]",High,90,Restricted - Possibly,136,"memorandum form; Presidential or NSC principals; presidential diplomacy, regional policy, panama spillover; document text visible in OCR","Verify page image, source folder, and date; compare against the country chronology before print selection.","Source: George H.W. Bush Library, Bush Presidential Records, National Security Council, Latin American Affairs Directorate Files, Subject File 1989, OA/ID CF00193, CF00193-018, Venezuela - January 20, 1989-December 31, 1989 [1]. Access restriction: Restricted - Possibly. FOIA 2009-0704-F.",https://s3.dualstack.us-east-1.amazonaws.com/NARAprodstorage/lz/presidential-libraries/bush/gb-nsc/Latin_Amer_Aff_Dir_Files/Subject_376217847/41-bpr-nsc-lat_amer_dir-subj-cf00193-018.pdf,https://catalog.archives.gov/id/470766533
4274,High-priority print candidate,Monitor,Argentina,26,31,87,,Talking Points,“BEGIN| TALKING POINTS: A. THE NEED FOR DIALOGUE: NON-PAPER & (SS tte,Latin American Affairs Directorate Subject Files,"Argentina - January 20, 1989-December 31, 1989 [4]",High,78,Restricted - Possibly,38,"democracy, presidential diplomacy; document text visible in OCR","Verify page image, source folder, and date; compare against the country chronology before print selection.","Source: George H.W. Bush Library, Bush Presidential Records, National Security Council, Latin American Affairs Directorate Files, Subject File 1989, OA/ID CF00189, CF00189-008, Argentina - January 20, 1989-December 31, 1989 [4]. Access restriction: Restricted - Possibly. FOIA 2015-0017-S.",https://s3.dualstack.us-east-1.amazonaws.com/NARAprodstorage/lz/presidential-libraries/bush/gb-nsc/Latin_Amer_Aff_Dir_Files/Subject_376217847/41-bpr-nsc-lat_amer_dir-subj-cf00189-008.pdf,https://catalog.archives.gov/id/470766481
4274,High-priority print candidate,Monitor,Argentina,26,31,87,,Memorandum,Executive Secretary,Latin American Directorate Chronological Files,"September 16, 1989-September 30, 1989 [1]",High,72,Restricted - Possibly,65,"memorandum form; Presidential or NSC principals; presidential diplomacy; document text visible in OCR","Verify page image, source folder, and date; compare against the country chronology before print selection.","Source: George H.W. Bush Library, Bush Presidential Records, National Security Council, Latin American Affairs Directorate Files, Chronological Files, OA/ID CF00302, CF00302-017, September 16, 1989-September 30, 1989 [1]. Access restriction: Restricted - Possibly. FOIA 2015-0017-S.",https://s3.dualstack.us-east-1.amazonaws.com/NARAprodstorage/lz/presidential-libraries/bush/gb-nsc/Latin_Amer_Aff_Dir_Files/Chronological_2197972/41-bpr-nsc-lat_amer_dir-chron-cf00302-017.pdf,https://catalog.archives.gov/id/470766454
4274,High-priority print candidate,Monitor,Argentina,26,31,87,,Memorandum,Hagin Referral,Latin American Directorate Chronological Files,"February 1, 1989-March 1, 1989 [5]",High,90,Restricted - Possibly,138,"memorandum form; Presidential or NSC principals; democracy, presidential diplomacy; document text visible in OCR","Verify page image, source folder, and date; compare against the country chronology before print selection.","Source: George H.W. Bush Library, Bush Presidential Records, National Security Council, Latin American Affairs Directorate Files, Chronological Files, OA/ID CF00300, CF00300-009, February 1, 1989-March 1, 1989 [5]. Access restriction: Restricted - Possibly. FOIA 2015-0017-S.",https://s3.dualstack.us-east-1.amazonaws.com/NARAprodstorage/lz/presidential-libraries/bush/gb-nsc/Latin_Amer_Aff_Dir_Files/Chronological_2197972/41-bpr-nsc-lat_amer_dir-chron-cf00300-009.pdf,https://catalog.archives.gov/id/470766410
4274,High-priority print candidate,Monitor,Argentina,26,31,87,,Memorandum,Letter from You to Argentine President Menem,Latin American Directorate Chronological Files,"July 1, 1989-July 15, 1989 [3]",High,72,Restricted - Possibly,22,"memorandum form; Presidential or NSC principals; democracy, debt and economy, presidential diplomacy; document text visible in OCR","Verify page image, source folder, and date; compare against the country chronology before print selection.","Source: George H.W. Bush Library, Bush Presidential Records, National Security Council, Latin American Affairs Directorate Files, Chronological Files, OA/ID CF00302, CF00302-003, July 1, 1989-July 15, 1989 [3]. Access restriction: Restricted - Possibly. FOIA 2015-0017-S.",https://s3.dualstack.us-east-1.amazonaws.com/NARAprodstorage/lz/presidential-libraries/bush/gb-nsc/Latin_Amer_Aff_Dir_Files/Chronological_2197972/41-bpr-nsc-lat_amer_dir-chron-cf00302-003.pdf,https://catalog.archives.gov/id/470766440
4274,High-priority print candidate,Monitor,Argentina,26,31,87,,Memorandum,PCC Follow-up meeting on Argentina,Latin American Affairs Directorate Subject Files,"Argentina - January 20, 1989-December 31, 1989 [3]",High,72,Restricted - Possibly,81,"memorandum form; Presidential or NSC principals; debt and economy, presidential diplomacy; document text visible in OCR","Verify page image, source folder, and date; compare against the country chronology before print selection.","Source: George H.W. Bush Library, Bush Presidential Records, National Security Council, Latin American Affairs Directorate Files, Subject File 1989, OA/ID CF00189, CF00189-007, Argentina - January 20, 1989-December 31, 1989 [3]. Access restriction: Restricted - Possibly. FOIA 2015-0017-S.",https://s3.dualstack.us-east-1.amazonaws.com/NARAprodstorage/lz/presidential-libraries/bush/gb-nsc/Latin_Amer_Aff_Dir_Files/Subject_376217847/41-bpr-nsc-lat_amer_dir-subj-cf00189-007.pdf,https://catalog.archives.gov/id/470766480
4274,High-priority print candidate,Monitor,Argentina,26,31,87,,Memorandum,Re: Recommended Telephone Call T2789,Latin American Directorate Chronological Files,"July 16, 1989-July 30, 1989 [1]",High,72,Restricted - Possibly,4,"memorandum form; Presidential or NSC principals; presidential diplomacy; identified on withdrawal sheet","Verify page image, source folder, and date; compare against the country chronology before print selection.","Source: George H.W. Bush Library, Bush Presidential Records, National Security Council, Latin American Affairs Directorate Files, Chronological Files, OA/ID CF00302, CF00302-004, July 16, 1989-July 30, 1989 [1]. Access restriction: Restricted - Possibly. FOIA 2015-0017-S.",https://s3.dualstack.us-east-1.amazonaws.com/NARAprodstorage/lz/presidential-libraries/bush/gb-nsc/Latin_Amer_Aff_Dir_Files/Chronological_2197972/41-bpr-nsc-lat_amer_dir-chron-cf00302-004.pdf,https://catalog.archives.gov/id/470766441
4274,High-priority print candidate,Monitor,Argentina,26,31,87,,Memorandum,Request by Ambassador Gildred to Meer with,Latin American Directorate Chronological Files,"February 1, 1989-March 1, 1989 [5]",High,78,Restricted - Possibly,143,"memorandum form; Presidential or NSC principals; democracy, debt and economy, presidential diplomacy; document text visible in OCR","Verify page image, source folder, and date; compare against the country chronology before print selection.","Source: George H.W. Bush Library, Bush Presidential Records, National Security Council, Latin American Affairs Directorate Files, Chronological Files, OA/ID CF00300, CF00300-009, February 1, 1989-March 1, 1989 [5]. Access restriction: Restricted - Possibly. FOIA 2015-0017-S.",https://s3.dualstack.us-east-1.amazonaws.com/NARAprodstorage/lz/presidential-libraries/bush/gb-nsc/Latin_Amer_Aff_Dir_Files/Chronological_2197972/41-bpr-nsc-lat_amer_dir-chron-cf00300-009.pdf,https://catalog.archives.gov/id/470766410
4274,High-priority print candidate,Monitor,Argentina,26,31,87,,Memorandum,Second PCC meeting on economic and political,Latin American Affairs Directorate Subject Files,"Argentina - January 20, 1989-December 31, 1989 [3]",High,72,Restricted - Possibly,29,"memorandum form; Presidential or NSC principals; debt and economy, presidential diplomacy; document text visible in OCR","Verify page image, source folder, and date; compare against the country chronology before print selection.","Source: George H.W. Bush Library, Bush Presidential Records, National Security Council, Latin American Affairs Directorate Files, Subject File 1989, OA/ID CF00189, CF00189-007, Argentina - January 20, 1989-December 31, 1989 [3]. Access restriction: Restricted - Possibly. FOIA 2015-0017-S.",https://s3.dualstack.us-east-1.amazonaws.com/NARAprodstorage/lz/presidential-libraries/bush/gb-nsc/Latin_Amer_Aff_Dir_Files/Subject_376217847/41-bpr-nsc-lat_amer_dir-subj-cf00189-007.pdf,https://catalog.archives.gov/id/470766480
4274,High-priority print candidate,Monitor,Argentina,26,31,87,,Talking Points,"TALKING POINTS -- Despite economic difficulties, the upcoming elections will mark the first transition in Argentina from one",Latin American Affairs Directorate Subject Files,"Argentina - January 20, 1989-December 31, 1989 [4]",High,78,Restricted - Possibly,50,"Presidential or NSC principals; democracy, debt and economy, presidential diplomacy; document text visible in OCR","Verify page image, source folder, and date; compare against the country chronology before print selection.","Source: George H.W. Bush Library, Bush Presidential Records, National Security Council, Latin American Affairs Directorate Files, Subject File 1989, OA/ID CF00189, CF00189-008, Argentina - January 20, 1989-December 31, 1989 [4]. Access restriction: Restricted - Possibly. FOIA 2015-0017-S.",https://s3.dualstack.us-east-1.amazonaws.com/NARAprodstorage/lz/presidential-libraries/bush/gb-nsc/Latin_Amer_Aff_Dir_Files/Subject_376217847/41-bpr-nsc-lat_amer_dir-subj-cf00189-008.pdf,https://catalog.archives.gov/id/470766481
4274,High-priority print candidate,Monitor,Argentina,26,31,87,,Memorandum,"U.S, Representation at the July 8, Inauguration",Latin American Affairs Directorate Subject Files,"Argentina - January 20, 1989-December 31, 1989 [3]",High,78,Restricted - Possibly,84,"memorandum form; Presidential or NSC principals; democracy, debt and economy, presidential diplomacy; document text visible in OCR","Verify page image, source folder, and date; compare against the country chronology before print selection.","Source: George H.W. Bush Library, Bush Presidential Records, National Security Council, Latin American Affairs Directorate Files, Subject File 1989, OA/ID CF00189, CF00189-007, Argentina - January 20, 1989-December 31, 1989 [3]. Access restriction: Restricted - Possibly. FOIA 2015-0017-S.",https://s3.dualstack.us-east-1.amazonaws.com/NARAprodstorage/lz/presidential-libraries/bush/gb-nsc/Latin_Amer_Aff_Dir_Files/Subject_376217847/41-bpr-nsc-lat_amer_dir-subj-cf00189-007.pdf,https://catalog.archives.gov/id/470766480
4274,High-priority print candidate,Monitor,Argentina,26,31,87,,Memorandum,"U.S. Representation at the July 8, Inauguration",Latin American Directorate Chronological Files,"June 1, 1989-June 30, 1989 [1]",High,78,Restricted - Possibly,78,"memorandum form; Presidential or NSC principals; democracy, debt and economy, presidential diplomacy; document text visible in OCR","Verify page image, source folder, and date; compare against the country chronology before print selection.","Source: George H.W. Bush Library, Bush Presidential Records, National Security Council, Latin American Affairs Directorate Files, Chronological Files, OA/ID CF00301, CF00301-016, June 1, 1989-June 30, 1989 [1]. Access restriction: Restricted - Possibly. FOIA 2015-0017-S.",https://s3.dualstack.us-east-1.amazonaws.com/NARAprodstorage/lz/presidential-libraries/bush/gb-nsc/Latin_Amer_Aff_Dir_Files/Chronological_2197972/41-bpr-nsc-lat_amer_dir-chron-cf00301-016.pdf,https://catalog.archives.gov/id/470766433
4274,High-priority print candidate,Monitor,Argentina,26,31,87,,Memorandum,UNGA Meetings with the President,Latin American Directorate Chronological Files,"August 16, 1989-August 31, 1989 [4]",High,72,Restricted - Possibly,94,"memorandum form; Presidential or NSC principals; presidential diplomacy; document text visible in OCR","Verify page image, source folder, and date; compare against the country chronology before print selection.","Source: George H.W. Bush Library, Bush Presidential Records, National Security Council, Latin American Affairs Directorate Files, Chronological Files, OA/ID CF00302, CF00302-014, August 16, 1989-August 31, 1989 [4]. Access restriction: Restricted - Possibly. FOIA 2015-0017-S.",https://s3.dualstack.us-east-1.amazonaws.com/NARAprodstorage/lz/presidential-libraries/bush/gb-nsc/Latin_Amer_Aff_Dir_Files/Chronological_2197972/41-bpr-nsc-lat_amer_dir-chron-cf00302-014.pdf,https://catalog.archives.gov/id/470766451
4274,High-priority print candidate,Monitor,Argentina,26,31,87,11 AUG 89,Memorandum,NATIONAL SECURITY COUNCIL ID 8906372 REFERRAL DATE: 11 AUG 89 MEMORANDUM FOR: EXRCUTIVE SECRETARY DEPARTMENT OF STATE DOCUMENT DESCRIPTION: TQ: PRESIDENT SOUR,Latin American Affairs Directorate Subject Files,"Argentina - January 20, 1989-December 31, 1989 [3]",High,72,Restricted - Possibly,66,"memorandum form; Presidential or NSC principals; presidential diplomacy; document text visible in OCR","Verify page image, source folder, and date; compare against the country chronology before print selection.","Source: George H.W. Bush Library, Bush Presidential Records, National Security Council, Latin American Affairs Directorate Files, Subject File 1989, OA/ID CF00189, CF00189-007, Argentina - January 20, 1989-December 31, 1989 [3]. Access restriction: Restricted - Possibly. FOIA 2015-0017-S.",https://s3.dualstack.us-east-1.amazonaws.com/NARAprodstorage/lz/presidential-libraries/bush/gb-nsc/Latin_Amer_Aff_Dir_Files/Subject_376217847/41-bpr-nsc-lat_amer_dir-subj-cf00189-007.pdf,https://catalog.archives.gov/id/470766480
4274,High-priority print candidate,Monitor,Argentina,26,31,87,"April 27, 1989",Memorandum,Your Meeting with Rodolfo Terragano and Felix,Latin American Affairs Directorate Subject Files,"Argentina - January 20, 1989-December 31, 1989 [4]",High,90,Restricted - Possibly,48,"memorandum form; Presidential or NSC principals; democracy, debt and economy, presidential diplomacy; document text visible in OCR","Verify page image, source folder, and date; compare against the country chronology before print selection.","Source: George H.W. Bush Library, Bush Presidential Records, National Security Council, Latin American Affairs Directorate Files, Subject File 1989, OA/ID CF00189, CF00189-008, Argentina - January 20, 1989-December 31, 1989 [4]. Access restriction: Restricted - Possibly. FOIA 2015-0017-S.",https://s3.dualstack.us-east-1.amazonaws.com/NARAprodstorage/lz/presidential-libraries/bush/gb-nsc/Latin_Amer_Aff_Dir_Files/Subject_376217847/41-bpr-nsc-lat_amer_dir-subj-cf00189-008.pdf,https://catalog.archives.gov/id/470766481
4274,High-priority print candidate,Monitor,Argentina,26,31,87,"April 5, 1989",Memorandum,Lette rom Laurence W. Levine Regarding Argentine,Latin American Directorate Chronological Files,"April 1, 1989-April 15, 1989 [3]",High,90,Restricted - Possibly,65,"memorandum form; Presidential or NSC principals; democracy, presidential diplomacy; document text visible in OCR","Verify page image, source folder, and date; compare against the country chronology before print selection.","Source: George H.W. Bush Library, Bush Presidential Records, National Security Council, Latin American Affairs Directorate Files, Chronological Files, OA/ID CF00301, CF00301-003, April 1, 1989-April 15, 1989 [3]. Access restriction: Restricted - Possibly. FOIA 2015-0017-S.",https://s3.dualstack.us-east-1.amazonaws.com/NARAprodstorage/lz/presidential-libraries/bush/gb-nsc/Latin_Amer_Aff_Dir_Files/Chronological_2197972/41-bpr-nsc-lat_amer_dir-chron-cf00301-003.pdf,https://catalog.archives.gov/id/470766420
4274,High-priority print candidate,Monitor,Argentina,26,31,87,"August 16, 1989",Memorandum,Presidential Concurrence to the Nomination of,Latin American Directorate Chronological Files,"August 1, 1989-August 15, 1989 [4]",High,72,Restricted - Possibly,68,"memorandum form; Presidential or NSC principals; presidential diplomacy; document text visible in OCR","Verify page image, source folder, and date; compare against the country chronology before print selection.","Source: George H.W. Bush Library, Bush Presidential Records, National Security Council, Latin American Affairs Directorate Files, Chronological Files, OA/ID CF00302, CF00302-010, August 1, 1989-August 15, 1989 [4]. Access restriction: Restricted - Possibly. FOIA 2015-0017-S.",https://s3.dualstack.us-east-1.amazonaws.com/NARAprodstorage/lz/presidential-libraries/bush/gb-nsc/Latin_Amer_Aff_Dir_Files/Chronological_2197972/41-bpr-nsc-lat_amer_dir-chron-cf00302-010.pdf,https://catalog.archives.gov/id/470766447
4274,High-priority print candidate,Monitor,Argentina,26,31,87,"August 17, 1989",Memorandum of Conversation,Memorandum of Conversation with Foreign Minister,Latin American Affairs Directorate Subject Files,"Argentina - January 20, 1989-December 31, 1989 [3]",High,72,Restricted - Possibly,15,"memorandum form; Presidential or NSC principals; presidential diplomacy; document text visible in OCR","Verify page image, source folder, and date; compare against the country chronology before print selection.","Source: George H.W. Bush Library, Bush Presidential Records, National Security Council, Latin American Affairs Directorate Files, Subject File 1989, OA/ID CF00189, CF00189-007, Argentina - January 20, 1989-December 31, 1989 [3]. Access restriction: Restricted - Possibly. FOIA 2015-0017-S.",https://s3.dualstack.us-east-1.amazonaws.com/NARAprodstorage/lz/presidential-libraries/bush/gb-nsc/Latin_Amer_Aff_Dir_Files/Subject_376217847/41-bpr-nsc-lat_amer_dir-subj-cf00189-007.pdf,https://catalog.archives.gov/id/470766480
4274,High-priority print candidate,Monitor,Argentina,26,31,87,"August 18, 1989",Memorandum,“Request to Schedule Meeting for President Menem,Latin American Directorate Chronological Files,"August 16, 1989-August 31, 1989 [1]",High,72,Restricted - Possibly,65,"memorandum form; Presidential or NSC principals; debt and economy, presidential diplomacy; document text visible in OCR","Verify page image, source folder, and date; compare against the country chronology before print selection.","Source: George H.W. Bush Library, Bush Presidential Records, National Security Council, Latin American Affairs Directorate Files, Chronological Files, OA/ID CF00302, CF00302-011, August 16, 1989-August 31, 1989 [1]. Access restriction: Restricted - Possibly. FOIA 2015-0017-S.",https://s3.dualstack.us-east-1.amazonaws.com/NARAprodstorage/lz/presidential-libraries/bush/gb-nsc/Latin_Amer_Aff_Dir_Files/Chronological_2197972/41-bpr-nsc-lat_amer_dir-chron-cf00302-011.pdf,https://catalog.archives.gov/id/470766448
4274,High-priority print candidate,Monitor,Argentina,26,31,87,"August 18, 1989",Memorandum,Request to Schedule Meeting for President Menem,Latin American Affairs Directorate Subject Files,"Argentina - January 20, 1989-December 31, 1989 [2]",High,72,Restricted - Possibly,68,"memorandum form; Presidential or NSC principals; debt and economy, presidential diplomacy; document text visible in OCR","Verify page image, source folder, and date; compare against the country chronology before print selection.","Source: George H.W. Bush Library, Bush Presidential Records, National Security Council, Latin American Affairs Directorate Files, Subject File 1989, OA/ID CF00189, CF00189-006, Argentina - January 20, 1989-December 31, 1989 [2]. Access restriction: Restricted - Possibly. FOIA 2015-0017-S.",https://s3.dualstack.us-east-1.amazonaws.com/NARAprodstorage/lz/presidential-libraries/bush/gb-nsc/Latin_Amer_Aff_Dir_Files/Subject_376217847/41-bpr-nsc-lat_amer_dir-subj-cf00189-006.pdf,https://catalog.archives.gov/id/470766479
4274,High-priority print candidate,Monitor,Argentina,26,31,87,"August 25, 1989",Memorandum,Request for Meeting with Argentine President Menem,Latin American Directorate Chronological Files,"August 16, 1989-August 31, 1989 [1]",High,72,Restricted - Possibly,62,"memorandum form; Presidential or NSC principals; presidential diplomacy; document text visible in OCR","Verify page image, source folder, and date; compare against the country chronology before print selection.","Source: George H.W. Bush Library, Bush Presidential Records, National Security Council, Latin American Affairs Directorate Files, Chronological Files, OA/ID CF00302, CF00302-011, August 16, 1989-August 31, 1989 [1]. Access restriction: Restricted - Possibly. FOIA 2015-0017-S.",https://s3.dualstack.us-east-1.amazonaws.com/NARAprodstorage/lz/presidential-libraries/bush/gb-nsc/Latin_Amer_Aff_Dir_Files/Chronological_2197972/41-bpr-nsc-lat_amer_dir-chron-cf00302-011.pdf,https://catalog.archives.gov/id/470766448
4274,High-priority print candidate,Monitor,Argentina,26,31,87,"August 25, 1989",Memorandum,Request for Meeting with Argentine President Menem,Latin American Affairs Directorate Subject Files,"Argentina - January 20, 1989-December 31, 1989 [2]",High,72,Restricted - Possibly,67,"memorandum form; Presidential or NSC principals; presidential diplomacy; document text visible in OCR","Verify page image, source folder, and date; compare against the country chronology before print selection.","Source: George H.W. Bush Library, Bush Presidential Records, National Security Council, Latin American Affairs Directorate Files, Subject File 1989, OA/ID CF00189, CF00189-006, Argentina - January 20, 1989-December 31, 1989 [2]. Access restriction: Restricted - Possibly. FOIA 2015-0017-S.",https://s3.dualstack.us-east-1.amazonaws.com/NARAprodstorage/lz/presidential-libraries/bush/gb-nsc/Latin_Amer_Aff_Dir_Files/Subject_376217847/41-bpr-nsc-lat_amer_dir-subj-cf00189-006.pdf,https://catalog.archives.gov/id/470766479
4274,High-priority print candidate,Monitor,Argentina,26,31,87,"December 20, 1989",Memorandum of Telephone Conversation,Telephone Conversation with President Menem,Latin American Affairs Directorate Subject Files,"Argentina - January 20, 1989-December 31, 1989 [1]",High,78,Restricted - Possibly,17,"memorandum form; Presidential or NSC principals; presidential diplomacy, panama spillover; document text visible in OCR","Verify page image, source folder, and date; compare against the country chronology before print selection.","Source: George H.W. Bush Library, Bush Presidential Records, National Security Council, Latin American Affairs Directorate Files, Subject File 1989, OA/ID CF00189, CF00189-005, Argentina - January 20, 1989-December 31, 1989 [1]. Access restriction: Restricted - Possibly. FOIA 2015-0017-S.",https://s3.dualstack.us-east-1.amazonaws.com/NARAprodstorage/lz/presidential-libraries/bush/gb-nsc/Latin_Amer_Aff_Dir_Files/Subject_376217847/41-bpr-nsc-lat_amer_dir-subj-cf00189-005.pdf,https://catalog.archives.gov/id/470766478
4274,High-priority print candidate,Monitor,Argentina,26,31,87,"December 21, 1989",Memorandum of Telephone Conversation,Memorandum of Telephone Conversation with,Latin American Affairs Directorate Subject Files,"Argentina - January 20, 1989-December 31, 1989 [1]",High,72,Restricted - Possibly,20,"memorandum form; Presidential or NSC principals; presidential diplomacy; document text visible in OCR","Verify page image, source folder, and date; compare against the country chronology before print selection.","Source: George H.W. Bush Library, Bush Presidential Records, National Security Council, Latin American Affairs Directorate Files, Subject File 1989, OA/ID CF00189, CF00189-005, Argentina - January 20, 1989-December 31, 1989 [1]. Access restriction: Restricted - Possibly. FOIA 2015-0017-S.",https://s3.dualstack.us-east-1.amazonaws.com/NARAprodstorage/lz/presidential-libraries/bush/gb-nsc/Latin_Amer_Aff_Dir_Files/Subject_376217847/41-bpr-nsc-lat_amer_dir-subj-cf00189-005.pdf,https://catalog.archives.gov/id/470766478
4274,High-priority print candidate,Monitor,Argentina,26,31,87,"February 10, 1989",Memorandum,Presidential Letter to Argentine President,Latin American Directorate Chronological Files,"February 1, 1989-March 1, 1989 [4]",High,72,Restricted - Possibly,28,"memorandum form; Presidential or NSC principals; debt and economy, presidential diplomacy; document text visible in OCR","Verify page image, source folder, and date; compare against the country chronology before print selection.","Source: George H.W. Bush Library, Bush Presidential Records, National Security Council, Latin American Affairs Directorate Files, Chronological Files, OA/ID CF00300, CF00300-008, February 1, 1989-March 1, 1989 [4]. Access restriction: Restricted - Possibly. FOIA 2015-0017-S.",https://s3.dualstack.us-east-1.amazonaws.com/NARAprodstorage/lz/presidential-libraries/bush/gb-nsc/Latin_Amer_Aff_Dir_Files/Chronological_2197972/41-bpr-nsc-lat_amer_dir-chron-cf00300-008.pdf,https://catalog.archives.gov/id/470766409
4274,High-priority print candidate,Monitor,Argentina,26,31,87,"February 10, 1989",Memorandum,Presidential Letter to Argentine President,Latin American Affairs Directorate Subject Files,"Argentina - January 20, 1989-December 31, 1989 [4]",High,72,Restricted - Possibly,91,"memorandum form; Presidential or NSC principals; debt and economy, presidential diplomacy; document text visible in OCR","Verify page image, source folder, and date; compare against the country chronology before print selection.","Source: George H.W. Bush Library, Bush Presidential Records, National Security Council, Latin American Affairs Directorate Files, Subject File 1989, OA/ID CF00189, CF00189-008, Argentina - January 20, 1989-December 31, 1989 [4]. Access restriction: Restricted - Possibly. FOIA 2015-0017-S.",https://s3.dualstack.us-east-1.amazonaws.com/NARAprodstorage/lz/presidential-libraries/bush/gb-nsc/Latin_Amer_Aff_Dir_Files/Subject_376217847/41-bpr-nsc-lat_amer_dir-subj-cf00189-008.pdf,https://catalog.archives.gov/id/470766481
4274,High-priority print candidate,Monitor,Argentina,26,31,87,"February 13, 1989",Memorandum,Letter to President Alfonsin of Argentina,Latin American Affairs Directorate Subject Files,"Argentina - January 20, 1989-December 31, 1989 [4]",High,90,Restricted - Possibly,87,"memorandum form; Presidential or NSC principals; democracy, debt and economy, presidential diplomacy; document text visible in OCR","Verify page image, source folder, and date; compare against the country chronology before print selection.","Source: George H.W. Bush Library, Bush Presidential Records, National Security Council, Latin American Affairs Directorate Files, Subject File 1989, OA/ID CF00189, CF00189-008, Argentina - January 20, 1989-December 31, 1989 [4]. Access restriction: Restricted - Possibly. FOIA 2015-0017-S.",https://s3.dualstack.us-east-1.amazonaws.com/NARAprodstorage/lz/presidential-libraries/bush/gb-nsc/Latin_Amer_Aff_Dir_Files/Subject_376217847/41-bpr-nsc-lat_amer_dir-subj-cf00189-008.pdf,https://catalog.archives.gov/id/470766481
4274,High-priority print candidate,Monitor,Argentina,26,31,87,"February 9, 1989",Memorandum,Letter from President Alfonsin Requesting,Latin American Directorate Chronological Files,"February 1, 1989-March 1, 1989 [4]",High,90,Restricted - Possibly,31,"memorandum form; Presidential or NSC principals; democracy, debt and economy, presidential diplomacy; document text visible in OCR","Verify page image, source folder, and date; compare against the country chronology before print selection.","Source: George H.W. Bush Library, Bush Presidential Records, National Security Council, Latin American Affairs Directorate Files, Chronological Files, OA/ID CF00300, CF00300-008, February 1, 1989-March 1, 1989 [4]. Access restriction: Restricted - Possibly. FOIA 2015-0017-S.",https://s3.dualstack.us-east-1.amazonaws.com/NARAprodstorage/lz/presidential-libraries/bush/gb-nsc/Latin_Amer_Aff_Dir_Files/Chronological_2197972/41-bpr-nsc-lat_amer_dir-chron-cf00300-008.pdf,https://catalog.archives.gov/id/470766409
4274,High-priority print candidate,Monitor,Argentina,26,31,87,"February 9, 1989",Memorandum,Letter from President Alfonsin Requesting,Latin American Affairs Directorate Subject Files,"Argentina - January 20, 1989-December 31, 1989 [4]",High,90,Restricted - Possibly,93,"memorandum form; Presidential or NSC principals; democracy, debt and economy, presidential diplomacy; document text visible in OCR","Verify page image, source folder, and date; compare against the country chronology before print selection.","Source: George H.W. Bush Library, Bush Presidential Records, National Security Council, Latin American Affairs Directorate Files, Subject File 1989, OA/ID CF00189, CF00189-008, Argentina - January 20, 1989-December 31, 1989 [4]. Access restriction: Restricted - Possibly. FOIA 2015-0017-S.",https://s3.dualstack.us-east-1.amazonaws.com/NARAprodstorage/lz/presidential-libraries/bush/gb-nsc/Latin_Amer_Aff_Dir_Files/Subject_376217847/41-bpr-nsc-lat_amer_dir-subj-cf00189-008.pdf,https://catalog.archives.gov/id/470766481
4274,High-priority print candidate,Monitor,Argentina,26,31,87,"January 24, 1989",Memorandum of Conversation,Memorandum of Conversation Between the President,Latin American Affairs Directorate Subject Files,"Argentina - January 20, 1989-December 31, 1989 [4]",High,72,Restricted - Possibly,107,"memorandum form; Presidential or NSC principals; presidential diplomacy; document text visible in OCR","Verify page image, source folder, and date; compare against the country chronology before print selection.","Source: George H.W. Bush Library, Bush Presidential Records, National Security Council, Latin American Affairs Directorate Files, Subject File 1989, OA/ID CF00189, CF00189-008, Argentina - January 20, 1989-December 31, 1989 [4]. Access restriction: Restricted - Possibly. FOIA 2015-0017-S.",https://s3.dualstack.us-east-1.amazonaws.com/NARAprodstorage/lz/presidential-libraries/bush/gb-nsc/Latin_Amer_Aff_Dir_Files/Subject_376217847/41-bpr-nsc-lat_amer_dir-subj-cf00189-008.pdf,https://catalog.archives.gov/id/470766481
4274,High-priority print candidate,Monitor,Argentina,26,31,87,"January 26, 1989",Memorandum,Ambassadorial request to meet,Latin American Directorate Chronological Files,"February 1, 1989-March 1, 1989 [5]",High,78,Restricted - Possibly,142,"memorandum form; Presidential or NSC principals; democracy, presidential diplomacy; document text visible in OCR","Verify page image, source folder, and date; compare against the country chronology before print selection.","Source: George H.W. Bush Library, Bush Presidential Records, National Security Council, Latin American Affairs Directorate Files, Chronological Files, OA/ID CF00300, CF00300-009, February 1, 1989-March 1, 1989 [5]. Access restriction: Restricted - Possibly. FOIA 2015-0017-S.",https://s3.dualstack.us-east-1.amazonaws.com/NARAprodstorage/lz/presidential-libraries/bush/gb-nsc/Latin_Amer_Aff_Dir_Files/Chronological_2197972/41-bpr-nsc-lat_amer_dir-chron-cf00300-009.pdf,https://catalog.archives.gov/id/470766410
4274,High-priority print candidate,Monitor,Argentina,26,31,87,"July 20, 1989",Memorandum,Your Meeting with New Argentine Foreign Minister,Latin American Directorate Chronological Files,"July 16, 1989-July 30, 1989 [3]",High,90,Restricted - Possibly,17,"memorandum form; Presidential or NSC principals; debt and economy, presidential diplomacy, regional policy; document text visible in OCR","Verify page image, source folder, and date; compare against the country chronology before print selection.","Source: George H.W. Bush Library, Bush Presidential Records, National Security Council, Latin American Affairs Directorate Files, Chronological Files, OA/ID CF00302, CF00302-006, July 16, 1989-July 30, 1989 [3]. Access restriction: Restricted - Possibly. FOIA 2015-0017-S.",https://s3.dualstack.us-east-1.amazonaws.com/NARAprodstorage/lz/presidential-libraries/bush/gb-nsc/Latin_Amer_Aff_Dir_Files/Chronological_2197972/41-bpr-nsc-lat_amer_dir-chron-cf00302-006.pdf,https://catalog.archives.gov/id/470766443
4274,High-priority print candidate,Monitor,Argentina,26,31,87,"July 20, 1989",Memorandum,Your Meeting with New Argentine Foreign Minister,Latin American Affairs Directorate Subject Files,"Argentina - January 20, 1989-December 31, 1989 [3]",High,90,Restricted - Possibly,67,"memorandum form; Presidential or NSC principals; debt and economy, presidential diplomacy, panama spillover; document text visible in OCR","Verify page image, source folder, and date; compare against the country chronology before print selection.","Source: George H.W. Bush Library, Bush Presidential Records, National Security Council, Latin American Affairs Directorate Files, Subject File 1989, OA/ID CF00189, CF00189-007, Argentina - January 20, 1989-December 31, 1989 [3]. Access restriction: Restricted - Possibly. FOIA 2015-0017-S.",https://s3.dualstack.us-east-1.amazonaws.com/NARAprodstorage/lz/presidential-libraries/bush/gb-nsc/Latin_Amer_Aff_Dir_Files/Subject_376217847/41-bpr-nsc-lat_amer_dir-subj-cf00189-007.pdf,https://catalog.archives.gov/id/470766480
4274,High-priority print candidate,Monitor,Argentina,26,31,87,"July 21, 1989",Memorandum of Conversation,Memorandum of Conversation with Foreign Minister,Latin American Directorate Chronological Files,"July 16, 1989-July 30, 1989 [1]",High,72,Restricted - Possibly,75,"memorandum form; Presidential or NSC principals; presidential diplomacy; document text visible in OCR","Verify page image, source folder, and date; compare against the country chronology before print selection.","Source: George H.W. Bush Library, Bush Presidential Records, National Security Council, Latin American Affairs Directorate Files, Chronological Files, OA/ID CF00302, CF00302-004, July 16, 1989-July 30, 1989 [1]. Access restriction: Restricted - Possibly. FOIA 2015-0017-S.",https://s3.dualstack.us-east-1.amazonaws.com/NARAprodstorage/lz/presidential-libraries/bush/gb-nsc/Latin_Amer_Aff_Dir_Files/Chronological_2197972/41-bpr-nsc-lat_amer_dir-chron-cf00302-004.pdf,https://catalog.archives.gov/id/470766441
4274,High-priority print candidate,Monitor,Argentina,26,31,87,"July 27, 1989",Memorandum of Conversation,Memorandum of Conversation with Foreign Minister,Latin American Directorate Chronological Files,"July 16, 1989-July 30, 1989 [1]",High,72,Restricted - Possibly,74,"memorandum form; Presidential or NSC principals; presidential diplomacy; document text visible in OCR","Verify page image, source folder, and date; compare against the country chronology before print selection.","Source: George H.W. Bush Library, Bush Presidential Records, National Security Council, Latin American Affairs Directorate Files, Chronological Files, OA/ID CF00302, CF00302-004, July 16, 1989-July 30, 1989 [1]. Access restriction: Restricted - Possibly. FOIA 2015-0017-S.",https://s3.dualstack.us-east-1.amazonaws.com/NARAprodstorage/lz/presidential-libraries/bush/gb-nsc/Latin_Amer_Aff_Dir_Files/Chronological_2197972/41-bpr-nsc-lat_amer_dir-chron-cf00302-004.pdf,https://catalog.archives.gov/id/470766441
4274,High-priority print candidate,Monitor,Argentina,26,31,87,"July 27, 1989",Memorandum of Conversation,Memorandum of Conversation with Foreign Minister,Latin American Affairs Directorate Subject Files,"Argentina - January 20, 1989-December 31, 1989 [3]",High,72,Restricted - Possibly,17,"memorandum form; Presidential or NSC principals; presidential diplomacy; document text visible in OCR","Verify page image, source folder, and date; compare against the country chronology before print selection.","Source: George H.W. Bush Library, Bush Presidential Records, National Security Council, Latin American Affairs Directorate Files, Subject File 1989, OA/ID CF00189, CF00189-007, Argentina - January 20, 1989-December 31, 1989 [3]. Access restriction: Restricted - Possibly. FOIA 2015-0017-S.",https://s3.dualstack.us-east-1.amazonaws.com/NARAprodstorage/lz/presidential-libraries/bush/gb-nsc/Latin_Amer_Aff_Dir_Files/Subject_376217847/41-bpr-nsc-lat_amer_dir-subj-cf00189-007.pdf,https://catalog.archives.gov/id/470766480
4274,High-priority print candidate,Monitor,Argentina,26,31,87,"July 3, 1989",Memorandum,Argentine President-elect Carlos Menem,Latin American Directorate Chronological Files,"July 1, 1989-July 15, 1989 [2]",High,72,Restricted - Possibly,76,"memorandum form; Presidential or NSC principals; presidential diplomacy; document text visible in OCR","Verify page image, source folder, and date; compare against the country chronology before print selection.","Source: George H.W. Bush Library, Bush Presidential Records, National Security Council, Latin American Affairs Directorate Files, Chronological Files, OA/ID CF00302, CF00302-002, July 1, 1989-July 15, 1989 [2]. Access restriction: Restricted - Possibly. FOIA 2015-0017-S.",https://s3.dualstack.us-east-1.amazonaws.com/NARAprodstorage/lz/presidential-libraries/bush/gb-nsc/Latin_Amer_Aff_Dir_Files/Chronological_2197972/41-bpr-nsc-lat_amer_dir-chron-cf00302-002.pdf,https://catalog.archives.gov/id/470766439
4274,High-priority print candidate,Monitor,Argentina,26,31,87,"July 3, 1989",Memorandum,Argentine President-elect Carlos Menem,Latin American Directorate Chronological Files,"July 1, 1989-July 15, 1989 [3]",High,72,Restricted - Possibly,24,"memorandum form; Presidential or NSC principals; presidential diplomacy; document text visible in OCR","Verify page image, source folder, and date; compare against the country chronology before print selection.","Source: George H.W. Bush Library, Bush Presidential Records, National Security Council, Latin American Affairs Directorate Files, Chronological Files, OA/ID CF00302, CF00302-003, July 1, 1989-July 15, 1989 [3]. Access restriction: Restricted - Possibly. FOIA 2015-0017-S.",https://s3.dualstack.us-east-1.amazonaws.com/NARAprodstorage/lz/presidential-libraries/bush/gb-nsc/Latin_Amer_Aff_Dir_Files/Chronological_2197972/41-bpr-nsc-lat_amer_dir-chron-cf00302-003.pdf,https://catalog.archives.gov/id/470766440
4274,High-priority print candidate,Monitor,Argentina,26,31,87,"July 3, 1989",Memorandum,Argentine President-elect Carlos Menem,Latin American Affairs Directorate Subject Files,"Argentina - January 20, 1989-December 31, 1989 [3]",High,72,Restricted - Possibly,12,"memorandum form; Presidential or NSC principals; presidential diplomacy; document text visible in OCR","Verify page image, source folder, and date; compare against the country chronology before print selection.","Source: George H.W. Bush Library, Bush Presidential Records, National Security Council, Latin American Affairs Directorate Files, Subject File 1989, OA/ID CF00189, CF00189-007, Argentina - January 20, 1989-December 31, 1989 [3]. Access restriction: Restricted - Possibly. FOIA 2015-0017-S.",https://s3.dualstack.us-east-1.amazonaws.com/NARAprodstorage/lz/presidential-libraries/bush/gb-nsc/Latin_Amer_Aff_Dir_Files/Subject_376217847/41-bpr-nsc-lat_amer_dir-subj-cf00189-007.pdf,https://catalog.archives.gov/id/470766480
4274,High-priority print candidate,Monitor,Argentina,26,31,87,"July 5, 1989",Memorandum,Letter from President Bush to Argentine President,Latin American Directorate Chronological Files,"July 1, 1989-July 15, 1989 [3]",High,90,Restricted - Possibly,21,"memorandum form; Presidential or NSC principals; democracy, debt and economy, presidential diplomacy; document text visible in OCR","Verify page image, source folder, and date; compare against the country chronology before print selection.","Source: George H.W. Bush Library, Bush Presidential Records, National Security Council, Latin American Affairs Directorate Files, Chronological Files, OA/ID CF00302, CF00302-003, July 1, 1989-July 15, 1989 [3]. Access restriction: Restricted - Possibly. FOIA 2015-0017-S.",https://s3.dualstack.us-east-1.amazonaws.com/NARAprodstorage/lz/presidential-libraries/bush/gb-nsc/Latin_Amer_Aff_Dir_Files/Chronological_2197972/41-bpr-nsc-lat_amer_dir-chron-cf00302-003.pdf,https://catalog.archives.gov/id/470766440
4274,High-priority print candidate,Monitor,Argentina,26,31,87,"July 5, 1989",Memorandum,Letter from President Bush to Argentine President,Latin American Affairs Directorate Subject Files,"Argentina - January 20, 1989-December 31, 1989 [3]",High,90,Restricted - Possibly,11,"memorandum form; Presidential or NSC principals; democracy, debt and economy, presidential diplomacy; document text visible in OCR","Verify page image, source folder, and date; compare against the country chronology before print selection.","Source: George H.W. Bush Library, Bush Presidential Records, National Security Council, Latin American Affairs Directorate Files, Subject File 1989, OA/ID CF00189, CF00189-007, Argentina - January 20, 1989-December 31, 1989 [3]. Access restriction: Restricted - Possibly. FOIA 2015-0017-S.",https://s3.dualstack.us-east-1.amazonaws.com/NARAprodstorage/lz/presidential-libraries/bush/gb-nsc/Latin_Amer_Aff_Dir_Files/Subject_376217847/41-bpr-nsc-lat_amer_dir-subj-cf00189-007.pdf,https://catalog.archives.gov/id/470766480
4274,High-priority print candidate,Monitor,Argentina,26,31,87,"July 6, 1989",Memorandum,Letter from You to Argentine President Menem,Latin American Affairs Directorate Subject Files,"Argentina - January 20, 1989-December 31, 1989 [3]",High,72,Restricted - Possibly,10,"memorandum form; Presidential or NSC principals; democracy, debt and economy, presidential diplomacy; document text visible in OCR","Verify page image, source folder, and date; compare against the country chronology before print selection.","Source: George H.W. Bush Library, Bush Presidential Records, National Security Council, Latin American Affairs Directorate Files, Subject File 1989, OA/ID CF00189, CF00189-007, Argentina - January 20, 1989-December 31, 1989 [3]. Access restriction: Restricted - Possibly. FOIA 2015-0017-S.",https://s3.dualstack.us-east-1.amazonaws.com/NARAprodstorage/lz/presidential-libraries/bush/gb-nsc/Latin_Amer_Aff_Dir_Files/Subject_376217847/41-bpr-nsc-lat_amer_dir-subj-cf00189-007.pdf,https://catalog.archives.gov/id/470766480
4274,High-priority print candidate,Monitor,Argentina,26,31,87,"June 16, 1989",Memorandum,Reply to Letter from G. Evan Bybee Expressing,Latin American Directorate Chronological Files,"June 1, 1989-June 30, 1989 [3]",High,72,Restricted - Possibly,31,"memorandum form; Presidential or NSC principals; presidential diplomacy; document text visible in OCR","Verify page image, source folder, and date; compare against the country chronology before print selection.","Source: George H.W. Bush Library, Bush Presidential Records, National Security Council, Latin American Affairs Directorate Files, Chronological Files, OA/ID CF00301, CF00301-018, June 1, 1989-June 30, 1989 [3]. Access restriction: Restricted - Possibly. FOIA 2015-0017-S.",https://s3.dualstack.us-east-1.amazonaws.com/NARAprodstorage/lz/presidential-libraries/bush/gb-nsc/Latin_Amer_Aff_Dir_Files/Chronological_2197972/41-bpr-nsc-lat_amer_dir-chron-cf00301-018.pdf,https://catalog.archives.gov/id/470766435
4274,High-priority print candidate,Monitor,Argentina,26,31,87,"June 16, 1989",Memorandum,Reply to Letter from G. Evan Bybee Expressing,Latin American Affairs Directorate Subject Files,"Argentina - January 20, 1989-December 31, 1989 [3]",High,72,Restricted - Possibly,76,"memorandum form; Presidential or NSC principals; presidential diplomacy; document text visible in OCR","Verify page image, source folder, and date; compare against the country chronology before print selection.","Source: George H.W. Bush Library, Bush Presidential Records, National Security Council, Latin American Affairs Directorate Files, Subject File 1989, OA/ID CF00189, CF00189-007, Argentina - January 20, 1989-December 31, 1989 [3]. Access restriction: Restricted - Possibly. FOIA 2015-0017-S.",https://s3.dualstack.us-east-1.amazonaws.com/NARAprodstorage/lz/presidential-libraries/bush/gb-nsc/Latin_Amer_Aff_Dir_Files/Subject_376217847/41-bpr-nsc-lat_amer_dir-subj-cf00189-007.pdf,https://catalog.archives.gov/id/470766480
4274,High-priority print candidate,Monitor,Argentina,26,31,87,"June 22, 1989",Memorandum,Second PCC meeting on economic and political,Latin American Affairs Directorate Subject Files,"Argentina - January 20, 1989-December 31, 1989 [3]",High,72,Restricted - Possibly,34,"memorandum form; Presidential or NSC principals; debt and economy, presidential diplomacy; document text visible in OCR","Verify page image, source folder, and date; compare against the country chronology before print selection.","Source: George H.W. Bush Library, Bush Presidential Records, National Security Council, Latin American Affairs Directorate Files, Subject File 1989, OA/ID CF00189, CF00189-007, Argentina - January 20, 1989-December 31, 1989 [3]. Access restriction: Restricted - Possibly. FOIA 2015-0017-S.",https://s3.dualstack.us-east-1.amazonaws.com/NARAprodstorage/lz/presidential-libraries/bush/gb-nsc/Latin_Amer_Aff_Dir_Files/Subject_376217847/41-bpr-nsc-lat_amer_dir-subj-cf00189-007.pdf,https://catalog.archives.gov/id/470766480
4274,High-priority print candidate,Monitor,Argentina,26,31,87,"June 27, 1989",Memorandum,Attendance at Argentine Inauguration,Latin American Directorate Chronological Files,"June 1, 1989-June 30, 1989 [1]",High,90,Restricted - Possibly,80,"memorandum form; Presidential or NSC principals; presidential diplomacy, panama spillover; document text visible in OCR","Verify page image, source folder, and date; compare against the country chronology before print selection.","Source: George H.W. Bush Library, Bush Presidential Records, National Security Council, Latin American Affairs Directorate Files, Chronological Files, OA/ID CF00301, CF00301-016, June 1, 1989-June 30, 1989 [1]. Access restriction: Restricted - Possibly. FOIA 2015-0017-S.",https://s3.dualstack.us-east-1.amazonaws.com/NARAprodstorage/lz/presidential-libraries/bush/gb-nsc/Latin_Amer_Aff_Dir_Files/Chronological_2197972/41-bpr-nsc-lat_amer_dir-chron-cf00301-016.pdf,https://catalog.archives.gov/id/470766433
4274,High-priority print candidate,Monitor,Argentina,26,31,87,"June 28, 1989",Memorandum,PCC Follow-up meeting on Argentina,Latin American Affairs Directorate Subject Files,"Argentina - January 20, 1989-December 31, 1989 [3]",High,72,Restricted - Possibly,47,"memorandum form; Presidential or NSC principals; debt and economy, presidential diplomacy; document text visible in OCR","Verify page image, source folder, and date; compare against the country chronology before print selection.","Source: George H.W. Bush Library, Bush Presidential Records, National Security Council, Latin American Affairs Directorate Files, Subject File 1989, OA/ID CF00189, CF00189-007, Argentina - January 20, 1989-December 31, 1989 [3]. Access restriction: Restricted - Possibly. FOIA 2015-0017-S.",https://s3.dualstack.us-east-1.amazonaws.com/NARAprodstorage/lz/presidential-libraries/bush/gb-nsc/Latin_Amer_Aff_Dir_Files/Subject_376217847/41-bpr-nsc-lat_amer_dir-subj-cf00189-007.pdf,https://catalog.archives.gov/id/470766480
4274,High-priority print candidate,Monitor,Argentina,26,31,87,"June 6, 1989",Memorandum,Request for Meeting between the President and,Latin American Directorate Chronological Files,"June 1, 1989-June 30, 1989 [5]",High,72,Restricted - Possibly,23,"memorandum form; Presidential or NSC principals; democracy, presidential diplomacy; document text visible in OCR","Verify page image, source folder, and date; compare against the country chronology before print selection.","Source: George H.W. Bush Library, Bush Presidential Records, National Security Council, Latin American Affairs Directorate Files, Chronological Files, OA/ID CF00301, CF00301-020, June 1, 1989-June 30, 1989 [5]. Access restriction: Restricted - Possibly. FOIA 2015-0017-S.",https://s3.dualstack.us-east-1.amazonaws.com/NARAprodstorage/lz/presidential-libraries/bush/gb-nsc/Latin_Amer_Aff_Dir_Files/Chronological_2197972/41-bpr-nsc-lat_amer_dir-chron-cf00301-020.pdf,https://catalog.archives.gov/id/470766437
4274,High-priority print candidate,Monitor,Argentina,26,31,87,"June 7, 1989",Memorandum,Request for Meeting with you by Outgoing,Latin American Directorate Chronological Files,"June 1, 1989-June 30, 1989 [4]",High,72,Restricted - Possibly,38,"memorandum form; Presidential or NSC principals; democracy, presidential diplomacy; document text visible in OCR","Verify page image, source folder, and date; compare against the country chronology before print selection.","Source: George H.W. Bush Library, Bush Presidential Records, National Security Council, Latin American Affairs Directorate Files, Chronological Files, OA/ID CF00301, CF00301-019, June 1, 1989-June 30, 1989 [4]. Access restriction: Restricted - Possibly. FOIA 2015-0017-S.",https://s3.dualstack.us-east-1.amazonaws.com/NARAprodstorage/lz/presidential-libraries/bush/gb-nsc/Latin_Amer_Aff_Dir_Files/Chronological_2197972/41-bpr-nsc-lat_amer_dir-chron-cf00301-019.pdf,https://catalog.archives.gov/id/470766436
4274,High-priority print candidate,Monitor,Argentina,26,31,87,"June 7, 1989",Memorandum,Request for Meeting with you by Outgoing,Latin American Affairs Directorate Subject Files,"Argentina - January 20, 1989-December 31, 1989 [4]",High,72,Restricted - Possibly,8,"memorandum form; Presidential or NSC principals; democracy, presidential diplomacy; document text visible in OCR","Verify page image, source folder, and date; compare against the country chronology before print selection.","Source: George H.W. Bush Library, Bush Presidential Records, National Security Council, Latin American Affairs Directorate Files, Subject File 1989, OA/ID CF00189, CF00189-008, Argentina - January 20, 1989-December 31, 1989 [4]. Access restriction: Restricted - Possibly. FOIA 2015-0017-S.",https://s3.dualstack.us-east-1.amazonaws.com/NARAprodstorage/lz/presidential-libraries/bush/gb-nsc/Latin_Amer_Aff_Dir_Files/Subject_376217847/41-bpr-nsc-lat_amer_dir-subj-cf00189-008.pdf,https://catalog.archives.gov/id/470766481
4274,High-priority print candidate,Monitor,Argentina,26,31,87,"June 8, 1989",Memorandum,Proposed Meeting Between the President and,Latin American Directorate Chronological Files,"June 1, 1989-June 30, 1989 [4]",High,72,Restricted - Possibly,36,"memorandum form; Presidential or NSC principals; presidential diplomacy; document text visible in OCR","Verify page image, source folder, and date; compare against the country chronology before print selection.","Source: George H.W. Bush Library, Bush Presidential Records, National Security Council, Latin American Affairs Directorate Files, Chronological Files, OA/ID CF00301, CF00301-019, June 1, 1989-June 30, 1989 [4]. Access restriction: Restricted - Possibly. FOIA 2015-0017-S.",https://s3.dualstack.us-east-1.amazonaws.com/NARAprodstorage/lz/presidential-libraries/bush/gb-nsc/Latin_Amer_Aff_Dir_Files/Chronological_2197972/41-bpr-nsc-lat_amer_dir-chron-cf00301-019.pdf,https://catalog.archives.gov/id/470766436
4274,High-priority print candidate,Monitor,Argentina,26,31,87,"June 8, 1989",Memorandum,Proposed Meeting Between the President and,Latin American Affairs Directorate Subject Files,"Argentina - January 20, 1989-December 31, 1989 [4]",High,72,Restricted - Possibly,6,"memorandum form; Presidential or NSC principals; presidential diplomacy; document text visible in OCR","Verify page image, source folder, and date; compare against the country chronology before print selection.","Source: George H.W. Bush Library, Bush Presidential Records, National Security Council, Latin American Affairs Directorate Files, Subject File 1989, OA/ID CF00189, CF00189-008, Argentina - January 20, 1989-December 31, 1989 [4]. Access restriction: Restricted - Possibly. FOIA 2015-0017-S.",https://s3.dualstack.us-east-1.amazonaws.com/NARAprodstorage/lz/presidential-libraries/bush/gb-nsc/Latin_Amer_Aff_Dir_Files/Subject_376217847/41-bpr-nsc-lat_amer_dir-subj-cf00189-008.pdf,https://catalog.archives.gov/id/470766481
4274,High-priority print candidate,Monitor,Argentina,26,31,87,"May 14, 1989",Memorandum,Letter to President Alfonsin of Argentina,Latin American Directorate Chronological Files,"February 1, 1989-March 1, 1989 [4]",High,90,Restricted - Possibly,29,"memorandum form; Presidential or NSC principals; democracy, debt and economy, presidential diplomacy; document text visible in OCR","Verify page image, source folder, and date; compare against the country chronology before print selection.","Source: George H.W. Bush Library, Bush Presidential Records, National Security Council, Latin American Affairs Directorate Files, Chronological Files, OA/ID CF00300, CF00300-008, February 1, 1989-March 1, 1989 [4]. Access restriction: Restricted - Possibly. FOIA 2015-0017-S.",https://s3.dualstack.us-east-1.amazonaws.com/NARAprodstorage/lz/presidential-libraries/bush/gb-nsc/Latin_Amer_Aff_Dir_Files/Chronological_2197972/41-bpr-nsc-lat_amer_dir-chron-cf00300-008.pdf,https://catalog.archives.gov/id/470766409
4274,High-priority print candidate,Monitor,Argentina,26,31,87,"May 16, 1989",Memorandum of Conversation,Memorandum of Conversation: President’s Telephone,Latin American Directorate Chronological Files,"May 16, 1989-May 30, 1989 [3]",High,72,Restricted - Possibly,50,"memorandum form; Presidential or NSC principals; presidential diplomacy; document text visible in OCR","Verify page image, source folder, and date; compare against the country chronology before print selection.","Source: George H.W. Bush Library, Bush Presidential Records, National Security Council, Latin American Affairs Directorate Files, Chronological Files, OA/ID CF00301, CF00301-015, May 16, 1989-May 30, 1989 [3]. Access restriction: Restricted - Possibly. FOIA 2015-0017-S.",https://s3.dualstack.us-east-1.amazonaws.com/NARAprodstorage/lz/presidential-libraries/bush/gb-nsc/Latin_Amer_Aff_Dir_Files/Chronological_2197972/41-bpr-nsc-lat_amer_dir-chron-cf00301-015.pdf,https://catalog.archives.gov/id/470766432
4274,High-priority print candidate,Monitor,Argentina,26,31,87,"May 16, 1989",Memorandum of Conversation,Memorandum of Conversation: President’s Telephone,Latin American Affairs Directorate Subject Files,"Argentina - January 20, 1989-December 31, 1989 [4]",High,72,Restricted - Possibly,14,"memorandum form; Presidential or NSC principals; presidential diplomacy; document text visible in OCR","Verify page image, source folder, and date; compare against the country chronology before print selection.","Source: George H.W. Bush Library, Bush Presidential Records, National Security Council, Latin American Affairs Directorate Files, Subject File 1989, OA/ID CF00189, CF00189-008, Argentina - January 20, 1989-December 31, 1989 [4]. Access restriction: Restricted - Possibly. FOIA 2015-0017-S.",https://s3.dualstack.us-east-1.amazonaws.com/NARAprodstorage/lz/presidential-libraries/bush/gb-nsc/Latin_Amer_Aff_Dir_Files/Subject_376217847/41-bpr-nsc-lat_amer_dir-subj-cf00189-008.pdf,https://catalog.archives.gov/id/470766481
4274,High-priority print candidate,Monitor,Argentina,26,31,87,"May 2, 1989",Memorandum,PCC Meeting on Managing Issues and Relations:,Latin American Affairs Directorate Subject Files,"Argentina - January 20, 1989-December 31, 1989 [4]",High,72,Restricted - Possibly,29,"memorandum form; Presidential or NSC principals; debt and economy, presidential diplomacy; document text visible in OCR","Verify page image, source folder, and date; compare against the country chronology before print selection.","Source: George H.W. Bush Library, Bush Presidential Records, National Security Council, Latin American Affairs Directorate Files, Subject File 1989, OA/ID CF00189, CF00189-008, Argentina - January 20, 1989-December 31, 1989 [4]. Access restriction: Restricted - Possibly. FOIA 2015-0017-S.",https://s3.dualstack.us-east-1.amazonaws.com/NARAprodstorage/lz/presidential-libraries/bush/gb-nsc/Latin_Amer_Aff_Dir_Files/Subject_376217847/41-bpr-nsc-lat_amer_dir-subj-cf00189-008.pdf,https://catalog.archives.gov/id/470766481
4274,High-priority print candidate,Monitor,Argentina,26,31,87,"May 23, 1989",Memorandum,Appointment request for Ambassador to Argentina,Latin American Directorate Chronological Files,"May 16, 1989-May 30, 1989 [1]",High,72,Restricted - Possibly,41,"memorandum form; Presidential or NSC principals; democracy, presidential diplomacy; document text visible in OCR","Verify page image, source folder, and date; compare against the country chronology before print selection.","Source: George H.W. Bush Library, Bush Presidential Records, National Security Council, Latin American Affairs Directorate Files, Chronological Files, OA/ID CF00301, CF00301-013, May 16, 1989-May 30, 1989 [1]. Access restriction: Restricted - Possibly. FOIA 2015-0017-S.",https://s3.dualstack.us-east-1.amazonaws.com/NARAprodstorage/lz/presidential-libraries/bush/gb-nsc/Latin_Amer_Aff_Dir_Files/Chronological_2197972/41-bpr-nsc-lat_amer_dir-chron-cf00301-013.pdf,https://catalog.archives.gov/id/470766430
4274,High-priority print candidate,Monitor,Argentina,26,31,87,"May 23, 1989",Memorandum,Appointment request for Ambassador to Argentina,Latin American Affairs Directorate Subject Files,"Argentina - January 20, 1989-December 31, 1989 [4]",High,72,Restricted - Possibly,20,"memorandum form; Presidential or NSC principals; democracy, presidential diplomacy; document text visible in OCR","Verify page image, source folder, and date; compare against the country chronology before print selection.","Source: George H.W. Bush Library, Bush Presidential Records, National Security Council, Latin American Affairs Directorate Files, Subject File 1989, OA/ID CF00189, CF00189-008, Argentina - January 20, 1989-December 31, 1989 [4]. Access restriction: Restricted - Possibly. FOIA 2015-0017-S.",https://s3.dualstack.us-east-1.amazonaws.com/NARAprodstorage/lz/presidential-libraries/bush/gb-nsc/Latin_Amer_Aff_Dir_Files/Subject_376217847/41-bpr-nsc-lat_amer_dir-subj-cf00189-008.pdf,https://catalog.archives.gov/id/470766481
4274,High-priority print candidate,Monitor,Argentina,26,31,87,"May 3, 1989",Memorandum,PCC Meeting on Managing Issues and Relations:,Latin American Affairs Directorate Subject Files,"Argentina - January 20, 1989-December 31, 1989 [4]",High,72,Restricted - Possibly,23,"memorandum form; Presidential or NSC principals; debt and economy, presidential diplomacy; document text visible in OCR","Verify page image, source folder, and date; compare against the country chronology before print selection.","Source: George H.W. Bush Library, Bush Presidential Records, National Security Council, Latin American Affairs Directorate Files, Subject File 1989, OA/ID CF00189, CF00189-008, Argentina - January 20, 1989-December 31, 1989 [4]. Access restriction: Restricted - Possibly. FOIA 2015-0017-S.",https://s3.dualstack.us-east-1.amazonaws.com/NARAprodstorage/lz/presidential-libraries/bush/gb-nsc/Latin_Amer_Aff_Dir_Files/Subject_376217847/41-bpr-nsc-lat_amer_dir-subj-cf00189-008.pdf,https://catalog.archives.gov/id/470766481
4274,High-priority print candidate,Monitor,Argentina,26,31,87,"May 30, 1989",Memorandum,U.S. Ambassador to Argentina Requests Appointment,Latin American Directorate Chronological Files,"May 16, 1989-May 30, 1989 [1]",High,72,Restricted - Possibly,40,"memorandum form; Presidential or NSC principals; presidential diplomacy; document text visible in OCR","Verify page image, source folder, and date; compare against the country chronology before print selection.","Source: George H.W. Bush Library, Bush Presidential Records, National Security Council, Latin American Affairs Directorate Files, Chronological Files, OA/ID CF00301, CF00301-013, May 16, 1989-May 30, 1989 [1]. Access restriction: Restricted - Possibly. FOIA 2015-0017-S.",https://s3.dualstack.us-east-1.amazonaws.com/NARAprodstorage/lz/presidential-libraries/bush/gb-nsc/Latin_Amer_Aff_Dir_Files/Chronological_2197972/41-bpr-nsc-lat_amer_dir-chron-cf00301-013.pdf,https://catalog.archives.gov/id/470766430
4274,High-priority print candidate,Monitor,Argentina,26,31,87,"May 30, 1989",Memorandum,U.S. Ambassador to Argentina Requests Appointment,Latin American Affairs Directorate Subject Files,"Argentina - January 20, 1989-December 31, 1989 [4]",High,72,Restricted - Possibly,19,"memorandum form; Presidential or NSC principals; presidential diplomacy; document text visible in OCR","Verify page image, source folder, and date; compare against the country chronology before print selection.","Source: George H.W. Bush Library, Bush Presidential Records, National Security Council, Latin American Affairs Directorate Files, Subject File 1989, OA/ID CF00189, CF00189-008, Argentina - January 20, 1989-December 31, 1989 [4]. Access restriction: Restricted - Possibly. FOIA 2015-0017-S.",https://s3.dualstack.us-east-1.amazonaws.com/NARAprodstorage/lz/presidential-libraries/bush/gb-nsc/Latin_Amer_Aff_Dir_Files/Subject_376217847/41-bpr-nsc-lat_amer_dir-subj-cf00189-008.pdf,https://catalog.archives.gov/id/470766481
4274,High-priority print candidate,Monitor,Argentina,26,31,87,"May 8, 1989",Memorandum,PCC Meeting on Argentina,Latin American Affairs Directorate Subject Files,"Argentina - January 20, 1989-December 31, 1989 [4]",High,90,Restricted - Possibly,31,"memorandum form; Presidential or NSC principals; democracy, presidential diplomacy; document text visible in OCR","Verify page image, source folder, and date; compare against the country chronology before print selection.","Source: George H.W. Bush Library, Bush Presidential Records, National Security Council, Latin American Affairs Directorate Files, Subject File 1989, OA/ID CF00189, CF00189-008, Argentina - January 20, 1989-December 31, 1989 [4]. Access restriction: Restricted - Possibly. FOIA 2015-0017-S.",https://s3.dualstack.us-east-1.amazonaws.com/NARAprodstorage/lz/presidential-libraries/bush/gb-nsc/Latin_Amer_Aff_Dir_Files/Subject_376217847/41-bpr-nsc-lat_amer_dir-subj-cf00189-008.pdf,https://catalog.archives.gov/id/470766481
4274,High-priority print candidate,Monitor,Argentina,26,31,87,"November 14, 1989",Memorandum,Secretary Cheney’s European Trip Report,Latin American Affairs Directorate Subject Files,"Argentina - January 20, 1989-December 31, 1989 [1]",High,72,Restricted - Possibly,60,"memorandum form; Presidential or NSC principals; presidential diplomacy; document text visible in OCR","Verify page image, source folder, and date; compare against the country chronology before print selection.","Source: George H.W. Bush Library, Bush Presidential Records, National Security Council, Latin American Affairs Directorate Files, Subject File 1989, OA/ID CF00189, CF00189-005, Argentina - January 20, 1989-December 31, 1989 [1]. Access restriction: Restricted - Possibly. FOIA 2015-0017-S.",https://s3.dualstack.us-east-1.amazonaws.com/NARAprodstorage/lz/presidential-libraries/bush/gb-nsc/Latin_Amer_Aff_Dir_Files/Subject_376217847/41-bpr-nsc-lat_amer_dir-subj-cf00189-005.pdf,https://catalog.archives.gov/id/470766478
4274,High-priority print candidate,Monitor,Argentina,26,31,87,"October 19, 1989",Memorandum,Request for Appointment,Latin American Directorate Chronological Files,"October 16, 1989-October 31, 1989 [4]",High,78,Restricted - Possibly,35,"memorandum form; Presidential or NSC principals; presidential diplomacy, panama spillover; document text visible in OCR","Verify page image, source folder, and date; compare against the country chronology before print selection.","Source: George H.W. Bush Library, Bush Presidential Records, National Security Council, Latin American Affairs Directorate Files, Chronological Files, OA/ID CF00303, CF00303-007, October 16, 1989-October 31, 1989 [4]. Access restriction: Restricted - Possibly. FOIA 2015-0017-S.",https://s3.dualstack.us-east-1.amazonaws.com/NARAprodstorage/lz/presidential-libraries/bush/gb-nsc/Latin_Amer_Aff_Dir_Files/Chronological_2197972/41-bpr-nsc-lat_amer_dir-chron-cf00303-007.pdf,https://catalog.archives.gov/id/470766464
4274,High-priority print candidate,Monitor,Argentina,26,31,87,"September 13, 1989",Memorandum,PCC Meeting on Argentina,Latin American Affairs Directorate Subject Files,"Argentina - January 20, 1989-December 31, 1989 [2]",High,72,Restricted - Possibly,52,"memorandum form; Presidential or NSC principals; debt and economy, presidential diplomacy; document text visible in OCR","Verify page image, source folder, and date; compare against the country chronology before print selection.","Source: George H.W. Bush Library, Bush Presidential Records, National Security Council, Latin American Affairs Directorate Files, Subject File 1989, OA/ID CF00189, CF00189-006, Argentina - January 20, 1989-December 31, 1989 [2]. Access restriction: Restricted - Possibly. FOIA 2015-0017-S.",https://s3.dualstack.us-east-1.amazonaws.com/NARAprodstorage/lz/presidential-libraries/bush/gb-nsc/Latin_Amer_Aff_Dir_Files/Subject_376217847/41-bpr-nsc-lat_amer_dir-subj-cf00189-006.pdf,https://catalog.archives.gov/id/470766479
4274,High-priority print candidate,Monitor,Argentina,26,31,87,"September 20, 1989",Memorandum,Argentina's Failure to Provide Adequate Protection of,Latin American Affairs Directorate Subject Files,"Argentina - January 20, 1989-December 31, 1989 [2]",High,72,Restricted - Possibly,69,"memorandum form; Presidential or NSC principals; debt and economy, presidential diplomacy; document text visible in OCR","Verify page image, source folder, and date; compare against the country chronology before print selection.","Source: George H.W. Bush Library, Bush Presidential Records, National Security Council, Latin American Affairs Directorate Files, Subject File 1989, OA/ID CF00189, CF00189-006, Argentina - January 20, 1989-December 31, 1989 [2]. Access restriction: Restricted - Possibly. FOIA 2015-0017-S.",https://s3.dualstack.us-east-1.amazonaws.com/NARAprodstorage/lz/presidential-libraries/bush/gb-nsc/Latin_Amer_Aff_Dir_Files/Subject_376217847/41-bpr-nsc-lat_amer_dir-subj-cf00189-006.pdf,https://catalog.archives.gov/id/470766479
4274,High-priority print candidate,Monitor,Argentina,26,31,87,"September 20, 1989",Memorandum,"Request of Alberto Kohan, Chief of Staff to",Latin American Directorate Chronological Files,"September 16, 1989-September 30, 1989 [3]",High,72,Restricted - Possibly,79,"memorandum form; Presidential or NSC principals; presidential diplomacy; document text visible in OCR","Verify page image, source folder, and date; compare against the country chronology before print selection.","Source: George H.W. Bush Library, Bush Presidential Records, National Security Council, Latin American Affairs Directorate Files, Chronological Files, OA/ID CF00302, CF00302-019, September 16, 1989-September 30, 1989 [3]. Access restriction: Restricted - Possibly. FOIA 2015-0017-S.",https://s3.dualstack.us-east-1.amazonaws.com/NARAprodstorage/lz/presidential-libraries/bush/gb-nsc/Latin_Amer_Aff_Dir_Files/Chronological_2197972/41-bpr-nsc-lat_amer_dir-chron-cf00302-019.pdf,https://catalog.archives.gov/id/470766456
4274,High-priority print candidate,Monitor,Argentina,26,31,87,"September 20, 1989",Memorandum,"Request of Alberto Kohan, Chief of Staff to",Latin American Affairs Directorate Subject Files,"Argentina - January 20, 1989-December 31, 1989 [2]",High,72,Restricted - Possibly,11,"memorandum form; Presidential or NSC principals; presidential diplomacy; document text visible in OCR","Verify page image, source folder, and date; compare against the country chronology before print selection.","Source: George H.W. Bush Library, Bush Presidential Records, National Security Council, Latin American Affairs Directorate Files, Subject File 1989, OA/ID CF00189, CF00189-006, Argentina - January 20, 1989-December 31, 1989 [2]. Access restriction: Restricted - Possibly. FOIA 2015-0017-S.",https://s3.dualstack.us-east-1.amazonaws.com/NARAprodstorage/lz/presidential-libraries/bush/gb-nsc/Latin_Amer_Aff_Dir_Files/Subject_376217847/41-bpr-nsc-lat_amer_dir-subj-cf00189-006.pdf,https://catalog.archives.gov/id/470766479
4274,High-priority print candidate,Monitor,Argentina,26,31,87,"September 25, 1989",Memorandum,Briefing Materials for the President's Meeting with,Latin American Directorate Chronological Files,"September 16, 1989-September 30, 1989 [3]",High,72,Restricted - Possibly,33,"memorandum form; Presidential or NSC principals; presidential diplomacy; document text visible in OCR","Verify page image, source folder, and date; compare against the country chronology before print selection.","Source: George H.W. Bush Library, Bush Presidential Records, National Security Council, Latin American Affairs Directorate Files, Chronological Files, OA/ID CF00302, CF00302-019, September 16, 1989-September 30, 1989 [3]. Access restriction: Restricted - Possibly. FOIA 2015-0017-S.",https://s3.dualstack.us-east-1.amazonaws.com/NARAprodstorage/lz/presidential-libraries/bush/gb-nsc/Latin_Amer_Aff_Dir_Files/Chronological_2197972/41-bpr-nsc-lat_amer_dir-chron-cf00302-019.pdf,https://catalog.archives.gov/id/470766456
4274,High-priority print candidate,Monitor,Argentina,26,31,87,"September 25, 1989",Memorandum,Briefing Materials for the President's Meeting with,Latin American Affairs Directorate Subject Files,"Argentina - January 20, 1989-December 31, 1989 [2]",High,72,Restricted - Possibly,42,"memorandum form; Presidential or NSC principals; presidential diplomacy; document text visible in OCR","Verify page image, source folder, and date; compare against the country chronology before print selection.","Source: George H.W. Bush Library, Bush Presidential Records, National Security Council, Latin American Affairs Directorate Files, Subject File 1989, OA/ID CF00189, CF00189-006, Argentina - January 20, 1989-December 31, 1989 [2]. Access restriction: Restricted - Possibly. FOIA 2015-0017-S.",https://s3.dualstack.us-east-1.amazonaws.com/NARAprodstorage/lz/presidential-libraries/bush/gb-nsc/Latin_Amer_Aff_Dir_Files/Subject_376217847/41-bpr-nsc-lat_amer_dir-subj-cf00189-006.pdf,https://catalog.archives.gov/id/470766479
4274,High-priority print candidate,Monitor,Argentina,26,31,87,"September 25, 1989",Memorandum,Presidential Meeting with Argentine President,Latin American Directorate Chronological Files,"September 16, 1989-September 30, 1989 [3]",High,72,Restricted - Possibly,18,"memorandum form; Presidential or NSC principals; presidential diplomacy; document text visible in OCR","Verify page image, source folder, and date; compare against the country chronology before print selection.","Source: George H.W. Bush Library, Bush Presidential Records, National Security Council, Latin American Affairs Directorate Files, Chronological Files, OA/ID CF00302, CF00302-019, September 16, 1989-September 30, 1989 [3]. Access restriction: Restricted - Possibly. FOIA 2015-0017-S.",https://s3.dualstack.us-east-1.amazonaws.com/NARAprodstorage/lz/presidential-libraries/bush/gb-nsc/Latin_Amer_Aff_Dir_Files/Chronological_2197972/41-bpr-nsc-lat_amer_dir-chron-cf00302-019.pdf,https://catalog.archives.gov/id/470766456
4274,High-priority print candidate,Monitor,Argentina,26,31,87,"September 25, 1989",Memorandum,Presidential Meeting with Argentine President,Latin American Affairs Directorate Subject Files,"Argentina - January 20, 1989-December 31, 1989 [2]",High,72,Restricted - Possibly,27,"memorandum form; Presidential or NSC principals; presidential diplomacy; document text visible in OCR","Verify page image, source folder, and date; compare against the country chronology before print selection.","Source: George H.W. Bush Library, Bush Presidential Records, National Security Council, Latin American Affairs Directorate Files, Subject File 1989, OA/ID CF00189, CF00189-006, Argentina - January 20, 1989-December 31, 1989 [2]. Access restriction: Restricted - Possibly. FOIA 2015-0017-S.",https://s3.dualstack.us-east-1.amazonaws.com/NARAprodstorage/lz/presidential-libraries/bush/gb-nsc/Latin_Amer_Aff_Dir_Files/Subject_376217847/41-bpr-nsc-lat_amer_dir-subj-cf00189-006.pdf,https://catalog.archives.gov/id/470766479
4274,High-priority print candidate,Monitor,Argentina,26,31,87,"September 25, 1989",Memorandum,Presidential Meéting with Argentine President,Latin American Affairs Directorate Subject Files,"Argentina - January 20, 1989-December 31, 1989 [2]",High,72,Restricted - Possibly,23,"memorandum form; Presidential or NSC principals; presidential diplomacy; document text visible in OCR","Verify page image, source folder, and date; compare against the country chronology before print selection.","Source: George H.W. Bush Library, Bush Presidential Records, National Security Council, Latin American Affairs Directorate Files, Subject File 1989, OA/ID CF00189, CF00189-006, Argentina - January 20, 1989-December 31, 1989 [2]. Access restriction: Restricted - Possibly. FOIA 2015-0017-S.",https://s3.dualstack.us-east-1.amazonaws.com/NARAprodstorage/lz/presidential-libraries/bush/gb-nsc/Latin_Amer_Aff_Dir_Files/Subject_376217847/41-bpr-nsc-lat_amer_dir-subj-cf00189-006.pdf,https://catalog.archives.gov/id/470766479
4274,High-priority print candidate,Monitor,Argentina,26,31,87,"September 27, 1989",Memorandum of Conversation,Meeting with President Carlos Menem of,Latin American Directorate Chronological Files,"September 16, 1989-September 30, 1989 [2]",High,72,Restricted - Possibly,36,"memorandum form; Presidential or NSC principals; debt and economy, presidential diplomacy; document text visible in OCR","Verify page image, source folder, and date; compare against the country chronology before print selection.","Source: George H.W. Bush Library, Bush Presidential Records, National Security Council, Latin American Affairs Directorate Files, Chronological Files, OA/ID CF00302, CF00302-018, September 16, 1989-September 30, 1989 [2]. Access restriction: Restricted - Possibly. FOIA 2015-0017-S.",https://s3.dualstack.us-east-1.amazonaws.com/NARAprodstorage/lz/presidential-libraries/bush/gb-nsc/Latin_Amer_Aff_Dir_Files/Chronological_2197972/41-bpr-nsc-lat_amer_dir-chron-cf00302-018.pdf,https://catalog.archives.gov/id/470766455
4274,High-priority print candidate,Monitor,Argentina,26,31,87,"September 27, 1989",Memorandum of Conversation,Meeting with President Carlos Menem of,Latin American Affairs Directorate Subject Files,"Argentina - January 20, 1989-December 31, 1989 [1]",High,72,Restricted - Possibly,68,"memorandum form; Presidential or NSC principals; debt and economy, presidential diplomacy; document text visible in OCR","Verify page image, source folder, and date; compare against the country chronology before print selection.","Source: George H.W. Bush Library, Bush Presidential Records, National Security Council, Latin American Affairs Directorate Files, Subject File 1989, OA/ID CF00189, CF00189-005, Argentina - January 20, 1989-December 31, 1989 [1]. Access restriction: Restricted - Possibly. FOIA 2015-0017-S.",https://s3.dualstack.us-east-1.amazonaws.com/NARAprodstorage/lz/presidential-libraries/bush/gb-nsc/Latin_Amer_Aff_Dir_Files/Subject_376217847/41-bpr-nsc-lat_amer_dir-subj-cf00189-005.pdf,https://catalog.archives.gov/id/470766478
4274,High-priority print candidate,Monitor,Argentina,26,31,87,"September 27, 1989",Memorandum of Conversation,Memorandum of Conversation with President,Latin American Directorate Chronological Files,"September 16, 1989-September 30, 1989 [2]",High,72,Restricted - Possibly,34,"memorandum form; Presidential or NSC principals; presidential diplomacy; document text visible in OCR","Verify page image, source folder, and date; compare against the country chronology before print selection.","Source: George H.W. Bush Library, Bush Presidential Records, National Security Council, Latin American Affairs Directorate Files, Chronological Files, OA/ID CF00302, CF00302-018, September 16, 1989-September 30, 1989 [2]. Access restriction: Restricted - Possibly. FOIA 2015-0017-S.",https://s3.dualstack.us-east-1.amazonaws.com/NARAprodstorage/lz/presidential-libraries/bush/gb-nsc/Latin_Amer_Aff_Dir_Files/Chronological_2197972/41-bpr-nsc-lat_amer_dir-chron-cf00302-018.pdf,https://catalog.archives.gov/id/470766455
4274,High-priority print candidate,Monitor,Argentina,26,31,87,"September 29, 1989",Memorandum,"Scowcroft Meeting with Alberto Kohan, Chief of",Latin American Directorate Chronological Files,"September 16, 1989-September 30, 1989 [1]",High,72,Restricted - Possibly,64,"memorandum form; Presidential or NSC principals; presidential diplomacy; document text visible in OCR","Verify page image, source folder, and date; compare against the country chronology before print selection.","Source: George H.W. Bush Library, Bush Presidential Records, National Security Council, Latin American Affairs Directorate Files, Chronological Files, OA/ID CF00302, CF00302-017, September 16, 1989-September 30, 1989 [1]. Access restriction: Restricted - Possibly. FOIA 2015-0017-S.",https://s3.dualstack.us-east-1.amazonaws.com/NARAprodstorage/lz/presidential-libraries/bush/gb-nsc/Latin_Amer_Aff_Dir_Files/Chronological_2197972/41-bpr-nsc-lat_amer_dir-chron-cf00302-017.pdf,https://catalog.archives.gov/id/470766454
4274,High-priority print candidate,Monitor,Argentina,26,31,87,"September 6, 1989",Memorandum,‘ Request for an Appointmeht for U.S. Ambassador,Latin American Directorate Chronological Files,"September 1, 1989-September 15, 1989 [1]",High,72,Restricted - Possibly,97,"memorandum form; Presidential or NSC principals; presidential diplomacy, regional policy; document text visible in OCR","Verify page image, source folder, and date; compare against the country chronology before print selection.","Source: George H.W. Bush Library, Bush Presidential Records, National Security Council, Latin American Affairs Directorate Files, Chronological Files, OA/ID CF00302, CF00302-015, September 1, 1989-September 15, 1989 [1]. Access restriction: Restricted - Possibly. FOIA 2015-0017-S.",https://s3.dualstack.us-east-1.amazonaws.com/NARAprodstorage/lz/presidential-libraries/bush/gb-nsc/Latin_Amer_Aff_Dir_Files/Chronological_2197972/41-bpr-nsc-lat_amer_dir-chron-cf00302-015.pdf,https://catalog.archives.gov/id/470766452
4274,High-priority print candidate,Monitor,Colombia,26,24,96,,Memorandum,Andean Trade Initiative,Latin American Affairs Directorate Subject Files,Andean [Drug] Summit 1989 [1],High,90,Restricted - Possibly,73,"memorandum form; Presidential or NSC principals; Andean, drug, narcotics; document text visible in OCR","Verify page image, source folder, and date; compare against the country chronology before print selection.","Source: George H.W. Bush Library, Bush Presidential Records, National Security Council, Latin American Affairs Directorate Files, Subject File 1989, OA/ID CF00189, CF00189-002, Andean [Drug] Summit 1989 [1]. Access restriction: Restricted - Possibly. FOIA 2015-0017-S.",https://s3.dualstack.us-east-1.amazonaws.com/NARAprodstorage/lz/presidential-libraries/bush/gb-nsc/Latin_Amer_Aff_Dir_Files/Subject_376217847/41-bpr-nsc-lat_amer_dir-subj-cf00189-002.pdf,https://catalog.archives.gov/id/470766475
4274,High-priority print candidate,Monitor,Colombia,26,24,96,,Memorandum,From J. Stapleton Roy to,Latin American Affairs Directorate Subject Files,"Colombia - January 20, 1989-December 31, 1989 [4]",High,72,Restricted - Possibly,4,"memorandum form; Presidential or NSC principals; presidential diplomacy; identified on withdrawal sheet","Verify page image, source folder, and date; compare against the country chronology before print selection.","Source: George H.W. Bush Library, Bush Presidential Records, National Security Council, Latin American Affairs Directorate Files, Subject File 1989, OA/ID CF00195, CF00195-010, Colombia - January 20, 1989-December 31, 1989 [4]. Access restriction: Restricted - Possibly. FOIA 2001-0434-F.",https://s3.dualstack.us-east-1.amazonaws.com/NARAprodstorage/lz/presidential-libraries/bush/gb-nsc/Latin_Amer_Aff_Dir_Files/Subject_376217847/41-bpr-nsc-lat_amer_dir-subj-cf00195-010.pdf,https://catalog.archives.gov/id/470766567
4274,High-priority print candidate,Monitor,Colombia,26,24,96,,Memorandum,From Philip Hughes to,Latin American Affairs Directorate Subject Files,"Colombia - January 20, 1989-December 31, 1989 [1]",High,90,Restricted - Possibly,3,"memorandum form; Presidential or NSC principals; narcotics, presidential diplomacy; identified on withdrawal sheet","Verify page image, source folder, and date; compare against the country chronology before print selection.","Source: George H.W. Bush Library, Bush Presidential Records, National Security Council, Latin American Affairs Directorate Files, Subject File 1989, OA/ID CF00195, CF00195-007, Colombia - January 20, 1989-December 31, 1989 [1]. Access restriction: Restricted - Possibly. FOIA 2001-0434-F.",https://s3.dualstack.us-east-1.amazonaws.com/NARAprodstorage/lz/presidential-libraries/bush/gb-nsc/Latin_Amer_Aff_Dir_Files/Subject_376217847/41-bpr-nsc-lat_amer_dir-subj-cf00195-007.pdf,https://catalog.archives.gov/id/470766564
4274,High-priority print candidate,Monitor,Colombia,26,24,96,,Memorandum,From William Pryce to,Latin American Affairs Directorate Subject Files,"Colombia - January 20, 1989-December 31, 1989 [1]",High,72,Restricted - Possibly,2,"memorandum form; Presidential or NSC principals; presidential diplomacy; identified on withdrawal sheet","Verify page image, source folder, and date; compare against the country chronology before print selection.","Source: George H.W. Bush Library, Bush Presidential Records, National Security Council, Latin American Affairs Directorate Files, Subject File 1989, OA/ID CF00195, CF00195-007, Colombia - January 20, 1989-December 31, 1989 [1]. Access restriction: Restricted - Possibly. FOIA 2001-0434-F.",https://s3.dualstack.us-east-1.amazonaws.com/NARAprodstorage/lz/presidential-libraries/bush/gb-nsc/Latin_Amer_Aff_Dir_Files/Subject_376217847/41-bpr-nsc-lat_amer_dir-subj-cf00195-007.pdf,https://catalog.archives.gov/id/470766564
4274,High-priority print candidate,Monitor,Colombia,26,24,96,,Memorandum,Meeting with Presic Barco of Colombia,Latin American Affairs Directorate Subject Files,"Colombia - January 20, 1989-December 31, 1989 [3]",High,72,Restricted - Possibly,46,"memorandum form; Presidential or NSC principals; presidential diplomacy; document text visible in OCR","Verify page image, source folder, and date; compare against the country chronology before print selection.","Source: George H.W. Bush Library, Bush Presidential Records, National Security Council, Latin American Affairs Directorate Files, Subject File 1989, OA/ID CF00195, CF00195-009, Colombia - January 20, 1989-December 31, 1989 [3]. Access restriction: Restricted - Possibly. FOIA 2001-0434-F.",https://s3.dualstack.us-east-1.amazonaws.com/NARAprodstorage/lz/presidential-libraries/bush/gb-nsc/Latin_Amer_Aff_Dir_Files/Subject_376217847/41-bpr-nsc-lat_amer_dir-subj-cf00195-009.pdf,https://catalog.archives.gov/id/470766566
4274,High-priority print candidate,Monitor,Colombia,26,24,96,,Talking Points,"Proposed Presidential Talking Points on Increased G-7 Efforts to Stem Narcotics Trafficking Brian Mulroney recently visited me in Kennebunkport, where",Latin American Directorate Chronological Files,"September 1, 1989-September 15, 1989 [2]",High,90,Restricted - Possibly,77,"Presidential or NSC principals; narcotics, debt and economy, presidential diplomacy; document text visible in OCR","Verify page image, source folder, and date; compare against the country chronology before print selection.","Source: George H.W. Bush Library, Bush Presidential Records, National Security Council, Latin American Affairs Directorate Files, Chronological Files, OA/ID CF00302, CF00302-016, September 1, 1989-September 15, 1989 [2]. Access restriction: Restricted - Possibly. FOIA 2015-0017-S.",https://s3.dualstack.us-east-1.amazonaws.com/NARAprodstorage/lz/presidential-libraries/bush/gb-nsc/Latin_Amer_Aff_Dir_Files/Chronological_2197972/41-bpr-nsc-lat_amer_dir-chron-cf00302-016.pdf,https://catalog.archives.gov/id/470766453
4274,High-priority print candidate,Monitor,Colombia,26,24,96,,Memorandum,Proposed Press Release Announcing Colombian,Latin American Directorate Chronological Files,"September 16, 1989-September 30, 1989 [2]",High,72,Restricted - Possibly,50,"memorandum form; Presidential or NSC principals; presidential diplomacy; document text visible in OCR","Verify page image, source folder, and date; compare against the country chronology before print selection.","Source: George H.W. Bush Library, Bush Presidential Records, National Security Council, Latin American Affairs Directorate Files, Chronological Files, OA/ID CF00302, CF00302-018, September 16, 1989-September 30, 1989 [2]. Access restriction: Restricted - Possibly. FOIA 2015-0017-S.",https://s3.dualstack.us-east-1.amazonaws.com/NARAprodstorage/lz/presidential-libraries/bush/gb-nsc/Latin_Amer_Aff_Dir_Files/Chronological_2197972/41-bpr-nsc-lat_amer_dir-chron-cf00302-018.pdf,https://catalog.archives.gov/id/470766455
4274,High-priority print candidate,Monitor,Colombia,26,24,96,,Memorandum,Proposed Press Release Announcing Colombian,Latin American Affairs Directorate Subject Files,"Colombia - January 20, 1989-December 31, 1989 [2]",High,72,Restricted - Possibly,60,"memorandum form; Presidential or NSC principals; presidential diplomacy; document text visible in OCR","Verify page image, source folder, and date; compare against the country chronology before print selection.","Source: George H.W. Bush Library, Bush Presidential Records, National Security Council, Latin American Affairs Directorate Files, Subject File 1989, OA/ID CF00195, CF00195-008, Colombia - January 20, 1989-December 31, 1989 [2]. Access restriction: Restricted - Possibly. FOIA 2001-0434-F.",https://s3.dualstack.us-east-1.amazonaws.com/NARAprodstorage/lz/presidential-libraries/bush/gb-nsc/Latin_Amer_Aff_Dir_Files/Subject_376217847/41-bpr-nsc-lat_amer_dir-subj-cf00195-008.pdf,https://catalog.archives.gov/id/470766565
4274,High-priority print candidate,Monitor,Colombia,26,24,96,,Memorandum,Response to Colombian President Barco’s Land,Latin American Directorate Chronological Files,"October 16, 1989-October 31, 1989 [2]",High,78,Restricted - Possibly,81,"memorandum form; Presidential or NSC principals; narcotics, debt and economy, presidential diplomacy; document text visible in OCR","Verify page image, source folder, and date; compare against the country chronology before print selection.","Source: George H.W. Bush Library, Bush Presidential Records, National Security Council, Latin American Affairs Directorate Files, Chronological Files, OA/ID CF00303, CF00303-005, October 16, 1989-October 31, 1989 [2]. Access restriction: Restricted - Possibly. FOIA 2015-0017-S.",https://s3.dualstack.us-east-1.amazonaws.com/NARAprodstorage/lz/presidential-libraries/bush/gb-nsc/Latin_Amer_Aff_Dir_Files/Chronological_2197972/41-bpr-nsc-lat_amer_dir-chron-cf00303-005.pdf,https://catalog.archives.gov/id/470766462
4274,High-priority print candidate,Monitor,Colombia,26,24,96,,Memorandum,Response to Colombian President Barco’s Land,Latin American Affairs Directorate Subject Files,"Colombia - January 20, 1989-December 31, 1989 [2]",High,78,Restricted - Possibly,8,"memorandum form; Presidential or NSC principals; narcotics, debt and economy, presidential diplomacy; document text visible in OCR","Verify page image, source folder, and date; compare against the country chronology before print selection.","Source: George H.W. Bush Library, Bush Presidential Records, National Security Council, Latin American Affairs Directorate Files, Subject File 1989, OA/ID CF00195, CF00195-008, Colombia - January 20, 1989-December 31, 1989 [2]. Access restriction: Restricted - Possibly. FOIA 2001-0434-F.",https://s3.dualstack.us-east-1.amazonaws.com/NARAprodstorage/lz/presidential-libraries/bush/gb-nsc/Latin_Amer_Aff_Dir_Files/Subject_376217847/41-bpr-nsc-lat_amer_dir-subj-cf00195-008.pdf,https://catalog.archives.gov/id/470766565
4274,High-priority print candidate,Monitor,Colombia,26,24,96,,Memorandum,Sea Search-Armada Case,Latin American Directorate Chronological Files,"November 1, 1989-November 15, 1989 [2]",High,72,Restricted - Possibly,121,"memorandum form; presidential diplomacy; document text visible in OCR","Verify page image, source folder, and date; compare against the country chronology before print selection.","Source: George H.W. Bush Library, Bush Presidential Records, National Security Council, Latin American Affairs Directorate Files, Chronological Files, OA/ID CF00303, CF00303-010, November 1, 1989-November 15, 1989 [2]. Access restriction: Restricted - Possibly. FOIA 2015-0017-S.",https://s3.dualstack.us-east-1.amazonaws.com/NARAprodstorage/lz/presidential-libraries/bush/gb-nsc/Latin_Amer_Aff_Dir_Files/Chronological_2197972/41-bpr-nsc-lat_amer_dir-chron-cf00303-010.pdf,https://catalog.archives.gov/id/470766467
4274,High-priority print candidate,Monitor,Colombia,26,24,96,,Memorandum,Sea Search-Armada Case,Latin American Affairs Directorate Subject Files,"Colombia - January 20, 1989-December 31, 1989 [1]",High,72,Restricted - Possibly,96,"memorandum form; presidential diplomacy; document text visible in OCR","Verify page image, source folder, and date; compare against the country chronology before print selection.","Source: George H.W. Bush Library, Bush Presidential Records, National Security Council, Latin American Affairs Directorate Files, Subject File 1989, OA/ID CF00195, CF00195-007, Colombia - January 20, 1989-December 31, 1989 [1]. Access restriction: Restricted - Possibly. FOIA 2001-0434-F.",https://s3.dualstack.us-east-1.amazonaws.com/NARAprodstorage/lz/presidential-libraries/bush/gb-nsc/Latin_Amer_Aff_Dir_Files/Subject_376217847/41-bpr-nsc-lat_amer_dir-subj-cf00195-007.pdf,https://catalog.archives.gov/id/470766564
4274,High-priority print candidate,Monitor,Colombia,26,24,96,,Talking Points,TALKING POINTS ee: | |,Latin American Directorate Chronological Files,"September 16, 1989-September 30, 1989 [2]",High,90,Restricted - Possibly,82,"narcotics, presidential diplomacy; document text visible in OCR","Verify page image, source folder, and date; compare against the country chronology before print selection.","Source: George H.W. Bush Library, Bush Presidential Records, National Security Council, Latin American Affairs Directorate Files, Chronological Files, OA/ID CF00302, CF00302-018, September 16, 1989-September 30, 1989 [2]. Access restriction: Restricted - Possibly. FOIA 2015-0017-S.",https://s3.dualstack.us-east-1.amazonaws.com/NARAprodstorage/lz/presidential-libraries/bush/gb-nsc/Latin_Amer_Aff_Dir_Files/Chronological_2197972/41-bpr-nsc-lat_amer_dir-chron-cf00302-018.pdf,https://catalog.archives.gov/id/470766455
4274,High-priority print candidate,Monitor,Colombia,26,24,96,,Talking Points,TALKING POINTS FOR CONGRESSIONAL NOTIFICATION OF MILITARY ASSISTANCE FOR COLOMBIA President Barco is moving very aggressively against the,Latin American Affairs Directorate Subject Files,"Colombia - January 20, 1989-December 31, 1989 [3]",High,78,Restricted - Possibly,40,"Presidential or NSC principals; narcotics, democracy, presidential diplomacy; document text visible in OCR","Verify page image, source folder, and date; compare against the country chronology before print selection.","Source: George H.W. Bush Library, Bush Presidential Records, National Security Council, Latin American Affairs Directorate Files, Subject File 1989, OA/ID CF00195, CF00195-009, Colombia - January 20, 1989-December 31, 1989 [3]. Access restriction: Restricted - Possibly. FOIA 2001-0434-F.",https://s3.dualstack.us-east-1.amazonaws.com/NARAprodstorage/lz/presidential-libraries/bush/gb-nsc/Latin_Amer_Aff_Dir_Files/Subject_376217847/41-bpr-nsc-lat_amer_dir-subj-cf00195-009.pdf,https://catalog.archives.gov/id/470766566
4274,High-priority print candidate,Monitor,Colombia,26,24,96,,Talking Points,TALKING POINTS FOR GENERAL SCOWCROFT’S MEETING WITH THE CABINET Background,Latin American Affairs Directorate Subject Files,"Colombia - January 20, 1989-December 31, 1989 [3]",High,90,Restricted - Possibly,66,"Presidential or NSC principals; narcotics, presidential diplomacy; document text visible in OCR","Verify page image, source folder, and date; compare against the country chronology before print selection.","Source: George H.W. Bush Library, Bush Presidential Records, National Security Council, Latin American Affairs Directorate Files, Subject File 1989, OA/ID CF00195, CF00195-009, Colombia - January 20, 1989-December 31, 1989 [3]. Access restriction: Restricted - Possibly. FOIA 2001-0434-F.",https://s3.dualstack.us-east-1.amazonaws.com/NARAprodstorage/lz/presidential-libraries/bush/gb-nsc/Latin_Amer_Aff_Dir_Files/Subject_376217847/41-bpr-nsc-lat_amer_dir-subj-cf00195-009.pdf,https://catalog.archives.gov/id/470766566
4274,High-priority print candidate,Monitor,Colombia,26,24,96,,Talking Points,"TALKING POINTS Phone Call from President Bush to President Barco ‘Mr. President, I want to express my sincere and heartfelt",Latin American Affairs Directorate Subject Files,"Colombia - January 20, 1989-December 31, 1989 [4]",High,78,Restricted - Possibly,23,"Presidential or NSC principals; narcotics, presidential diplomacy; document text visible in OCR","Verify page image, source folder, and date; compare against the country chronology before print selection.","Source: George H.W. Bush Library, Bush Presidential Records, National Security Council, Latin American Affairs Directorate Files, Subject File 1989, OA/ID CF00195, CF00195-010, Colombia - January 20, 1989-December 31, 1989 [4]. Access restriction: Restricted - Possibly. FOIA 2001-0434-F.",https://s3.dualstack.us-east-1.amazonaws.com/NARAprodstorage/lz/presidential-libraries/bush/gb-nsc/Latin_Amer_Aff_Dir_Files/Subject_376217847/41-bpr-nsc-lat_amer_dir-subj-cf00195-010.pdf,https://catalog.archives.gov/id/470766567
4274,High-priority print candidate,Monitor,Colombia,26,24,96,,Talking Points,TALKING POINTS Phone Call from President Bush to President Barco condolences to you and to the people of Colombia for the,Latin American Directorate Chronological Files,"August 16, 1989-August 31, 1989 [3]",High,78,Restricted - Possibly,46,"Presidential or NSC principals; narcotics, presidential diplomacy; document text visible in OCR","Verify page image, source folder, and date; compare against the country chronology before print selection.","Source: George H.W. Bush Library, Bush Presidential Records, National Security Council, Latin American Affairs Directorate Files, Chronological Files, OA/ID CF00302, CF00302-013, August 16, 1989-August 31, 1989 [3]. Access restriction: Restricted - Possibly. FOIA 2015-0017-S.",https://s3.dualstack.us-east-1.amazonaws.com/NARAprodstorage/lz/presidential-libraries/bush/gb-nsc/Latin_Amer_Aff_Dir_Files/Chronological_2197972/41-bpr-nsc-lat_amer_dir-chron-cf00302-013.pdf,https://catalog.archives.gov/id/470766450
4274,High-priority print candidate,Monitor,Colombia,26,24,96,"April 11, 1989",Memorandum,Request for Announcement of Official Visit of,Latin American Affairs Directorate Subject Files,"Colombia - January 20, 1989-December 31, 1989 [4]",High,72,Restricted - Possibly,82,"memorandum form; Presidential or NSC principals; presidential diplomacy; document text visible in OCR","Verify page image, source folder, and date; compare against the country chronology before print selection.","Source: George H.W. Bush Library, Bush Presidential Records, National Security Council, Latin American Affairs Directorate Files, Subject File 1989, OA/ID CF00195, CF00195-010, Colombia - January 20, 1989-December 31, 1989 [4]. Access restriction: Restricted - Possibly. FOIA 2001-0434-F.",https://s3.dualstack.us-east-1.amazonaws.com/NARAprodstorage/lz/presidential-libraries/bush/gb-nsc/Latin_Amer_Aff_Dir_Files/Subject_376217847/41-bpr-nsc-lat_amer_dir-subj-cf00195-010.pdf,https://catalog.archives.gov/id/470766567
4274,High-priority print candidate,Monitor,Colombia,26,24,96,"April 14, 1989",Memorandum,Talking Points for Phone Call to President Barco,Latin American Affairs Directorate Subject Files,"Colombia - January 20, 1989-December 31, 1989 [4]",High,72,Restricted - Possibly,77,"memorandum form; Presidential or NSC principals; presidential diplomacy; document text visible in OCR","Verify page image, source folder, and date; compare against the country chronology before print selection.","Source: George H.W. Bush Library, Bush Presidential Records, National Security Council, Latin American Affairs Directorate Files, Subject File 1989, OA/ID CF00195, CF00195-010, Colombia - January 20, 1989-December 31, 1989 [4]. Access restriction: Restricted - Possibly. FOIA 2001-0434-F.",https://s3.dualstack.us-east-1.amazonaws.com/NARAprodstorage/lz/presidential-libraries/bush/gb-nsc/Latin_Amer_Aff_Dir_Files/Subject_376217847/41-bpr-nsc-lat_amer_dir-subj-cf00195-010.pdf,https://catalog.archives.gov/id/470766567
4274,High-priority print candidate,Monitor,Colombia,26,24,96,"April 14, 1989",Memorandum,Telephone Call to President Barco of Colombia,Latin American Directorate Chronological Files,"April 1, 1989-April 15, 1989 [1]",High,90,Restricted - Possibly,39,"memorandum form; Presidential or NSC principals; narcotics, presidential diplomacy; document text visible in OCR","Verify page image, source folder, and date; compare against the country chronology before print selection.","Source: George H.W. Bush Library, Bush Presidential Records, National Security Council, Latin American Affairs Directorate Files, Chronological Files, OA/ID CF00301, CF00301-001, April 1, 1989-April 15, 1989 [1]. Access restriction: Restricted - Possibly. FOIA 2015-0017-S.",https://s3.dualstack.us-east-1.amazonaws.com/NARAprodstorage/lz/presidential-libraries/bush/gb-nsc/Latin_Amer_Aff_Dir_Files/Chronological_2197972/41-bpr-nsc-lat_amer_dir-chron-cf00301-001.pdf,https://catalog.archives.gov/id/470766418
4274,High-priority print candidate,Monitor,Colombia,26,24,96,"April 14, 1989",Memorandum,Telephone Call to President Barco of Colombia,Latin American Affairs Directorate Subject Files,"Colombia - January 20, 1989-December 31, 1989 [4]",High,90,Restricted - Possibly,78,"memorandum form; Presidential or NSC principals; narcotics, presidential diplomacy; document text visible in OCR","Verify page image, source folder, and date; compare against the country chronology before print selection.","Source: George H.W. Bush Library, Bush Presidential Records, National Security Council, Latin American Affairs Directorate Files, Subject File 1989, OA/ID CF00195, CF00195-010, Colombia - January 20, 1989-December 31, 1989 [4]. Access restriction: Restricted - Possibly. FOIA 2001-0434-F.",https://s3.dualstack.us-east-1.amazonaws.com/NARAprodstorage/lz/presidential-libraries/bush/gb-nsc/Latin_Amer_Aff_Dir_Files/Subject_376217847/41-bpr-nsc-lat_amer_dir-subj-cf00195-010.pdf,https://catalog.archives.gov/id/470766567
4274,High-priority print candidate,Monitor,Colombia,26,24,96,"April 19, 1989",Memorandum,Determination to Authorize Export-Import Bank,Latin American Affairs Directorate Subject Files,"Colombia - January 20, 1989-December 31, 1989 [4]",High,78,Restricted - Possibly,37,"memorandum form; Presidential or NSC principals; narcotics, presidential diplomacy; document text visible in OCR","Verify page image, source folder, and date; compare against the country chronology before print selection.","Source: George H.W. Bush Library, Bush Presidential Records, National Security Council, Latin American Affairs Directorate Files, Subject File 1989, OA/ID CF00195, CF00195-010, Colombia - January 20, 1989-December 31, 1989 [4]. Access restriction: Restricted - Possibly. FOIA 2001-0434-F.",https://s3.dualstack.us-east-1.amazonaws.com/NARAprodstorage/lz/presidential-libraries/bush/gb-nsc/Latin_Amer_Aff_Dir_Files/Subject_376217847/41-bpr-nsc-lat_amer_dir-subj-cf00195-010.pdf,https://catalog.archives.gov/id/470766567
4274,High-priority print candidate,Monitor,Colombia,26,24,96,"August 21, 1989",Memorandum,Phone Call from President Bush to Colombian President,Latin American Directorate Chronological Files,"August 16, 1989-August 31, 1989 [3]",High,78,Restricted - Possibly,45,"memorandum form; Presidential or NSC principals; narcotics, presidential diplomacy; document text visible in OCR","Verify page image, source folder, and date; compare against the country chronology before print selection.","Source: George H.W. Bush Library, Bush Presidential Records, National Security Council, Latin American Affairs Directorate Files, Chronological Files, OA/ID CF00302, CF00302-013, August 16, 1989-August 31, 1989 [3]. Access restriction: Restricted - Possibly. FOIA 2015-0017-S.",https://s3.dualstack.us-east-1.amazonaws.com/NARAprodstorage/lz/presidential-libraries/bush/gb-nsc/Latin_Amer_Aff_Dir_Files/Chronological_2197972/41-bpr-nsc-lat_amer_dir-chron-cf00302-013.pdf,https://catalog.archives.gov/id/470766450
4274,High-priority print candidate,Monitor,Colombia,26,24,96,"August 21, 1989",Memorandum,Phone Call from President Bush to Colombian President,Latin American Affairs Directorate Subject Files,"Colombia - January 20, 1989-December 31, 1989 [4]",High,78,Restricted - Possibly,22,"memorandum form; Presidential or NSC principals; narcotics, presidential diplomacy; document text visible in OCR","Verify page image, source folder, and date; compare against the country chronology before print selection.","Source: George H.W. Bush Library, Bush Presidential Records, National Security Council, Latin American Affairs Directorate Files, Subject File 1989, OA/ID CF00195, CF00195-010, Colombia - January 20, 1989-December 31, 1989 [4]. Access restriction: Restricted - Possibly. FOIA 2001-0434-F.",https://s3.dualstack.us-east-1.amazonaws.com/NARAprodstorage/lz/presidential-libraries/bush/gb-nsc/Latin_Amer_Aff_Dir_Files/Subject_376217847/41-bpr-nsc-lat_amer_dir-subj-cf00195-010.pdf,https://catalog.archives.gov/id/470766567
4274,High-priority print candidate,Monitor,Colombia,26,24,96,"August 21, 1989",Memorandum,Telephone Call by the President to President Barco,Latin American Directorate Chronological Files,"August 16, 1989-August 31, 1989 [3]",High,90,Restricted - Possibly,42,"memorandum form; Presidential or NSC principals; narcotics, presidential diplomacy; document text visible in OCR","Verify page image, source folder, and date; compare against the country chronology before print selection.","Source: George H.W. Bush Library, Bush Presidential Records, National Security Council, Latin American Affairs Directorate Files, Chronological Files, OA/ID CF00302, CF00302-013, August 16, 1989-August 31, 1989 [3]. Access restriction: Restricted - Possibly. FOIA 2015-0017-S.",https://s3.dualstack.us-east-1.amazonaws.com/NARAprodstorage/lz/presidential-libraries/bush/gb-nsc/Latin_Amer_Aff_Dir_Files/Chronological_2197972/41-bpr-nsc-lat_amer_dir-chron-cf00302-013.pdf,https://catalog.archives.gov/id/470766450
4274,High-priority print candidate,Monitor,Colombia,26,24,96,"August 21, 1989",Memorandum,Telephone Call by the President to President Barco,Latin American Affairs Directorate Subject Files,"Colombia - January 20, 1989-December 31, 1989 [4]",High,78,Restricted - Possibly,19,"memorandum form; Presidential or NSC principals; narcotics, presidential diplomacy; document text visible in OCR","Verify page image, source folder, and date; compare against the country chronology before print selection.","Source: George H.W. Bush Library, Bush Presidential Records, National Security Council, Latin American Affairs Directorate Files, Subject File 1989, OA/ID CF00195, CF00195-010, Colombia - January 20, 1989-December 31, 1989 [4]. Access restriction: Restricted - Possibly. FOIA 2001-0434-F.",https://s3.dualstack.us-east-1.amazonaws.com/NARAprodstorage/lz/presidential-libraries/bush/gb-nsc/Latin_Amer_Aff_Dir_Files/Subject_376217847/41-bpr-nsc-lat_amer_dir-subj-cf00195-010.pdf,https://catalog.archives.gov/id/470766567
4274,High-priority print candidate,Monitor,Colombia,26,24,96,"August 22, 1989",Memorandum of Telephone Conversation,Memorandum of Telephone Conversation with,Latin American Directorate Chronological Files,"August 16, 1989-August 31, 1989 [2]",High,72,Restricted - Possibly,62,"memorandum form; Presidential or NSC principals; presidential diplomacy; document text visible in OCR","Verify page image, source folder, and date; compare against the country chronology before print selection.","Source: George H.W. Bush Library, Bush Presidential Records, National Security Council, Latin American Affairs Directorate Files, Chronological Files, OA/ID CF00302, CF00302-012, August 16, 1989-August 31, 1989 [2]. Access restriction: Restricted - Possibly. FOIA 2015-0017-S.",https://s3.dualstack.us-east-1.amazonaws.com/NARAprodstorage/lz/presidential-libraries/bush/gb-nsc/Latin_Amer_Aff_Dir_Files/Chronological_2197972/41-bpr-nsc-lat_amer_dir-chron-cf00302-012.pdf,https://catalog.archives.gov/id/470766449
4274,High-priority print candidate,Monitor,Colombia,26,24,96,"August 22, 1989",Memorandum of Telephone Conversation,Memorandum of Telephone Conversation with,Latin American Affairs Directorate Subject Files,"Colombia - January 20, 1989-December 31, 1989 [4]",High,72,Restricted - Possibly,26,"memorandum form; Presidential or NSC principals; presidential diplomacy; document text visible in OCR","Verify page image, source folder, and date; compare against the country chronology before print selection.","Source: George H.W. Bush Library, Bush Presidential Records, National Security Council, Latin American Affairs Directorate Files, Subject File 1989, OA/ID CF00195, CF00195-010, Colombia - January 20, 1989-December 31, 1989 [4]. Access restriction: Restricted - Possibly. FOIA 2001-0434-F.",https://s3.dualstack.us-east-1.amazonaws.com/NARAprodstorage/lz/presidential-libraries/bush/gb-nsc/Latin_Amer_Aff_Dir_Files/Subject_376217847/41-bpr-nsc-lat_amer_dir-subj-cf00195-010.pdf,https://catalog.archives.gov/id/470766567
4274,High-priority print candidate,Monitor,Colombia,26,24,96,"August 28, 1989",Memorandum of Telephone Conversation,PARTICIPANTS:,Latin American Affairs Directorate Subject Files,"Colombia - January 20, 1989-December 31, 1989 [3]",High,78,Restricted - Possibly,8,"memorandum form; Presidential or NSC principals; narcotics, presidential diplomacy; document text visible in OCR","Verify page image, source folder, and date; compare against the country chronology before print selection.","Source: George H.W. Bush Library, Bush Presidential Records, National Security Council, Latin American Affairs Directorate Files, Subject File 1989, OA/ID CF00195, CF00195-009, Colombia - January 20, 1989-December 31, 1989 [3]. Access restriction: Restricted - Possibly. FOIA 2001-0434-F.",https://s3.dualstack.us-east-1.amazonaws.com/NARAprodstorage/lz/presidential-libraries/bush/gb-nsc/Latin_Amer_Aff_Dir_Files/Subject_376217847/41-bpr-nsc-lat_amer_dir-subj-cf00195-009.pdf,https://catalog.archives.gov/id/470766566
4274,High-priority print candidate,Monitor,Colombia,26,24,96,"August 28, 1989",Memorandum of Telephone Conversation,Telephone Conversation with Virgilio Barco,Latin American Directorate Chronological Files,"August 16, 1989-August 31, 1989 [1]",High,78,Restricted - Possibly,28,"memorandum form; Presidential or NSC principals; narcotics, presidential diplomacy; document text visible in OCR","Verify page image, source folder, and date; compare against the country chronology before print selection.","Source: George H.W. Bush Library, Bush Presidential Records, National Security Council, Latin American Affairs Directorate Files, Chronological Files, OA/ID CF00302, CF00302-011, August 16, 1989-August 31, 1989 [1]. Access restriction: Restricted - Possibly. FOIA 2015-0017-S.",https://s3.dualstack.us-east-1.amazonaws.com/NARAprodstorage/lz/presidential-libraries/bush/gb-nsc/Latin_Amer_Aff_Dir_Files/Chronological_2197972/41-bpr-nsc-lat_amer_dir-chron-cf00302-011.pdf,https://catalog.archives.gov/id/470766448
4274,High-priority print candidate,Monitor,Colombia,26,24,96,"August 29, 1989",Memorandum of Telephone Conversation,Memorandum of Telephone Conversation with,Latin American Directorate Chronological Files,"August 16, 1989-August 31, 1989 [1]",High,72,Restricted - Possibly,26,"memorandum form; Presidential or NSC principals; presidential diplomacy; document text visible in OCR","Verify page image, source folder, and date; compare against the country chronology before print selection.","Source: George H.W. Bush Library, Bush Presidential Records, National Security Council, Latin American Affairs Directorate Files, Chronological Files, OA/ID CF00302, CF00302-011, August 16, 1989-August 31, 1989 [1]. Access restriction: Restricted - Possibly. FOIA 2015-0017-S.",https://s3.dualstack.us-east-1.amazonaws.com/NARAprodstorage/lz/presidential-libraries/bush/gb-nsc/Latin_Amer_Aff_Dir_Files/Chronological_2197972/41-bpr-nsc-lat_amer_dir-chron-cf00302-011.pdf,https://catalog.archives.gov/id/470766448
4274,High-priority print candidate,Monitor,Colombia,26,24,96,"August 29, 1989",Memorandum of Telephone Conversation,Memorandum of Telephone Conversation with,Latin American Affairs Directorate Subject Files,"Colombia - January 20, 1989-December 31, 1989 [3]",High,72,Restricted - Possibly,11,"memorandum form; Presidential or NSC principals; presidential diplomacy; document text visible in OCR","Verify page image, source folder, and date; compare against the country chronology before print selection.","Source: George H.W. Bush Library, Bush Presidential Records, National Security Council, Latin American Affairs Directorate Files, Subject File 1989, OA/ID CF00195, CF00195-009, Colombia - January 20, 1989-December 31, 1989 [3]. Access restriction: Restricted - Possibly. FOIA 2001-0434-F.",https://s3.dualstack.us-east-1.amazonaws.com/NARAprodstorage/lz/presidential-libraries/bush/gb-nsc/Latin_Amer_Aff_Dir_Files/Subject_376217847/41-bpr-nsc-lat_amer_dir-subj-cf00195-009.pdf,https://catalog.archives.gov/id/470766566
4274,High-priority print candidate,Monitor,Colombia,26,24,96,"December 15, 1989",Memorandum,Request for an Appointment by U.S. to,Latin American Directorate Chronological Files,"December 1, 1989-December 15, 1989 [1]",High,72,Restricted - Possibly,20,"memorandum form; Presidential or NSC principals; presidential diplomacy; document text visible in OCR","Verify page image, source folder, and date; compare against the country chronology before print selection.","Source: George H.W. Bush Library, Bush Presidential Records, National Security Council, Latin American Affairs Directorate Files, Chronological Files, OA/ID CF00303, CF00303-013, December 1, 1989-December 15, 1989 [1]. Access restriction: Restricted - Possibly. FOIA 2015-0017-S.",https://s3.dualstack.us-east-1.amazonaws.com/NARAprodstorage/lz/presidential-libraries/bush/gb-nsc/Latin_Amer_Aff_Dir_Files/Chronological_2197972/41-bpr-nsc-lat_amer_dir-chron-cf00303-013.pdf,https://catalog.archives.gov/id/470766470
4274,High-priority print candidate,Monitor,Colombia,26,24,96,"December 15, 1989",Memorandum,"To: BRENT SCOWCROFT fo; From: WILLIAM T. PRYCE oe am b.",Latin American Affairs Directorate Subject Files,"Colombia - January 20, 1989-December 31, 1989 [1]",High,72,Restricted - Possibly,46,"memorandum form; Presidential or NSC principals; presidential diplomacy; document text visible in OCR","Verify page image, source folder, and date; compare against the country chronology before print selection.","Source: George H.W. Bush Library, Bush Presidential Records, National Security Council, Latin American Affairs Directorate Files, Subject File 1989, OA/ID CF00195, CF00195-007, Colombia - January 20, 1989-December 31, 1989 [1]. Access restriction: Restricted - Possibly. FOIA 2001-0434-F.",https://s3.dualstack.us-east-1.amazonaws.com/NARAprodstorage/lz/presidential-libraries/bush/gb-nsc/Latin_Amer_Aff_Dir_Files/Subject_376217847/41-bpr-nsc-lat_amer_dir-subj-cf00195-007.pdf,https://catalog.archives.gov/id/470766564
4274,High-priority print candidate,Monitor,Colombia,26,24,96,"December 19, 1989",Memorandum,Your Meeting with U.S. Ambassador to Colombia,Latin American Directorate Chronological Files,"December 16, 1989-December 31, 1989 [2]",High,90,Restricted - Possibly,82,"memorandum form; Presidential or NSC principals; narcotics, presidential diplomacy; document text visible in OCR","Verify page image, source folder, and date; compare against the country chronology before print selection.","Source: George H.W. Bush Library, Bush Presidential Records, National Security Council, Latin American Affairs Directorate Files, Chronological Files, OA/ID CF00303, CF00303-016, December 16, 1989-December 31, 1989 [2]. Access restriction: Restricted - Possibly. FOIA 2015-0017-S.",https://s3.dualstack.us-east-1.amazonaws.com/NARAprodstorage/lz/presidential-libraries/bush/gb-nsc/Latin_Amer_Aff_Dir_Files/Chronological_2197972/41-bpr-nsc-lat_amer_dir-chron-cf00303-016.pdf,https://catalog.archives.gov/id/470766473
4274,High-priority print candidate,Monitor,Colombia,26,24,96,"December 19, 1989",Memorandum,Your Meeting with U.S. Ambassador to Colombia,Latin American Affairs Directorate Subject Files,"Colombia - January 20, 1989-December 31, 1989 [1]",High,90,Restricted - Possibly,43,"memorandum form; Presidential or NSC principals; narcotics, presidential diplomacy; document text visible in OCR","Verify page image, source folder, and date; compare against the country chronology before print selection.","Source: George H.W. Bush Library, Bush Presidential Records, National Security Council, Latin American Affairs Directorate Files, Subject File 1989, OA/ID CF00195, CF00195-007, Colombia - January 20, 1989-December 31, 1989 [1]. Access restriction: Restricted - Possibly. FOIA 2001-0434-F.",https://s3.dualstack.us-east-1.amazonaws.com/NARAprodstorage/lz/presidential-libraries/bush/gb-nsc/Latin_Amer_Aff_Dir_Files/Subject_376217847/41-bpr-nsc-lat_amer_dir-subj-cf00195-007.pdf,https://catalog.archives.gov/id/470766564
4274,High-priority print candidate,Monitor,Colombia,26,24,96,"December 20, 1989",Memorandum of Telephone Conversation,Telephone Conversation with President Barco,Latin American Directorate Chronological Files,"December 16, 1989-December 31, 1989 [2]",High,78,Restricted - Possibly,22,"memorandum form; Presidential or NSC principals; presidential diplomacy, panama spillover; document text visible in OCR","Verify page image, source folder, and date; compare against the country chronology before print selection.","Source: George H.W. Bush Library, Bush Presidential Records, National Security Council, Latin American Affairs Directorate Files, Chronological Files, OA/ID CF00303, CF00303-016, December 16, 1989-December 31, 1989 [2]. Access restriction: Restricted - Possibly. FOIA 2015-0017-S.",https://s3.dualstack.us-east-1.amazonaws.com/NARAprodstorage/lz/presidential-libraries/bush/gb-nsc/Latin_Amer_Aff_Dir_Files/Chronological_2197972/41-bpr-nsc-lat_amer_dir-chron-cf00303-016.pdf,https://catalog.archives.gov/id/470766473
4274,High-priority print candidate,Monitor,Colombia,26,24,96,"December 20, 1989",Memorandum of Telephone Conversation,Telephone Conversation with President Barco,Latin American Affairs Directorate Subject Files,"Colombia - January 20, 1989-December 31, 1989 [1]",High,78,Restricted - Possibly,39,"memorandum form; Presidential or NSC principals; presidential diplomacy, panama spillover; document text visible in OCR","Verify page image, source folder, and date; compare against the country chronology before print selection.","Source: George H.W. Bush Library, Bush Presidential Records, National Security Council, Latin American Affairs Directorate Files, Subject File 1989, OA/ID CF00195, CF00195-007, Colombia - January 20, 1989-December 31, 1989 [1]. Access restriction: Restricted - Possibly. FOIA 2001-0434-F.",https://s3.dualstack.us-east-1.amazonaws.com/NARAprodstorage/lz/presidential-libraries/bush/gb-nsc/Latin_Amer_Aff_Dir_Files/Subject_376217847/41-bpr-nsc-lat_amer_dir-subj-cf00195-007.pdf,https://catalog.archives.gov/id/470766564
4274,High-priority print candidate,Monitor,Colombia,26,24,96,"December 21, 1989",Memorandum of Telephone Conversation,Memorandum of Telephone Conversation with,Latin American Affairs Directorate Subject Files,"Colombia - January 20, 1989-December 31, 1989 [1]",High,72,Restricted - Possibly,41,"memorandum form; Presidential or NSC principals; presidential diplomacy; document text visible in OCR","Verify page image, source folder, and date; compare against the country chronology before print selection.","Source: George H.W. Bush Library, Bush Presidential Records, National Security Council, Latin American Affairs Directorate Files, Subject File 1989, OA/ID CF00195, CF00195-007, Colombia - January 20, 1989-December 31, 1989 [1]. Access restriction: Restricted - Possibly. FOIA 2001-0434-F.",https://s3.dualstack.us-east-1.amazonaws.com/NARAprodstorage/lz/presidential-libraries/bush/gb-nsc/Latin_Amer_Aff_Dir_Files/Subject_376217847/41-bpr-nsc-lat_amer_dir-subj-cf00195-007.pdf,https://catalog.archives.gov/id/470766564
4274,High-priority print candidate,Monitor,Colombia,26,24,96,"December 26, 1989",Memorandum,Colombian Confiscation of U.S. Corporate Jets,Latin American Affairs Directorate Subject Files,"Colombia - January 20, 1989-December 31, 1989 [1]",High,78,Restricted - Possibly,8,"memorandum form; Presidential or NSC principals; narcotics, debt and economy, presidential diplomacy; document text visible in OCR","Verify page image, source folder, and date; compare against the country chronology before print selection.","Source: George H.W. Bush Library, Bush Presidential Records, National Security Council, Latin American Affairs Directorate Files, Subject File 1989, OA/ID CF00195, CF00195-007, Colombia - January 20, 1989-December 31, 1989 [1]. Access restriction: Restricted - Possibly. FOIA 2001-0434-F.",https://s3.dualstack.us-east-1.amazonaws.com/NARAprodstorage/lz/presidential-libraries/bush/gb-nsc/Latin_Amer_Aff_Dir_Files/Subject_376217847/41-bpr-nsc-lat_amer_dir-subj-cf00195-007.pdf,https://catalog.archives.gov/id/470766564
4274,High-priority print candidate,Monitor,Colombia,26,24,96,"December 5, 1989",Memorandum,Letter Re Candidate for President of Colombia,Latin American Directorate Chronological Files,"December 1, 1989-December 15, 1989 [2]",High,72,Restricted - Possibly,42,"memorandum form; Presidential or NSC principals; presidential diplomacy; document text visible in OCR","Verify page image, source folder, and date; compare against the country chronology before print selection.","Source: George H.W. Bush Library, Bush Presidential Records, National Security Council, Latin American Affairs Directorate Files, Chronological Files, OA/ID CF00303, CF00303-014, December 1, 1989-December 15, 1989 [2]. Access restriction: Restricted - Possibly. FOIA 2015-0017-S.",https://s3.dualstack.us-east-1.amazonaws.com/NARAprodstorage/lz/presidential-libraries/bush/gb-nsc/Latin_Amer_Aff_Dir_Files/Chronological_2197972/41-bpr-nsc-lat_amer_dir-chron-cf00303-014.pdf,https://catalog.archives.gov/id/470766471
4274,High-priority print candidate,Monitor,Colombia,26,24,96,"June 13, 1989",Memorandum,Presidential Determination on Export-Import,Latin American Affairs Directorate Subject Files,"Colombia - January 20, 1989-December 31, 1989 [4]",High,78,Restricted - Possibly,34,"memorandum form; Presidential or NSC principals; narcotics, presidential diplomacy; document text visible in OCR","Verify page image, source folder, and date; compare against the country chronology before print selection.","Source: George H.W. Bush Library, Bush Presidential Records, National Security Council, Latin American Affairs Directorate Files, Subject File 1989, OA/ID CF00195, CF00195-010, Colombia - January 20, 1989-December 31, 1989 [4]. Access restriction: Restricted - Possibly. FOIA 2001-0434-F.",https://s3.dualstack.us-east-1.amazonaws.com/NARAprodstorage/lz/presidential-libraries/bush/gb-nsc/Latin_Amer_Aff_Dir_Files/Subject_376217847/41-bpr-nsc-lat_amer_dir-subj-cf00195-010.pdf,https://catalog.archives.gov/id/470766567
4274,High-priority print candidate,Monitor,Colombia,26,24,96,"March 9, 1989",Memorandum,President’s Telephone Call to Colombian President,Latin American Affairs Directorate Subject Files,"Colombia - January 20, 1989-December 31, 1989 [4]",High,78,Restricted - Possibly,57,"memorandum form; Presidential or NSC principals; democracy, presidential diplomacy, regional policy; document text visible in OCR","Verify page image, source folder, and date; compare against the country chronology before print selection.","Source: George H.W. Bush Library, Bush Presidential Records, National Security Council, Latin American Affairs Directorate Files, Subject File 1989, OA/ID CF00195, CF00195-010, Colombia - January 20, 1989-December 31, 1989 [4]. Access restriction: Restricted - Possibly. FOIA 2001-0434-F.",https://s3.dualstack.us-east-1.amazonaws.com/NARAprodstorage/lz/presidential-libraries/bush/gb-nsc/Latin_Amer_Aff_Dir_Files/Subject_376217847/41-bpr-nsc-lat_amer_dir-subj-cf00195-010.pdf,https://catalog.archives.gov/id/470766567
4274,High-priority print candidate,Monitor,Colombia,26,24,96,"March 9, 1989",Memorandum,Presidential Telephone Call to President Barco,Latin American Affairs Directorate Subject Files,"Colombia - January 20, 1989-December 31, 1989 [4]",High,78,Restricted - Possibly,63,"memorandum form; Presidential or NSC principals; democracy, presidential diplomacy, ussr/cuba; document text visible in OCR","Verify page image, source folder, and date; compare against the country chronology before print selection.","Source: George H.W. Bush Library, Bush Presidential Records, National Security Council, Latin American Affairs Directorate Files, Subject File 1989, OA/ID CF00195, CF00195-010, Colombia - January 20, 1989-December 31, 1989 [4]. Access restriction: Restricted - Possibly. FOIA 2001-0434-F.",https://s3.dualstack.us-east-1.amazonaws.com/NARAprodstorage/lz/presidential-libraries/bush/gb-nsc/Latin_Amer_Aff_Dir_Files/Subject_376217847/41-bpr-nsc-lat_amer_dir-subj-cf00195-010.pdf,https://catalog.archives.gov/id/470766567
4274,High-priority print candidate,Monitor,Colombia,26,24,96,"May 11, 1989",Memorandum,Colombian President Virgilio Barco Suggests July 5-7,Latin American Directorate Chronological Files,"May 1, 1989-May 15, 1989 [1]",High,72,Restricted - Possibly,51,"memorandum form; Presidential or NSC principals; presidential diplomacy; document text visible in OCR","Verify page image, source folder, and date; compare against the country chronology before print selection.","Source: George H.W. Bush Library, Bush Presidential Records, National Security Council, Latin American Affairs Directorate Files, Chronological Files, OA/ID CF00301, CF00301-010, May 1, 1989-May 15, 1989 [1]. Access restriction: Restricted - Possibly. FOIA 2015-0017-S.",https://s3.dualstack.us-east-1.amazonaws.com/NARAprodstorage/lz/presidential-libraries/bush/gb-nsc/Latin_Amer_Aff_Dir_Files/Chronological_2197972/41-bpr-nsc-lat_amer_dir-chron-cf00301-010.pdf,https://catalog.archives.gov/id/470766427
4274,High-priority print candidate,Monitor,Colombia,26,24,96,"May 11, 1989",Memorandum,Colombian President Virgilio Barco Suggests July 5-7,Latin American Affairs Directorate Subject Files,"Colombia - January 20, 1989-December 31, 1989 [4]",High,72,Restricted - Possibly,50,"memorandum form; Presidential or NSC principals; presidential diplomacy; document text visible in OCR","Verify page image, source folder, and date; compare against the country chronology before print selection.","Source: George H.W. Bush Library, Bush Presidential Records, National Security Council, Latin American Affairs Directorate Files, Subject File 1989, OA/ID CF00195, CF00195-010, Colombia - January 20, 1989-December 31, 1989 [4]. Access restriction: Restricted - Possibly. FOIA 2001-0434-F.",https://s3.dualstack.us-east-1.amazonaws.com/NARAprodstorage/lz/presidential-libraries/bush/gb-nsc/Latin_Amer_Aff_Dir_Files/Subject_376217847/41-bpr-nsc-lat_amer_dir-subj-cf00195-010.pdf,https://catalog.archives.gov/id/470766567
4274,High-priority print candidate,Monitor,Colombia,26,24,96,"May 15, 1989",Memorandum,Panama -- Recommendation That President Bush Telephone,Latin American Directorate Chronological Files,"May 16, 1989-May 30, 1989 [3]",High,90,Restricted - Possibly,44,"memorandum form; Presidential or NSC principals; presidential diplomacy, regional policy, panama spillover; document text visible in OCR","Verify page image, source folder, and date; compare against the country chronology before print selection.","Source: George H.W. Bush Library, Bush Presidential Records, National Security Council, Latin American Affairs Directorate Files, Chronological Files, OA/ID CF00301, CF00301-015, May 16, 1989-May 30, 1989 [3]. Access restriction: Restricted - Possibly. FOIA 2015-0017-S.",https://s3.dualstack.us-east-1.amazonaws.com/NARAprodstorage/lz/presidential-libraries/bush/gb-nsc/Latin_Amer_Aff_Dir_Files/Chronological_2197972/41-bpr-nsc-lat_amer_dir-chron-cf00301-015.pdf,https://catalog.archives.gov/id/470766432
4274,High-priority print candidate,Monitor,Colombia,26,24,96,"May 16, 1989",Memorandum,Points to Be Made for the President’s Telephone,Latin American Directorate Chronological Files,"May 16, 1989-May 30, 1989 [3]",High,90,Restricted - Possibly,41,"memorandum form; Presidential or NSC principals; democracy, presidential diplomacy, panama spillover; document text visible in OCR","Verify page image, source folder, and date; compare against the country chronology before print selection.","Source: George H.W. Bush Library, Bush Presidential Records, National Security Council, Latin American Affairs Directorate Files, Chronological Files, OA/ID CF00301, CF00301-015, May 16, 1989-May 30, 1989 [3]. Access restriction: Restricted - Possibly. FOIA 2015-0017-S.",https://s3.dualstack.us-east-1.amazonaws.com/NARAprodstorage/lz/presidential-libraries/bush/gb-nsc/Latin_Amer_Aff_Dir_Files/Chronological_2197972/41-bpr-nsc-lat_amer_dir-chron-cf00301-015.pdf,https://catalog.archives.gov/id/470766432
4274,High-priority print candidate,Monitor,Colombia,26,24,96,"May 16, 1989",Memorandum,Points to Be Made for the President’s Telephone,Latin American Affairs Directorate Subject Files,"Colombia - January 20, 1989-December 31, 1989 [4]",High,90,Restricted - Possibly,65,"memorandum form; Presidential or NSC principals; democracy, presidential diplomacy, panama spillover; document text visible in OCR","Verify page image, source folder, and date; compare against the country chronology before print selection.","Source: George H.W. Bush Library, Bush Presidential Records, National Security Council, Latin American Affairs Directorate Files, Subject File 1989, OA/ID CF00195, CF00195-010, Colombia - January 20, 1989-December 31, 1989 [4]. Access restriction: Restricted - Possibly. FOIA 2001-0434-F.",https://s3.dualstack.us-east-1.amazonaws.com/NARAprodstorage/lz/presidential-libraries/bush/gb-nsc/Latin_Amer_Aff_Dir_Files/Subject_376217847/41-bpr-nsc-lat_amer_dir-subj-cf00195-010.pdf,https://catalog.archives.gov/id/470766567
4274,High-priority print candidate,Monitor,Colombia,26,24,96,"May 18, 1989",Memorandum of Conversation,Telephone Conversation Between the President,Latin American Directorate Chronological Files,"May 16, 1989-May 30, 1989 [3]",High,72,Restricted - Possibly,6,"memorandum form; Presidential or NSC principals; presidential diplomacy; document text visible in OCR","Verify page image, source folder, and date; compare against the country chronology before print selection.","Source: George H.W. Bush Library, Bush Presidential Records, National Security Council, Latin American Affairs Directorate Files, Chronological Files, OA/ID CF00301, CF00301-015, May 16, 1989-May 30, 1989 [3]. Access restriction: Restricted - Possibly. FOIA 2015-0017-S.",https://s3.dualstack.us-east-1.amazonaws.com/NARAprodstorage/lz/presidential-libraries/bush/gb-nsc/Latin_Amer_Aff_Dir_Files/Chronological_2197972/41-bpr-nsc-lat_amer_dir-chron-cf00301-015.pdf,https://catalog.archives.gov/id/470766432
4274,High-priority print candidate,Monitor,Colombia,26,24,96,"May 18, 1989",Memorandum of Conversation,Telephone Conversation Between the President,Latin American Affairs Directorate Subject Files,"Colombia - January 20, 1989-December 31, 1989 [4]",High,72,Restricted - Possibly,44,"memorandum form; Presidential or NSC principals; presidential diplomacy; document text visible in OCR","Verify page image, source folder, and date; compare against the country chronology before print selection.","Source: George H.W. Bush Library, Bush Presidential Records, National Security Council, Latin American Affairs Directorate Files, Subject File 1989, OA/ID CF00195, CF00195-010, Colombia - January 20, 1989-December 31, 1989 [4]. Access restriction: Restricted - Possibly. FOIA 2001-0434-F.",https://s3.dualstack.us-east-1.amazonaws.com/NARAprodstorage/lz/presidential-libraries/bush/gb-nsc/Latin_Amer_Aff_Dir_Files/Subject_376217847/41-bpr-nsc-lat_amer_dir-subj-cf00195-010.pdf,https://catalog.archives.gov/id/470766567
4274,High-priority print candidate,Monitor,Colombia,26,24,96,"November 1, 1989",Memorandum,Colombian Request for Additional Economic,Latin American Affairs Directorate Subject Files,"Colombia - January 20, 1989-December 31, 1989 [1]",High,78,Restricted - Possibly,94,"memorandum form; Presidential or NSC principals; narcotics, debt and economy, presidential diplomacy; document text visible in OCR","Verify page image, source folder, and date; compare against the country chronology before print selection.","Source: George H.W. Bush Library, Bush Presidential Records, National Security Council, Latin American Affairs Directorate Files, Subject File 1989, OA/ID CF00195, CF00195-007, Colombia - January 20, 1989-December 31, 1989 [1]. Access restriction: Restricted - Possibly. FOIA 2001-0434-F.",https://s3.dualstack.us-east-1.amazonaws.com/NARAprodstorage/lz/presidential-libraries/bush/gb-nsc/Latin_Amer_Aff_Dir_Files/Subject_376217847/41-bpr-nsc-lat_amer_dir-subj-cf00195-007.pdf,https://catalog.archives.gov/id/470766564
4274,High-priority print candidate,Monitor,Colombia,26,24,96,"November 1, 1989",Memorandum,"Deputies Committee Meeting, Thursday,",Latin American Affairs Directorate Subject Files,Andean [Drug] Summit 1989 [1],High,90,Restricted - Possibly,85,"memorandum form; Andean, drug, narcotics; document text visible in OCR","Verify page image, source folder, and date; compare against the country chronology before print selection.","Source: George H.W. Bush Library, Bush Presidential Records, National Security Council, Latin American Affairs Directorate Files, Subject File 1989, OA/ID CF00189, CF00189-002, Andean [Drug] Summit 1989 [1]. Access restriction: Restricted - Possibly. FOIA 2015-0017-S.",https://s3.dualstack.us-east-1.amazonaws.com/NARAprodstorage/lz/presidential-libraries/bush/gb-nsc/Latin_Amer_Aff_Dir_Files/Subject_376217847/41-bpr-nsc-lat_amer_dir-subj-cf00189-002.pdf,https://catalog.archives.gov/id/470766475
4274,High-priority print candidate,Monitor,Colombia,26,24,96,"November 1, 1989",Memorandum of Conversation,Summary of Main Points in the President’s,Latin American Directorate Chronological Files,"November 1, 1989-November 15, 1989 [2]",High,72,Restricted - Possibly,89,"memorandum form; Presidential or NSC principals; presidential diplomacy; document text visible in OCR","Verify page image, source folder, and date; compare against the country chronology before print selection.","Source: George H.W. Bush Library, Bush Presidential Records, National Security Council, Latin American Affairs Directorate Files, Chronological Files, OA/ID CF00303, CF00303-010, November 1, 1989-November 15, 1989 [2]. Access restriction: Restricted - Possibly. FOIA 2015-0017-S.",https://s3.dualstack.us-east-1.amazonaws.com/NARAprodstorage/lz/presidential-libraries/bush/gb-nsc/Latin_Amer_Aff_Dir_Files/Chronological_2197972/41-bpr-nsc-lat_amer_dir-chron-cf00303-010.pdf,https://catalog.archives.gov/id/470766467
4274,High-priority print candidate,Monitor,Colombia,26,24,96,"November 1, 1989",Memorandum of Conversation,Summary of Main Points in the President’s,Latin American Affairs Directorate Subject Files,"Colombia - January 20, 1989-December 31, 1989 [1]",High,72,Restricted - Possibly,89,"memorandum form; Presidential or NSC principals; presidential diplomacy; document text visible in OCR","Verify page image, source folder, and date; compare against the country chronology before print selection.","Source: George H.W. Bush Library, Bush Presidential Records, National Security Council, Latin American Affairs Directorate Files, Subject File 1989, OA/ID CF00195, CF00195-007, Colombia - January 20, 1989-December 31, 1989 [1]. Access restriction: Restricted - Possibly. FOIA 2001-0434-F.",https://s3.dualstack.us-east-1.amazonaws.com/NARAprodstorage/lz/presidential-libraries/bush/gb-nsc/Latin_Amer_Aff_Dir_Files/Subject_376217847/41-bpr-nsc-lat_amer_dir-subj-cf00195-007.pdf,https://catalog.archives.gov/id/470766564
4274,High-priority print candidate,Monitor,Colombia,26,24,96,"November 22, 1989",Memorandum,"Security Survey of Cartagena, Colombia",Latin American Affairs Directorate Subject Files,Andean [Drug] Summit 1989 [2],High,90,Restricted - Possibly,37,"memorandum form; Presidential or NSC principals; Andean, drug, narcotics; document text visible in OCR","Verify page image, source folder, and date; compare against the country chronology before print selection.","Source: George H.W. Bush Library, Bush Presidential Records, National Security Council, Latin American Affairs Directorate Files, Subject File 1989, OA/ID CF00189, CF00189-003, Andean [Drug] Summit 1989 [2]. Access restriction: Restricted - Possibly. FOIA 2015-0017-S.",https://s3.dualstack.us-east-1.amazonaws.com/NARAprodstorage/lz/presidential-libraries/bush/gb-nsc/Latin_Amer_Aff_Dir_Files/Subject_376217847/41-bpr-nsc-lat_amer_dir-subj-cf00189-003.pdf,https://catalog.archives.gov/id/470766476
4274,High-priority print candidate,Monitor,Colombia,26,24,96,"November 22, 1989",Memorandum,"Security Survey of Cartagena, Colombia",Latin American Affairs Directorate Subject Files,"Colombia - January 20, 1989-December 31, 1989 [1]",High,90,Restricted - Possibly,54,"memorandum form; narcotics, presidential diplomacy, regional policy; document text visible in OCR","Verify page image, source folder, and date; compare against the country chronology before print selection.","Source: George H.W. Bush Library, Bush Presidential Records, National Security Council, Latin American Affairs Directorate Files, Subject File 1989, OA/ID CF00195, CF00195-007, Colombia - January 20, 1989-December 31, 1989 [1]. Access restriction: Restricted - Possibly. FOIA 2001-0434-F.",https://s3.dualstack.us-east-1.amazonaws.com/NARAprodstorage/lz/presidential-libraries/bush/gb-nsc/Latin_Amer_Aff_Dir_Files/Subject_376217847/41-bpr-nsc-lat_amer_dir-subj-cf00195-007.pdf,https://catalog.archives.gov/id/470766564
4274,High-priority print candidate,Monitor,Colombia,26,24,96,"November 28, 1989",Memorandum of Telephone Conversation,Memorandum of Telephone Conversation with,Latin American Directorate Chronological Files,"November 16, 1989-November 30, 1989 [1]",High,72,Restricted - Possibly,113,"memorandum form; Presidential or NSC principals; presidential diplomacy; document text visible in OCR","Verify page image, source folder, and date; compare against the country chronology before print selection.","Source: George H.W. Bush Library, Bush Presidential Records, National Security Council, Latin American Affairs Directorate Files, Chronological Files, OA/ID CF00303, CF00303-011, November 16, 1989-November 30, 1989 [1]. Access restriction: Restricted - Possibly. FOIA 2015-0017-S.",https://s3.dualstack.us-east-1.amazonaws.com/NARAprodstorage/lz/presidential-libraries/bush/gb-nsc/Latin_Amer_Aff_Dir_Files/Chronological_2197972/41-bpr-nsc-lat_amer_dir-chron-cf00303-011.pdf,https://catalog.archives.gov/id/470766468
4274,High-priority print candidate,Monitor,Colombia,26,24,96,"November 28, 1989",Memorandum of Telephone Conversation,Memorandum of Telephone Conversation with,Latin American Affairs Directorate Subject Files,"Colombia - January 20, 1989-December 31, 1989 [1]",High,72,Restricted - Possibly,73,"memorandum form; Presidential or NSC principals; presidential diplomacy; document text visible in OCR","Verify page image, source folder, and date; compare against the country chronology before print selection.","Source: George H.W. Bush Library, Bush Presidential Records, National Security Council, Latin American Affairs Directorate Files, Subject File 1989, OA/ID CF00195, CF00195-007, Colombia - January 20, 1989-December 31, 1989 [1]. Access restriction: Restricted - Possibly. FOIA 2001-0434-F.",https://s3.dualstack.us-east-1.amazonaws.com/NARAprodstorage/lz/presidential-libraries/bush/gb-nsc/Latin_Amer_Aff_Dir_Files/Subject_376217847/41-bpr-nsc-lat_amer_dir-subj-cf00195-007.pdf,https://catalog.archives.gov/id/470766564
4274,High-priority print candidate,Monitor,Colombia,26,24,96,"October 18, 1989",Memorandum,Draft Repiv from the Presicent to Colomhian Presicert,Latin American Directorate Chronological Files,"October 16, 1989-October 31, 1989 [2]",High,72,Restricted - Possibly,90,"memorandum form; Presidential or NSC principals; presidential diplomacy, regional policy; document text visible in OCR","Verify page image, source folder, and date; compare against the country chronology before print selection.","Source: George H.W. Bush Library, Bush Presidential Records, National Security Council, Latin American Affairs Directorate Files, Chronological Files, OA/ID CF00303, CF00303-005, October 16, 1989-October 31, 1989 [2]. Access restriction: Restricted - Possibly. FOIA 2015-0017-S.",https://s3.dualstack.us-east-1.amazonaws.com/NARAprodstorage/lz/presidential-libraries/bush/gb-nsc/Latin_Amer_Aff_Dir_Files/Chronological_2197972/41-bpr-nsc-lat_amer_dir-chron-cf00303-005.pdf,https://catalog.archives.gov/id/470766462
4274,High-priority print candidate,Monitor,Colombia,26,24,96,"October 18, 1989",Memorandum,Draft Reply from the President to Colombian President,Latin American Directorate Chronological Files,"October 16, 1989-October 31, 1989 [2]",High,72,Restricted - Possibly,88,"memorandum form; Presidential or NSC principals; presidential diplomacy, regional policy; document text visible in OCR","Verify page image, source folder, and date; compare against the country chronology before print selection.","Source: George H.W. Bush Library, Bush Presidential Records, National Security Council, Latin American Affairs Directorate Files, Chronological Files, OA/ID CF00303, CF00303-005, October 16, 1989-October 31, 1989 [2]. Access restriction: Restricted - Possibly. FOIA 2015-0017-S.",https://s3.dualstack.us-east-1.amazonaws.com/NARAprodstorage/lz/presidential-libraries/bush/gb-nsc/Latin_Amer_Aff_Dir_Files/Chronological_2197972/41-bpr-nsc-lat_amer_dir-chron-cf00303-005.pdf,https://catalog.archives.gov/id/470766462
4274,High-priority print candidate,Monitor,Colombia,26,24,96,"October 18, 1989",Memorandum,Draft Reply from the President to Colombian President,Latin American Affairs Directorate Subject Files,"Colombia - January 20, 1989-December 31, 1989 [2]",High,72,Restricted - Possibly,14,"memorandum form; Presidential or NSC principals; presidential diplomacy, regional policy; document text visible in OCR","Verify page image, source folder, and date; compare against the country chronology before print selection.","Source: George H.W. Bush Library, Bush Presidential Records, National Security Council, Latin American Affairs Directorate Files, Subject File 1989, OA/ID CF00195, CF00195-008, Colombia - January 20, 1989-December 31, 1989 [2]. Access restriction: Restricted - Possibly. FOIA 2001-0434-F.",https://s3.dualstack.us-east-1.amazonaws.com/NARAprodstorage/lz/presidential-libraries/bush/gb-nsc/Latin_Amer_Aff_Dir_Files/Subject_376217847/41-bpr-nsc-lat_amer_dir-subj-cf00195-008.pdf,https://catalog.archives.gov/id/470766565
4274,High-priority print candidate,Monitor,Colombia,26,24,96,"October 25, 1989",Memorandum,Andean Trade Package,Latin American Affairs Directorate Subject Files,Andean [Drug] Summit 1989 [1],High,90,Restricted - Possibly,72,"memorandum form; Presidential or NSC principals; Andean, drug, narcotics; document text visible in OCR","Verify page image, source folder, and date; compare against the country chronology before print selection.","Source: George H.W. Bush Library, Bush Presidential Records, National Security Council, Latin American Affairs Directorate Files, Subject File 1989, OA/ID CF00189, CF00189-002, Andean [Drug] Summit 1989 [1]. Access restriction: Restricted - Possibly. FOIA 2015-0017-S.",https://s3.dualstack.us-east-1.amazonaws.com/NARAprodstorage/lz/presidential-libraries/bush/gb-nsc/Latin_Amer_Aff_Dir_Files/Subject_376217847/41-bpr-nsc-lat_amer_dir-subj-cf00189-002.pdf,https://catalog.archives.gov/id/470766475
4274,High-priority print candidate,Monitor,Colombia,26,24,96,"October 3, 1989",Memorandum,Guidance: Colombia Extraditions,Latin American Directorate Chronological Files,"October 16, 1989-October 31, 1989 [2]",High,70,Restricted - Possibly,69,"memorandum form; narcotics; document text visible in OCR","Verify page image, source folder, and date; compare against the country chronology before print selection.","Source: George H.W. Bush Library, Bush Presidential Records, National Security Council, Latin American Affairs Directorate Files, Chronological Files, OA/ID CF00303, CF00303-005, October 16, 1989-October 31, 1989 [2]. Access restriction: Restricted - Possibly. FOIA 2015-0017-S.",https://s3.dualstack.us-east-1.amazonaws.com/NARAprodstorage/lz/presidential-libraries/bush/gb-nsc/Latin_Amer_Aff_Dir_Files/Chronological_2197972/41-bpr-nsc-lat_amer_dir-chron-cf00303-005.pdf,https://catalog.archives.gov/id/470766462
4274,High-priority print candidate,Monitor,Colombia,26,24,96,"October 30, 1989",Memorandum of Telephone Conversation,Telephone Conversation with President Barco,Latin American Directorate Chronological Files,"November 1, 1989-November 15, 1989 [2]",High,90,Restricted - Possibly,90,"memorandum form; Presidential or NSC principals; narcotics, presidential diplomacy; document text visible in OCR","Verify page image, source folder, and date; compare against the country chronology before print selection.","Source: George H.W. Bush Library, Bush Presidential Records, National Security Council, Latin American Affairs Directorate Files, Chronological Files, OA/ID CF00303, CF00303-010, November 1, 1989-November 15, 1989 [2]. Access restriction: Restricted - Possibly. FOIA 2015-0017-S.",https://s3.dualstack.us-east-1.amazonaws.com/NARAprodstorage/lz/presidential-libraries/bush/gb-nsc/Latin_Amer_Aff_Dir_Files/Chronological_2197972/41-bpr-nsc-lat_amer_dir-chron-cf00303-010.pdf,https://catalog.archives.gov/id/470766467
4274,High-priority print candidate,Monitor,Colombia,26,24,96,"September 11, 1989",Memorandum,President Barco’s Letter on Coffee,Latin American Affairs Directorate Subject Files,"Colombia - January 20, 1989-December 31, 1989 [3]",High,78,Restricted - Possibly,59,"memorandum form; Presidential or NSC principals; narcotics, presidential diplomacy; document text visible in OCR","Verify page image, source folder, and date; compare against the country chronology before print selection.","Source: George H.W. Bush Library, Bush Presidential Records, National Security Council, Latin American Affairs Directorate Files, Subject File 1989, OA/ID CF00195, CF00195-009, Colombia - January 20, 1989-December 31, 1989 [3]. Access restriction: Restricted - Possibly. FOIA 2001-0434-F.",https://s3.dualstack.us-east-1.amazonaws.com/NARAprodstorage/lz/presidential-libraries/bush/gb-nsc/Latin_Amer_Aff_Dir_Files/Subject_376217847/41-bpr-nsc-lat_amer_dir-subj-cf00195-009.pdf,https://catalog.archives.gov/id/470766566
4274,High-priority print candidate,Monitor,Colombia,26,24,96,"September 15, 1989",Memorandum,Request for the President to Meet with,Latin American Directorate Chronological Files,"September 1, 1989-September 15, 1989 [1]",High,72,Restricted - Possibly,10,"memorandum form; Presidential or NSC principals; presidential diplomacy; document text visible in OCR","Verify page image, source folder, and date; compare against the country chronology before print selection.","Source: George H.W. Bush Library, Bush Presidential Records, National Security Council, Latin American Affairs Directorate Files, Chronological Files, OA/ID CF00302, CF00302-015, September 1, 1989-September 15, 1989 [1]. Access restriction: Restricted - Possibly. FOIA 2015-0017-S.",https://s3.dualstack.us-east-1.amazonaws.com/NARAprodstorage/lz/presidential-libraries/bush/gb-nsc/Latin_Amer_Aff_Dir_Files/Chronological_2197972/41-bpr-nsc-lat_amer_dir-chron-cf00302-015.pdf,https://catalog.archives.gov/id/470766452
4274,High-priority print candidate,Monitor,Colombia,26,24,96,"September 2, 1989",Memorandum,Talking Points on Narcotics Cooperation,Latin American Directorate Chronological Files,"September 1, 1989-September 15, 1989 [2]",High,90,Restricted - Possibly,76,"memorandum form; Presidential or NSC principals; narcotics, presidential diplomacy; document text visible in OCR","Verify page image, source folder, and date; compare against the country chronology before print selection.","Source: George H.W. Bush Library, Bush Presidential Records, National Security Council, Latin American Affairs Directorate Files, Chronological Files, OA/ID CF00302, CF00302-016, September 1, 1989-September 15, 1989 [2]. Access restriction: Restricted - Possibly. FOIA 2015-0017-S.",https://s3.dualstack.us-east-1.amazonaws.com/NARAprodstorage/lz/presidential-libraries/bush/gb-nsc/Latin_Amer_Aff_Dir_Files/Chronological_2197972/41-bpr-nsc-lat_amer_dir-chron-cf00302-016.pdf,https://catalog.archives.gov/id/470766453
4274,High-priority print candidate,Monitor,Colombia,26,24,96,"September 2, 1989",Memorandum,"To: BRENT SCOWCROFT 07; ); From: RICHARD LAMAGNA",Latin American Affairs Directorate Subject Files,"Colombia - January 20, 1989-December 31, 1989 [3]",High,72,Restricted - Possibly,64,"memorandum form; Presidential or NSC principals; presidential diplomacy; document text visible in OCR","Verify page image, source folder, and date; compare against the country chronology before print selection.","Source: George H.W. Bush Library, Bush Presidential Records, National Security Council, Latin American Affairs Directorate Files, Subject File 1989, OA/ID CF00195, CF00195-009, Colombia - January 20, 1989-December 31, 1989 [3]. Access restriction: Restricted - Possibly. FOIA 2001-0434-F.",https://s3.dualstack.us-east-1.amazonaws.com/NARAprodstorage/lz/presidential-libraries/bush/gb-nsc/Latin_Amer_Aff_Dir_Files/Subject_376217847/41-bpr-nsc-lat_amer_dir-subj-cf00195-009.pdf,https://catalog.archives.gov/id/470766566
4274,High-priority print candidate,Monitor,Colombia,26,24,96,"September 26, 1989",Memorandum of Telephone Conversation,Memorandum of Telephone Conversation with,Latin American Directorate Chronological Files,"September 16, 1989-September 30, 1989 [2]",High,72,Restricted - Possibly,93,"memorandum form; Presidential or NSC principals; presidential diplomacy; document text visible in OCR","Verify page image, source folder, and date; compare against the country chronology before print selection.","Source: George H.W. Bush Library, Bush Presidential Records, National Security Council, Latin American Affairs Directorate Files, Chronological Files, OA/ID CF00302, CF00302-018, September 16, 1989-September 30, 1989 [2]. Access restriction: Restricted - Possibly. FOIA 2015-0017-S.",https://s3.dualstack.us-east-1.amazonaws.com/NARAprodstorage/lz/presidential-libraries/bush/gb-nsc/Latin_Amer_Aff_Dir_Files/Chronological_2197972/41-bpr-nsc-lat_amer_dir-chron-cf00302-018.pdf,https://catalog.archives.gov/id/470766455
4274,High-priority print candidate,Monitor,Colombia,26,24,96,"September 26, 1989",Memorandum of Telephone Conversation,Memorandum of Telephone Conversation with,Latin American Affairs Directorate Subject Files,"Colombia - January 20, 1989-December 31, 1989 [1]",High,72,Restricted - Possibly,76,"memorandum form; Presidential or NSC principals; presidential diplomacy; document text visible in OCR","Verify page image, source folder, and date; compare against the country chronology before print selection.","Source: George H.W. Bush Library, Bush Presidential Records, National Security Council, Latin American Affairs Directorate Files, Subject File 1989, OA/ID CF00195, CF00195-007, Colombia - January 20, 1989-December 31, 1989 [1]. Access restriction: Restricted - Possibly. FOIA 2001-0434-F.",https://s3.dualstack.us-east-1.amazonaws.com/NARAprodstorage/lz/presidential-libraries/bush/gb-nsc/Latin_Amer_Aff_Dir_Files/Subject_376217847/41-bpr-nsc-lat_amer_dir-subj-cf00195-007.pdf,https://catalog.archives.gov/id/470766564
4274,High-priority print candidate,Monitor,Colombia,26,24,96,"September 26, 1989",Memorandum,Presidential Meeting with Colombian President,Latin American Directorate Chronological Files,"September 16, 1989-September 30, 1989 [2]",High,90,Restricted - Possibly,63,"memorandum form; Presidential or NSC principals; narcotics, presidential diplomacy; document text visible in OCR","Verify page image, source folder, and date; compare against the country chronology before print selection.","Source: George H.W. Bush Library, Bush Presidential Records, National Security Council, Latin American Affairs Directorate Files, Chronological Files, OA/ID CF00302, CF00302-018, September 16, 1989-September 30, 1989 [2]. Access restriction: Restricted - Possibly. FOIA 2015-0017-S.",https://s3.dualstack.us-east-1.amazonaws.com/NARAprodstorage/lz/presidential-libraries/bush/gb-nsc/Latin_Amer_Aff_Dir_Files/Chronological_2197972/41-bpr-nsc-lat_amer_dir-chron-cf00302-018.pdf,https://catalog.archives.gov/id/470766455
4274,High-priority print candidate,Monitor,Colombia,26,24,96,"September 27, 1989",Memorandum,Press Release Announcing Colombian President,Latin American Directorate Chronological Files,"September 16, 1989-September 30, 1989 [2]",High,90,Restricted - Possibly,49,"memorandum form; Presidential or NSC principals; narcotics, presidential diplomacy; document text visible in OCR","Verify page image, source folder, and date; compare against the country chronology before print selection.","Source: George H.W. Bush Library, Bush Presidential Records, National Security Council, Latin American Affairs Directorate Files, Chronological Files, OA/ID CF00302, CF00302-018, September 16, 1989-September 30, 1989 [2]. Access restriction: Restricted - Possibly. FOIA 2015-0017-S.",https://s3.dualstack.us-east-1.amazonaws.com/NARAprodstorage/lz/presidential-libraries/bush/gb-nsc/Latin_Amer_Aff_Dir_Files/Chronological_2197972/41-bpr-nsc-lat_amer_dir-chron-cf00302-018.pdf,https://catalog.archives.gov/id/470766455
4274,High-priority print candidate,Monitor,Colombia,26,24,96,"September 27, 1989",Memorandum,Press Release Announcing Colombian President,Latin American Affairs Directorate Subject Files,"Colombia - January 20, 1989-December 31, 1989 [2]",High,90,Restricted - Possibly,59,"memorandum form; Presidential or NSC principals; narcotics, presidential diplomacy; document text visible in OCR","Verify page image, source folder, and date; compare against the country chronology before print selection.","Source: George H.W. Bush Library, Bush Presidential Records, National Security Council, Latin American Affairs Directorate Files, Subject File 1989, OA/ID CF00195, CF00195-008, Colombia - January 20, 1989-December 31, 1989 [2]. Access restriction: Restricted - Possibly. FOIA 2001-0434-F.",https://s3.dualstack.us-east-1.amazonaws.com/NARAprodstorage/lz/presidential-libraries/bush/gb-nsc/Latin_Amer_Aff_Dir_Files/Subject_376217847/41-bpr-nsc-lat_amer_dir-subj-cf00195-008.pdf,https://catalog.archives.gov/id/470766565
4274,High-priority print candidate,Monitor,Colombia,26,24,96,"September 28, 1989",Memorandum,Proposed Press Release Announcing Colombian,Latin American Affairs Directorate Subject Files,"Colombia - January 20, 1989-December 31, 1989 [2]",High,72,Restricted - Possibly,56,"memorandum form; Presidential or NSC principals; presidential diplomacy; document text visible in OCR","Verify page image, source folder, and date; compare against the country chronology before print selection.","Source: George H.W. Bush Library, Bush Presidential Records, National Security Council, Latin American Affairs Directorate Files, Subject File 1989, OA/ID CF00195, CF00195-008, Colombia - January 20, 1989-December 31, 1989 [2]. Access restriction: Restricted - Possibly. FOIA 2001-0434-F.",https://s3.dualstack.us-east-1.amazonaws.com/NARAprodstorage/lz/presidential-libraries/bush/gb-nsc/Latin_Amer_Aff_Dir_Files/Subject_376217847/41-bpr-nsc-lat_amer_dir-subj-cf00195-008.pdf,https://catalog.archives.gov/id/470766565
4282,High-priority print candidate,Monitor,Venezuela,18,31,109,,Memorandum,(i pp.) Melvyn Levitsky to,Latin American Affairs Directorate Subject Files,[Briefing Material for POTUS Meeting with Venezuelan President Carlos Andres Perez 4/89] [loose],High,72,Restricted - Possibly,4,"memorandum form; Presidential or NSC principals; presidential diplomacy; identified on withdrawal sheet","Verify page image, source folder, and date; compare against the country chronology before print selection.","Source: George H.W. Bush Library, Bush Presidential Records, National Security Council, Latin American Affairs Directorate Files, Subject File 1989, OA/ID CF00193, CF00193-022, [Briefing Material for POTUS Meeting with Venezuelan President Carlos Andres Perez 4/89] [loose]. Access restriction: Restricted - Possibly. FOIA 2009-0704-F.",https://s3.dualstack.us-east-1.amazonaws.com/NARAprodstorage/lz/presidential-libraries/bush/gb-nsc/Latin_Amer_Aff_Dir_Files/Subject_376217847/41-bpr-nsc-lat_amer_dir-subj-cf00193-022.pdf,https://catalog.archives.gov/id/470766537
4282,High-priority print candidate,Monitor,Venezuela,18,31,109,,Memorandum,Additional Points to be Made During Your Call to,Latin American Directorate Chronological Files,"March 1, 1989-March 16, 1989 [4]",High,78,Restricted - Possibly,42,"memorandum form; Presidential or NSC principals; democracy, presidential diplomacy, ussr/cuba; document text visible in OCR","Verify page image, source folder, and date; compare against the country chronology before print selection.","Source: George H.W. Bush Library, Bush Presidential Records, National Security Council, Latin American Affairs Directorate Files, Chronological Files, OA/ID CF00300, CF00300-013, March 1, 1989-March 16, 1989 [4]. Access restriction: Restricted - Possibly. FOIA 2015-0017-S.",https://s3.dualstack.us-east-1.amazonaws.com/NARAprodstorage/lz/presidential-libraries/bush/gb-nsc/Latin_Amer_Aff_Dir_Files/Chronological_2197972/41-bpr-nsc-lat_amer_dir-chron-cf00300-013.pdf,https://catalog.archives.gov/id/470766414
4282,High-priority print candidate,Monitor,Venezuela,18,31,109,,Memorandum,Additional Points to be Made During Your Call to,Latin American Affairs Directorate Subject Files,"Venezuela - January 20, 1989-December 31, 1989 [2]",High,78,Restricted - Possibly,119,"memorandum form; Presidential or NSC principals; democracy, presidential diplomacy, ussr/cuba; document text visible in OCR","Verify page image, source folder, and date; compare against the country chronology before print selection.","Source: George H.W. Bush Library, Bush Presidential Records, National Security Council, Latin American Affairs Directorate Files, Subject File 1989, OA/ID CF00193, CF00193-019, Venezuela - January 20, 1989-December 31, 1989 [2]. Access restriction: Restricted - Possibly. FOIA 2009-0704-F.",https://s3.dualstack.us-east-1.amazonaws.com/NARAprodstorage/lz/presidential-libraries/bush/gb-nsc/Latin_Amer_Aff_Dir_Files/Subject_376217847/41-bpr-nsc-lat_amer_dir-subj-cf00193-019.pdf,https://catalog.archives.gov/id/470766534
4282,High-priority print candidate,Monitor,Venezuela,18,31,109,,Memorandum,Appointment of Simon Alberto Consalvi Bottaro of,Latin American Directorate Chronological Files,"March 17, 1989-March 31, 1989 [3]",High,72,Restricted - Possibly,58,"memorandum form; Presidential or NSC principals; presidential diplomacy; document text visible in OCR","Verify page image, source folder, and date; compare against the country chronology before print selection.","Source: George H.W. Bush Library, Bush Presidential Records, National Security Council, Latin American Affairs Directorate Files, Chronological Files, OA/ID CF00300, CF00300-016, March 17, 1989-March 31, 1989 [3]. Access restriction: Restricted - Possibly. FOIA 2015-0017-S.",https://s3.dualstack.us-east-1.amazonaws.com/NARAprodstorage/lz/presidential-libraries/bush/gb-nsc/Latin_Amer_Aff_Dir_Files/Chronological_2197972/41-bpr-nsc-lat_amer_dir-chron-cf00300-016.pdf,https://catalog.archives.gov/id/470766417
4282,High-priority print candidate,Monitor,Venezuela,18,31,109,,Memorandum,David A. Pacelli and Timothy Deal to,Latin American Affairs Directorate Subject Files,"Venezuela - January 20, 1989-December 31, 1989 [2]",High,72,Restricted - Possibly,3,"memorandum form; Presidential or NSC principals; presidential diplomacy; identified on withdrawal sheet","Verify page image, source folder, and date; compare against the country chronology before print selection.","Source: George H.W. Bush Library, Bush Presidential Records, National Security Council, Latin American Affairs Directorate Files, Subject File 1989, OA/ID CF00193, CF00193-019, Venezuela - January 20, 1989-December 31, 1989 [2]. Access restriction: Restricted - Possibly. FOIA 2009-0704-F.",https://s3.dualstack.us-east-1.amazonaws.com/NARAprodstorage/lz/presidential-libraries/bush/gb-nsc/Latin_Amer_Aff_Dir_Files/Subject_376217847/41-bpr-nsc-lat_amer_dir-subj-cf00193-019.pdf,https://catalog.archives.gov/id/470766534
4282,High-priority print candidate,Monitor,Venezuela,18,31,109,,Memorandum,David A. Pacelli to,Latin American Affairs Directorate Subject Files,"Venezuela - January 20, 1989-December 31, 1989 [2]",High,72,Restricted - Possibly,4,"memorandum form; Presidential or NSC principals; presidential diplomacy; identified on withdrawal sheet","Verify page image, source folder, and date; compare against the country chronology before print selection.","Source: George H.W. Bush Library, Bush Presidential Records, National Security Council, Latin American Affairs Directorate Files, Subject File 1989, OA/ID CF00193, CF00193-019, Venezuela - January 20, 1989-December 31, 1989 [2]. Access restriction: Restricted - Possibly. FOIA 2009-0704-F.",https://s3.dualstack.us-east-1.amazonaws.com/NARAprodstorage/lz/presidential-libraries/bush/gb-nsc/Latin_Amer_Aff_Dir_Files/Subject_376217847/41-bpr-nsc-lat_amer_dir-subj-cf00193-019.pdf,https://catalog.archives.gov/id/470766534
4282,High-priority print candidate,Monitor,Venezuela,18,31,109,,Memorandum,Friendly Reminder,Latin American Directorate Chronological Files,"March 17, 1989-March 31, 1989 [1]",High,78,Restricted - Possibly,18,"memorandum form; Presidential or NSC principals; narcotics, democracy, presidential diplomacy; document text visible in OCR","Verify page image, source folder, and date; compare against the country chronology before print selection.","Source: George H.W. Bush Library, Bush Presidential Records, National Security Council, Latin American Affairs Directorate Files, Chronological Files, OA/ID CF00300, CF00300-014, March 17, 1989-March 31, 1989 [1]. Access restriction: Restricted - Possibly. FOIA 2015-0017-S.",https://s3.dualstack.us-east-1.amazonaws.com/NARAprodstorage/lz/presidential-libraries/bush/gb-nsc/Latin_Amer_Aff_Dir_Files/Chronological_2197972/41-bpr-nsc-lat_amer_dir-chron-cf00300-014.pdf,https://catalog.archives.gov/id/470766415
4282,High-priority print candidate,Monitor,Venezuela,18,31,109,,Memorandum,J. Stapleton Roy to,Latin American Affairs Directorate Subject Files,"Venezuela - January 20, 1989-December 31, 1989 [1]",High,72,Restricted - Possibly,34,"memorandum form; Presidential or NSC principals; presidential diplomacy; identified on withdrawal sheet","Verify page image, source folder, and date; compare against the country chronology before print selection.","Source: George H.W. Bush Library, Bush Presidential Records, National Security Council, Latin American Affairs Directorate Files, Subject File 1989, OA/ID CF00193, CF00193-018, Venezuela - January 20, 1989-December 31, 1989 [1]. Access restriction: Restricted - Possibly. FOIA 2009-0704-F.",https://s3.dualstack.us-east-1.amazonaws.com/NARAprodstorage/lz/presidential-libraries/bush/gb-nsc/Latin_Amer_Aff_Dir_Files/Subject_376217847/41-bpr-nsc-lat_amer_dir-subj-cf00193-018.pdf,https://catalog.archives.gov/id/470766533
4282,High-priority print candidate,Monitor,Venezuela,18,31,109,,Memorandum,Message to Prime Minister Manley,Latin American Directorate Chronological Files,"August 16, 1989-August 31, 1989 [2]",High,72,Restricted - Possibly,77,"memorandum form; Presidential or NSC principals; presidential diplomacy, panama spillover; document text visible in OCR","Verify page image, source folder, and date; compare against the country chronology before print selection.","Source: George H.W. Bush Library, Bush Presidential Records, National Security Council, Latin American Affairs Directorate Files, Chronological Files, OA/ID CF00302, CF00302-012, August 16, 1989-August 31, 1989 [2]. Access restriction: Restricted - Possibly. FOIA 2015-0017-S.",https://s3.dualstack.us-east-1.amazonaws.com/NARAprodstorage/lz/presidential-libraries/bush/gb-nsc/Latin_Amer_Aff_Dir_Files/Chronological_2197972/41-bpr-nsc-lat_amer_dir-chron-cf00302-012.pdf,https://catalog.archives.gov/id/470766449
4282,High-priority print candidate,Monitor,Venezuela,18,31,109,,Memorandum,NSC Staff Foreign Travel,Latin American Directorate Chronological Files,"January 20, 1989-February 1, 1989 [1]",High,72,Restricted - Possibly,22,"memorandum form; Presidential or NSC principals; presidential diplomacy, regional policy; document text visible in OCR","Verify page image, source folder, and date; compare against the country chronology before print selection.","Source: George H.W. Bush Library, Bush Presidential Records, National Security Council, Latin American Affairs Directorate Files, Chronological Files, OA/ID CF00300, CF00300-003, January 20, 1989-February 1, 1989 [1]. Access restriction: Restricted - Possibly. FOIA 2015-0017-S.",https://s3.dualstack.us-east-1.amazonaws.com/NARAprodstorage/lz/presidential-libraries/bush/gb-nsc/Latin_Amer_Aff_Dir_Files/Chronological_2197972/41-bpr-nsc-lat_amer_dir-chron-cf00300-003.pdf,https://catalog.archives.gov/id/470766404
4282,High-priority print candidate,Monitor,Venezuela,18,31,109,,Memorandum,President Perez. David A. Pacelli to,Latin American Affairs Directorate Subject Files,"Venezuela - January 20, 1989-December 31, 1989 [2]",High,72,Restricted - Possibly,55,"memorandum form; Presidential or NSC principals; presidential diplomacy; identified on withdrawal sheet","Verify page image, source folder, and date; compare against the country chronology before print selection.","Source: George H.W. Bush Library, Bush Presidential Records, National Security Council, Latin American Affairs Directorate Files, Subject File 1989, OA/ID CF00193, CF00193-019, Venezuela - January 20, 1989-December 31, 1989 [2]. Access restriction: Restricted - Possibly. FOIA 2009-0704-F.",https://s3.dualstack.us-east-1.amazonaws.com/NARAprodstorage/lz/presidential-libraries/bush/gb-nsc/Latin_Amer_Aff_Dir_Files/Subject_376217847/41-bpr-nsc-lat_amer_dir-subj-cf00193-019.pdf,https://catalog.archives.gov/id/470766534
4282,High-priority print candidate,Monitor,Venezuela,18,31,109,,Memorandum,Proposed Response to Venezuelan President,Latin American Affairs Directorate Subject Files,"Venezuela - January 20, 1989-December 31, 1989 [2]",High,78,Restricted - Possibly,63,"memorandum form; Presidential or NSC principals; debt and economy, presidential diplomacy; document text visible in OCR","Verify page image, source folder, and date; compare against the country chronology before print selection.","Source: George H.W. Bush Library, Bush Presidential Records, National Security Council, Latin American Affairs Directorate Files, Subject File 1989, OA/ID CF00193, CF00193-019, Venezuela - January 20, 1989-December 31, 1989 [2]. Access restriction: Restricted - Possibly. FOIA 2009-0704-F.",https://s3.dualstack.us-east-1.amazonaws.com/NARAprodstorage/lz/presidential-libraries/bush/gb-nsc/Latin_Amer_Aff_Dir_Files/Subject_376217847/41-bpr-nsc-lat_amer_dir-subj-cf00193-019.pdf,https://catalog.archives.gov/id/470766534
4282,High-priority print candidate,Monitor,Venezuela,18,31,109,,Talking Points,TALKING POINTS -- I appreciate your efforts to resolve the crisis in Panama during the past two weeks. In particular I salute your,Latin American Affairs Directorate Subject Files,"Venezuela - January 20, 1989-December 31, 1989 [2]",High,70,Restricted - Possibly,16,"democracy, regional policy, panama spillover; document text visible in OCR","Verify page image, source folder, and date; compare against the country chronology before print selection.","Source: George H.W. Bush Library, Bush Presidential Records, National Security Council, Latin American Affairs Directorate Files, Subject File 1989, OA/ID CF00193, CF00193-019, Venezuela - January 20, 1989-December 31, 1989 [2]. Access restriction: Restricted - Possibly. FOIA 2009-0704-F.",https://s3.dualstack.us-east-1.amazonaws.com/NARAprodstorage/lz/presidential-libraries/bush/gb-nsc/Latin_Amer_Aff_Dir_Files/Subject_376217847/41-bpr-nsc-lat_amer_dir-subj-cf00193-019.pdf,https://catalog.archives.gov/id/470766534
4282,High-priority print candidate,Monitor,Venezuela,18,31,109,,Talking Points,TALKING POINTS ° I appreciate your public and private comments in,Latin American Affairs Directorate Subject Files,[Briefing Material for POTUS Meeting with Venezuelan President Carlos Andres Perez 4/89] [loose],High,90,Restricted - Possibly,6,"democracy, presidential diplomacy; document text visible in OCR","Verify page image, source folder, and date; compare against the country chronology before print selection.","Source: George H.W. Bush Library, Bush Presidential Records, National Security Council, Latin American Affairs Directorate Files, Subject File 1989, OA/ID CF00193, CF00193-022, [Briefing Material for POTUS Meeting with Venezuelan President Carlos Andres Perez 4/89] [loose]. Access restriction: Restricted - Possibly. FOIA 2009-0704-F.",https://s3.dualstack.us-east-1.amazonaws.com/NARAprodstorage/lz/presidential-libraries/bush/gb-nsc/Latin_Amer_Aff_Dir_Files/Subject_376217847/41-bpr-nsc-lat_amer_dir-subj-cf00193-022.pdf,https://catalog.archives.gov/id/470766537
4282,High-priority print candidate,Monitor,Venezuela,18,31,109,,Talking Points,TALKING POINTS G-8 DIALOGUE fe},Latin American Affairs Directorate Subject Files,[Briefing Material for POTUS Meeting with Venezuelan President Carlos Andres Perez 4/89] [loose],High,90,Restricted - Possibly,8,"narcotics, democracy, debt and economy; document text visible in OCR","Verify page image, source folder, and date; compare against the country chronology before print selection.","Source: George H.W. Bush Library, Bush Presidential Records, National Security Council, Latin American Affairs Directorate Files, Subject File 1989, OA/ID CF00193, CF00193-022, [Briefing Material for POTUS Meeting with Venezuelan President Carlos Andres Perez 4/89] [loose]. Access restriction: Restricted - Possibly. FOIA 2009-0704-F.",https://s3.dualstack.us-east-1.amazonaws.com/NARAprodstorage/lz/presidential-libraries/bush/gb-nsc/Latin_Amer_Aff_Dir_Files/Subject_376217847/41-bpr-nsc-lat_amer_dir-subj-cf00193-022.pdf,https://catalog.archives.gov/id/470766537
4282,High-priority print candidate,Monitor,Venezuela,18,31,109,,Talking Points,TALKING POINTS PANAMA We appreciate your efforts on behalf of democracy in,Latin American Affairs Directorate Subject Files,[Briefing Material for POTUS Meeting with Venezuelan President Carlos Andres Perez 4/89] [loose],High,90,Restricted - Possibly,7,"democracy, presidential diplomacy, panama spillover; document text visible in OCR","Verify page image, source folder, and date; compare against the country chronology before print selection.","Source: George H.W. Bush Library, Bush Presidential Records, National Security Council, Latin American Affairs Directorate Files, Subject File 1989, OA/ID CF00193, CF00193-022, [Briefing Material for POTUS Meeting with Venezuelan President Carlos Andres Perez 4/89] [loose]. Access restriction: Restricted - Possibly. FOIA 2009-0704-F.",https://s3.dualstack.us-east-1.amazonaws.com/NARAprodstorage/lz/presidential-libraries/bush/gb-nsc/Latin_Amer_Aff_Dir_Files/Subject_376217847/41-bpr-nsc-lat_amer_dir-subj-cf00193-022.pdf,https://catalog.archives.gov/id/470766537
4282,High-priority print candidate,Monitor,Venezuela,18,31,109,,Talking Points,TALKING POINTS The U.S. will not entertain any significant improvement in relations with Cuba until Cuban,Latin American Affairs Directorate Subject Files,[Briefing Material for POTUS Meeting with Venezuelan President Carlos Andres Perez 4/89] [loose],High,90,Restricted - Possibly,9,"democracy, presidential diplomacy, regional policy; document text visible in OCR","Verify page image, source folder, and date; compare against the country chronology before print selection.","Source: George H.W. Bush Library, Bush Presidential Records, National Security Council, Latin American Affairs Directorate Files, Subject File 1989, OA/ID CF00193, CF00193-022, [Briefing Material for POTUS Meeting with Venezuelan President Carlos Andres Perez 4/89] [loose]. Access restriction: Restricted - Possibly. FOIA 2009-0704-F.",https://s3.dualstack.us-east-1.amazonaws.com/NARAprodstorage/lz/presidential-libraries/bush/gb-nsc/Latin_Amer_Aff_Dir_Files/Subject_376217847/41-bpr-nsc-lat_amer_dir-subj-cf00193-022.pdf,https://catalog.archives.gov/id/470766537
4282,High-priority print candidate,Monitor,Venezuela,18,31,109,,Talking Points,TALKING POINTS WITH PRESIDENT PEREZ fe),Latin American Affairs Directorate Subject Files,"Venezuela - January 20, 1989-December 31, 1989 [1]",High,78,Restricted - Possibly,137,"Presidential or NSC principals; democracy, presidential diplomacy; document text visible in OCR","Verify page image, source folder, and date; compare against the country chronology before print selection.","Source: George H.W. Bush Library, Bush Presidential Records, National Security Council, Latin American Affairs Directorate Files, Subject File 1989, OA/ID CF00193, CF00193-018, Venezuela - January 20, 1989-December 31, 1989 [1]. Access restriction: Restricted - Possibly. FOIA 2009-0704-F.",https://s3.dualstack.us-east-1.amazonaws.com/NARAprodstorage/lz/presidential-libraries/bush/gb-nsc/Latin_Amer_Aff_Dir_Files/Subject_376217847/41-bpr-nsc-lat_amer_dir-subj-cf00193-018.pdf,https://catalog.archives.gov/id/470766533
4282,High-priority print candidate,Monitor,Venezuela,18,31,109,,Talking Points,TALKING POINTS WITH PRESIDENT PEREZ fe},Latin American Directorate Chronological Files,"June 1, 1989-June 30, 1989 [2]",High,78,Restricted - Possibly,72,"Presidential or NSC principals; democracy, presidential diplomacy; document text visible in OCR","Verify page image, source folder, and date; compare against the country chronology before print selection.","Source: George H.W. Bush Library, Bush Presidential Records, National Security Council, Latin American Affairs Directorate Files, Chronological Files, OA/ID CF00301, CF00301-017, June 1, 1989-June 30, 1989 [2]. Access restriction: Restricted - Possibly. FOIA 2015-0017-S.",https://s3.dualstack.us-east-1.amazonaws.com/NARAprodstorage/lz/presidential-libraries/bush/gb-nsc/Latin_Amer_Aff_Dir_Files/Chronological_2197972/41-bpr-nsc-lat_amer_dir-chron-cf00301-017.pdf,https://catalog.archives.gov/id/470766434
4282,High-priority print candidate,Monitor,Venezuela,18,31,109,,Talking Points,TALKING POINTS WITH PRESIDENT PEREZ I appreciate your efforts to resolve the crisis in,Latin American Directorate Chronological Files,"July 16, 1989-July 30, 1989 [2]",High,78,Restricted - Possibly,64,"Presidential or NSC principals; presidential diplomacy, regional policy, panama spillover; document text visible in OCR","Verify page image, source folder, and date; compare against the country chronology before print selection.","Source: George H.W. Bush Library, Bush Presidential Records, National Security Council, Latin American Affairs Directorate Files, Chronological Files, OA/ID CF00302, CF00302-005, July 16, 1989-July 30, 1989 [2]. Access restriction: Restricted - Possibly. FOIA 2015-0017-S.",https://s3.dualstack.us-east-1.amazonaws.com/NARAprodstorage/lz/presidential-libraries/bush/gb-nsc/Latin_Amer_Aff_Dir_Files/Chronological_2197972/41-bpr-nsc-lat_amer_dir-chron-cf00302-005.pdf,https://catalog.archives.gov/id/470766442
4282,High-priority print candidate,Monitor,Venezuela,18,31,109,,Memorandum of Conversation,Transmittal of the Memorandum of Conversation of,Latin American Directorate Chronological Files,"April 16, 1989-April 30, 1989 [1]",High,72,Restricted - Possibly,75,"memorandum form; Presidential or NSC principals; presidential diplomacy; document text visible in OCR","Verify page image, source folder, and date; compare against the country chronology before print selection.","Source: George H.W. Bush Library, Bush Presidential Records, National Security Council, Latin American Affairs Directorate Files, Chronological Files, OA/ID CF00301, CF00301-004, April 16, 1989-April 30, 1989 [1]. Access restriction: Restricted - Possibly. FOIA 2015-0017-S.",https://s3.dualstack.us-east-1.amazonaws.com/NARAprodstorage/lz/presidential-libraries/bush/gb-nsc/Latin_Amer_Aff_Dir_Files/Chronological_2197972/41-bpr-nsc-lat_amer_dir-chron-cf00301-004.pdf,https://catalog.archives.gov/id/470766421
4282,High-priority print candidate,Monitor,Venezuela,18,31,109,,Memorandum of Conversation,Transmittal of the Memorandum of Conversation of,Latin American Affairs Directorate Subject Files,"Venezuela - January 20, 1989-December 31, 1989 [2]",High,72,Restricted - Possibly,19,"memorandum form; Presidential or NSC principals; presidential diplomacy; document text visible in OCR","Verify page image, source folder, and date; compare against the country chronology before print selection.","Source: George H.W. Bush Library, Bush Presidential Records, National Security Council, Latin American Affairs Directorate Files, Subject File 1989, OA/ID CF00193, CF00193-019, Venezuela - January 20, 1989-December 31, 1989 [2]. Access restriction: Restricted - Possibly. FOIA 2009-0704-F.",https://s3.dualstack.us-east-1.amazonaws.com/NARAprodstorage/lz/presidential-libraries/bush/gb-nsc/Latin_Amer_Aff_Dir_Files/Subject_376217847/41-bpr-nsc-lat_amer_dir-subj-cf00193-019.pdf,https://catalog.archives.gov/id/470766534
4282,High-priority print candidate,Monitor,Venezuela,18,31,109,,Talking Points,"We have included talking points on debt because Perez is hosting a meeting of the Group of 77 from June 19-23. Perez told delegates from 127 nations that ""economic totalitarianism"" from",Latin American Affairs Directorate Subject Files,"Venezuela - January 20, 1989-December 31, 1989 [1]",High,70,Restricted - Possibly,135,"debt and economy; document text visible in OCR","Verify page image, source folder, and date; compare against the country chronology before print selection.","Source: George H.W. Bush Library, Bush Presidential Records, National Security Council, Latin American Affairs Directorate Files, Subject File 1989, OA/ID CF00193, CF00193-018, Venezuela - January 20, 1989-December 31, 1989 [1]. Access restriction: Restricted - Possibly. FOIA 2009-0704-F.",https://s3.dualstack.us-east-1.amazonaws.com/NARAprodstorage/lz/presidential-libraries/bush/gb-nsc/Latin_Amer_Aff_Dir_Files/Subject_376217847/41-bpr-nsc-lat_amer_dir-subj-cf00193-018.pdf,https://catalog.archives.gov/id/470766533
4282,High-priority print candidate,Monitor,Venezuela,18,31,109,,Talking Points,"We have included talking points on debt because Perez is hosting a meeting of the Group of 77 from June 19-23. Perez told delegates from 127 nations that “economic totalitarianism"" from",Latin American Directorate Chronological Files,"June 1, 1989-June 30, 1989 [2]",High,70,Restricted - Possibly,64,"debt and economy; document text visible in OCR","Verify page image, source folder, and date; compare against the country chronology before print selection.","Source: George H.W. Bush Library, Bush Presidential Records, National Security Council, Latin American Affairs Directorate Files, Chronological Files, OA/ID CF00301, CF00301-017, June 1, 1989-June 30, 1989 [2]. Access restriction: Restricted - Possibly. FOIA 2015-0017-S.",https://s3.dualstack.us-east-1.amazonaws.com/NARAprodstorage/lz/presidential-libraries/bush/gb-nsc/Latin_Amer_Aff_Dir_Files/Chronological_2197972/41-bpr-nsc-lat_amer_dir-chron-cf00301-017.pdf,https://catalog.archives.gov/id/470766434
4282,High-priority print candidate,Monitor,Venezuela,18,31,109,"April 1, 1989",Memorandum of Conversation,Meeting with President Carlos Andres Perez of,Latin American Directorate Chronological Files,"April 1, 1989-April 15, 1989 [3]",High,72,Restricted - Possibly,31,"memorandum form; Presidential or NSC principals; debt and economy, presidential diplomacy; document text visible in OCR","Verify page image, source folder, and date; compare against the country chronology before print selection.","Source: George H.W. Bush Library, Bush Presidential Records, National Security Council, Latin American Affairs Directorate Files, Chronological Files, OA/ID CF00301, CF00301-003, April 1, 1989-April 15, 1989 [3]. Access restriction: Restricted - Possibly. FOIA 2015-0017-S.",https://s3.dualstack.us-east-1.amazonaws.com/NARAprodstorage/lz/presidential-libraries/bush/gb-nsc/Latin_Amer_Aff_Dir_Files/Chronological_2197972/41-bpr-nsc-lat_amer_dir-chron-cf00301-003.pdf,https://catalog.archives.gov/id/470766420
4282,High-priority print candidate,Monitor,Venezuela,18,31,109,"April 1, 1989",Memorandum of Conversation,Meeting with President Carlos Andres Perez of,Latin American Affairs Directorate Subject Files,"Venezuela - January 20, 1989-December 31, 1989 [2]",High,72,Restricted - Possibly,41,"memorandum form; Presidential or NSC principals; debt and economy, presidential diplomacy; document text visible in OCR","Verify page image, source folder, and date; compare against the country chronology before print selection.","Source: George H.W. Bush Library, Bush Presidential Records, National Security Council, Latin American Affairs Directorate Files, Subject File 1989, OA/ID CF00193, CF00193-019, Venezuela - January 20, 1989-December 31, 1989 [2]. Access restriction: Restricted - Possibly. FOIA 2009-0704-F.",https://s3.dualstack.us-east-1.amazonaws.com/NARAprodstorage/lz/presidential-libraries/bush/gb-nsc/Latin_Amer_Aff_Dir_Files/Subject_376217847/41-bpr-nsc-lat_amer_dir-subj-cf00193-019.pdf,https://catalog.archives.gov/id/470766534
4282,High-priority print candidate,Monitor,Venezuela,18,31,109,"April 1, 1989",Memorandum of Conversation,Meeting with President Carlos Perez of,Latin American Directorate Chronological Files,"April 1, 1989-April 15, 1989 [3]",High,72,Restricted - Possibly,22,"memorandum form; Presidential or NSC principals; debt and economy, presidential diplomacy; document text visible in OCR","Verify page image, source folder, and date; compare against the country chronology before print selection.","Source: George H.W. Bush Library, Bush Presidential Records, National Security Council, Latin American Affairs Directorate Files, Chronological Files, OA/ID CF00301, CF00301-003, April 1, 1989-April 15, 1989 [3]. Access restriction: Restricted - Possibly. FOIA 2015-0017-S.",https://s3.dualstack.us-east-1.amazonaws.com/NARAprodstorage/lz/presidential-libraries/bush/gb-nsc/Latin_Amer_Aff_Dir_Files/Chronological_2197972/41-bpr-nsc-lat_amer_dir-chron-cf00301-003.pdf,https://catalog.archives.gov/id/470766420
4282,High-priority print candidate,Monitor,Venezuela,18,31,109,"April 1, 1989",Memorandum of Conversation,Meeting with President Carlos Perez of,Latin American Directorate Chronological Files,"April 16, 1989-April 30, 1989 [1]",High,72,Restricted - Possibly,76,"memorandum form; Presidential or NSC principals; debt and economy, presidential diplomacy; document text visible in OCR","Verify page image, source folder, and date; compare against the country chronology before print selection.","Source: George H.W. Bush Library, Bush Presidential Records, National Security Council, Latin American Affairs Directorate Files, Chronological Files, OA/ID CF00301, CF00301-004, April 16, 1989-April 30, 1989 [1]. Access restriction: Restricted - Possibly. FOIA 2015-0017-S.",https://s3.dualstack.us-east-1.amazonaws.com/NARAprodstorage/lz/presidential-libraries/bush/gb-nsc/Latin_Amer_Aff_Dir_Files/Chronological_2197972/41-bpr-nsc-lat_amer_dir-chron-cf00301-004.pdf,https://catalog.archives.gov/id/470766421
4282,High-priority print candidate,Monitor,Venezuela,18,31,109,"April 1, 1989",Memorandum of Conversation,Meeting with President Carlos Perez of,Latin American Affairs Directorate Subject Files,"Venezuela - January 20, 1989-December 31, 1989 [2]",High,72,Restricted - Possibly,20,"memorandum form; Presidential or NSC principals; debt and economy, presidential diplomacy; document text visible in OCR","Verify page image, source folder, and date; compare against the country chronology before print selection.","Source: George H.W. Bush Library, Bush Presidential Records, National Security Council, Latin American Affairs Directorate Files, Subject File 1989, OA/ID CF00193, CF00193-019, Venezuela - January 20, 1989-December 31, 1989 [2]. Access restriction: Restricted - Possibly. FOIA 2009-0704-F.",https://s3.dualstack.us-east-1.amazonaws.com/NARAprodstorage/lz/presidential-libraries/bush/gb-nsc/Latin_Amer_Aff_Dir_Files/Subject_376217847/41-bpr-nsc-lat_amer_dir-subj-cf00193-019.pdf,https://catalog.archives.gov/id/470766534
4282,High-priority print candidate,Monitor,Venezuela,18,31,109,"April 1, 1989",Memorandum of Conversation,Transmittal of Memcon to the Department of,Latin American Directorate Chronological Files,"April 1, 1989-April 15, 1989 [3]",High,72,Restricted - Possibly,21,"memorandum form; Presidential or NSC principals; presidential diplomacy; document text visible in OCR","Verify page image, source folder, and date; compare against the country chronology before print selection.","Source: George H.W. Bush Library, Bush Presidential Records, National Security Council, Latin American Affairs Directorate Files, Chronological Files, OA/ID CF00301, CF00301-003, April 1, 1989-April 15, 1989 [3]. Access restriction: Restricted - Possibly. FOIA 2015-0017-S.",https://s3.dualstack.us-east-1.amazonaws.com/NARAprodstorage/lz/presidential-libraries/bush/gb-nsc/Latin_Amer_Aff_Dir_Files/Chronological_2197972/41-bpr-nsc-lat_amer_dir-chron-cf00301-003.pdf,https://catalog.archives.gov/id/470766420
4282,High-priority print candidate,Monitor,Venezuela,18,31,109,"April 11, 1989",Memorandum,NSC Approval of Travel by USAF Chief of Staff,Latin American Affairs Directorate Subject Files,"Venezuela - January 20, 1989-December 31, 1989 [2]",High,72,Restricted - Possibly,36,"memorandum form; Presidential or NSC principals; presidential diplomacy; document text visible in OCR","Verify page image, source folder, and date; compare against the country chronology before print selection.","Source: George H.W. Bush Library, Bush Presidential Records, National Security Council, Latin American Affairs Directorate Files, Subject File 1989, OA/ID CF00193, CF00193-019, Venezuela - January 20, 1989-December 31, 1989 [2]. Access restriction: Restricted - Possibly. FOIA 2009-0704-F.",https://s3.dualstack.us-east-1.amazonaws.com/NARAprodstorage/lz/presidential-libraries/bush/gb-nsc/Latin_Amer_Aff_Dir_Files/Subject_376217847/41-bpr-nsc-lat_amer_dir-subj-cf00193-019.pdf,https://catalog.archives.gov/id/470766534
4282,High-priority print candidate,Monitor,Venezuela,18,31,109,"April 12, 1989",Memorandum,Political Instability in Venezuela,Latin American Directorate Chronological Files,"April 1, 1989-April 15, 1989 [1]",High,72,Restricted - Possibly,42,"memorandum form; Presidential or NSC principals; presidential diplomacy; document text visible in OCR","Verify page image, source folder, and date; compare against the country chronology before print selection.","Source: George H.W. Bush Library, Bush Presidential Records, National Security Council, Latin American Affairs Directorate Files, Chronological Files, OA/ID CF00301, CF00301-001, April 1, 1989-April 15, 1989 [1]. Access restriction: Restricted - Possibly. FOIA 2015-0017-S.",https://s3.dualstack.us-east-1.amazonaws.com/NARAprodstorage/lz/presidential-libraries/bush/gb-nsc/Latin_Amer_Aff_Dir_Files/Chronological_2197972/41-bpr-nsc-lat_amer_dir-chron-cf00301-001.pdf,https://catalog.archives.gov/id/470766418
4282,High-priority print candidate,Monitor,Venezuela,18,31,109,"April 12, 1989",Memorandum,Political Instability in Venezuela,Latin American Affairs Directorate Subject Files,"Venezuela - January 20, 1989-December 31, 1989 [2]",High,72,Restricted - Possibly,33,"memorandum form; Presidential or NSC principals; presidential diplomacy; document text visible in OCR","Verify page image, source folder, and date; compare against the country chronology before print selection.","Source: George H.W. Bush Library, Bush Presidential Records, National Security Council, Latin American Affairs Directorate Files, Subject File 1989, OA/ID CF00193, CF00193-019, Venezuela - January 20, 1989-December 31, 1989 [2]. Access restriction: Restricted - Possibly. FOIA 2009-0704-F.",https://s3.dualstack.us-east-1.amazonaws.com/NARAprodstorage/lz/presidential-libraries/bush/gb-nsc/Latin_Amer_Aff_Dir_Files/Subject_376217847/41-bpr-nsc-lat_amer_dir-subj-cf00193-019.pdf,https://catalog.archives.gov/id/470766534
4282,High-priority print candidate,Monitor,Venezuela,18,31,109,"April 14, 1989",Memorandum,Political Instability in Venezuela,Latin American Directorate Chronological Files,"April 1, 1989-April 15, 1989 [1]",High,72,Restricted - Possibly,41,"memorandum form; Presidential or NSC principals; presidential diplomacy; document text visible in OCR","Verify page image, source folder, and date; compare against the country chronology before print selection.","Source: George H.W. Bush Library, Bush Presidential Records, National Security Council, Latin American Affairs Directorate Files, Chronological Files, OA/ID CF00301, CF00301-001, April 1, 1989-April 15, 1989 [1]. Access restriction: Restricted - Possibly. FOIA 2015-0017-S.",https://s3.dualstack.us-east-1.amazonaws.com/NARAprodstorage/lz/presidential-libraries/bush/gb-nsc/Latin_Amer_Aff_Dir_Files/Chronological_2197972/41-bpr-nsc-lat_amer_dir-chron-cf00301-001.pdf,https://catalog.archives.gov/id/470766418
4282,High-priority print candidate,Monitor,Venezuela,18,31,109,"April 14, 1989",Memorandum,Political Instability in Venezuela,Latin American Affairs Directorate Subject Files,"Venezuela - January 20, 1989-December 31, 1989 [2]",High,72,Restricted - Possibly,32,"memorandum form; Presidential or NSC principals; presidential diplomacy; document text visible in OCR","Verify page image, source folder, and date; compare against the country chronology before print selection.","Source: George H.W. Bush Library, Bush Presidential Records, National Security Council, Latin American Affairs Directorate Files, Subject File 1989, OA/ID CF00193, CF00193-019, Venezuela - January 20, 1989-December 31, 1989 [2]. Access restriction: Restricted - Possibly. FOIA 2009-0704-F.",https://s3.dualstack.us-east-1.amazonaws.com/NARAprodstorage/lz/presidential-libraries/bush/gb-nsc/Latin_Amer_Aff_Dir_Files/Subject_376217847/41-bpr-nsc-lat_amer_dir-subj-cf00193-019.pdf,https://catalog.archives.gov/id/470766534
4282,High-priority print candidate,Monitor,Venezuela,18,31,109,"April 28, 1989",Memorandum of Conversation,Transmittal to the State Department of the,Latin American Directorate Chronological Files,"April 16, 1989-April 30, 1989 [1]",High,72,Restricted - Possibly,74,"memorandum form; Presidential or NSC principals; presidential diplomacy; document text visible in OCR","Verify page image, source folder, and date; compare against the country chronology before print selection.","Source: George H.W. Bush Library, Bush Presidential Records, National Security Council, Latin American Affairs Directorate Files, Chronological Files, OA/ID CF00301, CF00301-004, April 16, 1989-April 30, 1989 [1]. Access restriction: Restricted - Possibly. FOIA 2015-0017-S.",https://s3.dualstack.us-east-1.amazonaws.com/NARAprodstorage/lz/presidential-libraries/bush/gb-nsc/Latin_Amer_Aff_Dir_Files/Chronological_2197972/41-bpr-nsc-lat_amer_dir-chron-cf00301-004.pdf,https://catalog.archives.gov/id/470766421
4282,High-priority print candidate,Monitor,Venezuela,18,31,109,"April 28, 1989",Memorandum of Conversation,Transmittal to the State Department of the,Latin American Affairs Directorate Subject Files,"Venezuela - January 20, 1989-December 31, 1989 [2]",High,72,Restricted - Possibly,18,"memorandum form; Presidential or NSC principals; presidential diplomacy; document text visible in OCR","Verify page image, source folder, and date; compare against the country chronology before print selection.","Source: George H.W. Bush Library, Bush Presidential Records, National Security Council, Latin American Affairs Directorate Files, Subject File 1989, OA/ID CF00193, CF00193-019, Venezuela - January 20, 1989-December 31, 1989 [2]. Access restriction: Restricted - Possibly. FOIA 2009-0704-F.",https://s3.dualstack.us-east-1.amazonaws.com/NARAprodstorage/lz/presidential-libraries/bush/gb-nsc/Latin_Amer_Aff_Dir_Files/Subject_376217847/41-bpr-nsc-lat_amer_dir-subj-cf00193-019.pdf,https://catalog.archives.gov/id/470766534
4282,High-priority print candidate,Monitor,Venezuela,18,31,109,"April 4, 1989",Memorandum of Conversation,Transmittal of Memcon to the Department of,Latin American Directorate Chronological Files,"April 1, 1989-April 15, 1989 [3]",High,72,Restricted - Possibly,20,"memorandum form; Presidential or NSC principals; presidential diplomacy; document text visible in OCR","Verify page image, source folder, and date; compare against the country chronology before print selection.","Source: George H.W. Bush Library, Bush Presidential Records, National Security Council, Latin American Affairs Directorate Files, Chronological Files, OA/ID CF00301, CF00301-003, April 1, 1989-April 15, 1989 [3]. Access restriction: Restricted - Possibly. FOIA 2015-0017-S.",https://s3.dualstack.us-east-1.amazonaws.com/NARAprodstorage/lz/presidential-libraries/bush/gb-nsc/Latin_Amer_Aff_Dir_Files/Chronological_2197972/41-bpr-nsc-lat_amer_dir-chron-cf00301-003.pdf,https://catalog.archives.gov/id/470766420
4282,High-priority print candidate,Monitor,Venezuela,18,31,109,"April 5, 1989",Memorandum of Conversation,Memorandim of Conversation between President Bush,Latin American Affairs Directorate Subject Files,"Venezuela - January 20, 1989-December 31, 1989 [2]",High,72,Restricted - Possibly,40,"memorandum form; Presidential or NSC principals; presidential diplomacy; document text visible in OCR","Verify page image, source folder, and date; compare against the country chronology before print selection.","Source: George H.W. Bush Library, Bush Presidential Records, National Security Council, Latin American Affairs Directorate Files, Subject File 1989, OA/ID CF00193, CF00193-019, Venezuela - January 20, 1989-December 31, 1989 [2]. Access restriction: Restricted - Possibly. FOIA 2009-0704-F.",https://s3.dualstack.us-east-1.amazonaws.com/NARAprodstorage/lz/presidential-libraries/bush/gb-nsc/Latin_Amer_Aff_Dir_Files/Subject_376217847/41-bpr-nsc-lat_amer_dir-subj-cf00193-019.pdf,https://catalog.archives.gov/id/470766534
4282,High-priority print candidate,Monitor,Venezuela,18,31,109,"August 22, 1989",Memorandum,Message from President to Prime Minister Manley,Latin American Directorate Chronological Files,"August 16, 1989-August 31, 1989 [2]",High,72,Restricted - Possibly,76,"memorandum form; Presidential or NSC principals; presidential diplomacy, regional policy, panama spillover; document text visible in OCR","Verify page image, source folder, and date; compare against the country chronology before print selection.","Source: George H.W. Bush Library, Bush Presidential Records, National Security Council, Latin American Affairs Directorate Files, Chronological Files, OA/ID CF00302, CF00302-012, August 16, 1989-August 31, 1989 [2]. Access restriction: Restricted - Possibly. FOIA 2015-0017-S.",https://s3.dualstack.us-east-1.amazonaws.com/NARAprodstorage/lz/presidential-libraries/bush/gb-nsc/Latin_Amer_Aff_Dir_Files/Chronological_2197972/41-bpr-nsc-lat_amer_dir-chron-cf00302-012.pdf,https://catalog.archives.gov/id/470766449
4282,High-priority print candidate,Monitor,Venezuela,18,31,109,"August 22, 1989",Memorandum of Telephone Conversation,Telephone Conversation with Carlos,Latin American Directorate Chronological Files,"August 16, 1989-August 31, 1989 [2]",High,78,Restricted - Possibly,55,"memorandum form; Presidential or NSC principals; democracy, presidential diplomacy, panama spillover; document text visible in OCR","Verify page image, source folder, and date; compare against the country chronology before print selection.","Source: George H.W. Bush Library, Bush Presidential Records, National Security Council, Latin American Affairs Directorate Files, Chronological Files, OA/ID CF00302, CF00302-012, August 16, 1989-August 31, 1989 [2]. Access restriction: Restricted - Possibly. FOIA 2015-0017-S.",https://s3.dualstack.us-east-1.amazonaws.com/NARAprodstorage/lz/presidential-libraries/bush/gb-nsc/Latin_Amer_Aff_Dir_Files/Chronological_2197972/41-bpr-nsc-lat_amer_dir-chron-cf00302-012.pdf,https://catalog.archives.gov/id/470766449
4282,High-priority print candidate,Monitor,Venezuela,18,31,109,"August 22, 1989",Memorandum of Telephone Conversation,Telephone Conversation with Carlos,Latin American Affairs Directorate Subject Files,"Venezuela - January 20, 1989-December 31, 1989 [1]",High,78,Restricted - Possibly,64,"memorandum form; Presidential or NSC principals; presidential diplomacy, panama spillover; document text visible in OCR","Verify page image, source folder, and date; compare against the country chronology before print selection.","Source: George H.W. Bush Library, Bush Presidential Records, National Security Council, Latin American Affairs Directorate Files, Subject File 1989, OA/ID CF00193, CF00193-018, Venezuela - January 20, 1989-December 31, 1989 [1]. Access restriction: Restricted - Possibly. FOIA 2009-0704-F.",https://s3.dualstack.us-east-1.amazonaws.com/NARAprodstorage/lz/presidential-libraries/bush/gb-nsc/Latin_Amer_Aff_Dir_Files/Subject_376217847/41-bpr-nsc-lat_amer_dir-subj-cf00193-018.pdf,https://catalog.archives.gov/id/470766533
4282,High-priority print candidate,Monitor,Venezuela,18,31,109,"August 7, 1989",Memorandum,Request for Photo-op with the President for,Latin American Directorate Chronological Files,"August 1, 1989-August 15, 1989 [3]",High,72,Restricted - Possibly,27,"memorandum form; Presidential or NSC principals; presidential diplomacy, regional policy; document text visible in OCR","Verify page image, source folder, and date; compare against the country chronology before print selection.","Source: George H.W. Bush Library, Bush Presidential Records, National Security Council, Latin American Affairs Directorate Files, Chronological Files, OA/ID CF00302, CF00302-009, August 1, 1989-August 15, 1989 [3]. Access restriction: Restricted - Possibly. FOIA 2015-0017-S.",https://s3.dualstack.us-east-1.amazonaws.com/NARAprodstorage/lz/presidential-libraries/bush/gb-nsc/Latin_Amer_Aff_Dir_Files/Chronological_2197972/41-bpr-nsc-lat_amer_dir-chron-cf00302-009.pdf,https://catalog.archives.gov/id/470766446
4282,High-priority print candidate,Monitor,Venezuela,18,31,109,"December 21, 1989",Memorandum of Telephone Conversation,Memorandum of Telephone Conversation with,Latin American Affairs Directorate Subject Files,"Venezuela - January 20, 1989-December 31, 1989 [1]",High,72,Restricted - Possibly,7,"memorandum form; Presidential or NSC principals; presidential diplomacy; document text visible in OCR","Verify page image, source folder, and date; compare against the country chronology before print selection.","Source: George H.W. Bush Library, Bush Presidential Records, National Security Council, Latin American Affairs Directorate Files, Subject File 1989, OA/ID CF00193, CF00193-018, Venezuela - January 20, 1989-December 31, 1989 [1]. Access restriction: Restricted - Possibly. FOIA 2009-0704-F.",https://s3.dualstack.us-east-1.amazonaws.com/NARAprodstorage/lz/presidential-libraries/bush/gb-nsc/Latin_Amer_Aff_Dir_Files/Subject_376217847/41-bpr-nsc-lat_amer_dir-subj-cf00193-018.pdf,https://catalog.archives.gov/id/470766533
4282,High-priority print candidate,Monitor,Venezuela,18,31,109,"February 1, 1989",Memorandum,Presidential Letters for Vice President Quayle,Latin American Directorate Chronological Files,"January 20, 1989-February 1, 1989 [1]",High,72,Restricted - Possibly,29,"memorandum form; Presidential or NSC principals; presidential diplomacy; document text visible in OCR","Verify page image, source folder, and date; compare against the country chronology before print selection.","Source: George H.W. Bush Library, Bush Presidential Records, National Security Council, Latin American Affairs Directorate Files, Chronological Files, OA/ID CF00300, CF00300-003, January 20, 1989-February 1, 1989 [1]. Access restriction: Restricted - Possibly. FOIA 2015-0017-S.",https://s3.dualstack.us-east-1.amazonaws.com/NARAprodstorage/lz/presidential-libraries/bush/gb-nsc/Latin_Amer_Aff_Dir_Files/Chronological_2197972/41-bpr-nsc-lat_amer_dir-chron-cf00300-003.pdf,https://catalog.archives.gov/id/470766404
4282,High-priority print candidate,Monitor,Venezuela,18,31,109,"January 25, 1989",Memorandum of Conversation,Memorandum of Conversation Between the President,Latin American Directorate Chronological Files,"January 20, 1989-February 1, 1989 [1]",High,72,Restricted - Possibly,44,"memorandum form; Presidential or NSC principals; presidential diplomacy; document text visible in OCR","Verify page image, source folder, and date; compare against the country chronology before print selection.","Source: George H.W. Bush Library, Bush Presidential Records, National Security Council, Latin American Affairs Directorate Files, Chronological Files, OA/ID CF00300, CF00300-003, January 20, 1989-February 1, 1989 [1]. Access restriction: Restricted - Possibly. FOIA 2015-0017-S.",https://s3.dualstack.us-east-1.amazonaws.com/NARAprodstorage/lz/presidential-libraries/bush/gb-nsc/Latin_Amer_Aff_Dir_Files/Chronological_2197972/41-bpr-nsc-lat_amer_dir-chron-cf00300-003.pdf,https://catalog.archives.gov/id/470766404
4282,High-priority print candidate,Monitor,Venezuela,18,31,109,"January 25, 1989",Memorandum of Conversation,Memorandum of Conversation Between the President,Latin American Affairs Directorate Subject Files,"Venezuela - January 20, 1989-December 31, 1989 [2]",High,72,Restricted - Possibly,136,"memorandum form; Presidential or NSC principals; presidential diplomacy; document text visible in OCR","Verify page image, source folder, and date; compare against the country chronology before print selection.","Source: George H.W. Bush Library, Bush Presidential Records, National Security Council, Latin American Affairs Directorate Files, Subject File 1989, OA/ID CF00193, CF00193-019, Venezuela - January 20, 1989-December 31, 1989 [2]. Access restriction: Restricted - Possibly. FOIA 2009-0704-F.",https://s3.dualstack.us-east-1.amazonaws.com/NARAprodstorage/lz/presidential-libraries/bush/gb-nsc/Latin_Amer_Aff_Dir_Files/Subject_376217847/41-bpr-nsc-lat_amer_dir-subj-cf00193-019.pdf,https://catalog.archives.gov/id/470766534
4282,High-priority print candidate,Monitor,Venezuela,18,31,109,"January 28, 1989",Memorandum,Letters from the President to Jaime Lusinchi and,Latin American Directorate Chronological Files,"January 20, 1989-February 1, 1989 [1]",High,72,Restricted - Possibly,33,"memorandum form; Presidential or NSC principals; presidential diplomacy, regional policy; document text visible in OCR","Verify page image, source folder, and date; compare against the country chronology before print selection.","Source: George H.W. Bush Library, Bush Presidential Records, National Security Council, Latin American Affairs Directorate Files, Chronological Files, OA/ID CF00300, CF00300-003, January 20, 1989-February 1, 1989 [1]. Access restriction: Restricted - Possibly. FOIA 2015-0017-S.",https://s3.dualstack.us-east-1.amazonaws.com/NARAprodstorage/lz/presidential-libraries/bush/gb-nsc/Latin_Amer_Aff_Dir_Files/Chronological_2197972/41-bpr-nsc-lat_amer_dir-chron-cf00300-003.pdf,https://catalog.archives.gov/id/470766404
4282,High-priority print candidate,Monitor,Venezuela,18,31,109,"January 28, 1989",Memorandum,Letters from the President to Jaime Lusinchi and,Latin American Affairs Directorate Subject Files,"Venezuela - January 20, 1989-December 31, 1989 [2]",High,72,Restricted - Possibly,132,"memorandum form; Presidential or NSC principals; presidential diplomacy, regional policy; document text visible in OCR","Verify page image, source folder, and date; compare against the country chronology before print selection.","Source: George H.W. Bush Library, Bush Presidential Records, National Security Council, Latin American Affairs Directorate Files, Subject File 1989, OA/ID CF00193, CF00193-019, Venezuela - January 20, 1989-December 31, 1989 [2]. Access restriction: Restricted - Possibly. FOIA 2009-0704-F.",https://s3.dualstack.us-east-1.amazonaws.com/NARAprodstorage/lz/presidential-libraries/bush/gb-nsc/Latin_Amer_Aff_Dir_Files/Subject_376217847/41-bpr-nsc-lat_amer_dir-subj-cf00193-019.pdf,https://catalog.archives.gov/id/470766534
4282,High-priority print candidate,Monitor,Venezuela,18,31,109,"January 30, 1989",Memorandum,BRENT SCOWCROFT (@),Latin American Affairs Directorate Subject Files,"Venezuela - January 20, 1989-December 31, 1989 [2]",High,72,Restricted - Possibly,130,"memorandum form; Presidential or NSC principals; presidential diplomacy; document text visible in OCR","Verify page image, source folder, and date; compare against the country chronology before print selection.","Source: George H.W. Bush Library, Bush Presidential Records, National Security Council, Latin American Affairs Directorate Files, Subject File 1989, OA/ID CF00193, CF00193-019, Venezuela - January 20, 1989-December 31, 1989 [2]. Access restriction: Restricted - Possibly. FOIA 2009-0704-F.",https://s3.dualstack.us-east-1.amazonaws.com/NARAprodstorage/lz/presidential-libraries/bush/gb-nsc/Latin_Amer_Aff_Dir_Files/Subject_376217847/41-bpr-nsc-lat_amer_dir-subj-cf00193-019.pdf,https://catalog.archives.gov/id/470766534
4282,High-priority print candidate,Monitor,Venezuela,18,31,109,"January 31, 1989",Memorandum,Request for Travel Orders,Latin American Directorate Chronological Files,"January 20, 1989-February 1, 1989 [1]",High,72,Restricted - Possibly,20,"memorandum form; Presidential or NSC principals; presidential diplomacy; document text visible in OCR","Verify page image, source folder, and date; compare against the country chronology before print selection.","Source: George H.W. Bush Library, Bush Presidential Records, National Security Council, Latin American Affairs Directorate Files, Chronological Files, OA/ID CF00300, CF00300-003, January 20, 1989-February 1, 1989 [1]. Access restriction: Restricted - Possibly. FOIA 2015-0017-S.",https://s3.dualstack.us-east-1.amazonaws.com/NARAprodstorage/lz/presidential-libraries/bush/gb-nsc/Latin_Amer_Aff_Dir_Files/Chronological_2197972/41-bpr-nsc-lat_amer_dir-chron-cf00300-003.pdf,https://catalog.archives.gov/id/470766404
4282,High-priority print candidate,Monitor,Venezuela,18,31,109,"June 22, 1989",Memorandum,Proposed Telephone Call by the President to,Latin American Directorate Chronological Files,"June 1, 1989-June 30, 1989 [2]",High,78,Restricted - Possibly,63,"memorandum form; Presidential or NSC principals; debt and economy, presidential diplomacy, panama spillover; document text visible in OCR","Verify page image, source folder, and date; compare against the country chronology before print selection.","Source: George H.W. Bush Library, Bush Presidential Records, National Security Council, Latin American Affairs Directorate Files, Chronological Files, OA/ID CF00301, CF00301-017, June 1, 1989-June 30, 1989 [2]. Access restriction: Restricted - Possibly. FOIA 2015-0017-S.",https://s3.dualstack.us-east-1.amazonaws.com/NARAprodstorage/lz/presidential-libraries/bush/gb-nsc/Latin_Amer_Aff_Dir_Files/Chronological_2197972/41-bpr-nsc-lat_amer_dir-chron-cf00301-017.pdf,https://catalog.archives.gov/id/470766434
4282,High-priority print candidate,Monitor,Venezuela,18,31,109,"June 22, 1989",Memorandum,Proposed Telephone Call by the President to,Latin American Affairs Directorate Subject Files,"Venezuela - January 20, 1989-December 31, 1989 [1]",High,78,Restricted - Possibly,134,"memorandum form; Presidential or NSC principals; debt and economy, presidential diplomacy, panama spillover; document text visible in OCR","Verify page image, source folder, and date; compare against the country chronology before print selection.","Source: George H.W. Bush Library, Bush Presidential Records, National Security Council, Latin American Affairs Directorate Files, Subject File 1989, OA/ID CF00193, CF00193-018, Venezuela - January 20, 1989-December 31, 1989 [1]. Access restriction: Restricted - Possibly. FOIA 2009-0704-F.",https://s3.dualstack.us-east-1.amazonaws.com/NARAprodstorage/lz/presidential-libraries/bush/gb-nsc/Latin_Amer_Aff_Dir_Files/Subject_376217847/41-bpr-nsc-lat_amer_dir-subj-cf00193-018.pdf,https://catalog.archives.gov/id/470766533
4282,High-priority print candidate,Monitor,Venezuela,18,31,109,"June 23, 1989",Memorandum of Telephone Conversation,The President’s Telephone Conversation with,Latin American Affairs Directorate Subject Files,"Venezuela - January 20, 1989-December 31, 1989 [1]",High,72,Restricted - Possibly,126,"memorandum form; Presidential or NSC principals; presidential diplomacy; document text visible in OCR","Verify page image, source folder, and date; compare against the country chronology before print selection.","Source: George H.W. Bush Library, Bush Presidential Records, National Security Council, Latin American Affairs Directorate Files, Subject File 1989, OA/ID CF00193, CF00193-018, Venezuela - January 20, 1989-December 31, 1989 [1]. Access restriction: Restricted - Possibly. FOIA 2009-0704-F.",https://s3.dualstack.us-east-1.amazonaws.com/NARAprodstorage/lz/presidential-libraries/bush/gb-nsc/Latin_Amer_Aff_Dir_Files/Subject_376217847/41-bpr-nsc-lat_amer_dir-subj-cf00193-018.pdf,https://catalog.archives.gov/id/470766533
4282,High-priority print candidate,Monitor,Venezuela,18,31,109,"March 15, 1989",Memorandum,Carlos Andres Perez Request for Two-Hour Meeting,Latin American Directorate Chronological Files,"March 1, 1989-March 16, 1989 [1]",High,90,Restricted - Possibly,43,"memorandum form; Presidential or NSC principals; debt and economy, presidential diplomacy, panama spillover; document text visible in OCR","Verify page image, source folder, and date; compare against the country chronology before print selection.","Source: George H.W. Bush Library, Bush Presidential Records, National Security Council, Latin American Affairs Directorate Files, Chronological Files, OA/ID CF00300, CF00300-010, March 1, 1989-March 16, 1989 [1]. Access restriction: Restricted - Possibly. FOIA 2015-0017-S.",https://s3.dualstack.us-east-1.amazonaws.com/NARAprodstorage/lz/presidential-libraries/bush/gb-nsc/Latin_Amer_Aff_Dir_Files/Chronological_2197972/41-bpr-nsc-lat_amer_dir-chron-cf00300-010.pdf,https://catalog.archives.gov/id/470766411
4282,High-priority print candidate,Monitor,Venezuela,18,31,109,"March 15, 1989",Memorandum,Carlos Andres Perez Request for Two-Hour Meeting,Latin American Affairs Directorate Subject Files,"Venezuela - January 20, 1989-December 31, 1989 [2]",High,90,Restricted - Possibly,87,"memorandum form; Presidential or NSC principals; debt and economy, presidential diplomacy, panama spillover; document text visible in OCR","Verify page image, source folder, and date; compare against the country chronology before print selection.","Source: George H.W. Bush Library, Bush Presidential Records, National Security Council, Latin American Affairs Directorate Files, Subject File 1989, OA/ID CF00193, CF00193-019, Venezuela - January 20, 1989-December 31, 1989 [2]. Access restriction: Restricted - Possibly. FOIA 2009-0704-F.",https://s3.dualstack.us-east-1.amazonaws.com/NARAprodstorage/lz/presidential-libraries/bush/gb-nsc/Latin_Amer_Aff_Dir_Files/Subject_376217847/41-bpr-nsc-lat_amer_dir-subj-cf00193-019.pdf,https://catalog.archives.gov/id/470766534
4282,High-priority print candidate,Monitor,Venezuela,18,31,109,"March 2, 1989",Memorandum of Conversation,Meeting with President Vinicio Cerezo of Guatemala,Latin American Affairs Directorate Subject Files,"Venezuela - January 20, 1989-December 31, 1989 [2]",High,72,Restricted - Possibly,109,"memorandum form; Presidential or NSC principals; presidential diplomacy; document text visible in OCR","Verify page image, source folder, and date; compare against the country chronology before print selection.","Source: George H.W. Bush Library, Bush Presidential Records, National Security Council, Latin American Affairs Directorate Files, Subject File 1989, OA/ID CF00193, CF00193-019, Venezuela - January 20, 1989-December 31, 1989 [2]. Access restriction: Restricted - Possibly. FOIA 2009-0704-F.",https://s3.dualstack.us-east-1.amazonaws.com/NARAprodstorage/lz/presidential-libraries/bush/gb-nsc/Latin_Amer_Aff_Dir_Files/Subject_376217847/41-bpr-nsc-lat_amer_dir-subj-cf00193-019.pdf,https://catalog.archives.gov/id/470766534
4282,High-priority print candidate,Monitor,Venezuela,18,31,109,"March 2, 1989",Memorandum,Presidential Telephone Call to Venezuelan,Latin American Directorate Chronological Files,"March 1, 1989-March 16, 1989 [4]",High,90,Restricted - Possibly,54,"memorandum form; Presidential or NSC principals; debt and economy, presidential diplomacy; document text visible in OCR","Verify page image, source folder, and date; compare against the country chronology before print selection.","Source: George H.W. Bush Library, Bush Presidential Records, National Security Council, Latin American Affairs Directorate Files, Chronological Files, OA/ID CF00300, CF00300-013, March 1, 1989-March 16, 1989 [4]. Access restriction: Restricted - Possibly. FOIA 2015-0017-S.",https://s3.dualstack.us-east-1.amazonaws.com/NARAprodstorage/lz/presidential-libraries/bush/gb-nsc/Latin_Amer_Aff_Dir_Files/Chronological_2197972/41-bpr-nsc-lat_amer_dir-chron-cf00300-013.pdf,https://catalog.archives.gov/id/470766414
4282,High-priority print candidate,Monitor,Venezuela,18,31,109,"March 2, 1989",Memorandum,Presidential Telephone Call to Venezuelan,Latin American Affairs Directorate Subject Files,"Venezuela - January 20, 1989-December 31, 1989 [2]",High,90,Restricted - Possibly,121,"memorandum form; Presidential or NSC principals; debt and economy, presidential diplomacy; document text visible in OCR","Verify page image, source folder, and date; compare against the country chronology before print selection.","Source: George H.W. Bush Library, Bush Presidential Records, National Security Council, Latin American Affairs Directorate Files, Subject File 1989, OA/ID CF00193, CF00193-019, Venezuela - January 20, 1989-December 31, 1989 [2]. Access restriction: Restricted - Possibly. FOIA 2009-0704-F.",https://s3.dualstack.us-east-1.amazonaws.com/NARAprodstorage/lz/presidential-libraries/bush/gb-nsc/Latin_Amer_Aff_Dir_Files/Subject_376217847/41-bpr-nsc-lat_amer_dir-subj-cf00193-019.pdf,https://catalog.archives.gov/id/470766534
4282,High-priority print candidate,Monitor,Venezuela,18,31,109,"March 21, 1989",Memorandum,Another Perez Request for Meeting with President,Latin American Directorate Chronological Files,"March 17, 1989-March 31, 1989 [3]",High,72,Restricted - Possibly,29,"memorandum form; Presidential or NSC principals; presidential diplomacy; document text visible in OCR","Verify page image, source folder, and date; compare against the country chronology before print selection.","Source: George H.W. Bush Library, Bush Presidential Records, National Security Council, Latin American Affairs Directorate Files, Chronological Files, OA/ID CF00300, CF00300-016, March 17, 1989-March 31, 1989 [3]. Access restriction: Restricted - Possibly. FOIA 2015-0017-S.",https://s3.dualstack.us-east-1.amazonaws.com/NARAprodstorage/lz/presidential-libraries/bush/gb-nsc/Latin_Amer_Aff_Dir_Files/Chronological_2197972/41-bpr-nsc-lat_amer_dir-chron-cf00300-016.pdf,https://catalog.archives.gov/id/470766417
4282,High-priority print candidate,Monitor,Venezuela,18,31,109,"March 21, 1989",Memorandum,Another Perez Request for Meeting with President,Latin American Affairs Directorate Subject Files,"Venezuela - January 20, 1989-December 31, 1989 [2]",High,72,Restricted - Possibly,71,"memorandum form; Presidential or NSC principals; presidential diplomacy; document text visible in OCR","Verify page image, source folder, and date; compare against the country chronology before print selection.","Source: George H.W. Bush Library, Bush Presidential Records, National Security Council, Latin American Affairs Directorate Files, Subject File 1989, OA/ID CF00193, CF00193-019, Venezuela - January 20, 1989-December 31, 1989 [2]. Access restriction: Restricted - Possibly. FOIA 2009-0704-F.",https://s3.dualstack.us-east-1.amazonaws.com/NARAprodstorage/lz/presidential-libraries/bush/gb-nsc/Latin_Amer_Aff_Dir_Files/Subject_376217847/41-bpr-nsc-lat_amer_dir-subj-cf00193-019.pdf,https://catalog.archives.gov/id/470766534
4282,High-priority print candidate,Monitor,Venezuela,18,31,109,"March 21, 1989",Memorandum,Appointmen f Simon Alberto Consalvi Bottaro of,Latin American Directorate Chronological Files,"March 17, 1989-March 31, 1989 [3]",High,72,Restricted - Possibly,57,"memorandum form; Presidential or NSC principals; presidential diplomacy; document text visible in OCR","Verify page image, source folder, and date; compare against the country chronology before print selection.","Source: George H.W. Bush Library, Bush Presidential Records, National Security Council, Latin American Affairs Directorate Files, Chronological Files, OA/ID CF00300, CF00300-016, March 17, 1989-March 31, 1989 [3]. Access restriction: Restricted - Possibly. FOIA 2015-0017-S.",https://s3.dualstack.us-east-1.amazonaws.com/NARAprodstorage/lz/presidential-libraries/bush/gb-nsc/Latin_Amer_Aff_Dir_Files/Chronological_2197972/41-bpr-nsc-lat_amer_dir-chron-cf00300-016.pdf,https://catalog.archives.gov/id/470766417
4282,High-priority print candidate,Monitor,Venezuela,18,31,109,"March 21, 1989",Memorandum,Appointment of Simon Alberto Consalvi Bottaro of,Latin American Affairs Directorate Subject Files,"Venezuela - January 20, 1989-December 31, 1989 [2]",High,72,Restricted - Possibly,80,"memorandum form; Presidential or NSC principals; presidential diplomacy; document text visible in OCR","Verify page image, source folder, and date; compare against the country chronology before print selection.","Source: George H.W. Bush Library, Bush Presidential Records, National Security Council, Latin American Affairs Directorate Files, Subject File 1989, OA/ID CF00193, CF00193-019, Venezuela - January 20, 1989-December 31, 1989 [2]. Access restriction: Restricted - Possibly. FOIA 2009-0704-F.",https://s3.dualstack.us-east-1.amazonaws.com/NARAprodstorage/lz/presidential-libraries/bush/gb-nsc/Latin_Amer_Aff_Dir_Files/Subject_376217847/41-bpr-nsc-lat_amer_dir-subj-cf00193-019.pdf,https://catalog.archives.gov/id/470766534
4282,High-priority print candidate,Monitor,Venezuela,18,31,109,"March 21, 1989",Memorandum,Appointmentjof Simon Alberto Consalvi Bottaro of,Latin American Affairs Directorate Subject Files,"Venezuela - January 20, 1989-December 31, 1989 [2]",High,72,Restricted - Possibly,81,"memorandum form; Presidential or NSC principals; presidential diplomacy; document text visible in OCR","Verify page image, source folder, and date; compare against the country chronology before print selection.","Source: George H.W. Bush Library, Bush Presidential Records, National Security Council, Latin American Affairs Directorate Files, Subject File 1989, OA/ID CF00193, CF00193-019, Venezuela - January 20, 1989-December 31, 1989 [2]. Access restriction: Restricted - Possibly. FOIA 2009-0704-F.",https://s3.dualstack.us-east-1.amazonaws.com/NARAprodstorage/lz/presidential-libraries/bush/gb-nsc/Latin_Amer_Aff_Dir_Files/Subject_376217847/41-bpr-nsc-lat_amer_dir-subj-cf00193-019.pdf,https://catalog.archives.gov/id/470766534
4282,High-priority print candidate,Monitor,Venezuela,18,31,109,"March 28, 1989",Memorandum,Proposed Response to Venezuelan President,Latin American Affairs Directorate Subject Files,"Venezuela - January 20, 1989-December 31, 1989 [2]",High,90,Restricted - Possibly,62,"memorandum form; Presidential or NSC principals; debt and economy, presidential diplomacy; document text visible in OCR","Verify page image, source folder, and date; compare against the country chronology before print selection.","Source: George H.W. Bush Library, Bush Presidential Records, National Security Council, Latin American Affairs Directorate Files, Subject File 1989, OA/ID CF00193, CF00193-019, Venezuela - January 20, 1989-December 31, 1989 [2]. Access restriction: Restricted - Possibly. FOIA 2009-0704-F.",https://s3.dualstack.us-east-1.amazonaws.com/NARAprodstorage/lz/presidential-libraries/bush/gb-nsc/Latin_Amer_Aff_Dir_Files/Subject_376217847/41-bpr-nsc-lat_amer_dir-subj-cf00193-019.pdf,https://catalog.archives.gov/id/470766534
4282,High-priority print candidate,Monitor,Venezuela,18,31,109,"March 3, 1989",Memorandum,Additiondl Talking Points for Presidential Call,Latin American Directorate Chronological Files,"March 1, 1989-March 16, 1989 [4]",High,78,Restricted - Possibly,41,"memorandum form; Presidential or NSC principals; democracy, presidential diplomacy, ussr/cuba; document text visible in OCR","Verify page image, source folder, and date; compare against the country chronology before print selection.","Source: George H.W. Bush Library, Bush Presidential Records, National Security Council, Latin American Affairs Directorate Files, Chronological Files, OA/ID CF00300, CF00300-013, March 1, 1989-March 16, 1989 [4]. Access restriction: Restricted - Possibly. FOIA 2015-0017-S.",https://s3.dualstack.us-east-1.amazonaws.com/NARAprodstorage/lz/presidential-libraries/bush/gb-nsc/Latin_Amer_Aff_Dir_Files/Chronological_2197972/41-bpr-nsc-lat_amer_dir-chron-cf00300-013.pdf,https://catalog.archives.gov/id/470766414
4282,High-priority print candidate,Monitor,Venezuela,18,31,109,"March 3, 1989",Memorandum,Additiondl Talking Points for Presidential Call,Latin American Affairs Directorate Subject Files,"Venezuela - January 20, 1989-December 31, 1989 [2]",High,78,Restricted - Possibly,118,"memorandum form; Presidential or NSC principals; democracy, presidential diplomacy, ussr/cuba; document text visible in OCR","Verify page image, source folder, and date; compare against the country chronology before print selection.","Source: George H.W. Bush Library, Bush Presidential Records, National Security Council, Latin American Affairs Directorate Files, Subject File 1989, OA/ID CF00193, CF00193-019, Venezuela - January 20, 1989-December 31, 1989 [2]. Access restriction: Restricted - Possibly. FOIA 2009-0704-F.",https://s3.dualstack.us-east-1.amazonaws.com/NARAprodstorage/lz/presidential-libraries/bush/gb-nsc/Latin_Amer_Aff_Dir_Files/Subject_376217847/41-bpr-nsc-lat_amer_dir-subj-cf00193-019.pdf,https://catalog.archives.gov/id/470766534
4282,High-priority print candidate,Monitor,Venezuela,18,31,109,"March 3, 1989",Memorandum of Conversation,Instructions from the President to Convey to,Latin American Directorate Chronological Files,"March 1, 1989-March 16, 1989 [4]",High,72,Restricted - Possibly,45,"memorandum form; Presidential or NSC principals; presidential diplomacy; document text visible in OCR","Verify page image, source folder, and date; compare against the country chronology before print selection.","Source: George H.W. Bush Library, Bush Presidential Records, National Security Council, Latin American Affairs Directorate Files, Chronological Files, OA/ID CF00300, CF00300-013, March 1, 1989-March 16, 1989 [4]. Access restriction: Restricted - Possibly. FOIA 2015-0017-S.",https://s3.dualstack.us-east-1.amazonaws.com/NARAprodstorage/lz/presidential-libraries/bush/gb-nsc/Latin_Amer_Aff_Dir_Files/Chronological_2197972/41-bpr-nsc-lat_amer_dir-chron-cf00300-013.pdf,https://catalog.archives.gov/id/470766414
4282,High-priority print candidate,Monitor,Venezuela,18,31,109,"March 3, 1989",Memorandum of Conversation,Instructions from the President to Convey to,Latin American Affairs Directorate Subject Files,"Venezuela - January 20, 1989-December 31, 1989 [2]",High,72,Restricted - Possibly,108,"memorandum form; Presidential or NSC principals; presidential diplomacy; document text visible in OCR","Verify page image, source folder, and date; compare against the country chronology before print selection.","Source: George H.W. Bush Library, Bush Presidential Records, National Security Council, Latin American Affairs Directorate Files, Subject File 1989, OA/ID CF00193, CF00193-019, Venezuela - January 20, 1989-December 31, 1989 [2]. Access restriction: Restricted - Possibly. FOIA 2009-0704-F.",https://s3.dualstack.us-east-1.amazonaws.com/NARAprodstorage/lz/presidential-libraries/bush/gb-nsc/Latin_Amer_Aff_Dir_Files/Subject_376217847/41-bpr-nsc-lat_amer_dir-subj-cf00193-019.pdf,https://catalog.archives.gov/id/470766534
4282,High-priority print candidate,Monitor,Venezuela,18,31,109,"March 3, 1989",Memorandum of Conversation,Memorandum of Conversation between the President,Latin American Affairs Directorate Subject Files,"Venezuela - January 20, 1989-December 31, 1989 [2]",High,72,Restricted - Possibly,114,"memorandum form; Presidential or NSC principals; presidential diplomacy; document text visible in OCR","Verify page image, source folder, and date; compare against the country chronology before print selection.","Source: George H.W. Bush Library, Bush Presidential Records, National Security Council, Latin American Affairs Directorate Files, Subject File 1989, OA/ID CF00193, CF00193-019, Venezuela - January 20, 1989-December 31, 1989 [2]. Access restriction: Restricted - Possibly. FOIA 2009-0704-F.",https://s3.dualstack.us-east-1.amazonaws.com/NARAprodstorage/lz/presidential-libraries/bush/gb-nsc/Latin_Amer_Aff_Dir_Files/Subject_376217847/41-bpr-nsc-lat_amer_dir-subj-cf00193-019.pdf,https://catalog.archives.gov/id/470766534
4282,High-priority print candidate,Monitor,Venezuela,18,31,109,"March 3, 1989",Memorandum of Conversation,Transmittal of Memorandum of Conversation to,Latin American Directorate Chronological Files,"March 1, 1989-March 16, 1989 [4]",High,72,Restricted - Possibly,33,"memorandum form; debt and economy, presidential diplomacy; document text visible in OCR","Verify page image, source folder, and date; compare against the country chronology before print selection.","Source: George H.W. Bush Library, Bush Presidential Records, National Security Council, Latin American Affairs Directorate Files, Chronological Files, OA/ID CF00300, CF00300-013, March 1, 1989-March 16, 1989 [4]. Access restriction: Restricted - Possibly. FOIA 2015-0017-S.",https://s3.dualstack.us-east-1.amazonaws.com/NARAprodstorage/lz/presidential-libraries/bush/gb-nsc/Latin_Amer_Aff_Dir_Files/Chronological_2197972/41-bpr-nsc-lat_amer_dir-chron-cf00300-013.pdf,https://catalog.archives.gov/id/470766414
4282,High-priority print candidate,Monitor,Venezuela,18,31,109,"March 3, 1989",Memorandum of Conversation,Transmittal to the State Department of the,Latin American Directorate Chronological Files,"March 1, 1989-March 16, 1989 [4]",High,72,Restricted - Possibly,44,"memorandum form; Presidential or NSC principals; presidential diplomacy; document text visible in OCR","Verify page image, source folder, and date; compare against the country chronology before print selection.","Source: George H.W. Bush Library, Bush Presidential Records, National Security Council, Latin American Affairs Directorate Files, Chronological Files, OA/ID CF00300, CF00300-013, March 1, 1989-March 16, 1989 [4]. Access restriction: Restricted - Possibly. FOIA 2015-0017-S.",https://s3.dualstack.us-east-1.amazonaws.com/NARAprodstorage/lz/presidential-libraries/bush/gb-nsc/Latin_Amer_Aff_Dir_Files/Chronological_2197972/41-bpr-nsc-lat_amer_dir-chron-cf00300-013.pdf,https://catalog.archives.gov/id/470766414
4282,High-priority print candidate,Monitor,Venezuela,18,31,109,"March 3, 1989",Memorandum of Conversation,Transmittal to the State Department of the,Latin American Affairs Directorate Subject Files,"Venezuela - January 20, 1989-December 31, 1989 [2]",High,72,Restricted - Possibly,113,"memorandum form; Presidential or NSC principals; presidential diplomacy; document text visible in OCR","Verify page image, source folder, and date; compare against the country chronology before print selection.","Source: George H.W. Bush Library, Bush Presidential Records, National Security Council, Latin American Affairs Directorate Files, Subject File 1989, OA/ID CF00193, CF00193-019, Venezuela - January 20, 1989-December 31, 1989 [2]. Access restriction: Restricted - Possibly. FOIA 2009-0704-F.",https://s3.dualstack.us-east-1.amazonaws.com/NARAprodstorage/lz/presidential-libraries/bush/gb-nsc/Latin_Amer_Aff_Dir_Files/Subject_376217847/41-bpr-nsc-lat_amer_dir-subj-cf00193-019.pdf,https://catalog.archives.gov/id/470766534
4282,High-priority print candidate,Monitor,Venezuela,18,31,109,"March 30, 1989",Memorandum,Guest List for Presidential Breakfast with,Latin American Directorate Chronological Files,"March 17, 1989-March 31, 1989 [1]",High,72,Restricted - Possibly,19,"memorandum form; Presidential or NSC principals; presidential diplomacy; document text visible in OCR","Verify page image, source folder, and date; compare against the country chronology before print selection.","Source: George H.W. Bush Library, Bush Presidential Records, National Security Council, Latin American Affairs Directorate Files, Chronological Files, OA/ID CF00300, CF00300-014, March 17, 1989-March 31, 1989 [1]. Access restriction: Restricted - Possibly. FOIA 2015-0017-S.",https://s3.dualstack.us-east-1.amazonaws.com/NARAprodstorage/lz/presidential-libraries/bush/gb-nsc/Latin_Amer_Aff_Dir_Files/Chronological_2197972/41-bpr-nsc-lat_amer_dir-chron-cf00300-014.pdf,https://catalog.archives.gov/id/470766415
4282,High-priority print candidate,Monitor,Venezuela,18,31,109,"May 10, 1989",Memorandum of Conversation,Telephone Call with Carlos Andres Perez of,Latin American Directorate Chronological Files,"May 1, 1989-May 15, 1989 [1]",High,78,Restricted - Possibly,58,"memorandum form; Presidential or NSC principals; presidential diplomacy, panama spillover; document text visible in OCR","Verify page image, source folder, and date; compare against the country chronology before print selection.","Source: George H.W. Bush Library, Bush Presidential Records, National Security Council, Latin American Affairs Directorate Files, Chronological Files, OA/ID CF00301, CF00301-010, May 1, 1989-May 15, 1989 [1]. Access restriction: Restricted - Possibly. FOIA 2015-0017-S.",https://s3.dualstack.us-east-1.amazonaws.com/NARAprodstorage/lz/presidential-libraries/bush/gb-nsc/Latin_Amer_Aff_Dir_Files/Chronological_2197972/41-bpr-nsc-lat_amer_dir-chron-cf00301-010.pdf,https://catalog.archives.gov/id/470766427
4282,High-priority print candidate,Monitor,Venezuela,18,31,109,"May 18, 1989",Memorandum,Telephone call to Venezuelan President Carlos,Latin American Directorate Chronological Files,"May 16, 1989-May 30, 1989 [2]",High,90,Restricted - Possibly,49,"memorandum form; Presidential or NSC principals; presidential diplomacy, regional policy, panama spillover; document text visible in OCR","Verify page image, source folder, and date; compare against the country chronology before print selection.","Source: George H.W. Bush Library, Bush Presidential Records, National Security Council, Latin American Affairs Directorate Files, Chronological Files, OA/ID CF00301, CF00301-014, May 16, 1989-May 30, 1989 [2]. Access restriction: Restricted - Possibly. FOIA 2015-0017-S.",https://s3.dualstack.us-east-1.amazonaws.com/NARAprodstorage/lz/presidential-libraries/bush/gb-nsc/Latin_Amer_Aff_Dir_Files/Chronological_2197972/41-bpr-nsc-lat_amer_dir-chron-cf00301-014.pdf,https://catalog.archives.gov/id/470766431
4282,High-priority print candidate,Monitor,Venezuela,18,31,109,"May 18, 1989",Memorandum,Telephone call to Venezuelan President Carlos,Latin American Affairs Directorate Subject Files,"Venezuela - January 20, 1989-December 31, 1989 [2]",High,90,Restricted - Possibly,15,"memorandum form; Presidential or NSC principals; presidential diplomacy, regional policy, panama spillover; document text visible in OCR","Verify page image, source folder, and date; compare against the country chronology before print selection.","Source: George H.W. Bush Library, Bush Presidential Records, National Security Council, Latin American Affairs Directorate Files, Subject File 1989, OA/ID CF00193, CF00193-019, Venezuela - January 20, 1989-December 31, 1989 [2]. Access restriction: Restricted - Possibly. FOIA 2009-0704-F.",https://s3.dualstack.us-east-1.amazonaws.com/NARAprodstorage/lz/presidential-libraries/bush/gb-nsc/Latin_Amer_Aff_Dir_Files/Subject_376217847/41-bpr-nsc-lat_amer_dir-subj-cf00193-019.pdf,https://catalog.archives.gov/id/470766534
4282,High-priority print candidate,Monitor,Venezuela,18,31,109,"May 23, 1989",Memorandum,Recommended Presidential Telephone Call to,Latin American Directorate Chronological Files,"May 16, 1989-May 30, 1989 [2]",High,72,Restricted - Possibly,45,"memorandum form; Presidential or NSC principals; presidential diplomacy, regional policy, panama spillover; document text visible in OCR","Verify page image, source folder, and date; compare against the country chronology before print selection.","Source: George H.W. Bush Library, Bush Presidential Records, National Security Council, Latin American Affairs Directorate Files, Chronological Files, OA/ID CF00301, CF00301-014, May 16, 1989-May 30, 1989 [2]. Access restriction: Restricted - Possibly. FOIA 2015-0017-S.",https://s3.dualstack.us-east-1.amazonaws.com/NARAprodstorage/lz/presidential-libraries/bush/gb-nsc/Latin_Amer_Aff_Dir_Files/Chronological_2197972/41-bpr-nsc-lat_amer_dir-chron-cf00301-014.pdf,https://catalog.archives.gov/id/470766431
4282,High-priority print candidate,Monitor,Venezuela,18,31,109,"May 23, 1989",Memorandum,Recommended Presidential Telephone Call to,Latin American Affairs Directorate Subject Files,"Venezuela - January 20, 1989-December 31, 1989 [2]",High,72,Restricted - Possibly,12,"memorandum form; Presidential or NSC principals; presidential diplomacy, regional policy, panama spillover; document text visible in OCR","Verify page image, source folder, and date; compare against the country chronology before print selection.","Source: George H.W. Bush Library, Bush Presidential Records, National Security Council, Latin American Affairs Directorate Files, Subject File 1989, OA/ID CF00193, CF00193-019, Venezuela - January 20, 1989-December 31, 1989 [2]. Access restriction: Restricted - Possibly. FOIA 2009-0704-F.",https://s3.dualstack.us-east-1.amazonaws.com/NARAprodstorage/lz/presidential-libraries/bush/gb-nsc/Latin_Amer_Aff_Dir_Files/Subject_376217847/41-bpr-nsc-lat_amer_dir-subj-cf00193-019.pdf,https://catalog.archives.gov/id/470766534
4282,High-priority print candidate,Monitor,Venezuela,18,31,109,"May 26, 1989",Memorandum,Recommended Presidential Telephone Call to,Latin American Affairs Directorate Subject Files,"Venezuela - January 20, 1989-December 31, 1989 [2]",High,90,Restricted - Possibly,9,"memorandum form; Presidential or NSC principals; presidential diplomacy, regional policy, panama spillover; document text visible in OCR","Verify page image, source folder, and date; compare against the country chronology before print selection.","Source: George H.W. Bush Library, Bush Presidential Records, National Security Council, Latin American Affairs Directorate Files, Subject File 1989, OA/ID CF00193, CF00193-019, Venezuela - January 20, 1989-December 31, 1989 [2]. Access restriction: Restricted - Possibly. FOIA 2009-0704-F.",https://s3.dualstack.us-east-1.amazonaws.com/NARAprodstorage/lz/presidential-libraries/bush/gb-nsc/Latin_Amer_Aff_Dir_Files/Subject_376217847/41-bpr-nsc-lat_amer_dir-subj-cf00193-019.pdf,https://catalog.archives.gov/id/470766534
4282,High-priority print candidate,Monitor,Venezuela,18,31,109,"November 1, 1989",Memorandum of Telephone Conversation,Memorandum of Telephone Conversation with,Latin American Directorate Chronological Files,"November 1, 1989-November 15, 1989 [2]",High,72,Restricted - Possibly,91,"memorandum form; Presidential or NSC principals; presidential diplomacy; document text visible in OCR","Verify page image, source folder, and date; compare against the country chronology before print selection.","Source: George H.W. Bush Library, Bush Presidential Records, National Security Council, Latin American Affairs Directorate Files, Chronological Files, OA/ID CF00303, CF00303-010, November 1, 1989-November 15, 1989 [2]. Access restriction: Restricted - Possibly. FOIA 2015-0017-S.",https://s3.dualstack.us-east-1.amazonaws.com/NARAprodstorage/lz/presidential-libraries/bush/gb-nsc/Latin_Amer_Aff_Dir_Files/Chronological_2197972/41-bpr-nsc-lat_amer_dir-chron-cf00303-010.pdf,https://catalog.archives.gov/id/470766467
4282,High-priority print candidate,Monitor,Venezuela,18,31,109,"November 1, 1989",Memorandum of Telephone Conversation,Telephone Conversation with Venezuelan,Latin American Directorate Chronological Files,"November 1, 1989-November 15, 1989 [2]",High,72,Restricted - Possibly,92,"memorandum form; Presidential or NSC principals; presidential diplomacy; document text visible in OCR","Verify page image, source folder, and date; compare against the country chronology before print selection.","Source: George H.W. Bush Library, Bush Presidential Records, National Security Council, Latin American Affairs Directorate Files, Chronological Files, OA/ID CF00303, CF00303-010, November 1, 1989-November 15, 1989 [2]. Access restriction: Restricted - Possibly. FOIA 2015-0017-S.",https://s3.dualstack.us-east-1.amazonaws.com/NARAprodstorage/lz/presidential-libraries/bush/gb-nsc/Latin_Amer_Aff_Dir_Files/Chronological_2197972/41-bpr-nsc-lat_amer_dir-chron-cf00303-010.pdf,https://catalog.archives.gov/id/470766467
4282,High-priority print candidate,Monitor,Venezuela,18,31,109,"November 1, 1989",Memorandum of Telephone Conversation,Telephone Conversation with Venezuelan,Latin American Affairs Directorate Subject Files,"Venezuela - January 20, 1989-December 31, 1989 [1]",High,72,Restricted - Possibly,16,"memorandum form; Presidential or NSC principals; presidential diplomacy; document text visible in OCR","Verify page image, source folder, and date; compare against the country chronology before print selection.","Source: George H.W. Bush Library, Bush Presidential Records, National Security Council, Latin American Affairs Directorate Files, Subject File 1989, OA/ID CF00193, CF00193-018, Venezuela - January 20, 1989-December 31, 1989 [1]. Access restriction: Restricted - Possibly. FOIA 2009-0704-F.",https://s3.dualstack.us-east-1.amazonaws.com/NARAprodstorage/lz/presidential-libraries/bush/gb-nsc/Latin_Amer_Aff_Dir_Files/Subject_376217847/41-bpr-nsc-lat_amer_dir-subj-cf00193-018.pdf,https://catalog.archives.gov/id/470766533
4282,High-priority print candidate,Monitor,Venezuela,18,31,109,"November 3, 1989",Memorandum of Telephone Conversation,Memorandum of Telephone Conversation with,Latin American Directorate Chronological Files,"November 1, 1989-November 15, 1989 [2]",High,72,Restricted - Possibly,65,"memorandum form; Presidential or NSC principals; presidential diplomacy; document text visible in OCR","Verify page image, source folder, and date; compare against the country chronology before print selection.","Source: George H.W. Bush Library, Bush Presidential Records, National Security Council, Latin American Affairs Directorate Files, Chronological Files, OA/ID CF00303, CF00303-010, November 1, 1989-November 15, 1989 [2]. Access restriction: Restricted - Possibly. FOIA 2015-0017-S.",https://s3.dualstack.us-east-1.amazonaws.com/NARAprodstorage/lz/presidential-libraries/bush/gb-nsc/Latin_Amer_Aff_Dir_Files/Chronological_2197972/41-bpr-nsc-lat_amer_dir-chron-cf00303-010.pdf,https://catalog.archives.gov/id/470766467
4282,High-priority print candidate,Monitor,Venezuela,18,31,109,"November 3, 1989",Memorandum of Telephone Conversation,Memorandum of Telephone Conversation with,Latin American Affairs Directorate Subject Files,"Venezuela - January 20, 1989-December 31, 1989 [1]",High,72,Restricted - Possibly,18,"memorandum form; Presidential or NSC principals; presidential diplomacy; document text visible in OCR","Verify page image, source folder, and date; compare against the country chronology before print selection.","Source: George H.W. Bush Library, Bush Presidential Records, National Security Council, Latin American Affairs Directorate Files, Subject File 1989, OA/ID CF00193, CF00193-018, Venezuela - January 20, 1989-December 31, 1989 [1]. Access restriction: Restricted - Possibly. FOIA 2009-0704-F.",https://s3.dualstack.us-east-1.amazonaws.com/NARAprodstorage/lz/presidential-libraries/bush/gb-nsc/Latin_Amer_Aff_Dir_Files/Subject_376217847/41-bpr-nsc-lat_amer_dir-subj-cf00193-018.pdf,https://catalog.archives.gov/id/470766533
4282,High-priority print candidate,Monitor,Venezuela,18,31,109,"October 16, 1989",Memorandum of Conversation,Memorandum of Conversation with Reinaldo,Latin American Affairs Directorate Subject Files,"Venezuela - January 20, 1989-December 31, 1989 [1]",High,72,Restricted - Possibly,32,"memorandum form; Presidential or NSC principals; presidential diplomacy; document text visible in OCR","Verify page image, source folder, and date; compare against the country chronology before print selection.","Source: George H.W. Bush Library, Bush Presidential Records, National Security Council, Latin American Affairs Directorate Files, Subject File 1989, OA/ID CF00193, CF00193-018, Venezuela - January 20, 1989-December 31, 1989 [1]. Access restriction: Restricted - Possibly. FOIA 2009-0704-F.",https://s3.dualstack.us-east-1.amazonaws.com/NARAprodstorage/lz/presidential-libraries/bush/gb-nsc/Latin_Amer_Aff_Dir_Files/Subject_376217847/41-bpr-nsc-lat_amer_dir-subj-cf00193-018.pdf,https://catalog.archives.gov/id/470766533
4282,High-priority print candidate,Monitor,Venezuela,18,31,109,"October 2, 1989",Memorandum of Conversation,Memorandum of Conversation with Reinaldo,Latin American Directorate Chronological Files,"October 1, 1989-October 15, 1989 [2]",High,72,Restricted - Possibly,40,"memorandum form; Presidential or NSC principals; presidential diplomacy; document text visible in OCR","Verify page image, source folder, and date; compare against the country chronology before print selection.","Source: George H.W. Bush Library, Bush Presidential Records, National Security Council, Latin American Affairs Directorate Files, Chronological Files, OA/ID CF00303, CF00303-002, October 1, 1989-October 15, 1989 [2]. Access restriction: Restricted - Possibly. FOIA 2015-0017-S.",https://s3.dualstack.us-east-1.amazonaws.com/NARAprodstorage/lz/presidential-libraries/bush/gb-nsc/Latin_Amer_Aff_Dir_Files/Chronological_2197972/41-bpr-nsc-lat_amer_dir-chron-cf00303-002.pdf,https://catalog.archives.gov/id/470766459
4282,High-priority print candidate,Monitor,Venezuela,18,31,109,"October 23, 1989",Memorandum of Conversation,Memorandum of Conversation with Venezuelan,Latin American Directorate Chronological Files,"October 16, 1989-October 31, 1989 [3]",High,72,Restricted - Possibly,5,"memorandum form; Presidential or NSC principals; presidential diplomacy; document text visible in OCR","Verify page image, source folder, and date; compare against the country chronology before print selection.","Source: George H.W. Bush Library, Bush Presidential Records, National Security Council, Latin American Affairs Directorate Files, Chronological Files, OA/ID CF00303, CF00303-006, October 16, 1989-October 31, 1989 [3]. Access restriction: Restricted - Possibly. FOIA 2015-0017-S.",https://s3.dualstack.us-east-1.amazonaws.com/NARAprodstorage/lz/presidential-libraries/bush/gb-nsc/Latin_Amer_Aff_Dir_Files/Chronological_2197972/41-bpr-nsc-lat_amer_dir-chron-cf00303-006.pdf,https://catalog.archives.gov/id/470766463
4282,High-priority print candidate,Monitor,Venezuela,18,31,109,"October 23, 1989",Memorandum of Conversation,Memorandum of Conversation with Venezuelan,Latin American Affairs Directorate Subject Files,"Venezuela - January 20, 1989-December 31, 1989 [1]",High,72,Restricted - Possibly,29,"memorandum form; Presidential or NSC principals; presidential diplomacy; document text visible in OCR","Verify page image, source folder, and date; compare against the country chronology before print selection.","Source: George H.W. Bush Library, Bush Presidential Records, National Security Council, Latin American Affairs Directorate Files, Subject File 1989, OA/ID CF00193, CF00193-018, Venezuela - January 20, 1989-December 31, 1989 [1]. Access restriction: Restricted - Possibly. FOIA 2009-0704-F.",https://s3.dualstack.us-east-1.amazonaws.com/NARAprodstorage/lz/presidential-libraries/bush/gb-nsc/Latin_Amer_Aff_Dir_Files/Subject_376217847/41-bpr-nsc-lat_amer_dir-subj-cf00193-018.pdf,https://catalog.archives.gov/id/470766533
4282,High-priority print candidate,Monitor,Venezuela,18,31,109,"October 23, 1989",Memorandum,President Perez' Letter to President Bush,Latin American Affairs Directorate Subject Files,"Venezuela - January 20, 1989-December 31, 1989 [1]",High,78,Restricted - Possibly,47,"memorandum form; Presidential or NSC principals; debt and economy, presidential diplomacy; document text visible in OCR","Verify page image, source folder, and date; compare against the country chronology before print selection.","Source: George H.W. Bush Library, Bush Presidential Records, National Security Council, Latin American Affairs Directorate Files, Subject File 1989, OA/ID CF00193, CF00193-018, Venezuela - January 20, 1989-December 31, 1989 [1]. Access restriction: Restricted - Possibly. FOIA 2009-0704-F.",https://s3.dualstack.us-east-1.amazonaws.com/NARAprodstorage/lz/presidential-libraries/bush/gb-nsc/Latin_Amer_Aff_Dir_Files/Subject_376217847/41-bpr-nsc-lat_amer_dir-subj-cf00193-018.pdf,https://catalog.archives.gov/id/470766533
4282,High-priority print candidate,Monitor,Venezuela,18,31,109,"October 23, 1989",Memorandum,Request that Mrs. Bush Meet with Asociacion de,Latin American Directorate Chronological Files,"October 16, 1989-October 31, 1989 [3]",High,72,Restricted - Possibly,11,"memorandum form; Presidential or NSC principals; presidential diplomacy; document text visible in OCR","Verify page image, source folder, and date; compare against the country chronology before print selection.","Source: George H.W. Bush Library, Bush Presidential Records, National Security Council, Latin American Affairs Directorate Files, Chronological Files, OA/ID CF00303, CF00303-006, October 16, 1989-October 31, 1989 [3]. Access restriction: Restricted - Possibly. FOIA 2015-0017-S.",https://s3.dualstack.us-east-1.amazonaws.com/NARAprodstorage/lz/presidential-libraries/bush/gb-nsc/Latin_Amer_Aff_Dir_Files/Chronological_2197972/41-bpr-nsc-lat_amer_dir-chron-cf00303-006.pdf,https://catalog.archives.gov/id/470766463
4282,High-priority print candidate,Monitor,Venezuela,18,31,109,"September 19, 1989",Memorandum,Letter to Venezuelan President on Nicaragua,Latin American Directorate Chronological Files,"September 16, 1989-September 30, 1989 [3]",High,78,Restricted - Possibly,72,"memorandum form; Presidential or NSC principals; democracy, presidential diplomacy; document text visible in OCR","Verify page image, source folder, and date; compare against the country chronology before print selection.","Source: George H.W. Bush Library, Bush Presidential Records, National Security Council, Latin American Affairs Directorate Files, Chronological Files, OA/ID CF00302, CF00302-019, September 16, 1989-September 30, 1989 [3]. Access restriction: Restricted - Possibly. FOIA 2015-0017-S.",https://s3.dualstack.us-east-1.amazonaws.com/NARAprodstorage/lz/presidential-libraries/bush/gb-nsc/Latin_Amer_Aff_Dir_Files/Chronological_2197972/41-bpr-nsc-lat_amer_dir-chron-cf00302-019.pdf,https://catalog.archives.gov/id/470766456
4282,High-priority print candidate,Monitor,Venezuela,18,31,109,"September 20, 1989",Memorandum,State Department Proposed Presidential Letter to,Latin American Directorate Chronological Files,"September 16, 1989-September 30, 1989 [3]",High,90,Restricted - Possibly,71,"memorandum form; Presidential or NSC principals; democracy, presidential diplomacy; document text visible in OCR","Verify page image, source folder, and date; compare against the country chronology before print selection.","Source: George H.W. Bush Library, Bush Presidential Records, National Security Council, Latin American Affairs Directorate Files, Chronological Files, OA/ID CF00302, CF00302-019, September 16, 1989-September 30, 1989 [3]. Access restriction: Restricted - Possibly. FOIA 2015-0017-S.",https://s3.dualstack.us-east-1.amazonaws.com/NARAprodstorage/lz/presidential-libraries/bush/gb-nsc/Latin_Amer_Aff_Dir_Files/Chronological_2197972/41-bpr-nsc-lat_amer_dir-chron-cf00302-019.pdf,https://catalog.archives.gov/id/470766456
4282,High-priority print candidate,Monitor,Venezuela,18,31,109,"September 25, 1989",Memorandum of Conversation,Meeting with Venezuelan President Carlos,Latin American Directorate Chronological Files,"October 16, 1989-October 31, 1989 [3]",High,72,Restricted - Possibly,7,"memorandum form; Presidential or NSC principals; presidential diplomacy, regional policy; document text visible in OCR","Verify page image, source folder, and date; compare against the country chronology before print selection.","Source: George H.W. Bush Library, Bush Presidential Records, National Security Council, Latin American Affairs Directorate Files, Chronological Files, OA/ID CF00303, CF00303-006, October 16, 1989-October 31, 1989 [3]. Access restriction: Restricted - Possibly. FOIA 2015-0017-S.",https://s3.dualstack.us-east-1.amazonaws.com/NARAprodstorage/lz/presidential-libraries/bush/gb-nsc/Latin_Amer_Aff_Dir_Files/Chronological_2197972/41-bpr-nsc-lat_amer_dir-chron-cf00303-006.pdf,https://catalog.archives.gov/id/470766463
4282,High-priority print candidate,Monitor,Venezuela,18,31,109,"September 25, 1989",Memorandum of Conversation,Meeting with Venezuelan President Carlos,Latin American Affairs Directorate Subject Files,"Venezuela - January 20, 1989-December 31, 1989 [1]",High,72,Restricted - Possibly,25,"memorandum form; Presidential or NSC principals; presidential diplomacy, regional policy; document text visible in OCR","Verify page image, source folder, and date; compare against the country chronology before print selection.","Source: George H.W. Bush Library, Bush Presidential Records, National Security Council, Latin American Affairs Directorate Files, Subject File 1989, OA/ID CF00193, CF00193-018, Venezuela - January 20, 1989-December 31, 1989 [1]. Access restriction: Restricted - Possibly. FOIA 2009-0704-F.",https://s3.dualstack.us-east-1.amazonaws.com/NARAprodstorage/lz/presidential-libraries/bush/gb-nsc/Latin_Amer_Aff_Dir_Files/Subject_376217847/41-bpr-nsc-lat_amer_dir-subj-cf00193-018.pdf,https://catalog.archives.gov/id/470766533
4282,High-priority print candidate,Monitor,Venezuela,18,31,109,"September 30, 1989",Memorandum,Your Meeting with Venezuelan Foreign Minister,Latin American Directorate Chronological Files,"September 16, 1989-September 30, 1989 [1]",High,72,Restricted - Possibly,6,"memorandum form; Presidential or NSC principals; presidential diplomacy; document text visible in OCR","Verify page image, source folder, and date; compare against the country chronology before print selection.","Source: George H.W. Bush Library, Bush Presidential Records, National Security Council, Latin American Affairs Directorate Files, Chronological Files, OA/ID CF00302, CF00302-017, September 16, 1989-September 30, 1989 [1]. Access restriction: Restricted - Possibly. FOIA 2015-0017-S.",https://s3.dualstack.us-east-1.amazonaws.com/NARAprodstorage/lz/presidential-libraries/bush/gb-nsc/Latin_Amer_Aff_Dir_Files/Chronological_2197972/41-bpr-nsc-lat_amer_dir-chron-cf00302-017.pdf,https://catalog.archives.gov/id/470766454
4900,High-priority print candidate,Review,,,,,,Memorandum,Andean Trade Package,Latin American Affairs Directorate Subject Files,Andean [Drug] Summit 1989 [1],High,90,Restricted - Possibly,74,"memorandum form; Presidential or NSC principals; Andean, drug, narcotics; document text visible in OCR","Verify page image, source folder, and date; compare against the country chronology before print selection.","Source: George H.W. Bush Library, Bush Presidential Records, National Security Council, Latin American Affairs Directorate Files, Subject File 1989, OA/ID CF00189, CF00189-002, Andean [Drug] Summit 1989 [1]. Access restriction: Restricted - Possibly. FOIA 2015-0017-S.",https://s3.dualstack.us-east-1.amazonaws.com/NARAprodstorage/lz/presidential-libraries/bush/gb-nsc/Latin_Amer_Aff_Dir_Files/Subject_376217847/41-bpr-nsc-lat_amer_dir-subj-cf00189-002.pdf,https://catalog.archives.gov/id/470766475
4900,High-priority print candidate,Review,,,,,,Memorandum,Certification for Narcotics Source,Latin American Affairs Directorate Subject Files,"Drug / Anti-Narcotics - January 20, 1989-December 31, 1989 [4]",High,90,Restricted - Possibly,52,"memorandum form; Presidential or NSC principals; narcotics, drug, presidential diplomacy; document text visible in OCR","Verify page image, source folder, and date; compare against the country chronology before print selection.","Source: George H.W. Bush Library, Bush Presidential Records, National Security Council, Latin American Affairs Directorate Files, Subject File 1989, OA/ID CF00194, CF00194-016, Drug / Anti-Narcotics - January 20, 1989-December 31, 1989 [4]. Access restriction: Restricted - Possibly. FOIA 2015-0017-S.",https://s3.dualstack.us-east-1.amazonaws.com/NARAprodstorage/lz/presidential-libraries/bush/gb-nsc/Latin_Amer_Aff_Dir_Files/Subject_376217847/41-bpr-nsc-lat_amer_dir-subj-cf00194-016.pdf,https://catalog.archives.gov/id/470766553
4900,High-priority print candidate,Review,,,,,,Memorandum,Certifications for Narcotics Source,Latin American Affairs Directorate Subject Files,"Drug / Anti-Narcotics - January 20, 1989-December 31, 1989 [4]",High,78,Restricted - Possibly,24,"memorandum form; Presidential or NSC principals; narcotics, drug, presidential diplomacy; document text visible in OCR","Verify page image, source folder, and date; compare against the country chronology before print selection.","Source: George H.W. Bush Library, Bush Presidential Records, National Security Council, Latin American Affairs Directorate Files, Subject File 1989, OA/ID CF00194, CF00194-016, Drug / Anti-Narcotics - January 20, 1989-December 31, 1989 [4]. Access restriction: Restricted - Possibly. FOIA 2015-0017-S.",https://s3.dualstack.us-east-1.amazonaws.com/NARAprodstorage/lz/presidential-libraries/bush/gb-nsc/Latin_Amer_Aff_Dir_Files/Subject_376217847/41-bpr-nsc-lat_amer_dir-subj-cf00194-016.pdf,https://catalog.archives.gov/id/470766553
4900,High-priority print candidate,Review,,,,,,Memorandum,From Brent Scowcroft to POTUS Re: Latin America Debt Initiative,Timothy E. Deal Subject Files,Latin America [2],High,80,Restricted - Possibly,2,"memorandum form; Presidential or NSC principals; debt and economy, presidential diplomacy, regional policy; identified on withdrawal sheet","Verify page image, source folder, and date; compare against the country chronology before print selection.","Source: George H.W. Bush Library, Bush Presidential Records, National Security Council, Deal, Timothy E., Files, Subject Files, OA/ID CF00964, CF00964-010, Latin America [2]. Access restriction: Restricted - Possibly. FOIA 2023-1227-S.",https://s3.dualstack.us-east-1.amazonaws.com/NARAprodstorage/lz/presidential-libraries/bush/gb-nsc/deal/subject_2554810/41-bpr-nsc-deal-subj-cf00964-010.pdf,https://catalog.archives.gov/id/452050579
4900,High-priority print candidate,Review,,,,,,Memorandum,From Brent Scowcroft to POTUS Re: Official Debt Relief for Latin America,Timothy E. Deal Subject Files,Latin America [2],High,80,Restricted - Possibly,2,"memorandum form; Presidential or NSC principals; debt and economy, presidential diplomacy, regional policy; identified on withdrawal sheet","Verify page image, source folder, and date; compare against the country chronology before print selection.","Source: George H.W. Bush Library, Bush Presidential Records, National Security Council, Deal, Timothy E., Files, Subject Files, OA/ID CF00964, CF00964-010, Latin America [2]. Access restriction: Restricted - Possibly. FOIA 2023-1227-S.",https://s3.dualstack.us-east-1.amazonaws.com/NARAprodstorage/lz/presidential-libraries/bush/gb-nsc/deal/subject_2554810/41-bpr-nsc-deal-subj-cf00964-010.pdf,https://catalog.archives.gov/id/452050579
4900,High-priority print candidate,Review,,,,,,Memorandum,From Meg Lundsager to Brent Scowcroft Re: Latin American Debt,Timothy E. Deal Subject Files,Latin America [2],High,80,Restricted - Possibly,2,"memorandum form; Presidential or NSC principals; debt and economy, presidential diplomacy, regional policy; identified on withdrawal sheet","Verify page image, source folder, and date; compare against the country chronology before print selection.","Source: George H.W. Bush Library, Bush Presidential Records, National Security Council, Deal, Timothy E., Files, Subject Files, OA/ID CF00964, CF00964-010, Latin America [2]. Access restriction: Restricted - Possibly. FOIA 2023-1227-S.",https://s3.dualstack.us-east-1.amazonaws.com/NARAprodstorage/lz/presidential-libraries/bush/gb-nsc/deal/subject_2554810/41-bpr-nsc-deal-subj-cf00964-010.pdf,https://catalog.archives.gov/id/452050579
4900,High-priority print candidate,Review,,,,,,Memorandum,From Meg Lundsager to Brent Scowcroft Re: Status of Latin America Speech,Timothy E. Deal Subject Files,Latin America [2],High,80,Restricted - Possibly,2,"memorandum form; Presidential or NSC principals; presidential diplomacy, regional policy; identified on withdrawal sheet","Verify page image, source folder, and date; compare against the country chronology before print selection.","Source: George H.W. Bush Library, Bush Presidential Records, National Security Council, Deal, Timothy E., Files, Subject Files, OA/ID CF00964, CF00964-010, Latin America [2]. Access restriction: Restricted - Possibly. FOIA 2023-1227-S.",https://s3.dualstack.us-east-1.amazonaws.com/NARAprodstorage/lz/presidential-libraries/bush/gb-nsc/deal/subject_2554810/41-bpr-nsc-deal-subj-cf00964-010.pdf,https://catalog.archives.gov/id/452050579
4900,High-priority print candidate,Review,,,,,,Memorandum,From Meg Lundsager/Don Johnson to Brent Scowcroft Re: Comments on Draft Speech,Timothy E. Deal Subject Files,Latin America [2],High,80,Restricted - Possibly,2,"memorandum form; Presidential or NSC principals; presidential diplomacy, regional policy; identified on withdrawal sheet","Verify page image, source folder, and date; compare against the country chronology before print selection.","Source: George H.W. Bush Library, Bush Presidential Records, National Security Council, Deal, Timothy E., Files, Subject Files, OA/ID CF00964, CF00964-010, Latin America [2]. Access restriction: Restricted - Possibly. FOIA 2023-1227-S.",https://s3.dualstack.us-east-1.amazonaws.com/NARAprodstorage/lz/presidential-libraries/bush/gb-nsc/deal/subject_2554810/41-bpr-nsc-deal-subj-cf00964-010.pdf,https://catalog.archives.gov/id/452050579
4900,High-priority print candidate,Review,,,,,,Memorandum,From Nicholas Brady to POTUS Re: Latin America Debt Reduction Proposal,Timothy E. Deal Subject Files,Latin America [2],High,80,Restricted - Possibly,2,"memorandum form; Presidential or NSC principals; debt and economy, presidential diplomacy, regional policy; identified on withdrawal sheet","Verify page image, source folder, and date; compare against the country chronology before print selection.","Source: George H.W. Bush Library, Bush Presidential Records, National Security Council, Deal, Timothy E., Files, Subject Files, OA/ID CF00964, CF00964-010, Latin America [2]. Access restriction: Restricted - Possibly. FOIA 2023-1227-S.",https://s3.dualstack.us-east-1.amazonaws.com/NARAprodstorage/lz/presidential-libraries/bush/gb-nsc/deal/subject_2554810/41-bpr-nsc-deal-subj-cf00964-010.pdf,https://catalog.archives.gov/id/452050579
4900,High-priority print candidate,Review,,,,,,Information Memo,GOC'S ANTI-NARCOTICS IMAGE,Latin American Affairs Directorate Subject Files,"Drug / Anti-Narcotics - January 20, 1989-December 31, 1989 [3]",High,70,Restricted - Possibly,83,"memorandum form; narcotics, drug, ussr/cuba; document text visible in OCR","Verify page image, source folder, and date; compare against the country chronology before print selection.","Source: George H.W. Bush Library, Bush Presidential Records, National Security Council, Latin American Affairs Directorate Files, Subject File 1989, OA/ID CF00194, CF00194-015, Drug / Anti-Narcotics - January 20, 1989-December 31, 1989 [3]. Access restriction: Restricted - Possibly. FOIA 2015-0017-S.",https://s3.dualstack.us-east-1.amazonaws.com/NARAprodstorage/lz/presidential-libraries/bush/gb-nsc/Latin_Amer_Aff_Dir_Files/Subject_376217847/41-bpr-nsc-lat_amer_dir-subj-cf00194-015.pdf,https://catalog.archives.gov/id/470766552
4900,High-priority print candidate,Review,,,,,,Memorandum,Meeting with Columbus Group,Latin American Affairs Directorate Subject Files,"Latin America - General - January 20, 1989-December 31, 1989 [1]",High,72,Restricted - Possibly,65,"memorandum form; Presidential or NSC principals; Latin America, presidential diplomacy, regional policy; document text visible in OCR","Verify page image, source folder, and date; compare against the country chronology before print selection.","Source: George H.W. Bush Library, Bush Presidential Records, National Security Council, Latin American Affairs Directorate Files, Subject File 1989, OA/ID CF00196, CF00196-020, Latin America - General - January 20, 1989-December 31, 1989 [1]. Access restriction: Restricted - Possibly. FOIA 2015-0017-S.",https://s3.dualstack.us-east-1.amazonaws.com/NARAprodstorage/lz/presidential-libraries/bush/gb-nsc/Latin_Amer_Aff_Dir_Files/Subject_376217847/41-bpr-nsc-lat_amer_dir-subj-cf00196-020.pdf,https://catalog.archives.gov/id/470766606
4900,High-priority print candidate,Review,,,,,,Memorandum,Meetings with Secretaries Baker and Cheney,Latin American Affairs Directorate Subject Files,"Drug / Anti-Narcotics - January 20, 1989-December 31, 1989 [3]",High,90,Restricted - Possibly,93,"memorandum form; Presidential or NSC principals; narcotics, drug, presidential diplomacy; document text visible in OCR","Verify page image, source folder, and date; compare against the country chronology before print selection.","Source: George H.W. Bush Library, Bush Presidential Records, National Security Council, Latin American Affairs Directorate Files, Subject File 1989, OA/ID CF00194, CF00194-015, Drug / Anti-Narcotics - January 20, 1989-December 31, 1989 [3]. Access restriction: Restricted - Possibly. FOIA 2015-0017-S.",https://s3.dualstack.us-east-1.amazonaws.com/NARAprodstorage/lz/presidential-libraries/bush/gb-nsc/Latin_Amer_Aff_Dir_Files/Subject_376217847/41-bpr-nsc-lat_amer_dir-subj-cf00194-015.pdf,https://catalog.archives.gov/id/470766552
4900,High-priority print candidate,Review,,,,,,Memorandum,President’s Participation in UNGA,Latin American Affairs Directorate Subject Files,"Latin America - January 20, 1989-December 31, 1989 [1]",High,72,Restricted - Possibly,40,"memorandum form; Presidential or NSC principals; Latin America, presidential diplomacy, regional policy; document text visible in OCR","Verify page image, source folder, and date; compare against the country chronology before print selection.","Source: George H.W. Bush Library, Bush Presidential Records, National Security Council, Latin American Affairs Directorate Files, Subject File 1989, OA/ID CF00192, CF00192-001, Latin America - January 20, 1989-December 31, 1989 [1]. Access restriction: Restricted - Possibly. FOIA 2015-0017-S.",https://s3.dualstack.us-east-1.amazonaws.com/NARAprodstorage/lz/presidential-libraries/bush/gb-nsc/Latin_Amer_Aff_Dir_Files/Subject_376217847/41-bpr-nsc-lat_amer_dir-subj-cf00192-001.pdf,https://catalog.archives.gov/id/470766496
4900,High-priority print candidate,Review,,,,,,Memorandum,Re: Counternarcotics To:,Latin American Affairs Directorate Subject Files,"Drug / Anti-Narcotics - January 20, 1989-December 31, 1989 [3]",High,78,Restricted - Possibly,91,"memorandum form; Presidential or NSC principals; narcotics, drug, presidential diplomacy; identified on withdrawal sheet","Verify page image, source folder, and date; compare against the country chronology before print selection.","Source: George H.W. Bush Library, Bush Presidential Records, National Security Council, Latin American Affairs Directorate Files, Subject File 1989, OA/ID CF00194, CF00194-015, Drug / Anti-Narcotics - January 20, 1989-December 31, 1989 [3]. Access restriction: Restricted - Possibly. FOIA 2015-0017-S.",https://s3.dualstack.us-east-1.amazonaws.com/NARAprodstorage/lz/presidential-libraries/bush/gb-nsc/Latin_Amer_Aff_Dir_Files/Subject_376217847/41-bpr-nsc-lat_amer_dir-subj-cf00194-015.pdf,https://catalog.archives.gov/id/470766552
4900,High-priority print candidate,Review,,,,,,Memorandum,Re: PCC Conclusions To: Policy Coordinating Committee From:,Latin American Affairs Directorate Subject Files,Andean [Drug] Summit 1989 [1],High,70,Restricted - Possibly,21,"memorandum form; Andean, drug, narcotics; identified on withdrawal sheet","Verify page image, source folder, and date; compare against the country chronology before print selection.","Source: George H.W. Bush Library, Bush Presidential Records, National Security Council, Latin American Affairs Directorate Files, Subject File 1989, OA/ID CF00189, CF00189-002, Andean [Drug] Summit 1989 [1]. Access restriction: Restricted - Possibly. FOIA 2015-0017-S.",https://s3.dualstack.us-east-1.amazonaws.com/NARAprodstorage/lz/presidential-libraries/bush/gb-nsc/Latin_Amer_Aff_Dir_Files/Subject_376217847/41-bpr-nsc-lat_amer_dir-subj-cf00189-002.pdf,https://catalog.archives.gov/id/470766475
4900,High-priority print candidate,Review,,,,,,Memorandum,Reply to the President of the Dominican Republic,Latin American Affairs Directorate Subject Files,"Drug / Anti-Narcotics - January 20, 1989-December 31, 1989 [3]",High,78,Restricted - Possibly,72,"memorandum form; Presidential or NSC principals; narcotics, drug, presidential diplomacy; document text visible in OCR","Verify page image, source folder, and date; compare against the country chronology before print selection.","Source: George H.W. Bush Library, Bush Presidential Records, National Security Council, Latin American Affairs Directorate Files, Subject File 1989, OA/ID CF00194, CF00194-015, Drug / Anti-Narcotics - January 20, 1989-December 31, 1989 [3]. Access restriction: Restricted - Possibly. FOIA 2015-0017-S.",https://s3.dualstack.us-east-1.amazonaws.com/NARAprodstorage/lz/presidential-libraries/bush/gb-nsc/Latin_Amer_Aff_Dir_Files/Subject_376217847/41-bpr-nsc-lat_amer_dir-subj-cf00194-015.pdf,https://catalog.archives.gov/id/470766552
4900,High-priority print candidate,Review,,,,,,Memorandum,Summit with Andeans on Drugs,Latin American Affairs Directorate Subject Files,"Drug / Anti-Narcotics - January 20, 1989-December 31, 1989 [1]",High,70,Restricted - Possibly,32,"memorandum form; narcotics, drug; document text visible in OCR","Verify page image, source folder, and date; compare against the country chronology before print selection.","Source: George H.W. Bush Library, Bush Presidential Records, National Security Council, Latin American Affairs Directorate Files, Subject File 1989, OA/ID CF00194, CF00194-013, Drug / Anti-Narcotics - January 20, 1989-December 31, 1989 [1]. Access restriction: Restricted - Possibly. FOIA 2015-0017-S.",https://s3.dualstack.us-east-1.amazonaws.com/NARAprodstorage/lz/presidential-libraries/bush/gb-nsc/Latin_Amer_Aff_Dir_Files/Subject_376217847/41-bpr-nsc-lat_amer_dir-subj-cf00194-013.pdf,https://catalog.archives.gov/id/470766550
4900,High-priority print candidate,Review,,,,,,Memorandum,The President's Drug Certifications,Latin American Affairs Directorate Subject Files,"Drug / Anti-Narcotics - January 20, 1989-December 31, 1989 [4]",High,90,Restricted - Possibly,23,"memorandum form; Presidential or NSC principals; narcotics, drug, presidential diplomacy; document text visible in OCR","Verify page image, source folder, and date; compare against the country chronology before print selection.","Source: George H.W. Bush Library, Bush Presidential Records, National Security Council, Latin American Affairs Directorate Files, Subject File 1989, OA/ID CF00194, CF00194-016, Drug / Anti-Narcotics - January 20, 1989-December 31, 1989 [4]. Access restriction: Restricted - Possibly. FOIA 2015-0017-S.",https://s3.dualstack.us-east-1.amazonaws.com/NARAprodstorage/lz/presidential-libraries/bush/gb-nsc/Latin_Amer_Aff_Dir_Files/Subject_376217847/41-bpr-nsc-lat_amer_dir-subj-cf00194-016.pdf,https://catalog.archives.gov/id/470766553
4900,High-priority print candidate,Review,,,,,,Memorandum,To: PCC From:,Latin American Affairs Directorate Subject Files,Andean [Drug] Summit 1989 [2],High,70,Restricted - Possibly,2,"memorandum form; Andean, drug, narcotics; identified on withdrawal sheet","Verify page image, source folder, and date; compare against the country chronology before print selection.","Source: George H.W. Bush Library, Bush Presidential Records, National Security Council, Latin American Affairs Directorate Files, Subject File 1989, OA/ID CF00189, CF00189-003, Andean [Drug] Summit 1989 [2]. Access restriction: Restricted - Possibly. FOIA 2015-0017-S.",https://s3.dualstack.us-east-1.amazonaws.com/NARAprodstorage/lz/presidential-libraries/bush/gb-nsc/Latin_Amer_Aff_Dir_Files/Subject_376217847/41-bpr-nsc-lat_amer_dir-subj-cf00189-003.pdf,https://catalog.archives.gov/id/470766476
4900,High-priority print candidate,Review,,,,,,Memorandum,To: PCC From:,Latin American Affairs Directorate Subject Files,Andean [Drug] Summit 1989 [2],High,70,Restricted - Possibly,3,"memorandum form; Andean, drug, narcotics; identified on withdrawal sheet","Verify page image, source folder, and date; compare against the country chronology before print selection.","Source: George H.W. Bush Library, Bush Presidential Records, National Security Council, Latin American Affairs Directorate Files, Subject File 1989, OA/ID CF00189, CF00189-003, Andean [Drug] Summit 1989 [2]. Access restriction: Restricted - Possibly. FOIA 2015-0017-S.",https://s3.dualstack.us-east-1.amazonaws.com/NARAprodstorage/lz/presidential-libraries/bush/gb-nsc/Latin_Amer_Aff_Dir_Files/Subject_376217847/41-bpr-nsc-lat_amer_dir-subj-cf00189-003.pdf,https://catalog.archives.gov/id/470766476
4900,High-priority print candidate,Review,,,,,,Memorandum,To: Policy Coordinating Committee From:,Latin American Affairs Directorate Subject Files,Andean [Drug] Summit 1989 [1],High,70,Restricted - Possibly,2,"memorandum form; Andean, drug, narcotics; identified on withdrawal sheet","Verify page image, source folder, and date; compare against the country chronology before print selection.","Source: George H.W. Bush Library, Bush Presidential Records, National Security Council, Latin American Affairs Directorate Files, Subject File 1989, OA/ID CF00189, CF00189-002, Andean [Drug] Summit 1989 [1]. Access restriction: Restricted - Possibly. FOIA 2015-0017-S.",https://s3.dualstack.us-east-1.amazonaws.com/NARAprodstorage/lz/presidential-libraries/bush/gb-nsc/Latin_Amer_Aff_Dir_Files/Subject_376217847/41-bpr-nsc-lat_amer_dir-subj-cf00189-002.pdf,https://catalog.archives.gov/id/470766475
4900,High-priority print candidate,Review,,,,,,Memorandum,To: Robert Gates From: Rand,Latin American Affairs Directorate Subject Files,Andean [Drug] Summit 1989 [1],High,70,Restricted - Possibly,4,"memorandum form; Andean, drug, narcotics; identified on withdrawal sheet","Verify page image, source folder, and date; compare against the country chronology before print selection.","Source: George H.W. Bush Library, Bush Presidential Records, National Security Council, Latin American Affairs Directorate Files, Subject File 1989, OA/ID CF00189, CF00189-002, Andean [Drug] Summit 1989 [1]. Access restriction: Restricted - Possibly. FOIA 2015-0017-S.",https://s3.dualstack.us-east-1.amazonaws.com/NARAprodstorage/lz/presidential-libraries/bush/gb-nsc/Latin_Amer_Aff_Dir_Files/Subject_376217847/41-bpr-nsc-lat_amer_dir-subj-cf00189-002.pdf,https://catalog.archives.gov/id/470766475
4900,High-priority print candidate,Review,,,,,,Memorandum,To: Robert Gates From: Rand,Latin American Affairs Directorate Subject Files,"Drug / Anti-Narcotics - January 20, 1989-December 31, 1989 [3]",High,70,Restricted - Possibly,2,"memorandum form; narcotics, drug; identified on withdrawal sheet","Verify page image, source folder, and date; compare against the country chronology before print selection.","Source: George H.W. Bush Library, Bush Presidential Records, National Security Council, Latin American Affairs Directorate Files, Subject File 1989, OA/ID CF00194, CF00194-015, Drug / Anti-Narcotics - January 20, 1989-December 31, 1989 [3]. Access restriction: Restricted - Possibly. FOIA 2015-0017-S.",https://s3.dualstack.us-east-1.amazonaws.com/NARAprodstorage/lz/presidential-libraries/bush/gb-nsc/Latin_Amer_Aff_Dir_Files/Subject_376217847/41-bpr-nsc-lat_amer_dir-subj-cf00194-015.pdf,https://catalog.archives.gov/id/470766552
4900,High-priority print candidate,Review,,,,,,Memorandum,To: the President.,Latin American Affairs Directorate Subject Files,"Drug / Anti-Narcotics - January 20, 1989-December 31, 1989 [2]",High,90,Restricted - Possibly,18,"memorandum form; Presidential or NSC principals; narcotics, drug, presidential diplomacy; document text visible in OCR","Verify page image, source folder, and date; compare against the country chronology before print selection.","Source: George H.W. Bush Library, Bush Presidential Records, National Security Council, Latin American Affairs Directorate Files, Subject File 1989, OA/ID CF00194, CF00194-014, Drug / Anti-Narcotics - January 20, 1989-December 31, 1989 [2]. Access restriction: Restricted - Possibly. FOIA 2015-0017-S.",https://s3.dualstack.us-east-1.amazonaws.com/NARAprodstorage/lz/presidential-libraries/bush/gb-nsc/Latin_Amer_Aff_Dir_Files/Subject_376217847/41-bpr-nsc-lat_amer_dir-subj-cf00194-014.pdf,https://catalog.archives.gov/id/470766551
4900,High-priority print candidate,Review,,,,,"_7/25/89 ACTION/CONCURRENCE/COMMENT DUE BY: 12200 NOON, 7/26/89",Action Memo,_SIX MONTHS OF THE BUSH ADMINISTRATION,Latin American Affairs Directorate Subject Files,"Latin America - January 20, 1989-December 31, 1989 [2]",High,72,Restricted - Possibly,4,"memorandum form; Presidential or NSC principals; Latin America, presidential diplomacy, regional policy; document text visible in OCR","Verify page image, source folder, and date; compare against the country chronology before print selection.","Source: George H.W. Bush Library, Bush Presidential Records, National Security Council, Latin American Affairs Directorate Files, Subject File 1989, OA/ID CF00192, CF00192-002, Latin America - January 20, 1989-December 31, 1989 [2]. Access restriction: Restricted - Possibly. FOIA 2015-0017-S.",https://s3.dualstack.us-east-1.amazonaws.com/NARAprodstorage/lz/presidential-libraries/bush/gb-nsc/Latin_Amer_Aff_Dir_Files/Subject_376217847/41-bpr-nsc-lat_amer_dir-subj-cf00192-002.pdf,https://catalog.archives.gov/id/470766497
4900,High-priority print candidate,Review,,,,,. Open..,Memorandum,"From:; "" JOSEPH W. 'HAGIN I",Latin American Affairs Directorate Subject Files,The Columbus Group [Influential South American Businessmen],High,72,Restricted - Possibly,12,"memorandum form; Presidential or NSC principals; South America, Columbus Group, presidential diplomacy; document text visible in OCR","Verify page image, source folder, and date; compare against the country chronology before print selection.","Source: George H.W. Bush Library, Bush Presidential Records, National Security Council, Latin American Affairs Directorate Files, Subject File 1989, OA/ID CF00195, CF00195-011, The Columbus Group [Influential South American Businessmen]. Access restriction: Restricted - Possibly. FOIA 2015-0017-S.",https://s3.dualstack.us-east-1.amazonaws.com/NARAprodstorage/lz/presidential-libraries/bush/gb-nsc/Latin_Amer_Aff_Dir_Files/Subject_376217847/41-bpr-nsc-lat_amer_dir-subj-cf00195-011.pdf,https://catalog.archives.gov/id/470766568
4900,High-priority print candidate,Review,,,,,12/4/89,Memorandum,To: Robert Gates From: David Miller,Latin American Affairs Directorate Subject Files,Andean [Drug] Summit 1989 [2],High,70,Restricted - Possibly,4,"memorandum form; Andean, drug, narcotics; identified on withdrawal sheet","Verify page image, source folder, and date; compare against the country chronology before print selection.","Source: George H.W. Bush Library, Bush Presidential Records, National Security Council, Latin American Affairs Directorate Files, Subject File 1989, OA/ID CF00189, CF00189-003, Andean [Drug] Summit 1989 [2]. Access restriction: Restricted - Possibly. FOIA 2015-0017-S.",https://s3.dualstack.us-east-1.amazonaws.com/NARAprodstorage/lz/presidential-libraries/bush/gb-nsc/Latin_Amer_Aff_Dir_Files/Subject_376217847/41-bpr-nsc-lat_amer_dir-subj-cf00189-003.pdf,https://catalog.archives.gov/id/470766476
4900,High-priority print candidate,Review,,,,,6/11/90,Memorandum,From Meg Lundsager to Brent Scowcroft Re: Briefing Memo on Debt for the President,Timothy E. Deal Subject Files,Latin America [2],High,92,Restricted - Possibly,3,"memorandum form; Presidential or NSC principals; debt and economy, presidential diplomacy, regional policy; identified on withdrawal sheet","Verify page image, source folder, and date; compare against the country chronology before print selection.","Source: George H.W. Bush Library, Bush Presidential Records, National Security Council, Deal, Timothy E., Files, Subject Files, OA/ID CF00964, CF00964-010, Latin America [2]. Access restriction: Restricted - Possibly. FOIA 2023-1227-S.",https://s3.dualstack.us-east-1.amazonaws.com/NARAprodstorage/lz/presidential-libraries/bush/gb-nsc/deal/subject_2554810/41-bpr-nsc-deal-subj-cf00964-010.pdf,https://catalog.archives.gov/id/452050579
4900,High-priority print candidate,Review,,,,,6/14/90,Memorandum,From Nicholas Brady to POTUS Re: The Role of Official Debt Relief in an Economic Initiative for Latin America,Timothy E. Deal Subject Files,Latin America [2],High,80,Restricted - Possibly,2,"memorandum form; Presidential or NSC principals; debt and economy, presidential diplomacy, regional policy; identified on withdrawal sheet","Verify page image, source folder, and date; compare against the country chronology before print selection.","Source: George H.W. Bush Library, Bush Presidential Records, National Security Council, Deal, Timothy E., Files, Subject Files, OA/ID CF00964, CF00964-010, Latin America [2]. Access restriction: Restricted - Possibly. FOIA 2023-1227-S.",https://s3.dualstack.us-east-1.amazonaws.com/NARAprodstorage/lz/presidential-libraries/bush/gb-nsc/deal/subject_2554810/41-bpr-nsc-deal-subj-cf00964-010.pdf,https://catalog.archives.gov/id/452050579
4900,High-priority print candidate,Review,,,,,8/31/89,Memorandum,To: Robert Gates From: David Pacelli/Richard Lamagna,Latin American Affairs Directorate Subject Files,"Drug / Anti-Narcotics - January 20, 1989-December 31, 1989 [1]",High,70,Restricted - Possibly,2,"memorandum form; narcotics, drug; identified on withdrawal sheet","Verify page image, source folder, and date; compare against the country chronology before print selection.","Source: George H.W. Bush Library, Bush Presidential Records, National Security Council, Latin American Affairs Directorate Files, Subject File 1989, OA/ID CF00194, CF00194-013, Drug / Anti-Narcotics - January 20, 1989-December 31, 1989 [1]. Access restriction: Restricted - Possibly. FOIA 2015-0017-S.",https://s3.dualstack.us-east-1.amazonaws.com/NARAprodstorage/lz/presidential-libraries/bush/gb-nsc/Latin_Amer_Aff_Dir_Files/Subject_376217847/41-bpr-nsc-lat_amer_dir-subj-cf00194-013.pdf,https://catalog.archives.gov/id/470766550
4900,High-priority print candidate,Review,,,,,9/7/89,Memorandum,To: Distribution list From: Philip Hughes,Latin American Affairs Directorate Subject Files,"Drug / Anti-Narcotics - January 20, 1989-December 31, 1989 [1]",High,70,Restricted - Possibly,2,"memorandum form; narcotics, drug; identified on withdrawal sheet","Verify page image, source folder, and date; compare against the country chronology before print selection.","Source: George H.W. Bush Library, Bush Presidential Records, National Security Council, Latin American Affairs Directorate Files, Subject File 1989, OA/ID CF00194, CF00194-013, Drug / Anti-Narcotics - January 20, 1989-December 31, 1989 [1]. Access restriction: Restricted - Possibly. FOIA 2015-0017-S.",https://s3.dualstack.us-east-1.amazonaws.com/NARAprodstorage/lz/presidential-libraries/bush/gb-nsc/Latin_Amer_Aff_Dir_Files/Subject_376217847/41-bpr-nsc-lat_amer_dir-subj-cf00194-013.pdf,https://catalog.archives.gov/id/470766550
4900,High-priority print candidate,Review,,,,,"April 28, 1989",Memorandum,Your Meeting Memorandum to the President for His,Latin American Affairs Directorate Subject Files,"Latin America - January 20, 1989-December 31, 1989 [2]",High,72,Restricted - Possibly,124,"memorandum form; Presidential or NSC principals; Latin America, presidential diplomacy, regional policy; document text visible in OCR","Verify page image, source folder, and date; compare against the country chronology before print selection.","Source: George H.W. Bush Library, Bush Presidential Records, National Security Council, Latin American Affairs Directorate Files, Subject File 1989, OA/ID CF00192, CF00192-002, Latin America - January 20, 1989-December 31, 1989 [2]. Access restriction: Restricted - Possibly. FOIA 2015-0017-S.",https://s3.dualstack.us-east-1.amazonaws.com/NARAprodstorage/lz/presidential-libraries/bush/gb-nsc/Latin_Amer_Aff_Dir_Files/Subject_376217847/41-bpr-nsc-lat_amer_dir-subj-cf00192-002.pdf,https://catalog.archives.gov/id/470766497
4900,High-priority print candidate,Review,,,,,"August 11, 1989",Memorandum,Domestic Policy Council Meeting with the,Latin American Affairs Directorate Subject Files,"Drug / Anti-Narcotics - January 20, 1989-December 31, 1989 [2]",High,90,Restricted - Possibly,15,"memorandum form; Presidential or NSC principals; narcotics, drug, presidential diplomacy; document text visible in OCR","Verify page image, source folder, and date; compare against the country chronology before print selection.","Source: George H.W. Bush Library, Bush Presidential Records, National Security Council, Latin American Affairs Directorate Files, Subject File 1989, OA/ID CF00194, CF00194-014, Drug / Anti-Narcotics - January 20, 1989-December 31, 1989 [2]. Access restriction: Restricted - Possibly. FOIA 2015-0017-S.",https://s3.dualstack.us-east-1.amazonaws.com/NARAprodstorage/lz/presidential-libraries/bush/gb-nsc/Latin_Amer_Aff_Dir_Files/Subject_376217847/41-bpr-nsc-lat_amer_dir-subj-cf00194-014.pdf,https://catalog.archives.gov/id/470766551
4900,High-priority print candidate,Review,,,,,"August 14, 1989",Memorandum,Comparison of Director Bennett’s Draft Anti-Drug,Latin American Affairs Directorate Subject Files,"Drug / Anti-Narcotics - January 20, 1989-December 31, 1989 [1]",High,78,Restricted - Possibly,57,"memorandum form; Presidential or NSC principals; narcotics, drug, presidential diplomacy; document text visible in OCR","Verify page image, source folder, and date; compare against the country chronology before print selection.","Source: George H.W. Bush Library, Bush Presidential Records, National Security Council, Latin American Affairs Directorate Files, Subject File 1989, OA/ID CF00194, CF00194-013, Drug / Anti-Narcotics - January 20, 1989-December 31, 1989 [1]. Access restriction: Restricted - Possibly. FOIA 2015-0017-S.",https://s3.dualstack.us-east-1.amazonaws.com/NARAprodstorage/lz/presidential-libraries/bush/gb-nsc/Latin_Amer_Aff_Dir_Files/Subject_376217847/41-bpr-nsc-lat_amer_dir-subj-cf00194-013.pdf,https://catalog.archives.gov/id/470766550
4900,High-priority print candidate,Review,,,,,"August 15, 1989",Memorandum,NATIONAL DRUG CONTROL STRATEGY:,Latin American Affairs Directorate Subject Files,"Drug / Anti-Narcotics - January 20, 1989-December 31, 1989 [1]",High,78,Restricted - Possibly,77,"memorandum form; Presidential or NSC principals; narcotics, drug, presidential diplomacy; document text visible in OCR","Verify page image, source folder, and date; compare against the country chronology before print selection.","Source: George H.W. Bush Library, Bush Presidential Records, National Security Council, Latin American Affairs Directorate Files, Subject File 1989, OA/ID CF00194, CF00194-013, Drug / Anti-Narcotics - January 20, 1989-December 31, 1989 [1]. Access restriction: Restricted - Possibly. FOIA 2015-0017-S.",https://s3.dualstack.us-east-1.amazonaws.com/NARAprodstorage/lz/presidential-libraries/bush/gb-nsc/Latin_Amer_Aff_Dir_Files/Subject_376217847/41-bpr-nsc-lat_amer_dir-subj-cf00194-013.pdf,https://catalog.archives.gov/id/470766550
4900,High-priority print candidate,Review,,,,,"August 29, 1989",Memorandum,President’s Participation in UNGA,Latin American Affairs Directorate Subject Files,"Latin America - January 20, 1989-December 31, 1989 [1]",High,72,Restricted - Possibly,25,"memorandum form; Presidential or NSC principals; Latin America, presidential diplomacy, regional policy; document text visible in OCR","Verify page image, source folder, and date; compare against the country chronology before print selection.","Source: George H.W. Bush Library, Bush Presidential Records, National Security Council, Latin American Affairs Directorate Files, Subject File 1989, OA/ID CF00192, CF00192-001, Latin America - January 20, 1989-December 31, 1989 [1]. Access restriction: Restricted - Possibly. FOIA 2015-0017-S.",https://s3.dualstack.us-east-1.amazonaws.com/NARAprodstorage/lz/presidential-libraries/bush/gb-nsc/Latin_Amer_Aff_Dir_Files/Subject_376217847/41-bpr-nsc-lat_amer_dir-subj-cf00192-001.pdf,https://catalog.archives.gov/id/470766496
4900,High-priority print candidate,Review,,,,,"August 7, 1989",Memorandum,Deputies Committee Meeting Notification,Latin American Affairs Directorate Subject Files,"Drug / Anti-Narcotics - January 20, 1989-December 31, 1989 [2]",High,70,Restricted - Possibly,9,"memorandum form; narcotics, drug; document text visible in OCR","Verify page image, source folder, and date; compare against the country chronology before print selection.","Source: George H.W. Bush Library, Bush Presidential Records, National Security Council, Latin American Affairs Directorate Files, Subject File 1989, OA/ID CF00194, CF00194-014, Drug / Anti-Narcotics - January 20, 1989-December 31, 1989 [2]. Access restriction: Restricted - Possibly. FOIA 2015-0017-S.",https://s3.dualstack.us-east-1.amazonaws.com/NARAprodstorage/lz/presidential-libraries/bush/gb-nsc/Latin_Amer_Aff_Dir_Files/Subject_376217847/41-bpr-nsc-lat_amer_dir-subj-cf00194-014.pdf,https://catalog.archives.gov/id/470766551
4900,High-priority print candidate,Review,,,,,"August 8, 1989",Memorandum,"Sixteenth Meeting of the Domestic Policy Council,",Latin American Affairs Directorate Subject Files,"Drug / Anti-Narcotics - January 20, 1989-December 31, 1989 [2]",High,70,Restricted - Possibly,5,"memorandum form; narcotics, drug; document text visible in OCR","Verify page image, source folder, and date; compare against the country chronology before print selection.","Source: George H.W. Bush Library, Bush Presidential Records, National Security Council, Latin American Affairs Directorate Files, Subject File 1989, OA/ID CF00194, CF00194-014, Drug / Anti-Narcotics - January 20, 1989-December 31, 1989 [2]. Access restriction: Restricted - Possibly. FOIA 2015-0017-S.",https://s3.dualstack.us-east-1.amazonaws.com/NARAprodstorage/lz/presidential-libraries/bush/gb-nsc/Latin_Amer_Aff_Dir_Files/Subject_376217847/41-bpr-nsc-lat_amer_dir-subj-cf00194-014.pdf,https://catalog.archives.gov/id/470766551
4900,High-priority print candidate,Review,,,,,"December 18, 1989",Memorandum,Richard Fairbanks’ Request for a Meeting with You,Latin American Affairs Directorate Subject Files,Latin America Economic Affairs 1989,High,72,Restricted - Possibly,3,"memorandum form; Presidential or NSC principals; Latin America, debt and economy, presidential diplomacy; document text visible in OCR","Verify page image, source folder, and date; compare against the country chronology before print selection.","Source: George H.W. Bush Library, Bush Presidential Records, National Security Council, Latin American Affairs Directorate Files, Subject File 1989, OA/ID CF00196, CF00196-019, Latin America Economic Affairs 1989. Access restriction: Restricted - Possibly. FOIA 2015-0017-S.",https://s3.dualstack.us-east-1.amazonaws.com/NARAprodstorage/lz/presidential-libraries/bush/gb-nsc/Latin_Amer_Aff_Dir_Files/Subject_376217847/41-bpr-nsc-lat_amer_dir-subj-cf00196-019.pdf,https://catalog.archives.gov/id/470766605
4900,High-priority print candidate,Review,,,,,"December 4, 1989",Memorandum,Formal Acceptance of Andean Summit Invitations,Latin American Affairs Directorate Subject Files,Andean [Drug] Summit 1989 [2],High,90,Restricted - Possibly,91,"memorandum form; Presidential or NSC principals; Andean, drug, narcotics; document text visible in OCR","Verify page image, source folder, and date; compare against the country chronology before print selection.","Source: George H.W. Bush Library, Bush Presidential Records, National Security Council, Latin American Affairs Directorate Files, Subject File 1989, OA/ID CF00189, CF00189-003, Andean [Drug] Summit 1989 [2]. Access restriction: Restricted - Possibly. FOIA 2015-0017-S.",https://s3.dualstack.us-east-1.amazonaws.com/NARAprodstorage/lz/presidential-libraries/bush/gb-nsc/Latin_Amer_Aff_Dir_Files/Subject_376217847/41-bpr-nsc-lat_amer_dir-subj-cf00189-003.pdf,https://catalog.archives.gov/id/470766476
4900,High-priority print candidate,Review,,,,,"February 14, 1989",Memorandum,Tokyo Bilaterals - Further Information,Latin American Affairs Directorate Subject Files,Tokyo Bilaterals - Debt [1989],High,90,Restricted - Possibly,3,"memorandum form; Presidential or NSC principals; debt, debt and economy, presidential diplomacy; document text visible in OCR","Verify page image, source folder, and date; compare against the country chronology before print selection.","Source: George H.W. Bush Library, Bush Presidential Records, National Security Council, Latin American Affairs Directorate Files, Subject File 1989, OA/ID CF00193, CF00193-013, Tokyo Bilaterals - Debt [1989]. Access restriction: Restricted - Possibly. FOIA 2015-0017-S.",https://s3.dualstack.us-east-1.amazonaws.com/NARAprodstorage/lz/presidential-libraries/bush/gb-nsc/Latin_Amer_Aff_Dir_Files/Subject_376217847/41-bpr-nsc-lat_amer_dir-subj-cf00193-013.pdf,https://catalog.archives.gov/id/470766528
4900,High-priority print candidate,Review,,,,,"February 19, 1989",Memorandum,Presidential Certifications for,Latin American Affairs Directorate Subject Files,"Drug / Anti-Narcotics - January 20, 1989-December 31, 1989 [4]",High,78,Restricted - Possibly,49,"memorandum form; Presidential or NSC principals; narcotics, drug, presidential diplomacy; document text visible in OCR","Verify page image, source folder, and date; compare against the country chronology before print selection.","Source: George H.W. Bush Library, Bush Presidential Records, National Security Council, Latin American Affairs Directorate Files, Subject File 1989, OA/ID CF00194, CF00194-016, Drug / Anti-Narcotics - January 20, 1989-December 31, 1989 [4]. Access restriction: Restricted - Possibly. FOIA 2015-0017-S.",https://s3.dualstack.us-east-1.amazonaws.com/NARAprodstorage/lz/presidential-libraries/bush/gb-nsc/Latin_Amer_Aff_Dir_Files/Subject_376217847/41-bpr-nsc-lat_amer_dir-subj-cf00194-016.pdf,https://catalog.archives.gov/id/470766553
4900,High-priority print candidate,Review,,,,,"February 21, 1989",Memorandum,Certification of Narcotics Source Countries,Latin American Affairs Directorate Subject Files,"Drug / Anti-Narcotics - January 20, 1989-December 31, 1989 [4]",High,90,Restricted - Possibly,48,"memorandum form; Presidential or NSC principals; narcotics, drug, presidential diplomacy; document text visible in OCR","Verify page image, source folder, and date; compare against the country chronology before print selection.","Source: George H.W. Bush Library, Bush Presidential Records, National Security Council, Latin American Affairs Directorate Files, Subject File 1989, OA/ID CF00194, CF00194-016, Drug / Anti-Narcotics - January 20, 1989-December 31, 1989 [4]. Access restriction: Restricted - Possibly. FOIA 2015-0017-S.",https://s3.dualstack.us-east-1.amazonaws.com/NARAprodstorage/lz/presidential-libraries/bush/gb-nsc/Latin_Amer_Aff_Dir_Files/Subject_376217847/41-bpr-nsc-lat_amer_dir-subj-cf00194-016.pdf,https://catalog.archives.gov/id/470766553
4900,High-priority print candidate,Review,,,,,"February 22, 1989",Memorandum,Reply to President Arias’ Letter on Narcotics,Latin American Affairs Directorate Subject Files,"Drug / Anti-Narcotics - January 20, 1989-December 31, 1989 [4]",High,78,Restricted - Possibly,94,"memorandum form; Presidential or NSC principals; narcotics, drug, presidential diplomacy; document text visible in OCR","Verify page image, source folder, and date; compare against the country chronology before print selection.","Source: George H.W. Bush Library, Bush Presidential Records, National Security Council, Latin American Affairs Directorate Files, Subject File 1989, OA/ID CF00194, CF00194-016, Drug / Anti-Narcotics - January 20, 1989-December 31, 1989 [4]. Access restriction: Restricted - Possibly. FOIA 2015-0017-S.",https://s3.dualstack.us-east-1.amazonaws.com/NARAprodstorage/lz/presidential-libraries/bush/gb-nsc/Latin_Amer_Aff_Dir_Files/Subject_376217847/41-bpr-nsc-lat_amer_dir-subj-cf00194-016.pdf,https://catalog.archives.gov/id/470766553
4900,High-priority print candidate,Review,,,,,"February 24, 1989",Memorandum,From: JOSEPH W. HAGIN II,Latin American Affairs Directorate Subject Files,"Latin America - General - January 20, 1989-December 31, 1989 [1]",High,72,Restricted - Possibly,75,"memorandum form; Presidential or NSC principals; Latin America, presidential diplomacy, regional policy; document text visible in OCR","Verify page image, source folder, and date; compare against the country chronology before print selection.","Source: George H.W. Bush Library, Bush Presidential Records, National Security Council, Latin American Affairs Directorate Files, Subject File 1989, OA/ID CF00196, CF00196-020, Latin America - General - January 20, 1989-December 31, 1989 [1]. Access restriction: Restricted - Possibly. FOIA 2015-0017-S.",https://s3.dualstack.us-east-1.amazonaws.com/NARAprodstorage/lz/presidential-libraries/bush/gb-nsc/Latin_Amer_Aff_Dir_Files/Subject_376217847/41-bpr-nsc-lat_amer_dir-subj-cf00196-020.pdf,https://catalog.archives.gov/id/470766606
4900,High-priority print candidate,Review,,,,,"February 28, 1992",Memorandum,Markup on Foreign Operations Appropriation Bill,Timothy E. Deal Subject Files,Enterprise for the Americas Initiative (EAI),High,92,Restricted - Possibly,25,"memorandum form; Presidential or NSC principals; enterprise for the americas, debt and economy, presidential diplomacy; document text visible in OCR","Verify page image, source folder, and date; compare against the country chronology before print selection.","Source: George H.W. Bush Library, Bush Presidential Records, National Security Council, Deal, Timothy E., Files, Subject Files, OA/ID CF00962, CF00962-019, Enterprise for the Americas Initiative (EAI). Access restriction: Restricted - Possibly. FOIA 2023-1227-S.",https://s3.dualstack.us-east-1.amazonaws.com/NARAprodstorage/lz/presidential-libraries/bush/gb-nsc/deal/subject_2554810/41-bpr-nsc-deal-subj-cf00962-019.pdf,https://catalog.archives.gov/id/452050545
4900,High-priority print candidate,Review,,,,,"fepruary 24, 1989",Memorandum,From: JOSEPH W. HAGIN II,Latin American Affairs Directorate Subject Files,"Latin America - General - January 20, 1989-December 31, 1989 [1]",High,72,Restricted - Possibly,76,"memorandum form; Presidential or NSC principals; Latin America, presidential diplomacy, regional policy; document text visible in OCR","Verify page image, source folder, and date; compare against the country chronology before print selection.","Source: George H.W. Bush Library, Bush Presidential Records, National Security Council, Latin American Affairs Directorate Files, Subject File 1989, OA/ID CF00196, CF00196-020, Latin America - General - January 20, 1989-December 31, 1989 [1]. Access restriction: Restricted - Possibly. FOIA 2015-0017-S.",https://s3.dualstack.us-east-1.amazonaws.com/NARAprodstorage/lz/presidential-libraries/bush/gb-nsc/Latin_Amer_Aff_Dir_Files/Subject_376217847/41-bpr-nsc-lat_amer_dir-subj-cf00196-020.pdf,https://catalog.archives.gov/id/470766606
4900,High-priority print candidate,Review,,,,,"howaney 24, 1989",Memorandum,From: JOSEPH W. HAGIN II,Latin American Affairs Directorate Subject Files,"Latin America - General - January 20, 1989-December 31, 1989 [1]",High,72,Restricted - Possibly,24,"memorandum form; Presidential or NSC principals; Latin America, presidential diplomacy, regional policy; document text visible in OCR","Verify page image, source folder, and date; compare against the country chronology before print selection.","Source: George H.W. Bush Library, Bush Presidential Records, National Security Council, Latin American Affairs Directorate Files, Subject File 1989, OA/ID CF00196, CF00196-020, Latin America - General - January 20, 1989-December 31, 1989 [1]. Access restriction: Restricted - Possibly. FOIA 2015-0017-S.",https://s3.dualstack.us-east-1.amazonaws.com/NARAprodstorage/lz/presidential-libraries/bush/gb-nsc/Latin_Amer_Aff_Dir_Files/Subject_376217847/41-bpr-nsc-lat_amer_dir-subj-cf00196-020.pdf,https://catalog.archives.gov/id/470766606
4900,High-priority print candidate,Review,,,,,"January 22, 1992",Briefing Paper,BACKGROUND PAPER ON ENTERPRISE FOR THE AMERICAS INITIATIVE SUBJECT. ACTION FYI ACTION = FYI,Timothy E. Deal Subject Files,Enterprise for the Americas Initiative (EAI),High,100,Restricted - Possibly,7,"Presidential or NSC principals; enterprise for the americas, debt and economy, presidential diplomacy; document text visible in OCR","Verify page image, source folder, and date; compare against the country chronology before print selection.","Source: George H.W. Bush Library, Bush Presidential Records, National Security Council, Deal, Timothy E., Files, Subject Files, OA/ID CF00962, CF00962-019, Enterprise for the Americas Initiative (EAI). Access restriction: Restricted - Possibly. FOIA 2023-1227-S.",https://s3.dualstack.us-east-1.amazonaws.com/NARAprodstorage/lz/presidential-libraries/bush/gb-nsc/deal/subject_2554810/41-bpr-nsc-deal-subj-cf00962-019.pdf,https://catalog.archives.gov/id/452050545
4900,High-priority print candidate,Review,,,,,"July 3, 1989",Memorandum,The President’s Bilateral Contacts in Paris,Latin American Affairs Directorate Subject Files,"Latin America - January 20, 1989-December 31, 1989 [2]",High,72,Restricted - Possibly,104,"memorandum form; Presidential or NSC principals; Latin America, presidential diplomacy, regional policy; document text visible in OCR","Verify page image, source folder, and date; compare against the country chronology before print selection.","Source: George H.W. Bush Library, Bush Presidential Records, National Security Council, Latin American Affairs Directorate Files, Subject File 1989, OA/ID CF00192, CF00192-002, Latin America - January 20, 1989-December 31, 1989 [2]. Access restriction: Restricted - Possibly. FOIA 2015-0017-S.",https://s3.dualstack.us-east-1.amazonaws.com/NARAprodstorage/lz/presidential-libraries/bush/gb-nsc/Latin_Amer_Aff_Dir_Files/Subject_376217847/41-bpr-nsc-lat_amer_dir-subj-cf00192-002.pdf,https://catalog.archives.gov/id/470766497
4900,High-priority print candidate,Review,,,,,"July 31, 1989",Memorandum,BRIEFING FOR WOMEN OF THE HEMISPHERE ACHIEVING,Latin American Affairs Directorate Subject Files,"Latin America - January 20, 1989-December 31, 1989 [1]",High,72,Restricted - Possibly,77,"memorandum form; Presidential or NSC principals; Latin America, presidential diplomacy, regional policy; document text visible in OCR","Verify page image, source folder, and date; compare against the country chronology before print selection.","Source: George H.W. Bush Library, Bush Presidential Records, National Security Council, Latin American Affairs Directorate Files, Subject File 1989, OA/ID CF00192, CF00192-001, Latin America - January 20, 1989-December 31, 1989 [1]. Access restriction: Restricted - Possibly. FOIA 2015-0017-S.",https://s3.dualstack.us-east-1.amazonaws.com/NARAprodstorage/lz/presidential-libraries/bush/gb-nsc/Latin_Amer_Aff_Dir_Files/Subject_376217847/41-bpr-nsc-lat_amer_dir-subj-cf00192-001.pdf,https://catalog.archives.gov/id/470766496
4900,High-priority print candidate,Review,,,,,"June 15, 1989",Memorandum,Reply to Letter from The Columbus Group Inc.,Latin American Affairs Directorate Subject Files,The Columbus Group [Influential South American Businessmen],High,72,Restricted - Possibly,9,"memorandum form; Presidential or NSC principals; South America, Columbus Group, presidential diplomacy; document text visible in OCR","Verify page image, source folder, and date; compare against the country chronology before print selection.","Source: George H.W. Bush Library, Bush Presidential Records, National Security Council, Latin American Affairs Directorate Files, Subject File 1989, OA/ID CF00195, CF00195-011, The Columbus Group [Influential South American Businessmen]. Access restriction: Restricted - Possibly. FOIA 2015-0017-S.",https://s3.dualstack.us-east-1.amazonaws.com/NARAprodstorage/lz/presidential-libraries/bush/gb-nsc/Latin_Amer_Aff_Dir_Files/Subject_376217847/41-bpr-nsc-lat_amer_dir-subj-cf00195-011.pdf,https://catalog.archives.gov/id/470766568
4900,High-priority print candidate,Review,,,,,"June 20, 1989",Memorandum,Recommendations for Presidential Bilateral Meetings,Latin American Affairs Directorate Subject Files,"Latin America - January 20, 1989-December 31, 1989 [2]",High,72,Restricted - Possibly,100,"memorandum form; Presidential or NSC principals; Latin America, debt and economy, presidential diplomacy; document text visible in OCR","Verify page image, source folder, and date; compare against the country chronology before print selection.","Source: George H.W. Bush Library, Bush Presidential Records, National Security Council, Latin American Affairs Directorate Files, Subject File 1989, OA/ID CF00192, CF00192-002, Latin America - January 20, 1989-December 31, 1989 [2]. Access restriction: Restricted - Possibly. FOIA 2015-0017-S.",https://s3.dualstack.us-east-1.amazonaws.com/NARAprodstorage/lz/presidential-libraries/bush/gb-nsc/Latin_Amer_Aff_Dir_Files/Subject_376217847/41-bpr-nsc-lat_amer_dir-subj-cf00192-002.pdf,https://catalog.archives.gov/id/470766497
4900,High-priority print candidate,Review,,,,,"March 10, 1989",Memorandum,Reply to Letter from General Wickham,Latin American Affairs Directorate Subject Files,"Drug / Anti-Narcotics - January 20, 1989-December 31, 1989 [4]",High,90,Restricted - Possibly,18,"memorandum form; Presidential or NSC principals; narcotics, drug, presidential diplomacy; document text visible in OCR","Verify page image, source folder, and date; compare against the country chronology before print selection.","Source: George H.W. Bush Library, Bush Presidential Records, National Security Council, Latin American Affairs Directorate Files, Subject File 1989, OA/ID CF00194, CF00194-016, Drug / Anti-Narcotics - January 20, 1989-December 31, 1989 [4]. Access restriction: Restricted - Possibly. FOIA 2015-0017-S.",https://s3.dualstack.us-east-1.amazonaws.com/NARAprodstorage/lz/presidential-libraries/bush/gb-nsc/Latin_Amer_Aff_Dir_Files/Subject_376217847/41-bpr-nsc-lat_amer_dir-subj-cf00194-016.pdf,https://catalog.archives.gov/id/470766553
4900,High-priority print candidate,Review,,,,,"March 2, 1992",Memorandum,Enterprise for the Americas (EAI) Strategy Meeting,Timothy E. Deal Subject Files,Enterprise for the Americas Initiative (EAI),High,92,Restricted - Possibly,21,"memorandum form; Presidential or NSC principals; enterprise for the americas, debt and economy, presidential diplomacy; document text visible in OCR","Verify page image, source folder, and date; compare against the country chronology before print selection.","Source: George H.W. Bush Library, Bush Presidential Records, National Security Council, Deal, Timothy E., Files, Subject Files, OA/ID CF00962, CF00962-019, Enterprise for the Americas Initiative (EAI). Access restriction: Restricted - Possibly. FOIA 2023-1227-S.",https://s3.dualstack.us-east-1.amazonaws.com/NARAprodstorage/lz/presidential-libraries/bush/gb-nsc/deal/subject_2554810/41-bpr-nsc-deal-subj-cf00962-019.pdf,https://catalog.archives.gov/id/452050545
4900,High-priority print candidate,Review,,,,,"March 21, 1989",Memorandum,President's Reply to Costa Rican President Oscar,Latin American Affairs Directorate Subject Files,"Drug / Anti-Narcotics - January 20, 1989-December 31, 1989 [4]",High,78,Restricted - Possibly,98,"memorandum form; Presidential or NSC principals; narcotics, drug, presidential diplomacy; document text visible in OCR","Verify page image, source folder, and date; compare against the country chronology before print selection.","Source: George H.W. Bush Library, Bush Presidential Records, National Security Council, Latin American Affairs Directorate Files, Subject File 1989, OA/ID CF00194, CF00194-016, Drug / Anti-Narcotics - January 20, 1989-December 31, 1989 [4]. Access restriction: Restricted - Possibly. FOIA 2015-0017-S.",https://s3.dualstack.us-east-1.amazonaws.com/NARAprodstorage/lz/presidential-libraries/bush/gb-nsc/Latin_Amer_Aff_Dir_Files/Subject_376217847/41-bpr-nsc-lat_amer_dir-subj-cf00194-016.pdf,https://catalog.archives.gov/id/470766553
4900,High-priority print candidate,Review,,,,,"March 23, 1989",Memorandum,Reply to President Arias’ Letter on Narcotics,Latin American Affairs Directorate Subject Files,"Drug / Anti-Narcotics - January 20, 1989-December 31, 1989 [4]",High,78,Restricted - Possibly,93,"memorandum form; Presidential or NSC principals; narcotics, drug, presidential diplomacy; document text visible in OCR","Verify page image, source folder, and date; compare against the country chronology before print selection.","Source: George H.W. Bush Library, Bush Presidential Records, National Security Council, Latin American Affairs Directorate Files, Subject File 1989, OA/ID CF00194, CF00194-016, Drug / Anti-Narcotics - January 20, 1989-December 31, 1989 [4]. Access restriction: Restricted - Possibly. FOIA 2015-0017-S.",https://s3.dualstack.us-east-1.amazonaws.com/NARAprodstorage/lz/presidential-libraries/bush/gb-nsc/Latin_Amer_Aff_Dir_Files/Subject_376217847/41-bpr-nsc-lat_amer_dir-subj-cf00194-016.pdf,https://catalog.archives.gov/id/470766553
4900,High-priority print candidate,Review,,,,,"May 1, 1989",Memorandum,"© EPC Meeting, Tuesday, May 2, 2 P.M.,",Latin American Affairs Directorate Subject Files,Latin America Economic Affairs 1989,High,72,Restricted - Possibly,13,"memorandum form; Presidential or NSC principals; Latin America, debt and economy, presidential diplomacy; document text visible in OCR","Verify page image, source folder, and date; compare against the country chronology before print selection.","Source: George H.W. Bush Library, Bush Presidential Records, National Security Council, Latin American Affairs Directorate Files, Subject File 1989, OA/ID CF00196, CF00196-019, Latin America Economic Affairs 1989. Access restriction: Restricted - Possibly. FOIA 2015-0017-S.",https://s3.dualstack.us-east-1.amazonaws.com/NARAprodstorage/lz/presidential-libraries/bush/gb-nsc/Latin_Amer_Aff_Dir_Files/Subject_376217847/41-bpr-nsc-lat_amer_dir-subj-cf00196-019.pdf,https://catalog.archives.gov/id/470766605
4900,High-priority print candidate,Review,,,,,"May 15, 1989",Memorandum,"EPC Meeting on “Super 301"" Trade Actions,",Latin American Affairs Directorate Subject Files,"Latin America - January 20, 1989-December 31, 1989 [2]",High,72,Restricted - Possibly,107,"memorandum form; Presidential or NSC principals; Latin America, debt and economy, presidential diplomacy; document text visible in OCR","Verify page image, source folder, and date; compare against the country chronology before print selection.","Source: George H.W. Bush Library, Bush Presidential Records, National Security Council, Latin American Affairs Directorate Files, Subject File 1989, OA/ID CF00192, CF00192-002, Latin America - January 20, 1989-December 31, 1989 [2]. Access restriction: Restricted - Possibly. FOIA 2015-0017-S.",https://s3.dualstack.us-east-1.amazonaws.com/NARAprodstorage/lz/presidential-libraries/bush/gb-nsc/Latin_Amer_Aff_Dir_Files/Subject_376217847/41-bpr-nsc-lat_amer_dir-subj-cf00192-002.pdf,https://catalog.archives.gov/id/470766497
4900,High-priority print candidate,Review,,,,,"May 16, 1989",Memorandum,From: JOSEPH W. HAGIN II,Latin American Affairs Directorate Subject Files,Latin America - Business Groups,High,72,Restricted - Possibly,3,"memorandum form; Presidential or NSC principals; Latin America, business groups, presidential diplomacy; document text visible in OCR","Verify page image, source folder, and date; compare against the country chronology before print selection.","Source: George H.W. Bush Library, Bush Presidential Records, National Security Council, Latin American Affairs Directorate Files, Subject File 1989, OA/ID CF00192, CF00192-003, Latin America - Business Groups. Access restriction: Restricted - Possibly. FOIA 2015-0017-S.",https://s3.dualstack.us-east-1.amazonaws.com/NARAprodstorage/lz/presidential-libraries/bush/gb-nsc/Latin_Amer_Aff_Dir_Files/Subject_376217847/41-bpr-nsc-lat_amer_dir-subj-cf00192-003.pdf,https://catalog.archives.gov/id/470766498
4900,High-priority print candidate,Review,,,,,"May 5, 1989",Memorandum,Proposed Letter From the President to President,Latin American Affairs Directorate Subject Files,"Drug / Anti-Narcotics - January 20, 1989-December 31, 1989 [3]",High,78,Restricted - Possibly,79,"memorandum form; Presidential or NSC principals; narcotics, drug, presidential diplomacy; document text visible in OCR","Verify page image, source folder, and date; compare against the country chronology before print selection.","Source: George H.W. Bush Library, Bush Presidential Records, National Security Council, Latin American Affairs Directorate Files, Subject File 1989, OA/ID CF00194, CF00194-015, Drug / Anti-Narcotics - January 20, 1989-December 31, 1989 [3]. Access restriction: Restricted - Possibly. FOIA 2015-0017-S.",https://s3.dualstack.us-east-1.amazonaws.com/NARAprodstorage/lz/presidential-libraries/bush/gb-nsc/Latin_Amer_Aff_Dir_Files/Subject_376217847/41-bpr-nsc-lat_amer_dir-subj-cf00194-015.pdf,https://catalog.archives.gov/id/470766552
4900,High-priority print candidate,Review,,,,,"May 9, 1989",Memorandum,Background Material and Points to be Made for the,Latin American Affairs Directorate Subject Files,Latin America - Business Groups,High,72,Restricted - Possibly,6,"memorandum form; Presidential or NSC principals; Latin America, business groups, presidential diplomacy; document text visible in OCR","Verify page image, source folder, and date; compare against the country chronology before print selection.","Source: George H.W. Bush Library, Bush Presidential Records, National Security Council, Latin American Affairs Directorate Files, Subject File 1989, OA/ID CF00192, CF00192-003, Latin America - Business Groups. Access restriction: Restricted - Possibly. FOIA 2015-0017-S.",https://s3.dualstack.us-east-1.amazonaws.com/NARAprodstorage/lz/presidential-libraries/bush/gb-nsc/Latin_Amer_Aff_Dir_Files/Subject_376217847/41-bpr-nsc-lat_amer_dir-subj-cf00192-003.pdf,https://catalog.archives.gov/id/470766498
4900,High-priority print candidate,Review,,,,,n.d.,Memorandum,To: Distribution list From: Philip Hughes,Latin American Affairs Directorate Subject Files,"Drug / Anti-Narcotics - January 20, 1989-December 31, 1989 [2]",High,70,Restricted - Possibly,2,"memorandum form; narcotics, drug; identified on withdrawal sheet","Verify page image, source folder, and date; compare against the country chronology before print selection.","Source: George H.W. Bush Library, Bush Presidential Records, National Security Council, Latin American Affairs Directorate Files, Subject File 1989, OA/ID CF00194, CF00194-014, Drug / Anti-Narcotics - January 20, 1989-December 31, 1989 [2]. Access restriction: Restricted - Possibly. FOIA 2015-0017-S.",https://s3.dualstack.us-east-1.amazonaws.com/NARAprodstorage/lz/presidential-libraries/bush/gb-nsc/Latin_Amer_Aff_Dir_Files/Subject_376217847/41-bpr-nsc-lat_amer_dir-subj-cf00194-014.pdf,https://catalog.archives.gov/id/470766551
4900,High-priority print candidate,Review,,,,,"November 7, 1989",Memorandum,Deputies Committee Discussion Paper re Andean,Latin American Affairs Directorate Subject Files,Andean [Drug] Summit 1989 [1],High,70,Restricted - Possibly,97,"memorandum form; Andean, drug, narcotics; document text visible in OCR","Verify page image, source folder, and date; compare against the country chronology before print selection.","Source: George H.W. Bush Library, Bush Presidential Records, National Security Council, Latin American Affairs Directorate Files, Subject File 1989, OA/ID CF00189, CF00189-002, Andean [Drug] Summit 1989 [1]. Access restriction: Restricted - Possibly. FOIA 2015-0017-S.",https://s3.dualstack.us-east-1.amazonaws.com/NARAprodstorage/lz/presidential-libraries/bush/gb-nsc/Latin_Amer_Aff_Dir_Files/Subject_376217847/41-bpr-nsc-lat_amer_dir-subj-cf00189-002.pdf,https://catalog.archives.gov/id/470766475
4900,High-priority print candidate,Review,,,,,"November 8, 1989",Memorandum,Deputies Committee Discussjon Paper,Latin American Affairs Directorate Subject Files,Andean [Drug] Summit 1989 [1],High,90,Restricted - Possibly,91,"memorandum form; Presidential or NSC principals; Andean, drug, narcotics; document text visible in OCR","Verify page image, source folder, and date; compare against the country chronology before print selection.","Source: George H.W. Bush Library, Bush Presidential Records, National Security Council, Latin American Affairs Directorate Files, Subject File 1989, OA/ID CF00189, CF00189-002, Andean [Drug] Summit 1989 [1]. Access restriction: Restricted - Possibly. FOIA 2015-0017-S.",https://s3.dualstack.us-east-1.amazonaws.com/NARAprodstorage/lz/presidential-libraries/bush/gb-nsc/Latin_Amer_Aff_Dir_Files/Subject_376217847/41-bpr-nsc-lat_amer_dir-subj-cf00189-002.pdf,https://catalog.archives.gov/id/470766475
4900,High-priority print candidate,Review,,,,,"November 9, 1989",Memorandum,Conclusions of PCC Meeting on Andean Countries,Latin American Affairs Directorate Subject Files,Andean [Drug] Summit 1989 [1],High,90,Restricted - Possibly,20,"memorandum form; Presidential or NSC principals; Andean, drug, narcotics; document text visible in OCR","Verify page image, source folder, and date; compare against the country chronology before print selection.","Source: George H.W. Bush Library, Bush Presidential Records, National Security Council, Latin American Affairs Directorate Files, Subject File 1989, OA/ID CF00189, CF00189-002, Andean [Drug] Summit 1989 [1]. Access restriction: Restricted - Possibly. FOIA 2015-0017-S.",https://s3.dualstack.us-east-1.amazonaws.com/NARAprodstorage/lz/presidential-libraries/bush/gb-nsc/Latin_Amer_Aff_Dir_Files/Subject_376217847/41-bpr-nsc-lat_amer_dir-subj-cf00189-002.pdf,https://catalog.archives.gov/id/470766475
4900,High-priority print candidate,Review,,,,,"October 18, 1989",Memorandum,Letters to President Joaquin Balaguer Dominican,Latin American Affairs Directorate Subject Files,"Drug / Anti-Narcotics - January 20, 1989-December 31, 1989 [3]",High,78,Restricted - Possibly,74,"memorandum form; Presidential or NSC principals; narcotics, drug, presidential diplomacy; document text visible in OCR","Verify page image, source folder, and date; compare against the country chronology before print selection.","Source: George H.W. Bush Library, Bush Presidential Records, National Security Council, Latin American Affairs Directorate Files, Subject File 1989, OA/ID CF00194, CF00194-015, Drug / Anti-Narcotics - January 20, 1989-December 31, 1989 [3]. Access restriction: Restricted - Possibly. FOIA 2015-0017-S.",https://s3.dualstack.us-east-1.amazonaws.com/NARAprodstorage/lz/presidential-libraries/bush/gb-nsc/Latin_Amer_Aff_Dir_Files/Subject_376217847/41-bpr-nsc-lat_amer_dir-subj-cf00194-015.pdf,https://catalog.archives.gov/id/470766552
4900,High-priority print candidate,Review,,,,,"October 23, 1989",Memorandum,Draft Remarks for Use by President Bush at the,Latin American Affairs Directorate Subject Files,"Latin America - January 20, 1989-December 31, 1989 [1]",High,72,Restricted - Possibly,5,"memorandum form; Presidential or NSC principals; Latin America, presidential diplomacy, regional policy; document text visible in OCR","Verify page image, source folder, and date; compare against the country chronology before print selection.","Source: George H.W. Bush Library, Bush Presidential Records, National Security Council, Latin American Affairs Directorate Files, Subject File 1989, OA/ID CF00192, CF00192-001, Latin America - January 20, 1989-December 31, 1989 [1]. Access restriction: Restricted - Possibly. FOIA 2015-0017-S.",https://s3.dualstack.us-east-1.amazonaws.com/NARAprodstorage/lz/presidential-libraries/bush/gb-nsc/Latin_Amer_Aff_Dir_Files/Subject_376217847/41-bpr-nsc-lat_amer_dir-subj-cf00192-001.pdf,https://catalog.archives.gov/id/470766496
4900,High-priority print candidate,Review,,,,,"October 24, 1989",Memorandum,Presidential Interview with Latin American,Latin American Affairs Directorate Subject Files,"Latin America - January 20, 1989-December 31, 1989 [1]",High,72,Restricted - Possibly,21,"memorandum form; Presidential or NSC principals; Latin America, presidential diplomacy, regional policy; document text visible in OCR","Verify page image, source folder, and date; compare against the country chronology before print selection.","Source: George H.W. Bush Library, Bush Presidential Records, National Security Council, Latin American Affairs Directorate Files, Subject File 1989, OA/ID CF00192, CF00192-001, Latin America - January 20, 1989-December 31, 1989 [1]. Access restriction: Restricted - Possibly. FOIA 2015-0017-S.",https://s3.dualstack.us-east-1.amazonaws.com/NARAprodstorage/lz/presidential-libraries/bush/gb-nsc/Latin_Amer_Aff_Dir_Files/Subject_376217847/41-bpr-nsc-lat_amer_dir-subj-cf00192-001.pdf,https://catalog.archives.gov/id/470766496
4900,High-priority print candidate,Review,,,,,"October 29, 1989",Memorandum,S/S 8325137 8689,Latin American Affairs Directorate Subject Files,Andean [Drug] Summit 1989 [2],High,90,Restricted - Possibly,50,"memorandum form; Presidential or NSC principals; Andean, drug, narcotics; document text visible in OCR","Verify page image, source folder, and date; compare against the country chronology before print selection.","Source: George H.W. Bush Library, Bush Presidential Records, National Security Council, Latin American Affairs Directorate Files, Subject File 1989, OA/ID CF00189, CF00189-003, Andean [Drug] Summit 1989 [2]. Access restriction: Restricted - Possibly. FOIA 2015-0017-S.",https://s3.dualstack.us-east-1.amazonaws.com/NARAprodstorage/lz/presidential-libraries/bush/gb-nsc/Latin_Amer_Aff_Dir_Files/Subject_376217847/41-bpr-nsc-lat_amer_dir-subj-cf00189-003.pdf,https://catalog.archives.gov/id/470766476
4900,High-priority print candidate,Review,,,,,"pepruary 24, 1989",Memorandum,From: JOSEPH W. HAGIN II,Latin American Affairs Directorate Subject Files,"Latin America - General - January 20, 1989-December 31, 1989 [1]",High,72,Restricted - Possibly,78,"memorandum form; Presidential or NSC principals; Latin America, presidential diplomacy, regional policy; document text visible in OCR","Verify page image, source folder, and date; compare against the country chronology before print selection.","Source: George H.W. Bush Library, Bush Presidential Records, National Security Council, Latin American Affairs Directorate Files, Subject File 1989, OA/ID CF00196, CF00196-020, Latin America - General - January 20, 1989-December 31, 1989 [1]. Access restriction: Restricted - Possibly. FOIA 2015-0017-S.",https://s3.dualstack.us-east-1.amazonaws.com/NARAprodstorage/lz/presidential-libraries/bush/gb-nsc/Latin_Amer_Aff_Dir_Files/Subject_376217847/41-bpr-nsc-lat_amer_dir-subj-cf00196-020.pdf,https://catalog.archives.gov/id/470766606
