chapter_number,country,year,country_risk_level,country_risk_score,coverage_signal,compiler_action,private_record_count,private_page_count,partial_private_records,private_source_mix,private_record_titles,print_candidate_count,high_priority_print_candidates,medium_priority_print_candidates,undated_or_out_of_scope_country_print_candidates,undated_or_out_of_scope_high_priority_print_candidates,print_source_mix,top_print_leads,public_statement_count,public_statement_titles,daily_diary_reference_count,linked_daily_diary_references,daily_diary_reference_titles,recommended_country_actions,risk_signals
1,Argentina,1989,Monitor,26,"Private record present; high print pressure",Triage high-priority leads against the verified private records for possible print additions or annotations.,5,26,0,"Presidential Telcon Files: 3; Presidential Memcon Files: 1; Scowcroft extract: 1","1989-01-23 - Telcon - Telephone Call from the President to President Alfonsin of Argentina, January 23, 1989; 1989-05-13 - Telcon - The President's Telephone Conversation with Argentine President Raul Alfonsin, May 13, 1989; 1989-09-27 - Memcon - Meeting with President Carlos Menem of Argentina; 1989-09-27 - Memcon - Meeting with President Carlos Menem of Argentina, September 27, 1989; 1989-12-20 - Telcon - Telephone Conversation with President Menem of Argentina, December 20, 1989",101,69,30,36,17,"Latin American Affairs Directorate Subject Files: 55; Latin American Directorate Chronological Files: 46","February 9, 1989 - High - 90 - Letter from President Alfonsin Requesting; February 9, 1989 - High - 90 - Letter from President Alfonsin Requesting; February 13, 1989 - High - 90 - Letter to President Alfonsin of Argentina; April 5, 1989 - High - 90 - Lette rom Laurence W. Levine Regarding Argentine; April 27, 1989 - High - 90 - Your Meeting with Rodolfo Terragano and Felix; May 8, 1989 - High - 90 - PCC Meeting on Argentina; May 14, 1989 - High - 90 - Letter to President Alfonsin of Argentina; June 27, 1989 - High - 90 - Attendance at Argentine Inauguration; July 5, 1989 - High - 90 - Letter from President Bush to Argentine President; July 5, 1989 - High - 90 - Letter from President Bush to Argentine President",4,"1989-03-17 - Nomination of Terence A. Todman To Be United States Ambassador to Argentina; 1989-06-01 - Remarks and a Question-and-Answer Session Following Discussions With Prime Minister Margaret Thatcher in London; 1989-06-30 - Remarks Announcing the Proposed Constitutional Amendment on Desecration of the Flag; 1989-09-27 - Statement by Press Secretary Fitzwater on President Bush's Meeting With President Carlos Saul Menem of Argentina",24,9,"1989-01-23 - Presidential Daily Backup - [Presidential Daily Backup] 1/23/1989; 1989-01-23 - Presidential Daily Diary - [Presidential Daily Diary] 1/23/1989 [EMPTY]; 1989-05-11 - Presidential Daily Backup - [Presidential Daily Backup] 5/11/1989; 1989-05-11 - Presidential Daily Diary - [Presidential Daily Diary] 5/11/1989; 1989-05-13 - Presidential Daily Backup - [Presidential Daily Backup] 5/13/1989; 1989-05-13 - Presidential Daily Diary - [Presidential Daily Diary] 5/13/1989; 1989-06-08 - Presidential Daily Backup - [Presidential Daily Backup] 6/8/1989; 1989-06-08 - Presidential Daily Diary - [Presidential Daily Diary] 6/8/1989; 1989-06-21 - Presidential Daily Backup - [Presidential Daily Backup] 6/21/1989; 1989-06-30 - Presidential Daily Backup - [Presidential Daily Backup] 6/30/1989","Flag partial releases for possible replacement, re-review, or annotation.","87 high-priority print leads require triage.; 1 private record(s) are partial releases."
1,Argentina,1990,Monitor,26,Coverage present,Use existing private records as the anchor and scan leads only for annotation or missing-decision context.,7,31,0,"Scowcroft extract: 3; Presidential Memcon Files: 2; Presidential Telcon Files: 2","1990-03-01 - Telcon - Telephone conversation with President Carlos Menem of Argentina (U); 1990-03-01 - Telcon - Telephone conversation with President Carlos Menem of Argentina, March 1, 1990; 1990-06-28 - Telcon - Telephone Conversation with President Carlos Sail Menem of Argentina (VU); 1990-06-28 - Telcon - Telephone Conversation with President Carlos Saul Menem of Argentina, June 28, 1990; 1990-10-01 - Memcon - Meeting with President Carlos Saul Menem of Argentina, October 1, 1990; 1990-12-05 - Memcon - Luncheon with President Carlos Saul Menem of Argentina (U); 1990-12-05 - Memcon - Luncheon with President Carlos Saul Menem of Argentina, December 5, 1990",1,1,0,36,17,Timothy E. Deal Subject Files: 1,"December 6, 1990 - High - 92 - Uruguay Round Report",16,"1990-03-05 - Statement on the Economic Situation in Argentina; 1990-03-13 - The President's News Conference; 1990-05-22 - Remarks to the Council of the Americas; 1990-09-14 - Remarks on Transmitting the Enterprise for the Americas Initiative Act of 1990; 1990-11-29 - Statement by Press Secretary Fitzwater on Argentine and Brazilian Compliance With Nuclear Safeguards and Nonproliferation Regimes; 1990-11-30 - Written Responses to Questions Submitted by the South American Press; 1990-12-03 - Remarks at a Luncheon for the Business Community in Brasilia, Brazil; 1990-12-03 - Remarks to a Joint Session of the Congress in Brasilia, Brazil; 1990-12-04 - Question-and-Answer Session With Reporters in Montevideo, Uruguay; 1990-12-04 - Remarks to a Joint Session of the Congress in Montevideo, Uruguay",29,12,"1990-01-11 - Presidential Daily Backup - [Presidential Daily Backup] 1/11/1990; 1990-03-01 - Presidential Daily Backup - [Presidential Daily Backup] 3/1/1990; 1990-03-01 - Presidential Daily Diary - [Presidential Daily Diary] 3/1/1990; 1990-03-05 - Presidential Daily Backup - [Presidential Daily Backup] 3/5/1990; 1990-03-13 - Presidential Daily Backup - [Presidential Daily Backup] 3/13/1990; 1990-04-18 - Presidential Daily Backup - [Presidential Daily Backup] 4/18/1990; 1990-05-14 - Presidential Daily Backup - [Presidential Daily Backup] 5/14/1990; 1990-05-22 - Presidential Daily Backup - [Presidential Daily Backup] 5/22/1990; 1990-06-28 - Presidential Daily Backup - [Presidential Daily Backup] 6/28/1990; 1990-06-28 - Presidential Daily Diary - [Presidential Daily Diary] 6/28/1990","Flag partial releases for possible replacement, re-review, or annotation.","87 high-priority print leads require triage.; 1 private record(s) are partial releases."
1,Argentina,1991,Monitor,26,Coverage present,Use existing private records as the anchor and scan leads only for annotation or missing-decision context.,12,39,0,"Presidential Telcon Files: 5; Scowcroft extract: 5; Presidential Memcon Files: 2","1991-01-14 - Telcon - Telephone conversation with President Carlos Menem of Argentina (U); 1991-01-14 - Telcon - Telephone conversation with President Carlos Menem of Argentina, January 14, 1991; 1991-01-19 - Telcon - Telephone conversation with President Carlos Menem of Argentina (U); 1991-01-19 - Telcon - Telephone Conversation with President Carlos Menem of Argentina, January 19, 1991; 1991-02-08 - Memcon - Meeting with Foreign Minister Guido Di Tella of Argentina, February 8, 1991; 1991-02-08 - Telcon - Telephone conversation with President Carlos Menem of Argentina (U); 1991-02-08 - Telcon - Telephone Conversation with President Carlos Menem of Argentina, February 8, 1991; 1991-03-04 - Telcon - Telephone conversation with President Menem of Argentina (U); 1991-03-04 - Telcon - Telephone Conversation with President Menem of Argentina, March 4, 1991; 1991-08-20 - Telcon - Telcon with President Carlos Menem of Argentina on August 20, 1991; 1991-08-20 - Telcon - Telcon with President Carlos Menem of Argentina on August 20, 1991 (JU); 1991-11-14 - Memcon - Meeting with Carlos Menem, President of Argentina, November 14, 1991",0,0,0,36,17,,,12,"1991-02-08 - Exchange With Reporters on the Persian Gulf Conflict; 1991-06-18 - Remarks at the Welcoming Ceremony for President Fernando Collor de Mello of Brazil; 1991-06-19 - Remarks by President Bush and President Collor of Brazil on Signing an Enterprise for the Americas Initiative Multilateral Trade Agreement; 1991-06-19 - Statement by Press Secretary Fitzwater on the Establishment of the Council on Trade and Investment; 1991-06-27 - Remarks Commemorating the First Anniversary of the Enterprise for the Americas Initiative and an Exchange With Reporters; 1991-07-15 - Exchange With Reporters in London, United Kingdom; 1991-08-21 - The President's News Conference in Kennebunkport, Maine, on the Attempted Coup in the Soviet Union; 1991-10-31 - Message to the Senate Transmitting the Argentina-United States Legal Assistance Treaty; 1991-11-14 - Remarks at the Welcoming Ceremony for President Carlos Menem of Argentina; 1991-11-14 - Statement by Press Secretary Fitzwater on the President's Meeting with President Levon Ter-Petrosian of Armenia",37,14,"1991-01-14 - Presidential Daily Backup - [Presidential Daily Backup] 1/14/1991; 1991-01-14 - Presidential Daily Diary - [Presidential Daily Diary] 1/14/1991; 1991-01-19 - Presidential Daily Backup - [Presidential Daily Backup] 1/19/1991; 1991-01-19 - Presidential Daily Diary - [Presidential Daily Diary] 1/19/1991; 1991-02-08 - Presidential Daily Backup - [Presidential Daily Backup] 2/8/1991; 1991-02-08 - Presidential Daily Diary - [Presidential Daily Diary] 2/8/1991; 1991-03-04 - Presidential Daily Backup - [Presidential Daily Backup] 3/4/1991; 1991-03-04 - Presidential Daily Diary - [Presidential Daily Diary] 3/4/1991; 1991-04-11 - Presidential Daily Backup - [Presidential Daily Backup] 4/11/1991; 1991-04-11 - Presidential Daily Diary - [Presidential Daily Diary] 4/11/1991","Flag partial releases for possible replacement, re-review, or annotation.","87 high-priority print leads require triage.; 1 private record(s) are partial releases."
1,Argentina,1992,Monitor,26,Private record includes partial release,Check parallel files and later releases for less-redacted copies before selecting or annotating.,7,20,1,"Presidential Telcon Files: 4; Scowcroft extract: 3","1992-01-16 - Telcon - Telcon with President Carlos Saul Menem of Argentina on January 16, 1992; 1992-04-07 - Telcon - Telcon with President Carlos Menem of Argentina on April 71 1992, April 7, 1992; 1992-10-31 - Telcon - Telcon with Carlos Menem President of Argentina on October 31, 1992 (); 1992-11-05 - Telcon - Telcon with Carlos Saul Menem of Argentina on November 5, 1992; 1992-11-05 - Telcon - Telcon with Carlos Saul Menem of Argentina on November 5, 1992; 1992-12-01 - Telcon - Telcon with President Carlos Menem of Argentina on December 1, 1992; 1992-12-01 - Telcon - Telcon with President Carlos Menem of Argentina on December 1, 1992 (D)",0,0,0,36,17,,,13,"1992-01-15 - Remarks to Liberty Mutual Insurance Employees in Dover; 1992-03-31 - Message to the Congress Reporting on the National Emergency With Respect to Export Controls; 1992-04-09 - Remarks to the American Society of Newspaper Editors; 1992-04-10 - The President's News Conference; 1992-04-21 - Remarks to the Young Presidents' Organization; 1992-04-23 - Remarks to the Forum of the Americas; 1992-04-24 - Teleconference Remarks to the National Association of Hispanic Journalists; 1992-05-08 - Nomination of William Graham Walker To Be United States Ambassador to Argentina; 1992-05-20 - Message to the Congress Reporting on the National Emergency With Respect to Chemical and Biological Weapons Proliferation; 1992-09-17 - Remarks to the Community in Enid, Oklahoma",24,11,"1992-01-03 - Presidential Daily Backup - [Presidential Daily Backup] 1/3/1992; 1992-01-16 - Presidential Daily Backup - [Presidential Daily Backup] 1/16/1992; 1992-01-16 - Presidential Daily Diary - [Presidential Daily Diary] 1/16/1992; 1992-01-22 - Presidential Daily Backup - [Presidential Daily Backup] 1/22/1992; 1992-02-10 - Presidential Daily Backup - [Presidential Daily Backup] 2/10/1992; 1992-02-20 - Presidential Daily Backup - [Presidential Daily Backup] 2/20/1992; 1992-02-20 - Presidential Daily Diary - [Presidential Daily Diary] 2/20/1992; 1992-04-07 - Presidential Daily Backup - [Presidential Daily Backup] 4/7/1992; 1992-04-07 - Presidential Daily Diary - [Presidential Daily Diary] 4/7/1992; 1992-04-09 - Presidential Daily Backup - [Presidential Daily Backup] 4/9/1992","Flag partial releases for possible replacement, re-review, or annotation.","87 high-priority print leads require triage.; 1 private record(s) are partial releases."
2,Bolivia,1989,Critical,95,"Thin private record; high print pressure",Use high-priority print leads to test whether the private chronology is only a presidential-contact skeleton.,1,3,0,Presidential Telcon Files: 1,"1989-07-07 - Telcon - Telephone Conversation with Victor Paz Estenssoro of Bolivia, July 7, 1989",48,29,19,31,18,"Latin American Affairs Directorate Subject Files: 27; Latin American Directorate Chronological Files: 21","May 11, 1989 - High - 90 - Recommendation for Telephone Call by the; July 13, 1989 - High - 90 - Recommendation that the President Name an Official; September 16, 1989 - High - 90 - Meeting with President Bush for the Chiefs of Mission; September 18, 1989 - High - 90 - Request for Meeting with the President for U.S.; September 18, 1989 - High - 90 - Request for Meeting with the President for U.S.; October 30, 1989 - High - 90 - Telephone Call to Colombian President; October 30, 1989 - High - 90 - Telephone Call to Colombian President; November 22, 1989 - High - 90 - Telephone Call to Colombian President; December 4, 1989 - High - 90 - Report by Bruce Gelb on His Trip to the Andean; December 4, 1989 - High - 90 - Report by Bruce Gelb on His Trip to the Andean",9,"1989-02-08 - Remarks and a Question-and-Answer Session With Reporters Prior to a Meeting With William J. Bennett; 1989-03-03 - Remarks on Drug Trafficking Prior to a Luncheon With Administration Officials; 1989-03-09 - Remarks to Drug Enforcement Administration Officers in New York, New York; 1989-03-22 - Question-and-Answer Session at the Wilmington Cluster Against Substance Abuse Program in Delaware; 1989-03-22 - Remarks to the Law Enforcement Community in Wilmington, Delaware; 1989-04-27 - Remarks at the International Drug Enforcement Conference in Miami, Florida; 1989-08-15 - The President's News Conference; 1989-08-31 - News Conference of the President and Prime Minister Brian Mulroney of Canada in Kennebunkport, Maine; 1989-09-06 - The President's News Conference on the National Drug Control Strategy",21,7,"1989-03-03 - Presidential Daily Backup - [Presidential Daily Backup] 3/3/1989; 1989-03-03 - Presidential Daily Diary - [Presidential Daily Diary] 3/3/1989; 1989-03-10 - Presidential Daily Backup - [Presidential Daily Backup] 3/10/1989; 1989-03-22 - Presidential Daily Backup - [Presidential Daily Backup] 3/22/1989; 1989-04-27 - Presidential Daily Backup - [Presidential Daily Backup] 4/27/1989; 1989-05-11 - Presidential Daily Backup - [Presidential Daily Backup] 5/11/1989; 1989-05-11 - Presidential Daily Diary - [Presidential Daily Diary] 5/11/1989; 1989-07-07 - Presidential Daily Backup - [Presidential Daily Backup] 7/7/1989; 1989-07-07 - Presidential Daily Diary - [Presidential Daily Diary] 7/7/1989; 1989-08-15 - Presidential Daily Backup - [Presidential Daily Backup] 8/15/1989","Use high-priority print leads to test whether the current private record set is only a presidential-contact skeleton.; Build a public-private chronology and look for missing decision documents around statement dates.; Flag partial releases for possible replacement, re-review, or annotation.","Four or fewer released private records are in the country chapter.; 47 high-priority print leads exist against a thin private-record chapter.; 47 public statements contrast with sparse private records.; 1 private record(s) are partial releases."
2,Bolivia,1990,Critical,95,Private record includes partial release,Check parallel files and later releases for less-redacted copies before selecting or annotating.,3,18,1,"Presidential Memcon Files: 2; Scowcroft extract: 1","1990-02-15 - Memcon - Cartagena Drug Summit; 1990-05-08 - Memcon - Meetihg with President Jaime Paz Zamora of Bolivia, May 8, 1990 (2 of 2); 1990-05-08 - Memcon - Meeting with President Jaime Paz Zamora of Bolivia, May 8, 1990 (1 of 2)",0,0,0,31,18,,,20,"1990-01-22 - Statement by Press Secretary Fitzwater on the Overseas Private Investment Corporation Mission to Panama; 1990-02-12 - The President's News Conference; 1990-02-15 - Statement on the Drug Summit in Cartagena, Colombia; 1990-02-15 - The President's News Conference Following the Drug Summit in Cartagena, Colombia; 1990-02-21 - Remarks and a Question-and-Answer Session at the Annual Dinner of the Business Council; 1990-02-28 - Remarks at a Fundraising Dinner for Gubernatorial Candidate Pete Wilson in San Francisco, California; 1990-03-01 - Statement by Press Secretary Fitzwater on Narcotics Control Certification; 1990-03-02 - Remarks to the Academy of Television Arts and Sciences in Los Angeles, California; 1990-05-07 - Statement by Press Secretary Fitzwater Announcing Importation Restrictions on Archeological Treasures From Peru; 1990-05-08 - Remarks Following Discussions With President Jaime Paz Zamora of Bolivia",16,6,"1990-02-12 - Presidential Daily Backup - [Presidential Daily Backup] 2/12/1990; 1990-02-15 - Presidential Daily Backup - [Presidential Daily Backup] 2/15/1990; 1990-02-15 - Presidential Daily Diary - [Presidential Daily Diary] 2/15/1990; 1990-04-18 - Presidential Daily Backup - [Presidential Daily Backup] 4/18/1990; 1990-05-08 - Presidential Daily Backup - [Presidential Daily Backup] 5/8/1990; 1990-05-08 - Presidential Daily Diary - [Presidential Daily Diary] 5/8/1990; 1990-05-22 - Presidential Daily Backup - [Presidential Daily Backup] 5/22/1990; 1990-06-27 - Presidential Daily Backup - [Presidential Daily Backup] 6/27/1990; 1990-07-23 - Presidential Daily Backup - [Presidential Daily Backup] 7/23/1990; 1990-09-14 - Presidential Daily Backup - [Presidential Daily Backup] 9/14/1990","Use high-priority print leads to test whether the current private record set is only a presidential-contact skeleton.; Build a public-private chronology and look for missing decision documents around statement dates.; Flag partial releases for possible replacement, re-review, or annotation.","Four or fewer released private records are in the country chapter.; 47 high-priority print leads exist against a thin private-record chapter.; 47 public statements contrast with sparse private records.; 1 private record(s) are partial releases."
2,Bolivia,1991,Critical,95,"No private records; public-private mismatch","Map public statements to surrounding briefing papers, memoranda, cables, and schedule records for this country-year.",0,0,0,,,0,0,0,31,18,,,6,"1991-03-01 - Presidential Determination No. 91-22--Memorandum on Narcotics Control Certification; 1991-04-12 - Nomination of Charles R. Bowers To Be United States Ambassador to Bolivia; 1991-08-22 - Statement by Press Secretary Fitzwater on the Reduction of Bolivia's Debt to the United States; 1991-10-28 - Statement by Press Secretary Fitzwater on the Proposed Antinarcotics Summit; 1991-11-14 - Remarks at the Welcoming Ceremony for President Carlos Menem of Argentina; 1991-12-04 - Statement on Signing Legislation on Trade and Unemployment Benefits",5,0,"1991-06-10 - Presidential Daily Backup - [Presidential Daily Backup] 6/10/1991; 1991-07-10 - Presidential Daily Backup - [Presidential Daily Backup] 7/10/1991; 1991-08-22 - Presidential Daily Backup - [Presidential Daily Backup] 8/22/1991; 1991-10-31 - Presidential Daily Backup - [Presidential Daily Backup] 10/31/1991; 1991-12-13 - Presidential Daily Backup - [Presidential Daily Backup] 12/13/1991","Use high-priority print leads to test whether the current private record set is only a presidential-contact skeleton.; Build a public-private chronology and look for missing decision documents around statement dates.; Flag partial releases for possible replacement, re-review, or annotation.","Four or fewer released private records are in the country chapter.; 47 high-priority print leads exist against a thin private-record chapter.; 47 public statements contrast with sparse private records.; 1 private record(s) are partial releases."
2,Bolivia,1992,Critical,95,"No private records; public-private mismatch","Map public statements to surrounding briefing papers, memoranda, cables, and schedule records for this country-year.",0,0,0,,,0,0,0,31,18,,,12,"1992-01-22 - Statement by Press Secretary Fitzwater Announcing the Drug Summit in San Antonio, Texas; 1992-01-27 - Remarks at a Drug Control Strategy Meeting; 1992-02-26 - Exchange With Reporters Prior to Discussions With President Jaime Paz Zamora of Bolivia in San Antonio; 1992-02-26 - Remarks at the State Dinner for Drug Summit Participants in San Antonio; 1992-02-27 - Declaration of San Antonio; 1992-02-27 - Text of Remarks at the Opening Session of the Drug Summit in San Antonio; 1992-02-27 - The President's News Conference With the Drug Summit Participants in San Antonio; 1992-02-28 - Presidential Determination No. 92-18--Memorandum on Certification for Major Narcotics Producing and Transit Countries; 1992-07-02 - Letter to Congressional Leaders on Trade With Bolivia; 1992-07-03 - Statement by Press Secretary Fitzwater on the Andean Trade Preference Act",8,1,"1992-01-27 - Presidential Daily Backup - [Presidential Daily Backup] 1/27/1992; 1992-01-27 - Presidential Daily Diary - [Presidential Daily Diary] 1/27/1992; 1992-02-26 - Presidential Daily Backup - [Presidential Daily Backup] 2/26/1992; 1992-02-27 - Presidential Daily Backup - [Presidential Daily Backup] 2/27/1992; 1992-05-07 - Presidential Daily Backup - [Presidential Daily Backup] 5/7/1992; 1992-05-08 - Presidential Daily Backup - [Presidential Daily Backup] 5/8/1992; 1992-05-12 - Presidential Daily Backup - [Presidential Daily Backup] 5/12/1992; 1992-09-09 - Presidential Daily Backup - [Presidential Daily Backup] 9/9/1992","Use high-priority print leads to test whether the current private record set is only a presidential-contact skeleton.; Build a public-private chronology and look for missing decision documents around statement dates.; Flag partial releases for possible replacement, re-review, or annotation.","Four or fewer released private records are in the country chapter.; 47 high-priority print leads exist against a thin private-record chapter.; 47 public statements contrast with sparse private records.; 1 private record(s) are partial releases."
3,Brazil,1989,Monitor,28,"Private record present; high print pressure",Triage high-priority leads against the verified private records for possible print additions or annotations.,3,11,0,"Presidential Memcon Files: 2; Presidential Telcon Files: 1","1989-02-25 - Memcon - President's Meeting with President Jose Sarney of Brazil, February 25, 1989; 1989-05-17 - Telcon - Telcon with President Sarney of Brazil, May 17, 1989; 1989-09-25 - Memcon - Meeting with Jose Sarney, September 25, 1989",61,42,13,53,20,"Latin American Affairs Directorate Subject Files: 35; Latin American Directorate Chronological Files: 26","February 10, 1989 - High - 90 - Presidential Letter to Brazilian President Sarney; February 10, 1989 - High - 90 - Presidential Letter to Brazilian President Sarney; February 16, 1989 - High - 90 - Letter to President Sarney of Brazil; February 16, 1989 - High - 90 - Presidential Letter to Brazilian President; February 16, 1989 - High - 90 - Presidential Letter to Brazilian President; February 23, 1989 - High - 90 - Background for the President’s Meeting with Sarney; June 15, 1989 - High - 90 - Presidential Response to a Letter on Panama from; June 15, 1989 - High - 90 - Presidential Response to a Letter on Panama from; June 17, 1989 - High - 90 - Panama -~ Recommendation that President Bush; June 21, 1989 - High - 90 - Nicaragua -- Recommendation that President",8,"1989-02-25 - The President's News Conference in Tokyo; 1989-02-27 - Remarks Upon Returning From a Trip to the Far East; 1989-05-02 - Remarks to the Council of the Americas; 1989-05-26 - Statement on United States Action Against Foreign Trade Barriers; 1989-06-08 - Remarks to Members of Ducks Unlimited; 1989-06-13 - Remarks to Students at the Teton Science School in Grand Teton National Park, Wyoming; 1989-09-18 - Nomination of Richard H. Melton To Be United States Ambassador to Brazil; 1989-09-18 - Remarks at the Montana Centennial Celebration in Helena",31,6,"1989-02-22 - Presidential Daily Backup - [Presidential Daily Backup] 2/22/1989; 1989-02-23 - Presidential Daily Backup - [Presidential Daily Backup] 2/23/1989; 1989-02-24 - Presidential Daily Backup - [Presidential Daily Backup] 2/24/1989; 1989-02-25 - Presidential Daily Backup - [Presidential Daily Backup] 2/25/1989; 1989-02-25 - Presidential Daily Diary - [Presidential Daily Diary] 2/25/1989 [EMPTY]; 1989-02-26 - Presidential Daily Backup - [Presidential Daily Backup] 2/26/1989; 1989-02-27 - Presidential Daily Backup - [Presidential Daily Backup] 2/27/1989; 1989-03-06 - Presidential Daily Backup - [Presidential Daily Backup] 3/6/1989; 1989-03-13 - Presidential Daily Backup - [Presidential Daily Backup] 3/13/1989; 1989-05-02 - Presidential Daily Backup - [Presidential Daily Backup] 5/2/1989","Maintain as lower-risk, but still check high-priority print leads before final compilation decisions.","63 high-priority print leads require triage.; 66 public statements indicate substantial public diplomacy or policy activity."
3,Brazil,1990,Monitor,28,Coverage present,Use existing private records as the anchor and scan leads only for annotation or missing-decision context.,6,25,0,"Presidential Memcon Files: 3; Presidential Telcon Files: 3","1990-01-26 - Memcon - Meeting with Fernando Collor de Mello of Brazil, January 26, 1990; 1990-03-23 - Telcon - Telephone conversation with President Fernando Collor of Brazil, March 23, 1990; 1990-06-06 - Telcon - Telephone Conversation with President Fernando Collor de Mello of Brazil, June 6, 1990; 1990-06-28 - Telcon - Telephone Conversation with President Fernando Collor de Mello of Brazil, June 28, 1990; 1990-10-01 - Memcon - Memorandum of Conversation with President Collor of Brazil, October 1, 1990; 1990-12-03 - Memcon - Meeting with President Fernando Col lor de Mello of Brazil, December 3, 1990",1,1,0,53,20,Timothy E. Deal Subject Files: 1,"December 6, 1990 - High - 92 - Uruguay Round Report",23,"1990-01-11 - Remarks Following Discussions With Prime Minister Anibal Cavaco Silva of Portugal; 1990-01-26 - Statement by Press Secretary Fitzwater on President Bush's Meeting With President-Elect Fernando Collor de Mello of Brazil; 1990-02-15 - The President's News Conference Following the Drug Summit in Cartagena, Colombia; 1990-02-28 - Remarks at a Fundraising Dinner for Gubernatorial Candidate Pete Wilson in San Francisco, California; 1990-03-01 - Statement by Press Secretary Fitzwater on Narcotics Control Certification; 1990-04-18 - Remarks at the Closing Session of the White House Conference on Science and Economics Research Related to Global Change; 1990-05-22 - Remarks to the Council of the Americas; 1990-06-07 - Remarks at a Fundraising Dinner for Gubernatorial Candidate Jim Edgar in Chicago, Illinois; 1990-07-09 - Remarks at the Welcoming Ceremony for the Houston Economic Summit; 1990-07-11 - Remarks on Presenting the Final Communique of the Houston Economic Summit",31,16,"1990-01-26 - Presidential Daily Backup - [Presidential Daily Backup] 1/26/1990; 1990-01-26 - Presidential Daily Diary - [Presidential Daily Diary] 1/26/1990; 1990-03-23 - Presidential Daily Backup - [Presidential Daily Backup] 3/23/1990; 1990-03-23 - Presidential Daily Diary - [Presidential Daily Diary] 3/23/1990; 1990-04-09 - Presidential Daily Backup - [Presidential Daily Backup] 4/9/1990; 1990-04-30 - Presidential Daily Diary - [Presidential Daily Diary] 4/30/1990; 1990-05-06 - Presidential Daily Backup - [Presidential Daily Backup] 5/6/1990; 1990-05-22 - Presidential Daily Backup - [Presidential Daily Backup] 5/22/1990; 1990-06-06 - Presidential Daily Backup - [Presidential Daily Backup] 6/6/1990; 1990-06-06 - Presidential Daily Diary - [Presidential Daily Diary] 6/6/1990","Maintain as lower-risk, but still check high-priority print leads before final compilation decisions.","63 high-priority print leads require triage.; 66 public statements indicate substantial public diplomacy or policy activity."
3,Brazil,1991,Monitor,28,Coverage present,Use existing private records as the anchor and scan leads only for annotation or missing-decision context.,2,13,0,Presidential Memcon Files: 2,"1991-06-18 - Memcon - Meeting with Fernando Collor de Mello, President of Brazil, June 18, 1991; 1991-09-23 - Memcon - Meeting with Fernando Collor de Mello, President of the Federative Republic of Brazil at UNGA, Waldorf Astoria Hotel, New York",0,0,0,53,20,,,16,"1991-03-01 - Presidential Determination No. 91-22--Memorandum on Narcotics Control Certification; 1991-04-18 - Message to the Congress Reporting on Environmental Quality; 1991-05-21 - Statement by Deputy Press Secretary Popadiuk on President Bush's Meeting With President Luis Alberto Lacalle of Uruguay; 1991-06-18 - Remarks at the Welcoming Ceremony for President Fernando Collor de Mello of Brazil; 1991-06-18 - Remarks Prior to Discussions With President Fernando Collor de Mello of Brazil; 1991-06-18 - Toasts at the State Dinner for President Fernando Collor de Mello of Brazil; 1991-06-19 - Remarks by President Bush and President Collor of Brazil on Signing an Enterprise for the Americas Initiative Multilateral Trade Agreement; 1991-06-19 - Statement by Press Secretary Fitzwater on the Establishment of the Council on Trade and Investment; 1991-06-27 - Remarks Commemorating the First Anniversary of the Enterprise for the Americas Initiative and an Exchange With Reporters; 1991-07-15 - Exchange With Reporters in London, United Kingdom",19,6,"1991-01-25 - Presidential Daily Backup - [Presidential Daily Backup] 1/25/1991; 1991-02-19 - Presidential Daily Backup - [Presidential Daily Backup] 2/19/1991; 1991-02-19 - Presidential Daily Diary - [Presidential Daily Diary] 2/19/1991; 1991-05-21 - Presidential Daily Backup - [Presidential Daily Backup] 5/21/1991; 1991-06-12 - Presidential Daily Backup - [Presidential Daily Backup] 6/12/1991; 1991-06-15 - Presidential Daily Backup - [Presidential Daily Backup] 6/15/1991; 1991-06-18 - Presidential Daily Backup - [Presidential Daily Backup] 6/18/1991; 1991-06-18 - Presidential Daily Diary - [Presidential Daily Diary] 6/18/1991; 1991-06-19 - Presidential Daily Backup - [Presidential Daily Backup] 6/19/1991; 1991-06-19 - Presidential Daily Diary - [Presidential Daily Diary] 6/19/1991","Maintain as lower-risk, but still check high-priority print leads before final compilation decisions.","63 high-priority print leads require triage.; 66 public statements indicate substantial public diplomacy or policy activity."
3,Brazil,1992,Monitor,28,Coverage present,Use existing private records as the anchor and scan leads only for annotation or missing-decision context.,3,9,0,"Presidential Telcon Files: 2; Scowcroft extract: 1","1992-03-25 - Telcon - Telcon with Fernando Collor of Brazil on March 25, 1992 (U); 1992-05-12 - Telcon - Telcon with Fernando Coller, President of Brazil, May 12, 1992; 1992-07-10 - Telcon - Telcon with Fernando Collor, President of Brazil, on July 10, 1992",0,0,0,53,20,,,16,"1992-02-15 - Remarks and a Question-and-Answer Session in Goffstown, New Hampshire; 1992-02-16 - Remarks and a Question-and-Answer Session in Hollis, New Hampshire; 1992-02-28 - Presidential Determination No. 92-18--Memorandum on Certification for Major Narcotics Producing and Transit Countries; 1992-03-22 - The President's News Conference With Chancellor Helmut Kohl of Germany; 1992-03-24 - Message to the Congress on Environmental Goals; 1992-04-10 - The President's News Conference; 1992-04-23 - Remarks to the Forum of the Americas; 1992-05-08 - Nomination of Alexander Fletcher Watson To Be United States Ambassador to Brazil; 1992-05-12 - Remarks and an Exchange With Reporters Prior to Discussions With United Nations Secretary-General Boutros Boutros-Ghali; 1992-05-12 - Statement on Attending the United Nations Conference on Environment and Development in Rio de Janeiro, Brazil",29,6,"1992-01-22 - Presidential Daily Backup - [Presidential Daily Backup] 1/22/1992; 1992-03-25 - Presidential Daily Backup - [Presidential Daily Backup] 3/25/1992; 1992-03-25 - Presidential Daily Diary - [Presidential Daily Diary] 3/25/1992; 1992-04-23 - Presidential Daily Backup - [Presidential Daily Backup] 4/23/1992; 1992-04-27 - Presidential Daily Diary - [Presidential Daily Diary] 4/27/1992; 1992-05-01 - Presidential Daily Backup - [Presidential Daily Backup] 5/1/1992; 1992-05-01 - Presidential Daily Diary - [Presidential Daily Diary] 5/1/1992; 1992-05-08 - Presidential Daily Backup - [Presidential Daily Backup] 5/8/1992; 1992-05-12 - Presidential Daily Backup - [Presidential Daily Backup] 5/12/1992; 1992-05-12 - Presidential Daily Diary - [Presidential Daily Diary] 5/12/1992","Maintain as lower-risk, but still check high-priority print leads before final compilation decisions.","63 high-priority print leads require triage.; 66 public statements indicate substantial public diplomacy or policy activity."
4,Chile,1989,Critical,95,"No private records; high print pressure",Prioritize high-priority print leads and adjacent NSC/State files for this country-year before closing the chapter chronology.,0,0,0,,,30,20,7,17,12,"Latin American Affairs Directorate Subject Files: 15; Latin American Directorate Chronological Files: 15","March 3, 1989 - High - 90 - Guidance for Ambassador Gillespie (U); March 6, 1989 - High - 90 - Guidance for Ambassador Gillespie (U); May 3, 1989 - High - 90 - Request by Ambassador Gillespie for Meeting With; May 3, 1989 - High - 90 - Request by Ambassador Gillespie for Meeting With; August 18, 1989 - High - 90 - Request That You Meet with the Chilean Chief of; August 18, 1989 - High - 90 - Request That You Meet with the Chilean Chief of; February 3, 1989 - High - 78 - Your ecting with US Ambassador to Chile,; February 17, 1989 - High - 78 - Chile Policy; February 17, 1989 - High - 78 - Chile Policy; February 17, 1989 - High - 78 - Chile Policy",2,"1989-03-17 - The President's News Conference; 1989-05-03 - Remarks Following a Meeting With Polish and Chilean Human Rights Leaders",12,0,"1989-02-16 - Presidential Daily Backup - [Presidential Daily Backup] 2/16/1989; 1989-03-17 - Presidential Daily Backup - [Presidential Daily Backup] 3/17/1989; 1989-03-30 - Presidential Daily Backup - [Presidential Daily Backup] 3/30/1989; 1989-05-03 - Presidential Daily Backup - [Presidential Daily Backup] 5/3/1989; 1989-05-03 - Presidential Daily Diary - [Presidential Daily Diary] 5/3/1989; 1989-05-11 - Presidential Daily Backup - [Presidential Daily Backup] 5/11/1989; 1989-05-11 - Presidential Daily Diary - [Presidential Daily Diary] 5/11/1989; 1989-10-25 - Presidential Daily Backup - [Presidential Daily Backup] 10/25/1989; 1989-10-25 - Presidential Daily Diary - [Presidential Daily Diary] 10/25/1989; 1989-11-06 - Presidential Daily Backup - [Presidential Daily Backup] 11/6/1989","Use high-priority print leads to test whether the current private record set is only a presidential-contact skeleton.; Build a public-private chronology and look for missing decision documents around statement dates.; Flag partial releases for possible replacement, re-review, or annotation.","Four or fewer released private records are in the country chapter.; 32 high-priority print leads exist against a thin private-record chapter.; 41 public statements contrast with sparse private records.; 1 private record(s) are partial releases."
4,Chile,1990,Critical,95,Coverage present,Use existing private records as the anchor and scan leads only for annotation or missing-decision context.,2,9,0,"Presidential Memcon Files: 1; Presidential Telcon Files: 1","1990-03-30 - Telcon - PRESIDENT BUSH'S TELEPHONE CALL TO PRESIDENT AYLWIN, March 30, 1990; 1990-10-02 - Memcon - Memorandum of Conversation with President Patricio Aylwin of Chile, October 2, 1990",1,0,1,17,12,Latin American Affairs Directorate Subject Files: 1,,16,"1990-01-02 - Remarks to the Republican National Committee; 1990-03-21 - Statement on Namibian Independence; 1990-04-02 - Remarks at a Fundraising Dinner for Gubernatorial Candidate George Voinovich in Cincinnati, Ohio; 1990-04-19 - News Conference of President Bush and President Frangois Mitterrand of France in Key Largo, Florida; 1990-05-22 - Remarks to the Council of the Americas; 1990-07-09 - Remarks at the Welcoming Ceremony for the Houston Economic Summit; 1990-10-02 - Statement by Press Secretary Fitzwater on President Bush's Meeting With President Patricio Aylwin Azocar of Chile; 1990-11-30 - Written Responses to Questions Submitted by the South American Press; 1990-12-04 - Question-and-Answer Session With Reporters in Montevideo, Uruguay; 1990-12-06 - Question-and-Answer Session With Reporters in Santiago, Chile",24,10,"1990-02-21 - Presidential Daily Backup - [Presidential Daily Backup] 2/21/1990; 1990-02-21 - Presidential Daily Diary - [Presidential Daily Diary] 2/21/1990; 1990-03-21 - Presidential Daily Backup - [Presidential Daily Backup] 3/21/1990; 1990-03-30 - Presidential Daily Backup - [Presidential Daily Backup] 3/30/1990; 1990-03-30 - Presidential Daily Diary - [Presidential Daily Diary] 3/30/1990; 1990-04-02 - Presidential Daily Backup - [Presidential Daily Backup] 4/2/1990; 1990-04-19 - Presidential Daily Backup - [Presidential Daily Backup] 4/19/1990; 1990-05-22 - Presidential Daily Backup - [Presidential Daily Backup] 5/22/1990; 1990-05-29 - Presidential Daily Backup - [Presidential Daily Backup] 5/29/1990; 1990-05-29 - Presidential Daily Diary - [Presidential Daily Diary] 5/29/1990","Use high-priority print leads to test whether the current private record set is only a presidential-contact skeleton.; Build a public-private chronology and look for missing decision documents around statement dates.; Flag partial releases for possible replacement, re-review, or annotation.","Four or fewer released private records are in the country chapter.; 32 high-priority print leads exist against a thin private-record chapter.; 41 public statements contrast with sparse private records.; 1 private record(s) are partial releases."
4,Chile,1991,Critical,95,"No private records; public-private mismatch","Map public statements to surrounding briefing papers, memoranda, cables, and schedule records for this country-year.",0,0,0,,,0,0,0,17,12,,,6,"1991-02-04 - Letter to Congressional Leaders on the Reinstatement of Beneficiary Trade Status for Chile; 1991-02-04 - Statement by Press Secretary Fitzwater on Beneficiary Trade Status for the Central African Republic, Chile, Namibia, and Paraguay; 1991-05-20 - Message on Cuban Independence Day; 1991-06-27 - Remarks Commemorating the First Anniversary of the Enterprise for the Americas Initiative and an Exchange With Reporters; 1991-09-24 - Nomination of Curtis Warren Kamman To Be United States Ambassador to the Republic of Chile; 1991-11-14 - Remarks at the Welcoming Ceremony for President Carlos Menem of Argentina",5,1,"1991-05-16 - Presidential Daily Backup - [Presidential Daily Backup] 5/16/1991; 1991-06-18 - Presidential Daily Backup - [Presidential Daily Backup] 6/18/1991; 1991-06-27 - Presidential Daily Backup - [Presidential Daily Backup] 6/27/1991; 1991-06-27 - Presidential Daily Diary - [Presidential Daily Diary] 6/27/1991; 1991-07-10 - Presidential Daily Backup - [Presidential Daily Backup] 7/10/1991","Use high-priority print leads to test whether the current private record set is only a presidential-contact skeleton.; Build a public-private chronology and look for missing decision documents around statement dates.; Flag partial releases for possible replacement, re-review, or annotation.","Four or fewer released private records are in the country chapter.; 32 high-priority print leads exist against a thin private-record chapter.; 41 public statements contrast with sparse private records.; 1 private record(s) are partial releases."
4,Chile,1992,Critical,95,Private record includes partial release,Check parallel files and later releases for less-redacted copies before selecting or annotating.,1,7,1,Presidential Memcon Files: 1,"1992-05-13 - Memcon - Meeting with Patricio Aylwin Azocar, President of the Republic of Chile, May 13, 1992",0,0,0,17,12,,,17,"1992-04-07 - Message to the Congress Reporting on Economic Sanctions Against Haiti; 1992-04-23 - Remarks to the Forum of the Americas; 1992-05-13 - Remarks at the Arrival Ceremony for President Patricio Aylwin of Chile; 1992-05-13 - Remarks at the State Dinner for President Patricio Aylwin of Chile; 1992-05-13 - Statement by Press Secretary Fitzwater on the President's Meeting With President Patricio Aylwin of Chile; 1992-05-17 - Remarks at the University of Notre Dame Commencement Ceremony in South Bend, Indiana; 1992-06-12 - Address to the United Nations Conference on Environment and Development in Rio de Janeiro, Brazil; 1992-09-10 - Remarks and a Question-and-Answer Session With the Economic Club of Detroit in Michigan; 1992-09-11 - Remarks at Missouri Southern State College in Joplin, Missouri; 1992-09-11 - Remarks at the Job Corps Center in Excelsior Springs, Missouri",7,3,"1992-04-21 - Presidential Daily Backup - [Presidential Daily Backup] 4/21/1992; 1992-04-23 - Presidential Daily Backup - [Presidential Daily Backup] 4/23/1992; 1992-05-12 - Presidential Daily Backup - [Presidential Daily Backup] 5/12/1992; 1992-05-13 - Presidential Daily Backup - [Presidential Daily Backup] 5/13/1992; 1992-05-13 - Presidential Daily Diary - [Presidential Daily Diary] 5/13/1992; 1992-09-08 - Presidential Daily Backup - [Presidential Daily Backup] 9/8/1992; 1992-12-04 - Presidential Daily Backup - [Presidential Daily Backup] 12/04/1992","Use high-priority print leads to test whether the current private record set is only a presidential-contact skeleton.; Build a public-private chronology and look for missing decision documents around statement dates.; Flag partial releases for possible replacement, re-review, or annotation.","Four or fewer released private records are in the country chapter.; 32 high-priority print leads exist against a thin private-record chapter.; 41 public statements contrast with sparse private records.; 1 private record(s) are partial releases."
5,Colombia,1989,Monitor,26,Private record includes partial release,Check parallel files and later releases for less-redacted copies before selecting or annotating.,11,42,1,"Presidential Telcon Files: 9; Presidential Memcon Files: 1; Scowcroft extract: 1","1989-03-08 - Telcon - President's Telephone Call to Colombian President Barco, March 8, 1989; 1989-04-14 - Telcon - The President's Telephone Conversation with President Barco of Colombia, April 14, 1989; 1989-05-16 - Telcon - Telcon with President Barco of Colombia, May 16, 1989; 1989-05-31 - Telcon - Telephone Conversation Between the President and President Barco of Colombia; 1989-08-21 - Telcon - Telephone Conversation with Virgilio Barco Vargas, President of Colombia; 1989-08-28 - Telcon - Telephone Conversation with Virgilio Barco Vargas, President of Colombia; 1989-09-26 - Telcon - Telephone Conversation with President Virgilio Barco of Colombia, September 26, 1989; 1989-09-28 - Memcon - Meeting with President Virgilio Barco of Colombia, September 28, 1989; 1989-10-30 - Telcon - Telephone Conversation with President Barco of Colombia, October 30, 1989; 1989-11-27 - Telcon - Telephone Conversation with President Barco of Colombia, November 27, 1989; 1989-12-20 - Telcon - Telephone Conversation with President Barco of Colombia, December 20, 1989",113,71,39,55,25,"Latin American Affairs Directorate Subject Files: 65; Latin American Directorate Chronological Files: 48","April 14, 1989 - High - 90 - Telephone Call to President Barco of Colombia; April 14, 1989 - High - 90 - Telephone Call to President Barco of Colombia; May 15, 1989 - High - 90 - Panama -- Recommendation That President Bush Telephone; May 16, 1989 - High - 90 - Points to Be Made for the President’s Telephone; May 16, 1989 - High - 90 - Points to Be Made for the President’s Telephone; August 21, 1989 - High - 90 - Telephone Call by the President to President Barco; September 2, 1989 - High - 90 - Talking Points on Narcotics Cooperation; September 16, 1989 - High - 90 - Meeting with President Bush for the Chiefs of Mission; September 18, 1989 - High - 90 - Request for Meeting with the President for U.S.; September 18, 1989 - High - 90 - Request for Meeting with the President for U.S.",29,"1989-03-03 - Remarks on Drug Trafficking Prior to a Luncheon With Administration Officials; 1989-03-09 - Remarks to Drug Enforcement Administration Officers in New York, New York; 1989-03-22 - Remarks to the Law Enforcement Community in Wilmington, Delaware; 1989-03-28 - Remarks and an Informal Exchange With Reporters Following a Meeting With Administration Officials; 1989-04-27 - Remarks at the International Drug Enforcement Conference in Miami, Florida; 1989-07-28 - The President's News Conference; 1989-08-15 - The President's News Conference; 1989-08-19 - Statement on the Assassination of Luis Carlos Galan and Colombia- United States Relations; 1989-08-21 - Statement by Press Secretary Fitzwater on President Bush's Telephone Conversation With President Virgilio Barco Vargas of Colombia; 1989-08-23 - The President's News Conference",59,26,"1989-03-03 - Presidential Daily Backup - [Presidential Daily Backup] 3/3/1989; 1989-03-03 - Presidential Daily Diary - [Presidential Daily Diary] 3/3/1989; 1989-03-08 - Presidential Daily Backup - [Presidential Daily Backup] 3/8/1989; 1989-03-08 - Presidential Daily Diary - [Presidential Daily Diary] 3/8/1989; 1989-03-10 - Presidential Daily Backup - [Presidential Daily Backup] 3/10/1989; 1989-03-22 - Presidential Daily Backup - [Presidential Daily Backup] 3/22/1989; 1989-03-28 - Presidential Daily Backup - [Presidential Daily Backup] 3/28/1989; 1989-04-14 - Presidential Daily Backup - [Presidential Daily Backup] 4/14/1989; 1989-04-14 - Presidential Daily Diary - [Presidential Daily Diary] 4/14/1989; 1989-04-27 - Presidential Daily Backup - [Presidential Daily Backup] 4/27/1989","Flag partial releases for possible replacement, re-review, or annotation.","96 high-priority print leads require triage.; 1 private record(s) are partial releases."
5,Colombia,1990,Monitor,26,Coverage present,Use existing private records as the anchor and scan leads only for annotation or missing-decision context.,9,48,0,"Presidential Memcon Files: 3; Presidential Telcon Files: 3; Scowcroft extract: 3","1990-01-28 - Telcon - Telephone Conversation with President Barco of Colombia, January 28, 1990; 1990-04-27 - Telcon - Telephone Conversation with President Virgilio Barco of Colombia, April 27, 1990; 1990-06-05 - Memcon - Memorandum of Conversation with President Virgilio Barco of Colombia, June 5, 1990; 1990-07-13 - Memcon - Meeting with President-Elect Gaviria of Colombia (U); 1990-07-13 - Memcon - Meeting with President-Elect Gaviria of Colombia, July 13, 1990; 1990-09-29 - Memcon - Memorandum of Conversation with President Cesar Gaviria Trujillo of Colombia (UV); 1990-09-29 - Memcon - Memorandum of Conversation with President Cesar Gaviria Trujillo of Colombia, September 29, 1990; 1990-11-23 - Telcon - Telephone Conversation -with President Gaviria of Colombia, November 23, 1990; 1990-11-23 - Telcon - Telephone Conversation with President Gaviria of Colombia (U)",0,0,0,55,25,,,29,"1990-01-10 - Statement by Deputy Press Secretary Popadiuk on President Bush's Telephone Conversation With President Virgilio Barco Vargas of Colombia; 1990-01-17 - Remarks and an Exchange With Reporters Prior to a Meeting With Federal Law Enforcement Officials; 1990-01-17 - Remarks on the United States Military Action in Panama and an Exchange With Reporters; 1990-01-24 - The President's News Conference; 1990-01-25 - Remarks and a Question-and-Answer Session at a Luncheon for Newspaper Publishers; 1990-02-07 - Remarks and a Question-and-Answer Session at a Luncheon Hosted by the Commonwealth Club in San Francisco, California; 1990-02-12 - The President's News Conference; 1990-02-15 - Statement on the Drug Summit in Cartagena, Colombia; 1990-02-15 - The President's News Conference Following the Drug Summit in Cartagena, Colombia; 1990-02-21 - Remarks and a Question-and-Answer Session at the Annual Dinner of the Business Council",45,18,"1990-01-08 - Presidential Daily Backup - [Presidential Daily Backup] 1/8/1990; 1990-01-10 - Presidential Daily Backup - [Presidential Daily Backup] 1/10/1990; 1990-01-10 - Presidential Daily Diary - [Presidential Daily Diary] 1/10/1990; 1990-01-19 - Presidential Daily Backup - [Presidential Daily Backup] 1/19/1990; 1990-01-23 - Presidential Daily Backup - [Presidential Daily Backup] 1/23/1990; 1990-01-24 - Presidential Daily Backup - [Presidential Daily Backup] 1/24/1990; 1990-01-25 - Presidential Daily Backup - [Presidential Daily Backup] 1/25/1990; 1990-01-28 - Presidential Daily Backup - [Presidential Daily Backup] 1/28/1990; 1990-01-28 - Presidential Daily Diary - [Presidential Daily Diary] 1/28/1990; 1990-02-07 - Presidential Daily Backup - [Presidential Daily Backup] 2/7/1990","Flag partial releases for possible replacement, re-review, or annotation.","96 high-priority print leads require triage.; 1 private record(s) are partial releases."
5,Colombia,1991,Monitor,26,Coverage present,Use existing private records as the anchor and scan leads only for annotation or missing-decision context.,4,20,0,"Presidential Telcon Files: 2; Scowcroft extract: 2","1991-02-26 - Memcon - Meeting with President Cesar Gaviria of Colombia (U); 1991-02-26 - Memcon - Meeting with President Cesar Gaviria of Colombia, February 26, 1991; 1991-06-20 - Telcon - Telcon with Cesar Gaviria Trujillo, President of Colombia, June 20, 1991; 1991-06-20 - Telcon - Telcon with Cesar Gaviria Trujillo, President of Colombia, June 20, 1991",0,0,0,55,25,,,8,"1991-02-26 - Remarks Following Discussions With President Cesar Gaviria Trujillo of Colombia; 1991-03-01 - Presidential Determination No. 91-22--Memorandum on Narcotics Control Certification; 1991-05-15 - Nomination of Morris D. Busby To Be United States Ambassador to Colombia; 1991-06-27 - Remarks Commemorating the First Anniversary of the Enterprise for the Americas Initiative and an Exchange With Reporters; 1991-10-28 - Statement by Press Secretary Fitzwater on the Proposed Antinarcotics Summit; 1991-11-01 - Interview With Dave Ward of KTRK-TV in Houston, Texas; 1991-11-12 - Remarks at a Bush-Quayle Fundraising Luncheon in New York City; 1991-12-04 - Statement on Signing Legislation on Trade and Unemployment Benefits",17,6,"1991-02-19 - Presidential Daily Backup - [Presidential Daily Backup] 2/19/1991; 1991-02-26 - Presidential Daily Backup - [Presidential Daily Backup] 2/26/1991; 1991-02-26 - Presidential Daily Diary - [Presidential Daily Diary] 2/26/1991; 1991-02-27 - Presidential Daily Backup - [Presidential Daily Backup] 2/27/1991; 1991-06-10 - Presidential Daily Backup - [Presidential Daily Backup] 6/10/1991; 1991-06-20 - Presidential Daily Backup - [Presidential Daily Backup] 6/20/1991; 1991-06-20 - Presidential Daily Diary - [Presidential Daily Diary] 6/20/1991; 1991-06-26 - Presidential Daily Backup - [Presidential Daily Backup] 6/26/1991; 1991-06-27 - Presidential Daily Backup - [Presidential Daily Backup] 6/27/1991; 1991-07-10 - Presidential Daily Backup - [Presidential Daily Backup] 7/10/1991","Flag partial releases for possible replacement, re-review, or annotation.","96 high-priority print leads require triage.; 1 private record(s) are partial releases."
5,Colombia,1992,Monitor,26,"No private records; public-private mismatch","Map public statements to surrounding briefing papers, memoranda, cables, and schedule records for this country-year.",0,0,0,,,0,0,0,55,25,,,21,"1992-01-22 - Statement by Press Secretary Fitzwater Announcing the Drug Summit in San Antonio, Texas; 1992-01-27 - Remarks at a Drug Control Strategy Meeting; 1992-02-26 - Exchange With Reporters Prior to Discussions With President Cesar Gaviria of Colombia in San Antonio; 1992-02-26 - Remarks at the State Dinner for Drug Summit Participants in San Antonio; 1992-02-27 - Declaration of San Antonio; 1992-02-27 - Exchange With Reporters Following the News Conference in San Antonio; 1992-02-27 - Text of Remarks at the Opening Session of the Drug Summit in San Antonio; 1992-02-27 - The President's News Conference With the Drug Summit Participants in San Antonio; 1992-02-28 - Presidential Determination No. 92-18--Memorandum on Certification for Major Narcotics Producing and Transit Countries; 1992-04-02 - Message to the Senate Transmitting the 1985 Partial Revision of the Radio Regulations",10,0,"1992-01-27 - Presidential Daily Backup - [Presidential Daily Backup] 1/27/1992; 1992-02-26 - Presidential Daily Backup - [Presidential Daily Backup] 2/26/1992; 1992-02-27 - Presidential Daily Backup - [Presidential Daily Backup] 2/27/1992; 1992-03-04 - Presidential Daily Backup - [Presidential Daily Backup] 3/4/1992; 1992-03-16 - Presidential Daily Backup - [Presidential Daily Backup] 3/16/1992; 1992-05-08 - Presidential Daily Backup - [Presidential Daily Backup] 5/8/1992; 1992-07-23 - Presidential Daily Backup - [Presidential Daily Backup] 7/23/1992; 1992-09-09 - Presidential Daily Backup - [Presidential Daily Backup] 9/9/1992; 1992-09-20 - Presidential Daily Backup - [Presidential Daily Backup] 9/20/1992; 1992-12-04 - Presidential Daily Backup - [Presidential Daily Backup] 12/04/1992","Flag partial releases for possible replacement, re-review, or annotation.","96 high-priority print leads require triage.; 1 private record(s) are partial releases."
6,Ecuador,1989,High,68,"No private records; high print pressure",Prioritize high-priority print leads and adjacent NSC/State files for this country-year before closing the chapter chronology.,0,0,0,,,21,9,12,12,2,"Latin American Affairs Directorate Subject Files: 14; Latin American Directorate Chronological Files: 7","October 30, 1989 - High - 90 - Telephone Conversation with President Barco; February 8, 1989 - High - 72 - Memorandum of Conversation Between the President; February 8, 1989 - High - 72 - Memorandum of Conversation Between the President; March 14, 1989 - High - 72 - Request by Mrs. Borja for Meeting with Mrs. Bush; March 16, 1989 - High - 72 - Request by Mrs. Borja for Meeting with Mrs. Bush; March 22, 1989 - High - 72 - Request for Meeting Between Mrs. Bush and Wife of; May 26, 1989 - High - 72 - Presidential Response to Job Recommendation by; May 26, 1989 - High - 72 - Presidential Response to Job Recommendation by; June 15, 1989 - High - 72 - Response to Letter from Representative Newt",0,,11,1,"1989-02-02 - Presidential Daily Backup - [Presidential Daily Backup] 2/2/1989; 1989-02-06 - Presidential Daily Backup - [Presidential Daily Backup] 2/6/1989; 1989-02-07 - Presidential Daily Backup - [Presidential Daily Backup] 2/7/1989; 1989-02-07 - Presidential Daily Diary - [Presidential Daily Diary] 2/7/1989; 1989-09-06 - Presidential Daily Backup - [Presidential Daily Backup] 9/6/1989; 1989-09-06 - Presidential Daily Diary - [Presidential Daily Diary] 9/6/1989; 1989-09-25 - Presidential Daily Backup - [Presidential Daily Backup] 9/25/1989; 1989-10-27 - Presidential Daily Backup - [Presidential Daily Backup] 10/27/1989; 1989-11-03 - Presidential Daily Backup - [Presidential Daily Backup] 11/3/1989; 1989-11-14 - Presidential Daily Backup - [Presidential Daily Backup] 11/14/1989","Use high-priority print leads to test whether the current private record set is only a presidential-contact skeleton.; Build a public-private chronology and look for missing decision documents around statement dates.","Four or fewer released private records are in the country chapter.; 27 public statements contrast with sparse private records.; Private records come from a single source bucket."
6,Ecuador,1990,High,68,Coverage present,Use existing private records as the anchor and scan leads only for annotation or missing-decision context.,2,15,0,Presidential Memcon Files: 2,"1990-07-23 - Memcon - Meeting with President Rodrigo Borja of Ecuador, July 23, 1990 (1 of 2); 1990-07-23 - Memcon - Meeting with President Rodrigo Borja of Ecuador, July 23, 1990 (2 of 2)",0,0,0,12,2,,,9,"1990-02-28 - Remarks at a Fundraising Dinner for Gubernatorial Candidate Pete Wilson in San Francisco, California; 1990-03-01 - Statement by Press Secretary Fitzwater on Narcotics Control Certification; 1990-07-23 - Remarks Following Discussions With President Rodrigo Borja Cevallos of Ecuador; 1990-08-20 - Statement on Signing the Customs and Trade Act of 1990; 1990-09-14 - Remarks on Transmitting the Enterprise for the Americas Initiative Act of 1990; 1990-10-05 - Message to the Congress Transmitting Proposed Legislation on Trade Preference for Andean Countries; 1990-10-05 - Remarks on Transmitting to the Congress Proposed Legislation on Trade Preference for Andean Countries; 1990-11-30 - Written Responses to Questions Submitted by the South American Press; 1990-12-07 - Toast at a State Dinner in Caracas, Venezuela",19,4,"1990-01-04 - Presidential Daily Backup - [Presidential Daily Backup] 1/4/1990; 1990-01-12 - Presidential Daily Backup - [Presidential Daily Backup] 1/12/1990; 1990-02-03 - Presidential Daily Backup - [Presidential Daily Backup] 2/3/1990; 1990-02-24 - Presidential Daily Backup - [Presidential Daily Backup] 2/24/1990; 1990-03-17 - Presidential Daily Backup - [Presidential Daily Backup] 3/17/1990; 1990-04-07 - Presidential Daily Backup - [Presidential Daily Backup] 4/7/1990; 1990-06-24 - Presidential Daily Backup - [Presidential Daily Backup] 6/24/1990; 1990-06-27 - Presidential Daily Backup - [Presidential Daily Backup] 6/27/1990; 1990-07-21 - Presidential Daily Backup - [Presidential Daily Backup] 7/21/1990; 1990-07-22 - Presidential Daily Backup - [Presidential Daily Backup] 7/22/1990","Use high-priority print leads to test whether the current private record set is only a presidential-contact skeleton.; Build a public-private chronology and look for missing decision documents around statement dates.","Four or fewer released private records are in the country chapter.; 27 public statements contrast with sparse private records.; Private records come from a single source bucket."
6,Ecuador,1991,High,68,"No private records; public-private mismatch","Map public statements to surrounding briefing papers, memoranda, cables, and schedule records for this country-year.",0,0,0,,,0,0,0,12,2,,,4,"1991-03-01 - Presidential Determination No. 91-22--Memorandum on Narcotics Control Certification; 1991-06-27 - Remarks Commemorating the First Anniversary of the Enterprise for the Americas Initiative and an Exchange With Reporters; 1991-10-28 - Statement by Press Secretary Fitzwater on the Proposed Antinarcotics Summit; 1991-12-04 - Statement on Signing Legislation on Trade and Unemployment Benefits",6,0,"1991-06-27 - Presidential Daily Backup - [Presidential Daily Backup] 6/27/1991; 1991-07-10 - Presidential Daily Backup - [Presidential Daily Backup] 7/10/1991; 1991-08-05 - Presidential Daily Backup - [Presidential Daily Backup] 8/5/1991; 1991-10-18 - Presidential Daily Backup - [Presidential Daily Backup] 10/18/1991; 1991-11-27 - Presidential Daily Backup - [Presidential Daily Backup] 11/27/1991; 1991-12-13 - Presidential Daily Backup - [Presidential Daily Backup] 12/13/1991","Use high-priority print leads to test whether the current private record set is only a presidential-contact skeleton.; Build a public-private chronology and look for missing decision documents around statement dates.","Four or fewer released private records are in the country chapter.; 27 public statements contrast with sparse private records.; Private records come from a single source bucket."
6,Ecuador,1992,High,68,"Thin private record; public-private mismatch",Compare public line to surrounding private material and add explanatory context where needed.,1,5,0,Presidential Memcon Files: 1,"1992-07-28 - Memcon - Meeting with Sixto Duran Ballen, PresidentElect of Ecuador, Julyu 28, 1992",0,0,0,12,2,,,14,"1992-01-22 - Statement by Press Secretary Fitzwater Announcing the Drug Summit in San Antonio, Texas; 1992-01-27 - Remarks at a Drug Control Strategy Meeting; 1992-01-31 - Remarks to the United Nations Security Council in New York City; 1992-02-26 - Remarks at the State Dinner for Drug Summit Participants in San Antonio; 1992-02-27 - Declaration of San Antonio; 1992-02-27 - Exchange With Reporters Following the News Conference in San Antonio; 1992-02-27 - Text of Remarks at the Opening Session of the Drug Summit in San Antonio; 1992-02-27 - The President's News Conference With the Drug Summit Participants in San Antonio; 1992-02-28 - Presidential Determination No. 92-18--Memorandum on Certification for Major Narcotics Producing and Transit Countries; 1992-04-02 - Message to the Senate Transmitting the 1985 Partial Revision of the Radio Regulations",15,2,"1992-01-27 - Presidential Daily Backup - [Presidential Daily Backup] 1/27/1992; 1992-01-27 - Presidential Daily Diary - [Presidential Daily Diary] 1/27/1992; 1992-01-31 - Presidential Daily Backup - [Presidential Daily Backup] 1/31/1992; 1992-01-31 - Presidential Daily Diary - [Presidential Daily Diary] 1/31/1992; 1992-02-26 - Presidential Daily Backup - [Presidential Daily Backup] 2/26/1992; 1992-02-27 - Presidential Daily Backup - [Presidential Daily Backup] 2/27/1992; 1992-03-31 - Presidential Daily Backup - [Presidential Daily Backup] 3/31/1992; 1992-04-01 - Presidential Daily Backup - [Presidential Daily Backup] 4/1/1992; 1992-04-21 - Presidential Daily Backup - [Presidential Daily Backup] 4/21/1992; 1992-07-28 - Presidential Daily Backup - [Presidential Daily Backup] 7/28/1992","Use high-priority print leads to test whether the current private record set is only a presidential-contact skeleton.; Build a public-private chronology and look for missing decision documents around statement dates.","Four or fewer released private records are in the country chapter.; 27 public statements contrast with sparse private records.; Private records come from a single source bucket."
7,Guyana,1989,Critical,86,"Thin private record; high print pressure",Use high-priority print leads to test whether the private chronology is only a presidential-contact skeleton.,1,5,0,Presidential Memcon Files: 1,"1989-06-19 - Memcon - The President's Meeting with President Desmond Hoyte of Guyana, June 19, 1989",19,15,2,11,10,"Latin American Directorate Chronological Files: 11; Latin American Affairs Directorate Subject Files: 8","May 13, 1989 - High - 72 - Photo Opportunity with the President for Guyanese; May 13, 1989 - High - 72 - Photo Opportunity with the President for Guyanese; May 24, 1989 - High - 72 - ' Request by Guyana’s President for a Brief Visit; May 24, 1989 - High - 72 - Request by Guyana’s President for a Brief Visit; June 16, 1989 - High - 72 - Background Paper and Points To Be Made for the; June 16, 1989 - High - 72 - Meeting with Guyanese President Hugh Desmond Hoyte,; June 19, 1989 - High - 72 - Meeting with Guyanese President Hugh Desmond; June 19, 1989 - High - 72 - Memorandum of the President’s Conversation with; June 19, 1989 - High - 72 - Memorandum of the President’s Conversation with; June 19, 1989 - High - 72 - Memorandum of the President’s Conversation with",0,,4,2,"1989-04-26 - Presidential Daily Backup - [Presidential Daily Backup] 4/26/1989; 1989-06-19 - Presidential Daily Backup - [Presidential Daily Backup] 6/19/1989; 1989-06-19 - Presidential Daily Diary - [Presidential Daily Diary] 6/19/1989; 1989-10-27 - Presidential Daily Backup - [Presidential Daily Backup] 10/27/1989","Prioritize adjacent NSC country files, State records, and withdrawal-sheet leads before treating the chapter as representative.","Only one or two released private records are in the country chapter.; 25 high-priority print leads exist against a thin private-record chapter.; Private records come from a single source bucket."
7,Guyana,1990,Critical,86,"No private records; public-private mismatch","Map public statements to surrounding briefing papers, memoranda, cables, and schedule records for this country-year.",0,0,0,,,0,0,0,11,10,,,1,1990-06-12 - Nomination of George Fleming Jones To Be United States Ambassador to Guyana,1,0,1990-05-07 - Presidential Daily Backup - [Presidential Daily Backup] 5/7/1990,"Prioritize adjacent NSC country files, State records, and withdrawal-sheet leads before treating the chapter as representative.","Only one or two released private records are in the country chapter.; 25 high-priority print leads exist against a thin private-record chapter.; Private records come from a single source bucket."
7,Guyana,1991,Critical,86,No private record identified,Treat this country-year as a gap until non-presidential and agency files are checked.,0,0,0,,,0,0,0,11,10,,,0,,1,0,1991-07-10 - Presidential Daily Backup - [Presidential Daily Backup] 7/10/1991,"Prioritize adjacent NSC country files, State records, and withdrawal-sheet leads before treating the chapter as representative.","Only one or two released private records are in the country chapter.; 25 high-priority print leads exist against a thin private-record chapter.; Private records come from a single source bucket."
7,Guyana,1992,Critical,86,No private record identified,Treat this country-year as a gap until non-presidential and agency files are checked.,0,0,0,,,0,0,0,11,10,,,0,,2,0,"1992-04-21 - Presidential Daily Backup - [Presidential Daily Backup] 4/21/1992; 1992-04-21 - Presidential Daily Diary - [Presidential Daily Diary] 4/21/1992","Prioritize adjacent NSC country files, State records, and withdrawal-sheet leads before treating the chapter as representative.","Only one or two released private records are in the country chapter.; 25 high-priority print leads exist against a thin private-record chapter.; Private records come from a single source bucket."
8,Paraguay,1989,Critical,89,"No private records; high print pressure",Prioritize high-priority print leads and adjacent NSC/State files for this country-year before closing the chapter chronology.,0,0,0,,,20,14,6,7,5,"Latin American Directorate Chronological Files: 12; Latin American Affairs Directorate Subject Files: 8","September 18, 1989 - High - 90 - Presidential Letter to Jamaican Prime Minister; May 9, 1989 - High - 78 - Request for Aircraft to Transport the U.S. Delegation; May 9, 1989 - High - 78 - Request for Aircraft to Transport the U.S. Delegation; May 9, 1989 - High - 72 - Request for Aircraft for U.S. Official Delegation; May 9, 1989 - High - 72 - Request for Aircraft for U.S. Official Delegation; May 15, 1989 - High - 72 - Background Paper and Points to Be Made for the; May 15, 1989 - High - 72 - Background Paper and Points to Be Made for the; August 22, 1989 - High - 72 - Talking Points for Telephone Conversations with; September 20, 1989 - High - 72 - Request from Paraguayan President Rodriguez to Meet; September 21, 1989 - High - 72 - Letter to the President from U.S. Families in",2,"1989-05-02 - Remarks to the Council of the Americas; 1989-07-31 - Continuation of Timothy Lathrop To well as United States Ambassador to Paraguay",9,3,"1989-04-01 - Presidential Daily Backup - [Presidential Daily Backup] 4/1/1989; 1989-05-02 - Presidential Daily Backup - [Presidential Daily Backup] 5/2/1989; 1989-05-13 - Presidential Daily Backup - [Presidential Daily Backup] 5/13/1989; 1989-09-25 - Presidential Daily Backup - [Presidential Daily Backup] 9/25/1989; 1989-10-27 - Presidential Daily Backup - [Presidential Daily Backup] 10/27/1989; 1989-11-13 - Presidential Daily Backup - [Presidential Daily Backup] 11/13/1989; 1989-11-13 - Presidential Daily Diary - [Presidential Daily Diary] 11/13/1989; 1989-11-14 - Presidential Daily Backup - [Presidential Daily Backup] 11/14/1989; 1989-11-15 - Presidential Daily Backup - [Presidential Daily Backup] 11/15/1989","Prioritize adjacent NSC country files, State records, and withdrawal-sheet leads before treating the chapter as representative.; Build a public-private chronology and look for missing decision documents around statement dates.","Only one or two released private records are in the country chapter.; 19 high-priority print leads may materially alter the chapter chronology.; 23 public statements contrast with sparse private records."
8,Paraguay,1990,Critical,89,"Thin private record; public-private mismatch",Compare public line to surrounding private material and add explanatory context where needed.,1,2,0,Presidential Memcon Files: 1,"1990-06-15 - Memcon - Meeting with Andres Rodriguez of Paraguay, June 15, 1990",0,0,0,7,5,,,9,"1990-02-28 - Remarks at a Fundraising Dinner for Gubernatorial Candidate Pete Wilson in San Francisco, California; 1990-03-01 - Statement by Press Secretary Fitzwater on Narcotics Control Certification; 1990-05-22 - Remarks to the Council of the Americas; 1990-06-15 - Statement by Press Secretary Fitzwater on President Bush's Meeting With President Andrés Rodriguez Pedotti of Paraguay; 1990-11-30 - Written Responses to Questions Submitted by the South American Press; 1990-12-03 - Remarks at a Luncheon for the Business Community in Brasilia, Brazil; 1990-12-04 - Question-and-Answer Session With Reporters in Montevideo, Uruguay; 1990-12-04 - Remarks to a Joint Session of the Congress in Montevideo, Uruguay; 1990-12-07 - Toast at a State Dinner in Caracas, Venezuela",16,9,"1990-03-12 - Presidential Daily Backup - [Presidential Daily Backup] 3/12/1990; 1990-03-12 - Presidential Daily Diary - [Presidential Daily Diary] 3/12/1990; 1990-04-26 - Presidential Daily Backup - [Presidential Daily Backup] 4/26/1990; 1990-04-26 - Presidential Daily Diary - [Presidential Daily Diary] 4/26/1990; 1990-05-01 - Presidential Daily Backup - [Presidential Daily Backup] 5/1/1990; 1990-05-08 - Presidential Daily Backup - [Presidential Daily Backup] 5/8/1990; 1990-05-08 - Presidential Daily Diary - [Presidential Daily Diary] 5/8/1990; 1990-05-22 - Presidential Daily Backup - [Presidential Daily Backup] 5/22/1990; 1990-06-15 - Presidential Daily Backup - [Presidential Daily Backup] 6/15/1990; 1990-06-15 - Presidential Daily Diary - [Presidential Daily Diary] 6/15/1990","Prioritize adjacent NSC country files, State records, and withdrawal-sheet leads before treating the chapter as representative.; Build a public-private chronology and look for missing decision documents around statement dates.","Only one or two released private records are in the country chapter.; 19 high-priority print leads may materially alter the chapter chronology.; 23 public statements contrast with sparse private records."
8,Paraguay,1991,Critical,89,"Thin private record; public-private mismatch",Compare public line to surrounding private material and add explanatory context where needed.,1,3,0,Presidential Telcon Files: 1,"1991-01-31 - Telcon - Telephone ccmversation with President Andres Rodriguez of Paraguay, January 31, 1991",0,0,0,7,5,,,9,"1991-01-10 - Nomination of Jon D. Glassman To Be United States Ambassador to Paraguay; 1991-02-04 - Letter to Congressional Leaders on Beneficiary Trade Status for the Central African Republic, Paraguay, and Namibia; 1991-02-04 - Statement by Press Secretary Fitzwater on Beneficiary Trade Status for the Central African Republic, Chile, Namibia, and Paraguay; 1991-03-01 - Presidential Determination No. 91-22--Memorandum on Narcotics Control Certification; 1991-05-20 - Message on Cuban Independence Day; 1991-06-18 - Remarks at the Welcoming Ceremony for President Fernando Collor de Mello of Brazil; 1991-06-19 - Remarks by President Bush and President Collor of Brazil on Signing an Enterprise for the Americas Initiative Multilateral Trade Agreement; 1991-06-19 - Statement by Press Secretary Fitzwater on the Establishment of the Council on Trade and Investment; 1991-06-27 - Remarks Commemorating the First Anniversary of the Enterprise for the Americas Initiative and an Exchange With Reporters",16,6,"1991-01-31 - Presidential Daily Backup - [Presidential Daily Backup] 1/31/1991; 1991-01-31 - Presidential Daily Diary - [Presidential Daily Diary] 1/31/1991; 1991-02-20 - Presidential Daily Backup - [Presidential Daily Backup] 2/20/1991; 1991-02-26 - Presidential Daily Backup - [Presidential Daily Backup] 2/26/1991; 1991-03-19 - Presidential Daily Backup - [Presidential Daily Backup] 3/19/1991; 1991-05-03 - Presidential Daily Backup - [Presidential Daily Backup] 5/3/1991; 1991-05-16 - Presidential Daily Backup - [Presidential Daily Backup] 5/16/1991; 1991-06-18 - Presidential Daily Backup - [Presidential Daily Backup] 6/18/1991; 1991-06-19 - Presidential Daily Backup - [Presidential Daily Backup] 6/19/1991; 1991-06-19 - Presidential Daily Diary - [Presidential Daily Diary] 6/19/1991","Prioritize adjacent NSC country files, State records, and withdrawal-sheet leads before treating the chapter as representative.; Build a public-private chronology and look for missing decision documents around statement dates.","Only one or two released private records are in the country chapter.; 19 high-priority print leads may materially alter the chapter chronology.; 23 public statements contrast with sparse private records."
8,Paraguay,1992,Critical,89,"No private records; public-private mismatch","Map public statements to surrounding briefing papers, memoranda, cables, and schedule records for this country-year.",0,0,0,,,0,0,0,7,5,,,3,"1992-02-28 - Presidential Determination No. 92-18--Memorandum on Certification for Major Narcotics Producing and Transit Countries; 1992-04-23 - Remarks to the Forum of the Americas; 1992-07-23 - Remarks on Signing the Higher Education Amendments of 1992 in Annandale, Virginia",10,2,"1992-04-09 - Presidential Daily Backup - [Presidential Daily Backup] 4/9/1992; 1992-04-23 - Presidential Daily Backup - [Presidential Daily Backup] 4/23/1992; 1992-04-28 - Presidential Daily Backup - [Presidential Daily Backup] 4/28/1992; 1992-05-05 - Presidential Daily Backup - [Presidential Daily Backup] 5/5/1992; 1992-05-05 - Presidential Daily Diary - [Presidential Daily Diary] 5/5/1992; 1992-05-13 - Presidential Daily Backup - [Presidential Daily Backup] 5/13/1992; 1992-07-23 - Presidential Daily Backup - [Presidential Daily Backup] 7/23/1992; 1992-09-08 - Presidential Daily Backup - [Presidential Daily Backup] 9/8/1992; 1992-09-08 - Presidential Daily Diary - [Presidential Daily Diary] 9/8/1992; 1992-12-08 - Presidential Daily Backup - [Presidential Daily Backup] 12/8/1992","Prioritize adjacent NSC country files, State records, and withdrawal-sheet leads before treating the chapter as representative.; Build a public-private chronology and look for missing decision documents around statement dates.","Only one or two released private records are in the country chapter.; 19 high-priority print leads may materially alter the chapter chronology.; 23 public statements contrast with sparse private records."
9,Peru,1989,Critical,87,"Thin private record; high print pressure",Use high-priority print leads to test whether the private chronology is only a presidential-contact skeleton.,1,5,0,Presidential Telcon Files: 1,"1989-05-13 - Telcon - Telephone Conversation with President Alan Garcia of Peru, May 13, 1989",26,20,6,19,9,"Latin American Affairs Directorate Subject Files: 14; Latin American Directorate Chronological Files: 12","May 22, 1989 - High - 90 - Possible Call to the President from Peruvian; May 22, 1989 - High - 90 - Possible Call to the President from Peruvian; June 5, 1989 - High - 90 - Letters for Families of Victims Killed in Peru on; September 7, 1989 - High - 90 - Vargas Llosa; September 13, 1989 - High - 90 - Meeting with Amnesty International CHRON; September 16, 1989 - High - 90 - Meeting with President Bush for the Chiefs of Mission; September 18, 1989 - High - 90 - Request for Meeting with the President for U.S.; September 18, 1989 - High - 90 - Request for Meeting with the President for U.S.; October 30, 1989 - High - 90 - Telephone Call to Colombian President; October 30, 1989 - High - 90 - Telephone Call to Colombian President",12,"1989-02-08 - Remarks and a Question-and-Answer Session With Reporters Prior to a Meeting With William J. Bennett; 1989-03-03 - Remarks on Drug Trafficking Prior to a Luncheon With Administration Officials; 1989-03-09 - Remarks to Drug Enforcement Administration Officers in New York, New York; 1989-03-22 - Question-and-Answer Session at the Wilmington Cluster Against Substance Abuse Program in Delaware; 1989-03-22 - Remarks to the Law Enforcement Community in Wilmington, Delaware; 1989-04-27 - Remarks at the International Drug Enforcement Conference in Miami, Florida; 1989-05-09 - Interview With Members of the White House Press Corps; 1989-08-15 - The President's News Conference; 1989-08-31 - News Conference of the President and Prime Minister Brian Mulroney of Canada in Kennebunkport, Maine; 1989-09-05 - Address to the Nation on the National Drug Control Strategy",31,7,"1989-03-03 - Presidential Daily Backup - [Presidential Daily Backup] 3/3/1989; 1989-03-03 - Presidential Daily Diary - [Presidential Daily Diary] 3/3/1989; 1989-03-10 - Presidential Daily Backup - [Presidential Daily Backup] 3/10/1989; 1989-03-22 - Presidential Daily Backup - [Presidential Daily Backup] 3/22/1989; 1989-05-04 - Presidential Daily Backup - [Presidential Daily Backup] 5/4/1989; 1989-05-08 - Presidential Daily Backup - [Presidential Daily Backup] 5/8/1989; 1989-05-08 - Presidential Daily Diary - [Presidential Daily Diary] 5/8/1989; 1989-05-09 - Presidential Daily Backup - [Presidential Daily Backup] 5/9/1989; 1989-05-11 - Presidential Daily Backup - [Presidential Daily Backup] 5/11/1989; 1989-05-11 - Presidential Daily Diary - [Presidential Daily Diary] 5/11/1989","Use high-priority print leads to test whether the current private record set is only a presidential-contact skeleton.; Build a public-private chronology and look for missing decision documents around statement dates.","Four or fewer released private records are in the country chapter.; 29 high-priority print leads exist against a thin private-record chapter.; 66 public statements contrast with sparse private records."
9,Peru,1990,Critical,87,"No private records; public-private mismatch","Map public statements to surrounding briefing papers, memoranda, cables, and schedule records for this country-year.",0,0,0,,,0,0,0,19,9,,,19,"1990-01-17 - Remarks on the United States Military Action in Panama and an Exchange With Reporters; 1990-02-12 - The President's News Conference; 1990-02-15 - Statement on the Drug Summit in Cartagena, Colombia; 1990-02-15 - The President's News Conference Following the Drug Summit in Cartagena, Colombia; 1990-02-21 - Remarks and a Question-and-Answer Session at the Annual Dinner of the Business Council; 1990-02-28 - Remarks at a Fundraising Dinner for Gubernatorial Candidate Pete Wilson in San Francisco, California; 1990-03-01 - Statement by Press Secretary Fitzwater on Narcotics Control Certification; 1990-03-02 - Remarks to the Academy of Television Arts and Sciences in Los Angeles, California; 1990-04-26 - Remarks at a White House Briefing for Conservative Leaders; 1990-05-03 - The President's News Conference",25,6,"1990-02-02 - Presidential Daily Backup - [Presidential Daily Backup] 2/2/1990; 1990-02-12 - Presidential Daily Backup - [Presidential Daily Backup] 2/12/1990; 1990-02-15 - Presidential Daily Backup - [Presidential Daily Backup] 2/15/1990; 1990-02-15 - Presidential Daily Diary - [Presidential Daily Diary] 2/15/1990; 1990-02-21 - Presidential Daily Backup - [Presidential Daily Backup] 2/21/1990; 1990-02-28 - Presidential Daily Backup - [Presidential Daily Backup] 2/28/1990; 1990-04-26 - Presidential Daily Backup - [Presidential Daily Backup] 4/26/1990; 1990-05-03 - Presidential Daily Backup - [Presidential Daily Backup] 5/3/1990; 1990-05-04 - Presidential Daily Backup - [Presidential Daily Backup] 5/4/1990; 1990-05-08 - Presidential Daily Backup - [Presidential Daily Backup] 5/8/1990","Use high-priority print leads to test whether the current private record set is only a presidential-contact skeleton.; Build a public-private chronology and look for missing decision documents around statement dates.","Four or fewer released private records are in the country chapter.; 29 high-priority print leads exist against a thin private-record chapter.; 66 public statements contrast with sparse private records."
9,Peru,1991,Critical,87,Coverage present,Use existing private records as the anchor and scan leads only for annotation or missing-decision context.,2,14,0,Presidential Memcon Files: 2,"1991-09-17 - Memcon - Luncheon with Alberto Fujimori, President of Peru, September 17, 1991 (2 of 2); 1991-09-17 - Memcon - Meeting with Alberto Fujimori, President of Peru, September 17, 1991 (1 of 2)",0,0,0,19,9,,,9,"1991-03-01 - Presidential Determination No. 91-22--Memorandum on Narcotics Control Certification; 1991-04-25 - Memorandum on Modifications of the Generalized System of Preferences; 1991-06-27 - Remarks Commemorating the First Anniversary of the Enterprise for the Americas Initiative and an Exchange With Reporters; 1991-09-17 - Remarks Following Discussions With President Alberto Fujimori of Peru; 1991-09-20 - Statement by Press Secretary Fitzwater on Peru's Drug Interdiction Efforts; 1991-09-23 - Remarks at a Luncheon Hosted by United Nations Secretary- General Javier Perez de Cuellar in New York City; 1991-10-28 - Statement by Press Secretary Fitzwater on the Proposed Antinarcotics Summit; 1991-12-04 - Statement on Signing Legislation on Trade and Unemployment Benefits; 1991-12-12 - Remarks on Presenting the Medal of Freedom and the Presidential Award for Exceptional Service to United Nations Officials",41,2,"1991-02-14 - Presidential Daily Backup - [Presidential Daily Backup] 2/14/1991; 1991-02-20 - Presidential Daily Backup - [Presidential Daily Backup] 2/20/1991; 1991-02-27 - Presidential Daily Backup - [Presidential Daily Backup] 2/27/1991; 1991-03-19 - Presidential Daily Backup - [Presidential Daily Backup] 3/19/1991; 1991-04-04 - Presidential Daily Backup - [Presidential Daily Backup] 4/4/1991; 1991-04-05 - Presidential Daily Backup - [Presidential Daily Backup] 4/5/1991; 1991-04-08 - Presidential Daily Backup - [Presidential Daily Backup] 4/8/1991; 1991-04-10 - Presidential Daily Backup - [Presidential Daily Backup] 4/10/1991; 1991-04-11 - Presidential Daily Backup - [Presidential Daily Backup] 4/11/1991; 1991-04-11 - Presidential Daily Diary - [Presidential Daily Diary] 4/11/1991","Use high-priority print leads to test whether the current private record set is only a presidential-contact skeleton.; Build a public-private chronology and look for missing decision documents around statement dates.","Four or fewer released private records are in the country chapter.; 29 high-priority print leads exist against a thin private-record chapter.; 66 public statements contrast with sparse private records."
9,Peru,1992,Critical,87,"Thin private record; public-private mismatch",Compare public line to surrounding private material and add explanatory context where needed.,1,5,0,Presidential Telcon Files: 1,"1992-04-20 - Telcon - Telcon with Alberto Fujimori of Peru on April 20, 1992",0,0,0,19,9,,,26,"1992-01-22 - Statement by Press Secretary Fitzwater Announcing the Drug Summit in San Antonio, Texas; 1992-01-27 - Remarks at a Drug Control Strategy Meeting; 1992-02-26 - Exchange With Reporters Prior to Discussions With President Alberto Kenyo Fujimori of Peru in San Antonio, Texas; 1992-02-26 - Remarks at the State Dinner for Drug Summit Participants in San Antonio; 1992-02-27 - Declaration of San Antonio; 1992-02-27 - Exchange With Reporters Following the News Conference in San Antonio; 1992-02-27 - Text of Remarks at the Opening Session of the Drug Summit in San Antonio; 1992-02-27 - The President's News Conference With the Drug Summit Participants in San Antonio; 1992-02-28 - Presidential Determination No. 92-18--Memorandum on Certification for Major Narcotics Producing and Transit Countries; 1992-04-06 - Statement by Deputy Press Secretary Smith on the Peruvian Government Crisis",18,5,"1992-01-21 - Presidential Daily Backup - [Presidential Daily Backup] 1/21/1992; 1992-01-27 - Presidential Daily Backup - [Presidential Daily Backup] 1/27/1992; 1992-01-27 - Presidential Daily Diary - [Presidential Daily Diary] 1/27/1992; 1992-02-26 - Presidential Daily Backup - [Presidential Daily Backup] 2/26/1992; 1992-02-27 - Presidential Daily Backup - [Presidential Daily Backup] 2/27/1992; 1992-03-20 - Presidential Daily Backup - [Presidential Daily Backup] 3/20/1992; 1992-04-08 - Presidential Daily Backup - [Presidential Daily Backup] 4/8/1992; 1992-04-09 - Presidential Daily Backup - [Presidential Daily Backup] 4/9/1992; 1992-04-20 - Presidential Daily Backup - [Presidential Daily Backup] 4/20/1992; 1992-04-20 - Presidential Daily Diary - [Presidential Daily Diary] 4/20/1992","Use high-priority print leads to test whether the current private record set is only a presidential-contact skeleton.; Build a public-private chronology and look for missing decision documents around statement dates.","Four or fewer released private records are in the country chapter.; 29 high-priority print leads exist against a thin private-record chapter.; 66 public statements contrast with sparse private records."
10,Suriname,1989,Critical,90,"No private records; print leads exist",Verify print leads and decide whether they supply the missing country-year narrative.,0,0,0,,,2,0,2,3,2,Latin American Directorate Chronological Files: 2,,0,,4,0,"1989-05-11 - Presidential Daily Backup - [Presidential Daily Backup] 5/11/1989; 1989-05-11 - Presidential Daily Diary - [Presidential Daily Diary] 5/11/1989; 1989-10-27 - Presidential Daily Backup - [Presidential Daily Backup] 10/27/1989; 1989-11-14 - Presidential Daily Backup - [Presidential Daily Backup] 11/14/1989","Treat this chapter as unresolved until non-presidential, State, NSC country, or agency files are checked.",No released private memcon/telcon record is currently in the country chapter.
10,Suriname,1990,Critical,90,"No private records; public-private mismatch","Map public statements to surrounding briefing papers, memoranda, cables, and schedule records for this country-year.",0,0,0,,,0,0,0,3,2,,,1,1990-09-20 - Nomination of John P. Leonard To Be United States Ambassador to Suriname,2,0,"1990-12-20 - Presidential Daily Backup - [Presidential Daily Backup] 12/20/1990; 1990-12-20 - Presidential Daily Diary - [Presidential Daily Diary] 12/20/1990","Treat this chapter as unresolved until non-presidential, State, NSC country, or agency files are checked.",No released private memcon/telcon record is currently in the country chapter.
10,Suriname,1991,Critical,90,"No private records; public-private mismatch","Map public statements to surrounding briefing papers, memoranda, cables, and schedule records for this country-year.",0,0,0,,,0,0,0,3,2,,,1,1991-05-03 - Statement by Press Secretary Fitzwater on President Bush's Meeting With President Carlos Andres Perez of Venezuela,4,1,"1991-06-11 - Presidential Daily Backup - [Presidential Daily Backup] 6/11/1991; 1991-06-18 - Presidential Daily Backup - [Presidential Daily Backup] 6/18/1991; 1991-07-10 - Presidential Daily Backup - [Presidential Daily Backup] 7/10/1991; 1991-12-13 - Presidential Daily Backup - [Presidential Daily Backup] 12/13/1991","Treat this chapter as unresolved until non-presidential, State, NSC country, or agency files are checked.",No released private memcon/telcon record is currently in the country chapter.
10,Suriname,1992,Critical,90,"No private records; public-private mismatch","Map public statements to surrounding briefing papers, memoranda, cables, and schedule records for this country-year.",0,0,0,,,0,0,0,3,2,,,2,"1992-02-03 - Exchange With Reporters Prior to Discussions With President Ronald Venetiaan of Suriname; 1992-02-03 - Statement by Press Secretary Fitzwater on the President's Meeting With President Ronald Venetiaan of Suriname",5,0,"1992-02-03 - Presidential Daily Backup - [Presidential Daily Backup] 2/3/1992; 1992-02-03 - Presidential Daily Diary - [Presidential Daily Diary] 2/3/1992; 1992-11-18 - Presidential Daily Backup - [Presidential Daily Backup] 11/18/1992; 1992-11-19 - Presidential Daily Backup - [Presidential Daily Backup] 11/19/1992; 1992-11-19 - Presidential Daily Diary - [Presidential Daily Diary] 11/19/1992","Treat this chapter as unresolved until non-presidential, State, NSC country, or agency files are checked.",No released private memcon/telcon record is currently in the country chapter.
11,Uruguay,1989,Medium,32,"Private record present; high print pressure",Triage high-priority leads against the verified private records for possible print additions or annotations.,3,14,0,"Presidential Telcon Files: 2; Presidential Memcon Files: 1","1989-05-13 - Telcon - Presidential Telephone Calls to Presidents Sanguinetti, Alfonsin, and Garcia on May 13 (2 of 2); 1989-05-13 - Telcon - The President's Telephone Conversation with President Sanguinetti of Uruguay, May 13, 1989 (1 of 2); 1989-09-15 - Memcon - Meeting with Uruguayan President Julio Maria Sanguinetti, September 15, 1989",34,21,12,17,7,"Latin American Affairs Directorate Subject Files: 17; Latin American Directorate Chronological Files: 17","August 16, 1989 - High - 90 - President Julio Maria Sanguinetti of Uruguay Requests a; August 16, 1989 - High - 90 - President Julio Maria Sanguinetti of Uruguay Requests a; September 13, 1989 - High - 90 - Presidential Meeting with Uruguayan President; September 13, 1989 - High - 90 - Presidential Meeting with Uruguayan President; September 15, 1989 - High - 90 - Presidential Meeting with Uruguayan President; December 20, 1989 - High - 90 - President-Elect Luis Alberto Lacalle of Uruguay; June 28, 1989 - High - 78 - Presidential Reply to Letter from the President of; June 28, 1989 - High - 78 - Presidential Reply to Letter from the President of; June 30, 1989 - High - 78 - Presidential Reply to Letter from the President of; April 27, 1989 - High - 72 - Two Requests for Meetings with the President",1,1989-05-05 - Continuation of Malcolm Richard Wilkey as Ambassador to Uruguay,16,4,"1989-01-25 - Presidential Daily Backup - [Presidential Daily Backup] 1/25/1989; 1989-02-06 - Presidential Daily Backup - [Presidential Daily Backup] 2/6/1989; 1989-03-14 - Presidential Daily Backup - [Presidential Daily Backup] 3/14/1989; 1989-03-29 - Presidential Daily Backup - [Presidential Daily Backup] 3/29/1989; 1989-05-13 - Presidential Daily Backup - [Presidential Daily Backup] 5/13/1989; 1989-05-13 - Presidential Daily Diary - [Presidential Daily Diary] 5/13/1989; 1989-06-27 - Presidential Daily Backup - [Presidential Daily Backup] 6/27/1989; 1989-07-06 - Presidential Daily Backup - [Presidential Daily Backup] 7/6/1989; 1989-07-14 - Presidential Daily Backup - [Presidential Daily Backup] 7/14/1989; 1989-09-01 - Presidential Daily Backup - [Presidential Daily Backup] 9/1/1989",Cross-check major public statements and high-priority leads against the country chronology.,"The private record set is modest and may miss issue-level policy development.; 32 high-priority print leads may materially alter the chapter chronology."
11,Uruguay,1990,Medium,32,Coverage present,Use existing private records as the anchor and scan leads only for annotation or missing-decision context.,4,18,0,"Presidential Memcon Files: 3; Presidential Telcon Files: 1","1990-02-05 - Memcon - Meeting with President-elect Luis Alberto Lacalle of Uruguay, February 5, 1990; 1990-06-28 - Telcon - Telephone Conversation with President Luis Alberto Lacalle of Uruguay, June 28, 1990; 1990-10-01 - Memcon - Meeting with President Luis Alberto Lacalle of Uruguay, October 1, 1990; 1990-12-04 - Memcon - Meeting with Luis Alberto Lacalle of Uruguay, December 4, 1990",4,4,0,17,7,Latin American Affairs Directorate Subject Files: 4,"January 3, 1990 - High - 72 - Schedule Proposal for Presidential Meeting with; February 1, 1990 - High - 72 - President’s Meeting with President-Elect; February 2, 1990 - High - 72 - Briefing Materials for the President's Meeting with; February 2, 1990 - High - 72 - President’s Meeting with President-Elect",14,"1990-02-05 - Statement by Press Secretary Fitzwater on President Bush's Meeting With President-Elect Luis Alberto Lacalle of Uruguay; 1990-04-26 - Memorandum on Modifications of the Generalized System of Preferences; 1990-05-19 - Remarks at the Houston Economic Summit Headquarters and an Exchange With Reporters; 1990-06-13 - Nomination of Richard C. Brown To Be United States Ambassador to Uruguay; 1990-09-14 - Remarks on Transmitting the Enterprise for the Americas Initiative Act of 1990; 1990-11-30 - Written Responses to Questions Submitted by the South American Press; 1990-12-03 - Remarks at a Luncheon for the Business Community in Brasilia, Brazil; 1990-12-04 - Question-and-Answer Session With Reporters in Montevideo, Uruguay; 1990-12-04 - Remarks to a Joint Session of the Congress in Montevideo, Uruguay; 1990-12-05 - Question-and-Answer Session With Reporters in Buenos Aires, Argentina",35,13,"1990-02-05 - Presidential Daily Backup - [Presidential Daily Backup] 2/5/1990; 1990-02-05 - Presidential Daily Diary - [Presidential Daily Diary] 2/5/1990; 1990-02-07 - Presidential Daily Backup - [Presidential Daily Backup] 2/7/1990; 1990-03-19 - Presidential Daily Backup - [Presidential Daily Backup] 3/19/1990; 1990-04-24 - Presidential Daily Backup - [Presidential Daily Backup] 4/24/1990; 1990-05-22 - Presidential Daily Backup - [Presidential Daily Backup] 5/22/1990; 1990-05-23 - Presidential Daily Backup - [Presidential Daily Backup] 5/23/1990; 1990-06-06 - Presidential Daily Backup - [Presidential Daily Backup] 6/6/1990; 1990-06-14 - Presidential Daily Backup - [Presidential Daily Backup] 6/14/1990; 1990-06-21 - Presidential Daily Backup - [Presidential Daily Backup] 6/21/1990",Cross-check major public statements and high-priority leads against the country chronology.,"The private record set is modest and may miss issue-level policy development.; 32 high-priority print leads may materially alter the chapter chronology."
11,Uruguay,1991,Medium,32,Coverage present,Use existing private records as the anchor and scan leads only for annotation or missing-decision context.,2,9,0,"Presidential Memcon Files: 1; Presidential Telcon Files: 1","1991-01-16 - Telcon - Telephone Conversation with President Luis Alberto Lacalle of Uruguay, January 16, 1991; 1991-05-21 - Memcon - Meeting with President Luis Alberto Lacalle of Uruguay, May 21, 1991",0,0,0,17,7,,,9,"1991-05-21 - Exchange With Reporters Prior to a Meeting With President Luis Alberto Lacalle of Uruguay; 1991-05-21 - Statement by Deputy Press Secretary Popadiuk on President Bush's Meeting With President Luis Alberto Lacalle of Uruguay; 1991-05-23 - Remarks to the National Retail Federation; 1991-06-18 - Remarks at the Welcoming Ceremony for President Fernando Collor de Mello of Brazil; 1991-06-19 - Remarks by President Bush and President Collor of Brazil on Signing an Enterprise for the Americas Initiative Multilateral Trade Agreement; 1991-06-19 - Statement by Press Secretary Fitzwater on the Establishment of the Council on Trade and Investment; 1991-06-27 - Remarks Commemorating the First Anniversary of the Enterprise for the Americas Initiative and an Exchange With Reporters; 1991-11-13 - Message to the Senate Transmitting the Uruguay-United States Legal Assistance Treaty; 1991-11-14 - Remarks at the Welcoming Ceremony for President Carlos Menem of Argentina",33,7,"1991-01-11 - Presidential Daily Backup - [Presidential Daily Backup] 1/11/1991; 1991-01-16 - Presidential Daily Backup - [Presidential Daily Backup] 1/16/1991; 1991-01-16 - Presidential Daily Diary - [Presidential Daily Diary] 1/16/1991; 1991-02-26 - Presidential Daily Backup - [Presidential Daily Backup] 2/26/1991; 1991-03-05 - Presidential Daily Backup - [Presidential Daily Backup] 3/5/1991; 1991-03-19 - Presidential Daily Backup - [Presidential Daily Backup] 3/19/1991; 1991-04-09 - Presidential Daily Backup - [Presidential Daily Backup] 4/9/1991; 1991-04-11 - Presidential Daily Backup - [Presidential Daily Backup] 4/11/1991; 1991-04-15 - Presidential Daily Backup - [Presidential Daily Backup] 4/15/1991; 1991-04-29 - Presidential Daily Backup - [Presidential Daily Backup] 4/29/1991",Cross-check major public statements and high-priority leads against the country chronology.,"The private record set is modest and may miss issue-level policy development.; 32 high-priority print leads may materially alter the chapter chronology."
11,Uruguay,1992,Medium,32,"No private records; public-private mismatch","Map public statements to surrounding briefing papers, memoranda, cables, and schedule records for this country-year.",0,0,0,,,0,0,0,17,7,,,2,"1992-05-15 - White House Statement on the Establishment of the Inter-American Institute for Global Change Research; 1992-12-17 - Remarks on Signing the North American Free Trade Agreement",20,0,"1992-01-01 - Presidential Daily Backup - [Presidential Daily Backup] 1/1/1992; 1992-01-02 - Presidential Daily Backup - [Presidential Daily Backup] 1/2/1992; 1992-01-04 - Presidential Daily Backup - [Presidential Daily Backup] 1/4/1992; 1992-01-06 - Presidential Daily Backup - [Presidential Daily Backup] 1/6/1992; 1992-01-09 - Presidential Daily Backup - [Presidential Daily Backup] 1/9/1992; 1992-01-13 - Presidential Daily Backup - [Presidential Daily Backup] 1/13/1992; 1992-02-20 - Presidential Daily Backup - [Presidential Daily Backup] 2/20/1992; 1992-03-24 - Presidential Daily Backup - [Presidential Daily Backup] 3/24/1992; 1992-04-02 - Presidential Daily Backup - [Presidential Daily Backup] 4/2/1992; 1992-04-21 - Presidential Daily Backup - [Presidential Daily Backup] 4/21/1992",Cross-check major public statements and high-priority leads against the country chronology.,"The private record set is modest and may miss issue-level policy development.; 32 high-priority print leads may materially alter the chapter chronology."
12,Venezuela,1989,Monitor,18,"Private record present; high print pressure",Triage high-priority leads against the verified private records for possible print additions or annotations.,9,39,0,"Presidential Telcon Files: 7; Presidential Memcon Files: 2","1989-01-24 - Telcon - Memorandum of Conversation Between the President and President-Elect Carlos Andres Perez of Venezuela, January 24, 1989; 1989-03-03 - Telcon - The President's Telephone Conversation with President Carlos Andres Perez of Venezuela on March 3, 1989; 1989-04-01 - Memcon - Meeting with President Carlos Andres Perez of Venezuela, April 1, 1989; 1989-05-10 - Telcon - Telephone Call with Carlos Andres Perez of Venezuela, May 10, 1989; 1989-06-23 - Telcon - The President's Telephone Conversation with President Carlos Andres Perez of Venezuela, June 23, 1989; 1989-08-22 - Telcon - Telephone Conversation with Carlos Andres Perez, President of Venezuela; 1989-09-25 - Memcon - Meeting with Venezuelan President Carlos Andres Perez, September 25, 1989; 1989-11-01 - Telcon - Telephone Conversation with Venezuelan President Carlos Andres Perez, November 1, 1989; 1989-12-20 - Telcon - Telephone Conversation with President Perez of Venezuela, December 20, 1989",130,81,47,50,28,"Latin American Affairs Directorate Subject Files: 66; Latin American Directorate Chronological Files: 64","March 2, 1989 - High - 90 - Presidential Telephone Call to Venezuelan; March 2, 1989 - High - 90 - Presidential Telephone Call to Venezuelan; March 15, 1989 - High - 90 - Carlos Andres Perez Request for Two-Hour Meeting; March 15, 1989 - High - 90 - Carlos Andres Perez Request for Two-Hour Meeting; March 28, 1989 - High - 90 - Proposed Response to Venezuelan President; May 18, 1989 - High - 90 - Telephone call to Venezuelan President Carlos; May 18, 1989 - High - 90 - Telephone call to Venezuelan President Carlos; May 26, 1989 - High - 90 - Recommended Presidential Telephone Call to; June 17, 1989 - High - 90 - Panama -~ Recommendation that President Bush; June 21, 1989 - High - 90 - Nicaragua -- Recommendation that President",9,"1989-04-01 - Statement by Press Secretary Fitzwater on President Bush's Meeting With President Carlos Andres Perez of Venezuela; 1989-04-13 - Memorandum on Amendments to the Generalized System of Preferences; 1989-04-24 - Remarks at the Associated Press Business Luncheon in Chicago, Illinois; 1989-05-02 - Remarks to the Council of the Americas; 1989-05-09 - Interview With Members of the White House Press Corps; 1989-05-13 - Interview With Members of the White House Press Corps on the Situation in Panama; 1989-07-06 - Nomination of Eric M. Javits To Be United States Ambassador to Venezuela; 1989-09-25 - Address to the 44th Session of the United Nations General Assembly in New York, New York; 1989-10-13 - The President's News Conference",42,19,"1989-01-24 - Presidential Daily Backup - [Presidential Daily Backup] 1/24/1989; 1989-01-24 - Presidential Daily Diary - [Presidential Daily Diary] 1/24/1989; 1989-02-27 - Presidential Daily Backup - [Presidential Daily Backup] 2/27/1989; 1989-03-02 - Presidential Daily Backup - [Presidential Daily Backup] 3/2/1989; 1989-03-03 - Presidential Daily Backup - [Presidential Daily Backup] 3/3/1989; 1989-03-03 - Presidential Daily Diary - [Presidential Daily Diary] 3/3/1989; 1989-04-01 - Presidential Daily Backup - [Presidential Daily Backup] 4/1/1989; 1989-04-01 - Presidential Daily Diary - [Presidential Daily Diary] 4/1/1989; 1989-04-02 - Presidential Daily Backup - [Presidential Daily Backup] 4/2/1989; 1989-04-27 - Presidential Daily Backup - [Presidential Daily Backup] 4/27/1989","Maintain as lower-risk, but still check high-priority print leads before final compilation decisions.",109 high-priority print leads require triage.
12,Venezuela,1990,Monitor,18,Coverage present,Use existing private records as the anchor and scan leads only for annotation or missing-decision context.,6,30,0,"Presidential Memcon Files: 3; Presidential Telcon Files: 3","1990-02-26 - Telcon - Telephone conversation with President Carlos Andres Perez of Venezuela, February 26, 1990; 1990-03-21 - Telcon - Telephone conversation with President Carlos Andres Perez of Venezuela, March 21, 1990; 1990-04-26 - Memcon - Meeting with Carlos Andres Perez of Venezuela, April 26, 1990; 1990-08-13 - Telcon - Telephone Conversation with President Carlos Andres Perez of Venezuela, August 13, 1990; 1990-10-01 - Memcon - Meeting with President Carlos Andres Perez of Venezuela, October 1, 1990; 1990-12-08 - Memcon - Memorandum of Conversation of Expanded Bilateral Meeting with President Carlos Andres Perez of Venezuela, December 8, 1990",0,0,0,50,28,,,16,"1990-02-26 - Remarks to Members of the National Governors' Association; 1990-02-26 - Statement on the Election of Violeta Chamorro as President of Nicaragua; 1990-03-13 - The President's News Conference; 1990-04-26 - Remarks at the Welcoming Ceremony for President Carlos Andres Pérez of Venezuela; 1990-05-22 - Remarks to the Council of the Americas; 1990-06-26 - Nomination of Michael Martin Skol To Be United States Ambassador to Venezuela; 1990-06-27 - Remarks Announcing the Enterprise for the Americas Initiative; 1990-07-09 - Remarks at the Welcoming Ceremony for the Houston Economic Summit; 1990-08-14 - The President's News Conference; 1990-10-01 - Remarks on Signing a Resolution Providing Funding for Continued Government Operation and a Question-and-Answer Session With Reporters in New York, New York",29,15,"1990-02-26 - Presidential Daily Backup - [Presidential Daily Backup] 2/26/1990; 1990-02-26 - Presidential Daily Diary - [Presidential Daily Diary] 2/26/1990; 1990-03-13 - Presidential Daily Backup - [Presidential Daily Backup] 3/13/1990; 1990-03-21 - Presidential Daily Backup - [Presidential Daily Backup] 3/21/1990; 1990-03-21 - Presidential Daily Diary - [Presidential Daily Diary] 3/21/1990; 1990-04-26 - Presidential Daily Backup - [Presidential Daily Backup] 4/26/1990; 1990-04-26 - Presidential Daily Diary - [Presidential Daily Diary] 4/26/1990; 1990-05-16 - Presidential Daily Backup - [Presidential Daily Backup] 5/16/1990; 1990-05-22 - Presidential Daily Backup - [Presidential Daily Backup] 5/22/1990; 1990-05-25 - Presidential Daily Backup - [Presidential Daily Backup] 5/25/1990","Maintain as lower-risk, but still check high-priority print leads before final compilation decisions.",109 high-priority print leads require triage.
12,Venezuela,1991,Monitor,18,Coverage present,Use existing private records as the anchor and scan leads only for annotation or missing-decision context.,11,60,0,"Presidential Telcon Files: 9; Presidential Memcon Files: 2","1991-02-08 - Telcon - Telephone conversation with President Carlos Andres Perez of Venezuela, February 8, 1991; 1991-04-09 - Telcon - Telephone Conversation with President Carlos Andres Perez of Venezuela, April 9, 1991; 1991-04-20 - Telcon - Telcon with Carlos Andres Perez, President of Venezuela on April 20, 1991; 1991-05-03 - Memcon - Meeting with President Carlos Andres Perez of Venezuela, May 3, 1991; 1991-09-05 - Telcon - Telcon with President Carlos Andres Perez of Venezuela on september 5, 1991; 1991-09-24 - Memcon - Meeting with Carlos Andres Perez, President of the Republic of Venezuela at UNGA, Waldorf Astoria Hotel, New York; 1991-09-30 - Telcon - Telephone Conversation with President Carlos Andres Perez of Venezuela, September 30, 1991; 1991-10-01 - Telcon - Telephone Conversation with President Carlos Andres Perez of Venezuela, October 1, 1991; 1991-10-10 - Telcon - Telcon with President Carlos Andres Perez President of Venezuela on October 10, 1991; 1991-11-15 - Telcon - Telephone Conversation with Carlos Andres Perez, President of Venezuela on November 15, 1991; 1991-12-17 - Telcon - Telephone Conversation with Carlos Andres Perez, December 18, 1991",0,0,0,50,28,,,9,"1991-05-03 - Exchange With Reporters on Reports of a 1980 Hostage Agreement; 1991-05-03 - Statement by Press Secretary Fitzwater on President Bush's Meeting With President Carlos Andres Perez of Venezuela; 1991-05-09 - Remarks to the Hispanic Alliance for Free Trade; 1991-05-23 - Remarks to the National Retail Federation; 1991-06-27 - Remarks Commemorating the First Anniversary of the Enterprise for the Americas Initiative and an Exchange With Reporters; 1991-09-24 - Exchange With Reporters in New York City Following Discussions With President Carlos Perez of Venezuela; 1991-10-28 - Statement by Press Secretary Fitzwater on the Proposed Antinarcotics Summit; 1991-12-19 - Statement by Press Secretary Fitzwater on the President's Telephone Conversation With Prime Minister Mulroney of Canada and President Perez of Venezuela; 1991-12-19 - The President's News Conference With Foreign Correspondents",33,24,"1991-01-17 - Presidential Daily Backup - [Presidential Daily Backup] 1/17/1991; 1991-02-08 - Presidential Daily Backup - [Presidential Daily Backup] 2/8/1991; 1991-02-08 - Presidential Daily Diary - [Presidential Daily Diary] 2/8/1991; 1991-03-19 - Presidential Daily Backup - [Presidential Daily Backup] 3/19/1991; 1991-04-09 - Presidential Daily Backup - [Presidential Daily Backup] 4/9/1991; 1991-04-09 - Presidential Daily Diary - [Presidential Daily Diary] 4/9/1991; 1991-04-20 - Presidential Daily Backup - [Presidential Daily Backup] 4/20/1991; 1991-04-20 - Presidential Daily Diary - [Presidential Daily Diary] 4/20/1991; 1991-05-03 - Presidential Daily Backup - [Presidential Daily Backup] 5/3/1991; 1991-05-03 - Presidential Daily Diary - [Presidential Daily Diary] 5/3/1991","Maintain as lower-risk, but still check high-priority print leads before final compilation decisions.",109 high-priority print leads require triage.
12,Venezuela,1992,Monitor,18,Coverage present,Use existing private records as the anchor and scan leads only for annotation or missing-decision context.,5,14,0,"Presidential Memcon Files: 2; Scowcroft extract: 2; Presidential Telcon Files: 1","1992-04-09 - Telcon - Telcon with Carlos Andres Perez of Venezuela on April 9, 1992 (&; 1992-06-20 - Telcon - Telcon with Carlos Andres Perez, President of Venezuela, on June 20, 1992; 1992-11-27 - Memcon - Telcon with Carlos Andres Perez, President of Venezuela on November 27, 1992 (1 of 2); 1992-11-27 - Memcon - Telcon with Carlos Andres Perez, President of Venezuela on November 27, 1992 (2 of 2); 1992-11-27 - Telcon - Telcon with Carlos Andres Perez, President of Venezuela on November 27, 1992 (U)",0,0,0,50,28,,,17,"1992-01-10 - Letter to Congressional Leaders on the Determination Not To Prohibit Fish Imports From Certain Countries; 1992-01-10 - Letter to Congressional Leaders on the Determination Not To Prohibit Fish Imports From Venezuela and Vanuatu; 1992-01-22 - Statement by Press Secretary Fitzwater Announcing the Drug Summit in San Antonio, Texas; 1992-01-27 - Remarks at a Drug Control Strategy Meeting; 1992-02-26 - Remarks at the State Dinner for Drug Summit Participants in San Antonio; 1992-02-27 - Declaration of San Antonio; 1992-02-27 - Text of Remarks at the Opening Session of the Drug Summit in San Antonio; 1992-02-27 - The President's News Conference With the Drug Summit Participants in San Antonio; 1992-02-28 - Presidential Determination No. 92-18--Memorandum on Certification for Major Narcotics Producing and Transit Countries; 1992-03-03 - Message to the Congress on the Determination Not To Prohibit Fish Imports From Certain Countries",23,7,"1992-01-22 - Presidential Daily Backup - [Presidential Daily Backup] 1/22/1992; 1992-01-27 - Presidential Daily Backup - [Presidential Daily Backup] 1/27/1992; 1992-01-27 - Presidential Daily Diary - [Presidential Daily Diary] 1/27/1992; 1992-01-31 - Presidential Daily Backup - [Presidential Daily Backup] 1/31/1992; 1992-01-31 - Presidential Daily Diary - [Presidential Daily Diary] 1/31/1992; 1992-02-04 - Presidential Daily Backup - [Presidential Daily Backup] 2/4/1992; 1992-02-04 - Presidential Daily Diary - [Presidential Daily Diary] 2/4/1992; 1992-02-26 - Presidential Daily Backup - [Presidential Daily Backup] 2/26/1992; 1992-02-27 - Presidential Daily Backup - [Presidential Daily Backup] 2/27/1992; 1992-03-03 - Presidential Daily Backup - [Presidential Daily Backup] 3/3/1992","Maintain as lower-risk, but still check high-priority print leads before final compilation decisions.",109 high-priority print leads require triage.
