date,catalog_date,source_type,title,countries,relationship,matched_terms,linked_memcon_telcon_titles,local_identifier,naid,empty_folder,access_restriction,source_note,pdf_url,catalog_url
1989-01-23,1/23/1989,Presidential Daily Backup,[Presidential Daily Backup] 1/23/1989,Argentina,Matched memcon/telcon date,"Alfonsin; Argentina; Argentine",Memorandum of Telephone Conversation,12789-008,415889605,no,Restricted - Possibly,"Source: George H.W. Bush Library, Bush Presidential Records, White House Office of Appointments and Scheduling Files, Presidential Daily Diary and Presidential Daily Backup Materials, [Presidential Daily Backup] 1/23/1989. Access restriction: Restricted - Possibly.",https://s3.amazonaws.com/NARAprodstorage/lz/presidential-libraries/bush/gb-whasf/Presidential_Daily_Diary_186322/1989/41-bpr-apts_sch-dd-01_23_89-12789-008_415889605.pdf,https://catalog.archives.gov/id/415889605
1989-01-23,1/23/1989,Presidential Daily Diary,[Presidential Daily Diary] 1/23/1989 [EMPTY],Argentina,Matched memcon/telcon date,,Memorandum of Telephone Conversation,12789-007,415889604,yes,Restricted - Possibly,"Source: George H.W. Bush Library, Bush Presidential Records, White House Office of Appointments and Scheduling Files, Presidential Daily Diary and Presidential Daily Backup Materials, [Presidential Daily Diary] 1/23/1989 [EMPTY]. Access restriction: Restricted - Possibly.",https://s3.amazonaws.com/NARAprodstorage/lz/presidential-libraries/bush/gb-whasf/Presidential_Daily_Diary_186322/1989/41-bpr-apts_sch-dd-01_23_89-12789-007_415889604.pdf,https://catalog.archives.gov/id/415889604
1989-01-24,1/24/1989,Presidential Daily Backup,[Presidential Daily Backup] 1/24/1989,Venezuela,Matched memcon/telcon date,Venezuela,Memorandum of Telephone Conversation,12789-010,415889607,no,Restricted - Possibly,"Source: George H.W. Bush Library, Bush Presidential Records, White House Office of Appointments and Scheduling Files, Presidential Daily Diary and Presidential Daily Backup Materials, [Presidential Daily Backup] 1/24/1989. Access restriction: Restricted - Possibly.",https://s3.amazonaws.com/NARAprodstorage/lz/presidential-libraries/bush/gb-whasf/Presidential_Daily_Diary_186322/1989/41-bpr-apts_sch-dd-01_24_89-12789-010_415889607.pdf,https://catalog.archives.gov/id/415889607
1989-01-24,1/24/1989,Presidential Daily Diary,[Presidential Daily Diary] 1/24/1989,Venezuela,Matched memcon/telcon date,Venezuela,Memorandum of Telephone Conversation,12789-009,415889606,no,Restricted - Possibly,"Source: George H.W. Bush Library, Bush Presidential Records, White House Office of Appointments and Scheduling Files, Presidential Daily Diary and Presidential Daily Backup Materials, [Presidential Daily Diary] 1/24/1989. Access restriction: Restricted - Possibly.",https://s3.amazonaws.com/NARAprodstorage/lz/presidential-libraries/bush/gb-whasf/Presidential_Daily_Diary_186322/1989/41-bpr-apts_sch-dd-01_24_89-12789-009_415889606.pdf,https://catalog.archives.gov/id/415889606
1989-01-25,1/25/1989,Presidential Daily Backup,[Presidential Daily Backup] 1/25/1989,Uruguay,Catalog search lead,Uruguay,,12789-012,415889609,no,Restricted - Possibly,"Source: George H.W. Bush Library, Bush Presidential Records, White House Office of Appointments and Scheduling Files, Presidential Daily Diary and Presidential Daily Backup Materials, [Presidential Daily Backup] 1/25/1989. Access restriction: Restricted - Possibly.",https://s3.amazonaws.com/NARAprodstorage/lz/presidential-libraries/bush/gb-whasf/Presidential_Daily_Diary_186322/1989/41-bpr-apts_sch-dd-01_25_89-12789-012_415889609.pdf,https://catalog.archives.gov/id/415889609
1989-02-02,2/2/1989,Presidential Daily Backup,[Presidential Daily Backup] 2/2/1989,Ecuador,Catalog search lead,Ecuador,,12789-028,415889625,no,Restricted - Possibly,"Source: George H.W. Bush Library, Bush Presidential Records, White House Office of Appointments and Scheduling Files, Presidential Daily Diary and Presidential Daily Backup Materials, [Presidential Daily Backup] 2/2/1989. Access restriction: Restricted - Possibly.",https://s3.amazonaws.com/NARAprodstorage/lz/presidential-libraries/bush/gb-whasf/Presidential_Daily_Diary_186322/1989/41-bpr-apts_sch-dd-02_02_89-12789-028_415889625.pdf,https://catalog.archives.gov/id/415889625
1989-02-06,2/6/1989,Presidential Daily Backup,[Presidential Daily Backup] 2/6/1989,"Ecuador; Uruguay",Catalog search lead,"Ecuador; Uruguay",,12790-008,415889633,no,Restricted - Possibly,"Source: George H.W. Bush Library, Bush Presidential Records, White House Office of Appointments and Scheduling Files, Presidential Daily Diary and Presidential Daily Backup Materials, [Presidential Daily Backup] 2/6/1989. Access restriction: Restricted - Possibly.",https://s3.amazonaws.com/NARAprodstorage/lz/presidential-libraries/bush/gb-whasf/Presidential_Daily_Diary_186322/1989/41-bpr-apts_sch-dd-02_06_89-12790-008_415889633.pdf,https://catalog.archives.gov/id/415889633
1989-02-07,2/7/1989,Presidential Daily Backup,[Presidential Daily Backup] 2/7/1989,Ecuador,Catalog search lead,Ecuador,,12790-010,415889635,no,Restricted - Possibly,"Source: George H.W. Bush Library, Bush Presidential Records, White House Office of Appointments and Scheduling Files, Presidential Daily Diary and Presidential Daily Backup Materials, [Presidential Daily Backup] 2/7/1989. Access restriction: Restricted - Possibly.",https://s3.amazonaws.com/NARAprodstorage/lz/presidential-libraries/bush/gb-whasf/Presidential_Daily_Diary_186322/1989/41-bpr-apts_sch-dd-02_07_89-12790-010_415889635.pdf,https://catalog.archives.gov/id/415889635
1989-02-07,2/7/1989,Presidential Daily Diary,[Presidential Daily Diary] 2/7/1989,Ecuador,Catalog search lead,Ecuador,,12790-009,415889634,no,Restricted - Possibly,"Source: George H.W. Bush Library, Bush Presidential Records, White House Office of Appointments and Scheduling Files, Presidential Daily Diary and Presidential Daily Backup Materials, [Presidential Daily Diary] 2/7/1989. Access restriction: Restricted - Possibly.",https://s3.amazonaws.com/NARAprodstorage/lz/presidential-libraries/bush/gb-whasf/Presidential_Daily_Diary_186322/1989/41-bpr-apts_sch-dd-02_07_89-12790-009_415889634.pdf,https://catalog.archives.gov/id/415889634
1989-02-16,2/16/1989,Presidential Daily Backup,[Presidential Daily Backup] 2/16/1989,Chile,Catalog search lead,"Chilean; Pinochet",,12790-028,415889653,no,Restricted - Possibly,"Source: George H.W. Bush Library, Bush Presidential Records, White House Office of Appointments and Scheduling Files, Presidential Daily Diary and Presidential Daily Backup Materials, [Presidential Daily Backup] 2/16/1989. Access restriction: Restricted - Possibly.",https://s3.amazonaws.com/NARAprodstorage/lz/presidential-libraries/bush/gb-whasf/Presidential_Daily_Diary_186322/1989/41-bpr-apts_sch-dd-02_16_89-12790-028_415889653.pdf,https://catalog.archives.gov/id/415889653
1989-02-22,2/22/1989,Presidential Daily Backup,[Presidential Daily Backup] 2/22/1989,Brazil,Catalog search lead,"Brazil; Sarney",,12791-012,415889665,no,Restricted - Possibly,"Source: George H.W. Bush Library, Bush Presidential Records, White House Office of Appointments and Scheduling Files, Presidential Daily Diary and Presidential Daily Backup Materials, [Presidential Daily Backup] 2/22/1989. Access restriction: Restricted - Possibly.",https://s3.amazonaws.com/NARAprodstorage/lz/presidential-libraries/bush/gb-whasf/Presidential_Daily_Diary_186322/1989/41-bpr-apts_sch-dd-02_22_89-12791-012_415889665.pdf,https://catalog.archives.gov/id/415889665
1989-02-23,2/23/1989,Presidential Daily Backup,[Presidential Daily Backup] 2/23/1989,Brazil,Catalog search lead,"Brazilian; Sarney",,12791-014,415889667,no,Restricted - Possibly,"Source: George H.W. Bush Library, Bush Presidential Records, White House Office of Appointments and Scheduling Files, Presidential Daily Diary and Presidential Daily Backup Materials, [Presidential Daily Backup] 2/23/1989. Access restriction: Restricted - Possibly.",https://s3.amazonaws.com/NARAprodstorage/lz/presidential-libraries/bush/gb-whasf/Presidential_Daily_Diary_186322/1989/41-bpr-apts_sch-dd-02_23_89-12791-014_415889667.pdf,https://catalog.archives.gov/id/415889667
1989-02-24,2/24/1989,Presidential Daily Backup,[Presidential Daily Backup] 2/24/1989,Brazil,Catalog search lead,"Brazil; Sarney",,12791-016,415889669,no,Restricted - Possibly,"Source: George H.W. Bush Library, Bush Presidential Records, White House Office of Appointments and Scheduling Files, Presidential Daily Diary and Presidential Daily Backup Materials, [Presidential Daily Backup] 2/24/1989. Access restriction: Restricted - Possibly.",https://s3.amazonaws.com/NARAprodstorage/lz/presidential-libraries/bush/gb-whasf/Presidential_Daily_Diary_186322/1989/41-bpr-apts_sch-dd-02_24_89-12791-016_415889669.pdf,https://catalog.archives.gov/id/415889669
1989-02-25,2/25/1989,Presidential Daily Backup,[Presidential Daily Backup] 2/25/1989,Brazil,Matched memcon/telcon date,"Brazil; Sarney",Memorandum of Conversation,12791-018,415889671,no,Restricted - Possibly,"Source: George H.W. Bush Library, Bush Presidential Records, White House Office of Appointments and Scheduling Files, Presidential Daily Diary and Presidential Daily Backup Materials, [Presidential Daily Backup] 2/25/1989. Access restriction: Restricted - Possibly.",https://s3.amazonaws.com/NARAprodstorage/lz/presidential-libraries/bush/gb-whasf/Presidential_Daily_Diary_186322/1989/41-bpr-apts_sch-dd-02_25_89-12791-018_415889671.pdf,https://catalog.archives.gov/id/415889671
1989-02-25,2/25/1989,Presidential Daily Diary,[Presidential Daily Diary] 2/25/1989 [EMPTY],Brazil,Matched memcon/telcon date,,Memorandum of Conversation,12791-017,415889670,yes,Restricted - Possibly,"Source: George H.W. Bush Library, Bush Presidential Records, White House Office of Appointments and Scheduling Files, Presidential Daily Diary and Presidential Daily Backup Materials, [Presidential Daily Diary] 2/25/1989 [EMPTY]. Access restriction: Restricted - Possibly.",https://s3.amazonaws.com/NARAprodstorage/lz/presidential-libraries/bush/gb-whasf/Presidential_Daily_Diary_186322/1989/41-bpr-apts_sch-dd-02_25_89-12791-017_415889670.pdf,https://catalog.archives.gov/id/415889670
1989-02-26,2/26/1989,Presidential Daily Backup,[Presidential Daily Backup] 2/26/1989,Brazil,Catalog search lead,"Brazil; Sarney",,12791-020,415889673,no,Restricted - Possibly,"Source: George H.W. Bush Library, Bush Presidential Records, White House Office of Appointments and Scheduling Files, Presidential Daily Diary and Presidential Daily Backup Materials, [Presidential Daily Backup] 2/26/1989. Access restriction: Restricted - Possibly.",https://s3.amazonaws.com/NARAprodstorage/lz/presidential-libraries/bush/gb-whasf/Presidential_Daily_Diary_186322/1989/41-bpr-apts_sch-dd-02_26_89-12791-020_415889673.pdf,https://catalog.archives.gov/id/415889673
1989-02-27,2/27/1989,Presidential Daily Backup,[Presidential Daily Backup] 2/27/1989,"Brazil; Venezuela",Catalog search lead,"Brazil; Carlos Andres Perez; Sarney; Venezuelan",,12791-022,415889675,no,Restricted - Possibly,"Source: George H.W. Bush Library, Bush Presidential Records, White House Office of Appointments and Scheduling Files, Presidential Daily Diary and Presidential Daily Backup Materials, [Presidential Daily Backup] 2/27/1989. Access restriction: Restricted - Possibly.",https://s3.amazonaws.com/NARAprodstorage/lz/presidential-libraries/bush/gb-whasf/Presidential_Daily_Diary_186322/1989/41-bpr-apts_sch-dd-02_27_89-12791-022_415889675.pdf,https://catalog.archives.gov/id/415889675
1989-03-02,3/2/1989,Presidential Daily Backup,[Presidential Daily Backup] 3/2/1989,Venezuela,Catalog search lead,"Carlos Andres Perez; Venezuelan",,12791-028,415889681,no,Restricted - Possibly,"Source: George H.W. Bush Library, Bush Presidential Records, White House Office of Appointments and Scheduling Files, Presidential Daily Diary and Presidential Daily Backup Materials, [Presidential Daily Backup] 3/2/1989. Access restriction: Restricted - Possibly.",https://s3.amazonaws.com/NARAprodstorage/lz/presidential-libraries/bush/gb-whasf/Presidential_Daily_Diary_186322/1989/41-bpr-apts_sch-dd-03_02_89-12791-028_415889681.pdf,https://catalog.archives.gov/id/415889681
1989-03-03,3/3/1989,Presidential Daily Backup,[Presidential Daily Backup] 3/3/1989,"Bolivia; Colombia; Peru; Venezuela",Matched memcon/telcon date,"Bolivia; Carlos Andres Perez; Colombia; Peru; Venezuela; Venezuelan",Memorandum of Telephone Conversation,12791-030,415889683,no,Restricted - Possibly,"Source: George H.W. Bush Library, Bush Presidential Records, White House Office of Appointments and Scheduling Files, Presidential Daily Diary and Presidential Daily Backup Materials, [Presidential Daily Backup] 3/3/1989. Access restriction: Restricted - Possibly.",https://s3.amazonaws.com/NARAprodstorage/lz/presidential-libraries/bush/gb-whasf/Presidential_Daily_Diary_186322/1989/41-bpr-apts_sch-dd-03_03_89-12791-030_415889683.pdf,https://catalog.archives.gov/id/415889683
1989-03-03,3/3/1989,Presidential Daily Diary,[Presidential Daily Diary] 3/3/1989,"Bolivia; Colombia; Peru; Venezuela",Matched memcon/telcon date,"Bolivia; Colombia; Peru; Venezuela; Venezuelan",Memorandum of Telephone Conversation,12791-029,415889682,no,Restricted - Possibly,"Source: George H.W. Bush Library, Bush Presidential Records, White House Office of Appointments and Scheduling Files, Presidential Daily Diary and Presidential Daily Backup Materials, [Presidential Daily Diary] 3/3/1989. Access restriction: Restricted - Possibly.",https://s3.amazonaws.com/NARAprodstorage/lz/presidential-libraries/bush/gb-whasf/Presidential_Daily_Diary_186322/1989/41-bpr-apts_sch-dd-03_03_89-12791-029_415889682.pdf,https://catalog.archives.gov/id/415889682
1989-03-06,3/6/1989,Presidential Daily Backup,[Presidential Daily Backup] 3/6/1989,Brazil,Catalog search lead,Brazil,,12792-002,415889689,no,Restricted - Possibly,"Source: George H.W. Bush Library, Bush Presidential Records, White House Office of Appointments and Scheduling Files, Presidential Daily Diary and Presidential Daily Backup Materials, [Presidential Daily Backup] 3/6/1989. Access restriction: Restricted - Possibly.",https://s3.amazonaws.com/NARAprodstorage/lz/presidential-libraries/bush/gb-whasf/Presidential_Daily_Diary_186322/1989/41-bpr-apts_sch-dd-03_06_89-12792-002_415889689.pdf,https://catalog.archives.gov/id/415889689
1989-03-08,3/8/1989,Presidential Daily Backup,[Presidential Daily Backup] 3/8/1989,Colombia,Matched memcon/telcon date,Barco,Memorandum of Telephone Conversation,12792-006,415889693,no,Restricted - Possibly,"Source: George H.W. Bush Library, Bush Presidential Records, White House Office of Appointments and Scheduling Files, Presidential Daily Diary and Presidential Daily Backup Materials, [Presidential Daily Backup] 3/8/1989. Access restriction: Restricted - Possibly.",https://s3.amazonaws.com/NARAprodstorage/lz/presidential-libraries/bush/gb-whasf/Presidential_Daily_Diary_186322/1989/41-bpr-apts_sch-dd-03_08_89-12792-006_415889693.pdf,https://catalog.archives.gov/id/415889693
1989-03-08,3/8/1989,Presidential Daily Diary,[Presidential Daily Diary] 3/8/1989,Colombia,Matched memcon/telcon date,"Barco; Colombia",Memorandum of Telephone Conversation,12792-005,415889692,no,Restricted - Possibly,"Source: George H.W. Bush Library, Bush Presidential Records, White House Office of Appointments and Scheduling Files, Presidential Daily Diary and Presidential Daily Backup Materials, [Presidential Daily Diary] 3/8/1989. Access restriction: Restricted - Possibly.",https://s3.amazonaws.com/NARAprodstorage/lz/presidential-libraries/bush/gb-whasf/Presidential_Daily_Diary_186322/1989/41-bpr-apts_sch-dd-03_08_89-12792-005_415889692.pdf,https://catalog.archives.gov/id/415889692
1989-03-10,3/10/1989,Presidential Daily Backup,[Presidential Daily Backup] 3/10/1989,"Bolivia; Colombia; Peru",Catalog search lead,"Barco; Bolivia; Bolivian; Colombia; Colombian; Peru; Peruvian",,12792-010,415889697,no,Restricted - Possibly,"Source: George H.W. Bush Library, Bush Presidential Records, White House Office of Appointments and Scheduling Files, Presidential Daily Diary and Presidential Daily Backup Materials, [Presidential Daily Backup] 3/10/1989. Access restriction: Restricted - Possibly.",https://s3.amazonaws.com/NARAprodstorage/lz/presidential-libraries/bush/gb-whasf/Presidential_Daily_Diary_186322/1989/41-bpr-apts_sch-dd-03_10_89-12792-010_415889697.pdf,https://catalog.archives.gov/id/415889697
1989-03-13,3/13/1989,Presidential Daily Backup,[Presidential Daily Backup] 3/13/1989,Brazil,Catalog search lead,Brazil,,12792-016,415889703,no,Restricted - Possibly,"Source: George H.W. Bush Library, Bush Presidential Records, White House Office of Appointments and Scheduling Files, Presidential Daily Diary and Presidential Daily Backup Materials, [Presidential Daily Backup] 3/13/1989. Access restriction: Restricted - Possibly.",https://s3.amazonaws.com/NARAprodstorage/lz/presidential-libraries/bush/gb-whasf/Presidential_Daily_Diary_186322/1989/41-bpr-apts_sch-dd-03_13_89-12792-016_415889703.pdf,https://catalog.archives.gov/id/415889703
1989-03-14,3/14/1989,Presidential Daily Backup,[Presidential Daily Backup] 3/14/1989,Uruguay,Catalog search lead,Uruguay,,12792-018,415889705,no,Restricted - Possibly,"Source: George H.W. Bush Library, Bush Presidential Records, White House Office of Appointments and Scheduling Files, Presidential Daily Diary and Presidential Daily Backup Materials, [Presidential Daily Backup] 3/14/1989. Access restriction: Restricted - Possibly.",https://s3.amazonaws.com/NARAprodstorage/lz/presidential-libraries/bush/gb-whasf/Presidential_Daily_Diary_186322/1989/41-bpr-apts_sch-dd-03_14_89-12792-018_415889705.pdf,https://catalog.archives.gov/id/415889705
1989-03-17,3/17/1989,Presidential Daily Backup,[Presidential Daily Backup] 3/17/1989,Chile,Catalog search lead,Chilean,,12792-024,415889711,no,Restricted - Possibly,"Source: George H.W. Bush Library, Bush Presidential Records, White House Office of Appointments and Scheduling Files, Presidential Daily Diary and Presidential Daily Backup Materials, [Presidential Daily Backup] 3/17/1989. Access restriction: Restricted - Possibly.",https://s3.amazonaws.com/NARAprodstorage/lz/presidential-libraries/bush/gb-whasf/Presidential_Daily_Diary_186322/1989/41-bpr-apts_sch-dd-03_17_89-12792-024_415889711.pdf,https://catalog.archives.gov/id/415889711
1989-03-22,3/22/1989,Presidential Daily Backup,[Presidential Daily Backup] 3/22/1989,"Bolivia; Colombia; Peru",Catalog search lead,"Bolivia; Colombia; Peru",,12793-010,415889721,no,Restricted - Possibly,"Source: George H.W. Bush Library, Bush Presidential Records, White House Office of Appointments and Scheduling Files, Presidential Daily Diary and Presidential Daily Backup Materials, [Presidential Daily Backup] 3/22/1989. Access restriction: Restricted - Possibly.",https://s3.amazonaws.com/NARAprodstorage/lz/presidential-libraries/bush/gb-whasf/Presidential_Daily_Diary_186322/1989/41-bpr-apts_sch-dd-03_22_89-12793-010_415889721.pdf,https://catalog.archives.gov/id/415889721
1989-03-28,3/28/1989,Presidential Daily Backup,[Presidential Daily Backup] 3/28/1989,Colombia,Catalog search lead,Colombia,,12793-022,415889733,no,Restricted - Possibly,"Source: George H.W. Bush Library, Bush Presidential Records, White House Office of Appointments and Scheduling Files, Presidential Daily Diary and Presidential Daily Backup Materials, [Presidential Daily Backup] 3/28/1989. Access restriction: Restricted - Possibly.",https://s3.amazonaws.com/NARAprodstorage/lz/presidential-libraries/bush/gb-whasf/Presidential_Daily_Diary_186322/1989/41-bpr-apts_sch-dd-03_28_89-12793-022_415889733.pdf,https://catalog.archives.gov/id/415889733
1989-03-29,3/29/1989,Presidential Daily Backup,[Presidential Daily Backup] 3/29/1989,Uruguay,Catalog search lead,Uruguay,,12793-024,415889735,no,Restricted - Possibly,"Source: George H.W. Bush Library, Bush Presidential Records, White House Office of Appointments and Scheduling Files, Presidential Daily Diary and Presidential Daily Backup Materials, [Presidential Daily Backup] 3/29/1989. Access restriction: Restricted - Possibly.",https://s3.amazonaws.com/NARAprodstorage/lz/presidential-libraries/bush/gb-whasf/Presidential_Daily_Diary_186322/1989/41-bpr-apts_sch-dd-03_29_89-12793-024_415889735.pdf,https://catalog.archives.gov/id/415889735
1989-03-30,3/30/1989,Presidential Daily Backup,[Presidential Daily Backup] 3/30/1989,Chile,Catalog search lead,Chile,,12793-026,415889737,no,Restricted - Possibly,"Source: George H.W. Bush Library, Bush Presidential Records, White House Office of Appointments and Scheduling Files, Presidential Daily Diary and Presidential Daily Backup Materials, [Presidential Daily Backup] 3/30/1989. Access restriction: Restricted - Possibly.",https://s3.amazonaws.com/NARAprodstorage/lz/presidential-libraries/bush/gb-whasf/Presidential_Daily_Diary_186322/1989/41-bpr-apts_sch-dd-03_30_89-12793-026_415889737.pdf,https://catalog.archives.gov/id/415889737
1989-04-01,4/1/1989,Presidential Daily Backup,[Presidential Daily Backup] 4/1/1989,"Paraguay; Venezuela",Matched memcon/telcon date,"Andres Rodriguez; Carlos Andres Perez; Venezuela; Venezuelan",Memorandum of Conversation,12793-030,415889741,no,Restricted - Possibly,"Source: George H.W. Bush Library, Bush Presidential Records, White House Office of Appointments and Scheduling Files, Presidential Daily Diary and Presidential Daily Backup Materials, [Presidential Daily Backup] 4/1/1989. Access restriction: Restricted - Possibly.",https://s3.amazonaws.com/NARAprodstorage/lz/presidential-libraries/bush/gb-whasf/Presidential_Daily_Diary_186322/1989/41-bpr-apts_sch-dd-04_01_89-12793-030_415889741.pdf,https://catalog.archives.gov/id/415889741
1989-04-01,4/1/1989,Presidential Daily Diary,[Presidential Daily Diary] 4/1/1989,Venezuela,Matched memcon/telcon date,"Carlos Andres Perez; Venezuela; Venezuelan",Memorandum of Conversation,12793-029,415889740,no,Restricted - Possibly,"Source: George H.W. Bush Library, Bush Presidential Records, White House Office of Appointments and Scheduling Files, Presidential Daily Diary and Presidential Daily Backup Materials, [Presidential Daily Diary] 4/1/1989. Access restriction: Restricted - Possibly.",https://s3.amazonaws.com/NARAprodstorage/lz/presidential-libraries/bush/gb-whasf/Presidential_Daily_Diary_186322/1989/41-bpr-apts_sch-dd-04_01_89-12793-029_415889740.pdf,https://catalog.archives.gov/id/415889740
1989-04-02,4/2/1989,Presidential Daily Backup,[Presidential Daily Backup] 4/2/1989,Venezuela,Catalog search lead,Venezuelan,,12793-032,415889743,no,Restricted - Possibly,"Source: George H.W. Bush Library, Bush Presidential Records, White House Office of Appointments and Scheduling Files, Presidential Daily Diary and Presidential Daily Backup Materials, [Presidential Daily Backup] 4/2/1989. Access restriction: Restricted - Possibly.",https://s3.amazonaws.com/NARAprodstorage/lz/presidential-libraries/bush/gb-whasf/Presidential_Daily_Diary_186322/1989/41-bpr-apts_sch-dd-04_02_89-12793-032_415889743.pdf,https://catalog.archives.gov/id/415889743
1989-04-14,4/14/1989,Presidential Daily Backup,[Presidential Daily Backup] 4/14/1989,Colombia,Matched memcon/telcon date,Barco,Memorandum of Telephone Conversation,12794-024,415889767,no,Restricted - Possibly,"Source: George H.W. Bush Library, Bush Presidential Records, White House Office of Appointments and Scheduling Files, Presidential Daily Diary and Presidential Daily Backup Materials, [Presidential Daily Backup] 4/14/1989. Access restriction: Restricted - Possibly.",https://s3.amazonaws.com/NARAprodstorage/lz/presidential-libraries/bush/gb-whasf/Presidential_Daily_Diary_186322/1989/41-bpr-apts_sch-dd-04_14_89-12794-024_415889767.pdf,https://catalog.archives.gov/id/415889767
1989-04-14,4/14/1989,Presidential Daily Diary,[Presidential Daily Diary] 4/14/1989,Colombia,Matched memcon/telcon date,"Barco; Colombia",Memorandum of Telephone Conversation,12794-023,415889766,no,Restricted - Possibly,"Source: George H.W. Bush Library, Bush Presidential Records, White House Office of Appointments and Scheduling Files, Presidential Daily Diary and Presidential Daily Backup Materials, [Presidential Daily Diary] 4/14/1989. Access restriction: Restricted - Possibly.",https://s3.amazonaws.com/NARAprodstorage/lz/presidential-libraries/bush/gb-whasf/Presidential_Daily_Diary_186322/1989/41-bpr-apts_sch-dd-04_14_89-12794-023_415889766.pdf,https://catalog.archives.gov/id/415889766
1989-04-26,4/26/1989,Presidential Daily Backup,[Presidential Daily Backup] 4/26/1989,Guyana,Catalog search lead,Guyana,,12795-022,415889791,no,Restricted - Possibly,"Source: George H.W. Bush Library, Bush Presidential Records, White House Office of Appointments and Scheduling Files, Presidential Daily Diary and Presidential Daily Backup Materials, [Presidential Daily Backup] 4/26/1989. Access restriction: Restricted - Possibly.",https://s3.amazonaws.com/NARAprodstorage/lz/presidential-libraries/bush/gb-whasf/Presidential_Daily_Diary_186322/1989/41-bpr-apts_sch-dd-04_26_89-12795-022_415889791.pdf,https://catalog.archives.gov/id/415889791
1989-04-27,4/27/1989,Presidential Daily Backup,[Presidential Daily Backup] 4/27/1989,"Bolivia; Colombia; Venezuela",Catalog search lead,"Bolivian; Colombia; Colombian; Venezuela",,12795-024,415889793,no,Restricted - Possibly,"Source: George H.W. Bush Library, Bush Presidential Records, White House Office of Appointments and Scheduling Files, Presidential Daily Diary and Presidential Daily Backup Materials, [Presidential Daily Backup] 4/27/1989. Access restriction: Restricted - Possibly.",https://s3.amazonaws.com/NARAprodstorage/lz/presidential-libraries/bush/gb-whasf/Presidential_Daily_Diary_186322/1989/41-bpr-apts_sch-dd-04_27_89-12795-024_415889793.pdf,https://catalog.archives.gov/id/415889793
1989-05-02,5/2/1989,Presidential Daily Backup,[Presidential Daily Backup] 5/2/1989,"Brazil; Colombia; Paraguay; Venezuela",Catalog search lead,"Andres Rodriguez; Brazil; Colombia; Paraguay; Venezuela",,12796-002,415889803,no,Restricted - Possibly,"Source: George H.W. Bush Library, Bush Presidential Records, White House Office of Appointments and Scheduling Files, Presidential Daily Diary and Presidential Daily Backup Materials, [Presidential Daily Backup] 5/2/1989. Access restriction: Restricted - Possibly.",https://s3.amazonaws.com/NARAprodstorage/lz/presidential-libraries/bush/gb-whasf/Presidential_Daily_Diary_186322/1989/41-bpr-apts_sch-dd-05_02_89-12796-002_415889803.pdf,https://catalog.archives.gov/id/415889803
1989-05-03,5/3/1989,Presidential Daily Backup,[Presidential Daily Backup] 5/3/1989,Chile,Catalog search lead,"Chile; Chilean",,12796-004,415889805,no,Restricted - Possibly,"Source: George H.W. Bush Library, Bush Presidential Records, White House Office of Appointments and Scheduling Files, Presidential Daily Diary and Presidential Daily Backup Materials, [Presidential Daily Backup] 5/3/1989. Access restriction: Restricted - Possibly.",https://s3.amazonaws.com/NARAprodstorage/lz/presidential-libraries/bush/gb-whasf/Presidential_Daily_Diary_186322/1989/41-bpr-apts_sch-dd-05_03_89-12796-004_415889805.pdf,https://catalog.archives.gov/id/415889805
1989-05-03,5/3/1989,Presidential Daily Diary,[Presidential Daily Diary] 5/3/1989,Chile,Catalog search lead,"Chile; Chilean",,12796-003,415889804,no,Restricted - Possibly,"Source: George H.W. Bush Library, Bush Presidential Records, White House Office of Appointments and Scheduling Files, Presidential Daily Diary and Presidential Daily Backup Materials, [Presidential Daily Diary] 5/3/1989. Access restriction: Restricted - Possibly.",https://s3.amazonaws.com/NARAprodstorage/lz/presidential-libraries/bush/gb-whasf/Presidential_Daily_Diary_186322/1989/41-bpr-apts_sch-dd-05_03_89-12796-003_415889804.pdf,https://catalog.archives.gov/id/415889804
1989-05-04,5/4/1989,Presidential Daily Backup,[Presidential Daily Backup] 5/4/1989,Peru,Catalog search lead,Alan Garcia,,12796-006,415889807,no,Restricted - Possibly,"Source: George H.W. Bush Library, Bush Presidential Records, White House Office of Appointments and Scheduling Files, Presidential Daily Diary and Presidential Daily Backup Materials, [Presidential Daily Backup] 5/4/1989. Access restriction: Restricted - Possibly.",https://s3.amazonaws.com/NARAprodstorage/lz/presidential-libraries/bush/gb-whasf/Presidential_Daily_Diary_186322/1989/41-bpr-apts_sch-dd-05_04_89-12796-006_415889807.pdf,https://catalog.archives.gov/id/415889807
1989-05-08,5/8/1989,Presidential Daily Backup,[Presidential Daily Backup] 5/8/1989,Peru,Catalog search lead,Alan Garcia,,12796-014,415889815,no,Restricted - Possibly,"Source: George H.W. Bush Library, Bush Presidential Records, White House Office of Appointments and Scheduling Files, Presidential Daily Diary and Presidential Daily Backup Materials, [Presidential Daily Backup] 5/8/1989. Access restriction: Restricted - Possibly.",https://s3.amazonaws.com/NARAprodstorage/lz/presidential-libraries/bush/gb-whasf/Presidential_Daily_Diary_186322/1989/41-bpr-apts_sch-dd-05_08_89-12796-014_415889815.pdf,https://catalog.archives.gov/id/415889815
1989-05-08,5/8/1989,Presidential Daily Diary,[Presidential Daily Diary] 5/8/1989,Peru,Catalog search lead,Alan Garcia,,12796-013,415889814,no,Restricted - Possibly,"Source: George H.W. Bush Library, Bush Presidential Records, White House Office of Appointments and Scheduling Files, Presidential Daily Diary and Presidential Daily Backup Materials, [Presidential Daily Diary] 5/8/1989. Access restriction: Restricted - Possibly.",https://s3.amazonaws.com/NARAprodstorage/lz/presidential-libraries/bush/gb-whasf/Presidential_Daily_Diary_186322/1989/41-bpr-apts_sch-dd-05_08_89-12796-013_415889814.pdf,https://catalog.archives.gov/id/415889814
1989-05-09,5/9/1989,Presidential Daily Backup,[Presidential Daily Backup] 5/9/1989,"Peru; Venezuela",Catalog search lead,"Alan Garcia; Carlos Andres Perez; Venezuela",,12796-016,415889817,no,Restricted - Possibly,"Source: George H.W. Bush Library, Bush Presidential Records, White House Office of Appointments and Scheduling Files, Presidential Daily Diary and Presidential Daily Backup Materials, [Presidential Daily Backup] 5/9/1989. Access restriction: Restricted - Possibly.",https://s3.amazonaws.com/NARAprodstorage/lz/presidential-libraries/bush/gb-whasf/Presidential_Daily_Diary_186322/1989/41-bpr-apts_sch-dd-05_09_89-12796-016_415889817.pdf,https://catalog.archives.gov/id/415889817
1989-05-09,5/9/1989,Presidential Daily Diary,[Presidential Daily Diary] 5/9/1989,Venezuela,Catalog search lead,Venezuela,,12796-015,415889816,no,Restricted - Possibly,"Source: George H.W. Bush Library, Bush Presidential Records, White House Office of Appointments and Scheduling Files, Presidential Daily Diary and Presidential Daily Backup Materials, [Presidential Daily Diary] 5/9/1989. Access restriction: Restricted - Possibly.",https://s3.amazonaws.com/NARAprodstorage/lz/presidential-libraries/bush/gb-whasf/Presidential_Daily_Diary_186322/1989/41-bpr-apts_sch-dd-05_09_89-12796-015_415889816.pdf,https://catalog.archives.gov/id/415889816
1989-05-10,5/10/1989,Presidential Daily Backup,[Presidential Daily Backup] 5/10/1989,Venezuela,Matched memcon/telcon date,Venezuela,Memorandum of Telephone Conversation,12796-018,415889819,no,Restricted - Possibly,"Source: George H.W. Bush Library, Bush Presidential Records, White House Office of Appointments and Scheduling Files, Presidential Daily Diary and Presidential Daily Backup Materials, [Presidential Daily Backup] 5/10/1989. Access restriction: Restricted - Possibly.",https://s3.amazonaws.com/NARAprodstorage/lz/presidential-libraries/bush/gb-whasf/Presidential_Daily_Diary_186322/1989/41-bpr-apts_sch-dd-05_10_89-12796-018_415889819.pdf,https://catalog.archives.gov/id/415889819
1989-05-10,5/10/1989,Presidential Daily Diary,[Presidential Daily Diary] 5/10/1989,Venezuela,Matched memcon/telcon date,"Carlos Andres Perez; Venezuela",Memorandum of Telephone Conversation,12796-017,415889818,no,Restricted - Possibly,"Source: George H.W. Bush Library, Bush Presidential Records, White House Office of Appointments and Scheduling Files, Presidential Daily Diary and Presidential Daily Backup Materials, [Presidential Daily Diary] 5/10/1989. Access restriction: Restricted - Possibly.",https://s3.amazonaws.com/NARAprodstorage/lz/presidential-libraries/bush/gb-whasf/Presidential_Daily_Diary_186322/1989/41-bpr-apts_sch-dd-05_10_89-12796-017_415889818.pdf,https://catalog.archives.gov/id/415889818
1989-05-11,5/11/1989,Presidential Daily Backup,[Presidential Daily Backup] 5/11/1989,"Argentina; Bolivia; Brazil; Chile; Colombia; Peru; Suriname; Venezuela",Catalog search lead,"Alan Garcia; Argentine; Bolivian; Brazilian; Carlos Andres Perez; Chile; Colombian; Gaviria; Suriname; Venezuela; Venezuelan",,12796-020,415889821,no,Restricted - Possibly,"Source: George H.W. Bush Library, Bush Presidential Records, White House Office of Appointments and Scheduling Files, Presidential Daily Diary and Presidential Daily Backup Materials, [Presidential Daily Backup] 5/11/1989. Access restriction: Restricted - Possibly.",https://s3.amazonaws.com/NARAprodstorage/lz/presidential-libraries/bush/gb-whasf/Presidential_Daily_Diary_186322/1989/41-bpr-apts_sch-dd-05_11_89-12796-020_415889821.pdf,https://catalog.archives.gov/id/415889821
1989-05-11,5/11/1989,Presidential Daily Diary,[Presidential Daily Diary] 5/11/1989,"Argentina; Bolivia; Brazil; Chile; Colombia; Peru; Suriname; Venezuela",Catalog search lead,"Alan Garcia; Argentine; Bolivian; Brazilian; Carlos Andres Perez; Chile; Colombian; Gaviria; Suriname; Venezuela; Venezuelan",,12796-019,415889820,no,Restricted - Possibly,"Source: George H.W. Bush Library, Bush Presidential Records, White House Office of Appointments and Scheduling Files, Presidential Daily Diary and Presidential Daily Backup Materials, [Presidential Daily Diary] 5/11/1989. Access restriction: Restricted - Possibly.",https://s3.amazonaws.com/NARAprodstorage/lz/presidential-libraries/bush/gb-whasf/Presidential_Daily_Diary_186322/1989/41-bpr-apts_sch-dd-05_11_89-12796-019_415889820.pdf,https://catalog.archives.gov/id/415889820
1989-05-12,5/12/1989,Presidential Daily Backup,[Presidential Daily Backup] 5/12/1989,Peru,Catalog search lead,Peru,,12796-022,415889823,no,Restricted - Possibly,"Source: George H.W. Bush Library, Bush Presidential Records, White House Office of Appointments and Scheduling Files, Presidential Daily Diary and Presidential Daily Backup Materials, [Presidential Daily Backup] 5/12/1989. Access restriction: Restricted - Possibly.",https://s3.amazonaws.com/NARAprodstorage/lz/presidential-libraries/bush/gb-whasf/Presidential_Daily_Diary_186322/1989/41-bpr-apts_sch-dd-05_12_89-12796-022_415889823.pdf,https://catalog.archives.gov/id/415889823
1989-05-13,5/13/1989,Presidential Daily Backup,[Presidential Daily Backup] 5/13/1989,"Argentina; Paraguay; Peru; Uruguay; Venezuela",Matched memcon/telcon date,"Alan Garcia; Alfonsin; Argentina; Paraguay; Peru; Sanguinetti; Uruguay; Venezuela",Memorandum of Telephone Conversation,12796-024,415889825,no,Restricted - Possibly,"Source: George H.W. Bush Library, Bush Presidential Records, White House Office of Appointments and Scheduling Files, Presidential Daily Diary and Presidential Daily Backup Materials, [Presidential Daily Backup] 5/13/1989. Access restriction: Restricted - Possibly.",https://s3.amazonaws.com/NARAprodstorage/lz/presidential-libraries/bush/gb-whasf/Presidential_Daily_Diary_186322/1989/41-bpr-apts_sch-dd-05_13_89-12796-024_415889825.pdf,https://catalog.archives.gov/id/415889825
1989-05-13,5/13/1989,Presidential Daily Diary,[Presidential Daily Diary] 5/13/1989,"Argentina; Peru; Uruguay",Matched memcon/telcon date,"Alan Garcia; Alfonsin; Argentina; Peru; Sanguinetti; Uruguay",Memorandum of Telephone Conversation,12796-023,415889824,no,Restricted - Possibly,"Source: George H.W. Bush Library, Bush Presidential Records, White House Office of Appointments and Scheduling Files, Presidential Daily Diary and Presidential Daily Backup Materials, [Presidential Daily Diary] 5/13/1989. Access restriction: Restricted - Possibly.",https://s3.amazonaws.com/NARAprodstorage/lz/presidential-libraries/bush/gb-whasf/Presidential_Daily_Diary_186322/1989/41-bpr-apts_sch-dd-05_13_89-12796-023_415889824.pdf,https://catalog.archives.gov/id/415889824
1989-05-16,5/16/1989,Presidential Daily Backup,[Presidential Daily Backup] 5/16/1989,Colombia,Matched memcon/telcon date,Barco,Memorandum of Telephone Conversation,12797-004,415889831,no,Restricted - Possibly,"Source: George H.W. Bush Library, Bush Presidential Records, White House Office of Appointments and Scheduling Files, Presidential Daily Diary and Presidential Daily Backup Materials, [Presidential Daily Backup] 5/16/1989. Access restriction: Restricted - Possibly.",https://s3.amazonaws.com/NARAprodstorage/lz/presidential-libraries/bush/gb-whasf/Presidential_Daily_Diary_186322/1989/41-bpr-apts_sch-dd-05_16_89-12797-004_415889831.pdf,https://catalog.archives.gov/id/415889831
1989-05-16,5/16/1989,Presidential Daily Diary,[Presidential Daily Diary] 5/16/1989,Colombia,Matched memcon/telcon date,"Barco; Colombia",Memorandum of Telephone Conversation,12797-003,415889830,no,Restricted - Possibly,"Source: George H.W. Bush Library, Bush Presidential Records, White House Office of Appointments and Scheduling Files, Presidential Daily Diary and Presidential Daily Backup Materials, [Presidential Daily Diary] 5/16/1989. Access restriction: Restricted - Possibly.",https://s3.amazonaws.com/NARAprodstorage/lz/presidential-libraries/bush/gb-whasf/Presidential_Daily_Diary_186322/1989/41-bpr-apts_sch-dd-05_16_89-12797-003_415889830.pdf,https://catalog.archives.gov/id/415889830
1989-05-17,5/17/1989,Presidential Daily Backup,[Presidential Daily Backup] 5/17/1989,"Brazil; Peru",Matched memcon/telcon date,"Alan Garcia; Brazil; Sarney",Memorandum of Telephone Conversation,12797-006,415889833,no,Restricted - Possibly,"Source: George H.W. Bush Library, Bush Presidential Records, White House Office of Appointments and Scheduling Files, Presidential Daily Diary and Presidential Daily Backup Materials, [Presidential Daily Backup] 5/17/1989. Access restriction: Restricted - Possibly.",https://s3.amazonaws.com/NARAprodstorage/lz/presidential-libraries/bush/gb-whasf/Presidential_Daily_Diary_186322/1989/41-bpr-apts_sch-dd-05_17_89-12797-006_415889833.pdf,https://catalog.archives.gov/id/415889833
1989-05-17,5/17/1989,Presidential Daily Diary,[Presidential Daily Diary] 5/17/1989,"Brazil; Peru",Matched memcon/telcon date,"Alan Garcia; Brazil; Sarney",Memorandum of Telephone Conversation,12797-005,415889832,no,Restricted - Possibly,"Source: George H.W. Bush Library, Bush Presidential Records, White House Office of Appointments and Scheduling Files, Presidential Daily Diary and Presidential Daily Backup Materials, [Presidential Daily Diary] 5/17/1989. Access restriction: Restricted - Possibly.",https://s3.amazonaws.com/NARAprodstorage/lz/presidential-libraries/bush/gb-whasf/Presidential_Daily_Diary_186322/1989/41-bpr-apts_sch-dd-05_17_89-12797-005_415889832.pdf,https://catalog.archives.gov/id/415889832
1989-05-31,5/31/1989,Presidential Daily Backup,[Presidential Daily Backup] 5/31/1989,Colombia,Matched memcon/telcon date,,Memorandum of a Telephone Conversation,12798-014,415889861,no,Restricted - Possibly,"Source: George H.W. Bush Library, Bush Presidential Records, White House Office of Appointments and Scheduling Files, Presidential Daily Diary and Presidential Daily Backup Materials, [Presidential Daily Backup] 5/31/1989. Access restriction: Restricted - Possibly.",https://s3.amazonaws.com/NARAprodstorage/lz/presidential-libraries/bush/gb-whasf/Presidential_Daily_Diary_186322/1989/41-bpr-apts_sch-dd-05_31_89-12798-014_415889861.pdf,https://catalog.archives.gov/id/415889861
1989-05-31,5/31/1989,Presidential Daily Diary,[Presidential Daily Diary] 5/31/1989 [EMPTY],Colombia,Matched memcon/telcon date,,Memorandum of a Telephone Conversation,12798-013,415889860,yes,Restricted - Possibly,"Source: George H.W. Bush Library, Bush Presidential Records, White House Office of Appointments and Scheduling Files, Presidential Daily Diary and Presidential Daily Backup Materials, [Presidential Daily Diary] 5/31/1989 [EMPTY]. Access restriction: Restricted - Possibly.",https://s3.amazonaws.com/NARAprodstorage/lz/presidential-libraries/bush/gb-whasf/Presidential_Daily_Diary_186322/1989/41-bpr-apts_sch-dd-05_31_89-12798-013_415889860.pdf,https://catalog.archives.gov/id/415889860
1989-06-08,6/8/1989,Presidential Daily Backup,[Presidential Daily Backup] 6/8/1989,"Argentina; Brazil",Catalog search lead,"Argentina; Brazil",,12798-030,415889877,no,Restricted - Possibly,"Source: George H.W. Bush Library, Bush Presidential Records, White House Office of Appointments and Scheduling Files, Presidential Daily Diary and Presidential Daily Backup Materials, [Presidential Daily Backup] 6/8/1989. Access restriction: Restricted - Possibly.",https://s3.amazonaws.com/NARAprodstorage/lz/presidential-libraries/bush/gb-whasf/Presidential_Daily_Diary_186322/1989/41-bpr-apts_sch-dd-06_08_89-12798-030_415889877.pdf,https://catalog.archives.gov/id/415889877
1989-06-08,6/8/1989,Presidential Daily Diary,[Presidential Daily Diary] 6/8/1989,Argentina,Catalog search lead,Argentina,,12798-029,415889876,no,Restricted - Possibly,"Source: George H.W. Bush Library, Bush Presidential Records, White House Office of Appointments and Scheduling Files, Presidential Daily Diary and Presidential Daily Backup Materials, [Presidential Daily Diary] 6/8/1989. Access restriction: Restricted - Possibly.",https://s3.amazonaws.com/NARAprodstorage/lz/presidential-libraries/bush/gb-whasf/Presidential_Daily_Diary_186322/1989/41-bpr-apts_sch-dd-06_08_89-12798-029_415889876.pdf,https://catalog.archives.gov/id/415889876
1989-06-19,6/19/1989,Presidential Daily Backup,[Presidential Daily Backup] 6/19/1989,Guyana,Matched memcon/telcon date,"Guyana; Hoyte",Memorandum of Conversation,12799-022,415889899,no,Restricted - Possibly,"Source: George H.W. Bush Library, Bush Presidential Records, White House Office of Appointments and Scheduling Files, Presidential Daily Diary and Presidential Daily Backup Materials, [Presidential Daily Backup] 6/19/1989. Access restriction: Restricted - Possibly.",https://s3.amazonaws.com/NARAprodstorage/lz/presidential-libraries/bush/gb-whasf/Presidential_Daily_Diary_186322/1989/41-bpr-apts_sch-dd-06_19_89-12799-022_415889899.pdf,https://catalog.archives.gov/id/415889899
1989-06-19,6/19/1989,Presidential Daily Diary,[Presidential Daily Diary] 6/19/1989,Guyana,Matched memcon/telcon date,"Guyana; Hoyte",Memorandum of Conversation,12799-021,415889898,no,Restricted - Possibly,"Source: George H.W. Bush Library, Bush Presidential Records, White House Office of Appointments and Scheduling Files, Presidential Daily Diary and Presidential Daily Backup Materials, [Presidential Daily Diary] 6/19/1989. Access restriction: Restricted - Possibly.",https://s3.amazonaws.com/NARAprodstorage/lz/presidential-libraries/bush/gb-whasf/Presidential_Daily_Diary_186322/1989/41-bpr-apts_sch-dd-06_19_89-12799-021_415889898.pdf,https://catalog.archives.gov/id/415889898
1989-06-21,6/21/1989,Presidential Daily Backup,[Presidential Daily Backup] 6/21/1989,"Argentina; Brazil; Venezuela",Catalog search lead,"Argentina; Brazil; Venezuela",,12800-004,415889903,no,Restricted - Possibly,"Source: George H.W. Bush Library, Bush Presidential Records, White House Office of Appointments and Scheduling Files, Presidential Daily Diary and Presidential Daily Backup Materials, [Presidential Daily Backup] 6/21/1989. Access restriction: Restricted - Possibly.",https://s3.amazonaws.com/NARAprodstorage/lz/presidential-libraries/bush/gb-whasf/Presidential_Daily_Diary_186322/1989/41-bpr-apts_sch-dd-06_21_89-12800-004_415889903.pdf,https://catalog.archives.gov/id/415889903
1989-06-23,6/23/1989,Presidential Daily Backup,[Presidential Daily Backup] 6/23/1989,Venezuela,Matched memcon/telcon date,"Carlos Andres Perez; Venezuela",Memorandum of Telephone Conversation,12800-008,415889907,no,Restricted - Possibly,"Source: George H.W. Bush Library, Bush Presidential Records, White House Office of Appointments and Scheduling Files, Presidential Daily Diary and Presidential Daily Backup Materials, [Presidential Daily Backup] 6/23/1989. Access restriction: Restricted - Possibly.",https://s3.amazonaws.com/NARAprodstorage/lz/presidential-libraries/bush/gb-whasf/Presidential_Daily_Diary_186322/1989/41-bpr-apts_sch-dd-06_23_89-12800-008_415889907.pdf,https://catalog.archives.gov/id/415889907
1989-06-23,6/23/1989,Presidential Daily Diary,[Presidential Daily Diary] 6/23/1989,Venezuela,Matched memcon/telcon date,,Memorandum of Telephone Conversation,12800-007,415889906,no,Restricted - Possibly,"Source: George H.W. Bush Library, Bush Presidential Records, White House Office of Appointments and Scheduling Files, Presidential Daily Diary and Presidential Daily Backup Materials, [Presidential Daily Diary] 6/23/1989. Access restriction: Restricted - Possibly.",https://s3.amazonaws.com/NARAprodstorage/lz/presidential-libraries/bush/gb-whasf/Presidential_Daily_Diary_186322/1989/41-bpr-apts_sch-dd-06_23_89-12800-007_415889906.pdf,https://catalog.archives.gov/id/415889906
1989-06-27,6/27/1989,Presidential Daily Backup,[Presidential Daily Backup] 6/27/1989,Uruguay,Catalog search lead,Uruguay,,12800-016,415889915,no,Restricted - Possibly,"Source: George H.W. Bush Library, Bush Presidential Records, White House Office of Appointments and Scheduling Files, Presidential Daily Diary and Presidential Daily Backup Materials, [Presidential Daily Backup] 6/27/1989. Access restriction: Restricted - Possibly.",https://s3.amazonaws.com/NARAprodstorage/lz/presidential-libraries/bush/gb-whasf/Presidential_Daily_Diary_186322/1989/41-bpr-apts_sch-dd-06_27_89-12800-016_415889915.pdf,https://catalog.archives.gov/id/415889915
1989-06-30,6/30/1989,Presidential Daily Backup,[Presidential Daily Backup] 6/30/1989,Argentina,Catalog search lead,Argentina,,12801-002,415889921,no,Restricted - Possibly,"Source: George H.W. Bush Library, Bush Presidential Records, White House Office of Appointments and Scheduling Files, Presidential Daily Diary and Presidential Daily Backup Materials, [Presidential Daily Backup] 6/30/1989. Access restriction: Restricted - Possibly.",https://s3.amazonaws.com/NARAprodstorage/lz/presidential-libraries/bush/gb-whasf/Presidential_Daily_Diary_186322/1989/41-bpr-apts_sch-dd-06_30_89-12801-002_415889921.pdf,https://catalog.archives.gov/id/415889921
1989-07-06,7/6/1989,Presidential Daily Backup,[Presidential Daily Backup] 7/6/1989,Uruguay,Catalog search lead,Uruguay,,12801-014,415889933,no,Restricted - Possibly,"Source: George H.W. Bush Library, Bush Presidential Records, White House Office of Appointments and Scheduling Files, Presidential Daily Diary and Presidential Daily Backup Materials, [Presidential Daily Backup] 7/6/1989. Access restriction: Restricted - Possibly.",https://s3.amazonaws.com/NARAprodstorage/lz/presidential-libraries/bush/gb-whasf/Presidential_Daily_Diary_186322/1989/41-bpr-apts_sch-dd-07_06_89-12801-014_415889933.pdf,https://catalog.archives.gov/id/415889933
1989-07-07,7/7/1989,Presidential Daily Backup,[Presidential Daily Backup] 7/7/1989,Bolivia,Matched memcon/telcon date,Bolivia,Memorandum of Telephone Conversation,12801-016,415889935,no,Restricted - Possibly,"Source: George H.W. Bush Library, Bush Presidential Records, White House Office of Appointments and Scheduling Files, Presidential Daily Diary and Presidential Daily Backup Materials, [Presidential Daily Backup] 7/7/1989. Access restriction: Restricted - Possibly.",https://s3.amazonaws.com/NARAprodstorage/lz/presidential-libraries/bush/gb-whasf/Presidential_Daily_Diary_186322/1989/41-bpr-apts_sch-dd-07_07_89-12801-016_415889935.pdf,https://catalog.archives.gov/id/415889935
1989-07-07,7/7/1989,Presidential Daily Diary,[Presidential Daily Diary] 7/7/1989,Bolivia,Matched memcon/telcon date,Bolivia,Memorandum of Telephone Conversation,12801-015,415889934,no,Restricted - Possibly,"Source: George H.W. Bush Library, Bush Presidential Records, White House Office of Appointments and Scheduling Files, Presidential Daily Diary and Presidential Daily Backup Materials, [Presidential Daily Diary] 7/7/1989. Access restriction: Restricted - Possibly.",https://s3.amazonaws.com/NARAprodstorage/lz/presidential-libraries/bush/gb-whasf/Presidential_Daily_Diary_186322/1989/41-bpr-apts_sch-dd-07_07_89-12801-015_415889934.pdf,https://catalog.archives.gov/id/415889934
1989-07-13,7/13/1989,Presidential Daily Backup,[Presidential Daily Backup] 7/13/1989,Brazil,Catalog search lead,Brazil,,12801-028,415889947,no,Restricted - Possibly,"Source: George H.W. Bush Library, Bush Presidential Records, White House Office of Appointments and Scheduling Files, Presidential Daily Diary and Presidential Daily Backup Materials, [Presidential Daily Backup] 7/13/1989. Access restriction: Restricted - Possibly.",https://s3.amazonaws.com/NARAprodstorage/lz/presidential-libraries/bush/gb-whasf/Presidential_Daily_Diary_186322/1989/41-bpr-apts_sch-dd-07_13_89-12801-028_415889947.pdf,https://catalog.archives.gov/id/415889947
1989-07-14,7/14/1989,Presidential Daily Backup,[Presidential Daily Backup] 7/14/1989,"Uruguay; Venezuela",Catalog search lead,"Uruguay; Venezuela",,12801-030,415889949,no,Restricted - Possibly,"Source: George H.W. Bush Library, Bush Presidential Records, White House Office of Appointments and Scheduling Files, Presidential Daily Diary and Presidential Daily Backup Materials, [Presidential Daily Backup] 7/14/1989. Access restriction: Restricted - Possibly.",https://s3.amazonaws.com/NARAprodstorage/lz/presidential-libraries/bush/gb-whasf/Presidential_Daily_Diary_186322/1989/41-bpr-apts_sch-dd-07_14_89-12801-030_415889949.pdf,https://catalog.archives.gov/id/415889949
1989-07-25,7/25/1989,Presidential Daily Backup,[Presidential Daily Backup] 7/25/1989,Peru,Catalog search lead,Alan Garcia,,12802-012,415889971,no,Restricted - Possibly,"Source: George H.W. Bush Library, Bush Presidential Records, White House Office of Appointments and Scheduling Files, Presidential Daily Diary and Presidential Daily Backup Materials, [Presidential Daily Backup] 7/25/1989. Access restriction: Restricted - Possibly.",https://s3.amazonaws.com/NARAprodstorage/lz/presidential-libraries/bush/gb-whasf/Presidential_Daily_Diary_186322/1989/41-bpr-apts_sch-dd-07_25_89-12802-012_415889971.pdf,https://catalog.archives.gov/id/415889971
1989-07-25,7/25/1989,Presidential Daily Diary,[Presidential Daily Diary] 7/25/1989,Peru,Catalog search lead,Alan Garcia,,12802-011,415889970,no,Restricted - Possibly,"Source: George H.W. Bush Library, Bush Presidential Records, White House Office of Appointments and Scheduling Files, Presidential Daily Diary and Presidential Daily Backup Materials, [Presidential Daily Diary] 7/25/1989. Access restriction: Restricted - Possibly.",https://s3.amazonaws.com/NARAprodstorage/lz/presidential-libraries/bush/gb-whasf/Presidential_Daily_Diary_186322/1989/41-bpr-apts_sch-dd-07_25_89-12802-011_415889970.pdf,https://catalog.archives.gov/id/415889970
1989-07-28,7/28/1989,Presidential Daily Backup,[Presidential Daily Backup] 7/28/1989,Colombia,Catalog search lead,"Barco; Colombia; Colombian",,12802-018,415889977,no,Restricted - Possibly,"Source: George H.W. Bush Library, Bush Presidential Records, White House Office of Appointments and Scheduling Files, Presidential Daily Diary and Presidential Daily Backup Materials, [Presidential Daily Backup] 7/28/1989. Access restriction: Restricted - Possibly.",https://s3.amazonaws.com/NARAprodstorage/lz/presidential-libraries/bush/gb-whasf/Presidential_Daily_Diary_186322/1989/41-bpr-apts_sch-dd-07_28_89-12802-018_415889977.pdf,https://catalog.archives.gov/id/415889977
1989-08-01,8/1/1989,Presidential Daily Backup,[Presidential Daily Backup] 8/1/1989,Peru,Catalog search lead,Alan Garcia,,12802-026,415889985,no,Restricted - Possibly,"Source: George H.W. Bush Library, Bush Presidential Records, White House Office of Appointments and Scheduling Files, Presidential Daily Diary and Presidential Daily Backup Materials, [Presidential Daily Backup] 8/1/1989. Access restriction: Restricted - Possibly.",https://s3.amazonaws.com/NARAprodstorage/lz/presidential-libraries/bush/gb-whasf/Presidential_Daily_Diary_186322/1989/41-bpr-apts_sch-dd-08_01_89-12802-026_415889985.pdf,https://catalog.archives.gov/id/415889985
1989-08-07,8/7/1989,Presidential Daily Backup,[Presidential Daily Backup] 8/7/1989,Brazil,Catalog search lead,Brazil,,12803-012,415889997,no,Restricted - Possibly,"Source: George H.W. Bush Library, Bush Presidential Records, White House Office of Appointments and Scheduling Files, Presidential Daily Diary and Presidential Daily Backup Materials, [Presidential Daily Backup] 8/7/1989. Access restriction: Restricted - Possibly.",https://s3.amazonaws.com/NARAprodstorage/lz/presidential-libraries/bush/gb-whasf/Presidential_Daily_Diary_186322/1989/41-bpr-apts_sch-dd-08_07_89-12803-012_415889997.pdf,https://catalog.archives.gov/id/415889997
1989-08-15,8/15/1989,Presidential Daily Backup,[Presidential Daily Backup] 8/15/1989,"Bolivia; Colombia; Peru; Venezuela",Catalog search lead,"Barco; Bolivia; Colombia; Peru; Venezuela",,12804-002,415890013,no,Restricted - Possibly,"Source: George H.W. Bush Library, Bush Presidential Records, White House Office of Appointments and Scheduling Files, Presidential Daily Diary and Presidential Daily Backup Materials, [Presidential Daily Backup] 8/15/1989. Access restriction: Restricted - Possibly.",https://s3.amazonaws.com/NARAprodstorage/lz/presidential-libraries/bush/gb-whasf/Presidential_Daily_Diary_186322/1989/41-bpr-apts_sch-dd-08_15_89-12804-002_415890013.pdf,https://catalog.archives.gov/id/415890013
1989-08-15,8/15/1989,Presidential Daily Diary,[Presidential Daily Diary] 8/15/1989,Venezuela,Catalog search lead,Venezuela,,12804-001,415890012,no,Restricted - Possibly,"Source: George H.W. Bush Library, Bush Presidential Records, White House Office of Appointments and Scheduling Files, Presidential Daily Diary and Presidential Daily Backup Materials, [Presidential Daily Diary] 8/15/1989. Access restriction: Restricted - Possibly.",https://s3.amazonaws.com/NARAprodstorage/lz/presidential-libraries/bush/gb-whasf/Presidential_Daily_Diary_186322/1989/41-bpr-apts_sch-dd-08_15_89-12804-001_415890012.pdf,https://catalog.archives.gov/id/415890012
1989-08-21,8/21/1989,Presidential Daily Backup,[Presidential Daily Backup] 8/21/1989,Colombia,Matched memcon/telcon date,"Barco; Colombia; Colombian",Memorandum of Telephone Conversation,12804-014,415890025,no,Restricted - Possibly,"Source: George H.W. Bush Library, Bush Presidential Records, White House Office of Appointments and Scheduling Files, Presidential Daily Diary and Presidential Daily Backup Materials, [Presidential Daily Backup] 8/21/1989. Access restriction: Restricted - Possibly.",https://s3.amazonaws.com/NARAprodstorage/lz/presidential-libraries/bush/gb-whasf/Presidential_Daily_Diary_186322/1989/41-bpr-apts_sch-dd-08_21_89-12804-014_415890025.pdf,https://catalog.archives.gov/id/415890025
1989-08-21,8/21/1989,Presidential Daily Diary,[Presidential Daily Diary] 8/21/1989,Colombia,Matched memcon/telcon date,"Barco; Colombia",Memorandum of Telephone Conversation,12804-013,415890024,no,Restricted - Possibly,"Source: George H.W. Bush Library, Bush Presidential Records, White House Office of Appointments and Scheduling Files, Presidential Daily Diary and Presidential Daily Backup Materials, [Presidential Daily Diary] 8/21/1989. Access restriction: Restricted - Possibly.",https://s3.amazonaws.com/NARAprodstorage/lz/presidential-libraries/bush/gb-whasf/Presidential_Daily_Diary_186322/1989/41-bpr-apts_sch-dd-08_21_89-12804-013_415890024.pdf,https://catalog.archives.gov/id/415890024
1989-08-22,8/22/1989,Presidential Daily Backup,[Presidential Daily Backup] 8/22/1989,Venezuela,Matched memcon/telcon date,Venezuela,Memorandum of Telephone Conversation,12804-016,415890027,no,Restricted - Possibly,"Source: George H.W. Bush Library, Bush Presidential Records, White House Office of Appointments and Scheduling Files, Presidential Daily Diary and Presidential Daily Backup Materials, [Presidential Daily Backup] 8/22/1989. Access restriction: Restricted - Possibly.",https://s3.amazonaws.com/NARAprodstorage/lz/presidential-libraries/bush/gb-whasf/Presidential_Daily_Diary_186322/1989/41-bpr-apts_sch-dd-08_22_89-12804-016_415890027.pdf,https://catalog.archives.gov/id/415890027
1989-08-22,8/22/1989,Presidential Daily Diary,[Presidential Daily Diary] 8/22/1989,Venezuela,Matched memcon/telcon date,"Carlos Andres Perez; Venezuela",Memorandum of Telephone Conversation,12804-015,415890026,no,Restricted - Possibly,"Source: George H.W. Bush Library, Bush Presidential Records, White House Office of Appointments and Scheduling Files, Presidential Daily Diary and Presidential Daily Backup Materials, [Presidential Daily Diary] 8/22/1989. Access restriction: Restricted - Possibly.",https://s3.amazonaws.com/NARAprodstorage/lz/presidential-libraries/bush/gb-whasf/Presidential_Daily_Diary_186322/1989/41-bpr-apts_sch-dd-08_22_89-12804-015_415890026.pdf,https://catalog.archives.gov/id/415890026
1989-08-23,8/23/1989,Presidential Daily Backup,[Presidential Daily Backup] 8/23/1989,Colombia,Catalog search lead,"Barco; Colombia; Colombian",,12804-018,415890029,no,Restricted - Possibly,"Source: George H.W. Bush Library, Bush Presidential Records, White House Office of Appointments and Scheduling Files, Presidential Daily Diary and Presidential Daily Backup Materials, [Presidential Daily Backup] 8/23/1989. Access restriction: Restricted - Possibly.",https://s3.amazonaws.com/NARAprodstorage/lz/presidential-libraries/bush/gb-whasf/Presidential_Daily_Diary_186322/1989/41-bpr-apts_sch-dd-08_23_89-12804-018_415890029.pdf,https://catalog.archives.gov/id/415890029
1989-08-24,8/24/1989,Presidential Daily Backup,[Presidential Daily Backup] 8/24/1989,Colombia,Catalog search lead,"Colombia; Colombian",,12804-020,415890031,no,Restricted - Possibly,"Source: George H.W. Bush Library, Bush Presidential Records, White House Office of Appointments and Scheduling Files, Presidential Daily Diary and Presidential Daily Backup Materials, [Presidential Daily Backup] 8/24/1989. Access restriction: Restricted - Possibly.",https://s3.amazonaws.com/NARAprodstorage/lz/presidential-libraries/bush/gb-whasf/Presidential_Daily_Diary_186322/1989/41-bpr-apts_sch-dd-08_24_89-12804-020_415890031.pdf,https://catalog.archives.gov/id/415890031
1989-08-25,8/25/1989,Presidential Daily Backup,[Presidential Daily Backup] 8/25/1989,Colombia,Catalog search lead,"Barco; Colombia",,12804-022,415890033,no,Restricted - Possibly,"Source: George H.W. Bush Library, Bush Presidential Records, White House Office of Appointments and Scheduling Files, Presidential Daily Diary and Presidential Daily Backup Materials, [Presidential Daily Backup] 8/25/1989. Access restriction: Restricted - Possibly.",https://s3.amazonaws.com/NARAprodstorage/lz/presidential-libraries/bush/gb-whasf/Presidential_Daily_Diary_186322/1989/41-bpr-apts_sch-dd-08_25_89-12804-022_415890033.pdf,https://catalog.archives.gov/id/415890033
1989-08-27,8/27/1989,Presidential Daily Backup,[Presidential Daily Backup] 8/27/1989,Colombia,Catalog search lead,Colombia,,12804-026,415890037,no,Restricted - Possibly,"Source: George H.W. Bush Library, Bush Presidential Records, White House Office of Appointments and Scheduling Files, Presidential Daily Diary and Presidential Daily Backup Materials, [Presidential Daily Backup] 8/27/1989. Access restriction: Restricted - Possibly.",https://s3.amazonaws.com/NARAprodstorage/lz/presidential-libraries/bush/gb-whasf/Presidential_Daily_Diary_186322/1989/41-bpr-apts_sch-dd-08_27_89-12804-026_415890037.pdf,https://catalog.archives.gov/id/415890037
1989-08-28,8/28/1989,Presidential Daily Backup,[Presidential Daily Backup] 8/28/1989,Colombia,Matched memcon/telcon date,"Barco; Colombia",Memorandum of Telephone Conversation,12804-028,415890039,no,Restricted - Possibly,"Source: George H.W. Bush Library, Bush Presidential Records, White House Office of Appointments and Scheduling Files, Presidential Daily Diary and Presidential Daily Backup Materials, [Presidential Daily Backup] 8/28/1989. Access restriction: Restricted - Possibly.",https://s3.amazonaws.com/NARAprodstorage/lz/presidential-libraries/bush/gb-whasf/Presidential_Daily_Diary_186322/1989/41-bpr-apts_sch-dd-08_28_89-12804-028_415890039.pdf,https://catalog.archives.gov/id/415890039
1989-08-28,8/28/1989,Presidential Daily Diary,[Presidential Daily Diary] 8/28/1989,Colombia,Matched memcon/telcon date,"Barco; Colombia",Memorandum of Telephone Conversation,12804-027,415890038,no,Restricted - Possibly,"Source: George H.W. Bush Library, Bush Presidential Records, White House Office of Appointments and Scheduling Files, Presidential Daily Diary and Presidential Daily Backup Materials, [Presidential Daily Diary] 8/28/1989. Access restriction: Restricted - Possibly.",https://s3.amazonaws.com/NARAprodstorage/lz/presidential-libraries/bush/gb-whasf/Presidential_Daily_Diary_186322/1989/41-bpr-apts_sch-dd-08_28_89-12804-027_415890038.pdf,https://catalog.archives.gov/id/415890038
1989-08-29,8/29/1989,Presidential Daily Backup,[Presidential Daily Backup] 8/29/1989,Colombia,Catalog search lead,"Colombia; Colombian",,12804-030,415890041,no,Restricted - Possibly,"Source: George H.W. Bush Library, Bush Presidential Records, White House Office of Appointments and Scheduling Files, Presidential Daily Diary and Presidential Daily Backup Materials, [Presidential Daily Backup] 8/29/1989. Access restriction: Restricted - Possibly.",https://s3.amazonaws.com/NARAprodstorage/lz/presidential-libraries/bush/gb-whasf/Presidential_Daily_Diary_186322/1989/41-bpr-apts_sch-dd-08_29_89-12804-030_415890041.pdf,https://catalog.archives.gov/id/415890041
1989-08-30,8/30/1989,Presidential Daily Backup,[Presidential Daily Backup] 8/30/1989,Colombia,Catalog search lead,"Colombia; Colombian",,12804-032,415890043,no,Restricted - Possibly,"Source: George H.W. Bush Library, Bush Presidential Records, White House Office of Appointments and Scheduling Files, Presidential Daily Diary and Presidential Daily Backup Materials, [Presidential Daily Backup] 8/30/1989. Access restriction: Restricted - Possibly.",https://s3.amazonaws.com/NARAprodstorage/lz/presidential-libraries/bush/gb-whasf/Presidential_Daily_Diary_186322/1989/41-bpr-apts_sch-dd-08_30_89-12804-032_415890043.pdf,https://catalog.archives.gov/id/415890043
1989-08-31,8/31/1989,Presidential Daily Backup,[Presidential Daily Backup] 8/31/1989,"Bolivia; Colombia; Peru",Catalog search lead,"Barco; Bolivian; Colombia; Colombian; Peruvian",,12804-034,415890045,no,Restricted - Possibly,"Source: George H.W. Bush Library, Bush Presidential Records, White House Office of Appointments and Scheduling Files, Presidential Daily Diary and Presidential Daily Backup Materials, [Presidential Daily Backup] 8/31/1989. Access restriction: Restricted - Possibly.",https://s3.amazonaws.com/NARAprodstorage/lz/presidential-libraries/bush/gb-whasf/Presidential_Daily_Diary_186322/1989/41-bpr-apts_sch-dd-08_31_89-12804-034_415890045.pdf,https://catalog.archives.gov/id/415890045
1989-09-01,9/1/1989,Presidential Daily Backup,[Presidential Daily Backup] 9/1/1989,"Colombia; Uruguay",Catalog search lead,"Colombia; Uruguay",,12804-036,415890047,no,Restricted - Possibly,"Source: George H.W. Bush Library, Bush Presidential Records, White House Office of Appointments and Scheduling Files, Presidential Daily Diary and Presidential Daily Backup Materials, [Presidential Daily Backup] 9/1/1989. Access restriction: Restricted - Possibly.",https://s3.amazonaws.com/NARAprodstorage/lz/presidential-libraries/bush/gb-whasf/Presidential_Daily_Diary_186322/1989/41-bpr-apts_sch-dd-09_01_89-12804-036_415890047.pdf,https://catalog.archives.gov/id/415890047
1989-09-05,9/5/1989,Presidential Daily Backup,[Presidential Daily Backup] 9/5/1989,Colombia,Catalog search lead,Colombia,,12804-044,415890055,no,Restricted - Possibly,"Source: George H.W. Bush Library, Bush Presidential Records, White House Office of Appointments and Scheduling Files, Presidential Daily Diary and Presidential Daily Backup Materials, [Presidential Daily Backup] 9/5/1989. Access restriction: Restricted - Possibly.",https://s3.amazonaws.com/NARAprodstorage/lz/presidential-libraries/bush/gb-whasf/Presidential_Daily_Diary_186322/1989/41-bpr-apts_sch-dd-09_05_89-12804-044_415890055.pdf,https://catalog.archives.gov/id/415890055
1989-09-06,9/6/1989,Presidential Daily Backup,[Presidential Daily Backup] 9/6/1989,"Bolivia; Ecuador; Peru; Venezuela",Catalog search lead,"Bolivia; Ecuador; Peru; Venezuela",,12805-002,415890057,no,Restricted - Possibly,"Source: George H.W. Bush Library, Bush Presidential Records, White House Office of Appointments and Scheduling Files, Presidential Daily Diary and Presidential Daily Backup Materials, [Presidential Daily Backup] 9/6/1989. Access restriction: Restricted - Possibly.",https://s3.amazonaws.com/NARAprodstorage/lz/presidential-libraries/bush/gb-whasf/Presidential_Daily_Diary_186322/1989/41-bpr-apts_sch-dd-09_06_89-12805-002_415890057.pdf,https://catalog.archives.gov/id/415890057
1989-09-06,9/6/1989,Presidential Daily Diary,[Presidential Daily Diary] 9/6/1989,"Bolivia; Colombia; Ecuador; Peru; Venezuela",Catalog search lead,"Bolivia; Colombia; Ecuador; Peru; Venezuela",,12805-001,415890056,no,Restricted - Possibly,"Source: George H.W. Bush Library, Bush Presidential Records, White House Office of Appointments and Scheduling Files, Presidential Daily Diary and Presidential Daily Backup Materials, [Presidential Daily Diary] 9/6/1989. Access restriction: Restricted - Possibly.",https://s3.amazonaws.com/NARAprodstorage/lz/presidential-libraries/bush/gb-whasf/Presidential_Daily_Diary_186322/1989/41-bpr-apts_sch-dd-09_06_89-12805-001_415890056.pdf,https://catalog.archives.gov/id/415890056
1989-09-14,9/14/1989,Presidential Daily Backup,[Presidential Daily Backup] 9/14/1989,Argentina,Catalog search lead,Argentine,,12805-018,415890073,no,Restricted - Possibly,"Source: George H.W. Bush Library, Bush Presidential Records, White House Office of Appointments and Scheduling Files, Presidential Daily Diary and Presidential Daily Backup Materials, [Presidential Daily Backup] 9/14/1989. Access restriction: Restricted - Possibly.",https://s3.amazonaws.com/NARAprodstorage/lz/presidential-libraries/bush/gb-whasf/Presidential_Daily_Diary_186322/1989/41-bpr-apts_sch-dd-09_14_89-12805-018_415890073.pdf,https://catalog.archives.gov/id/415890073
1989-09-15,9/15/1989,Presidential Daily Backup,[Presidential Daily Backup] 9/15/1989,Uruguay,Matched memcon/telcon date,"Sanguinetti; Uruguay; Uruguayan",Memorandum of Conversation,12805-020,415890075,no,Restricted - Possibly,"Source: George H.W. Bush Library, Bush Presidential Records, White House Office of Appointments and Scheduling Files, Presidential Daily Diary and Presidential Daily Backup Materials, [Presidential Daily Backup] 9/15/1989. Access restriction: Restricted - Possibly.",https://s3.amazonaws.com/NARAprodstorage/lz/presidential-libraries/bush/gb-whasf/Presidential_Daily_Diary_186322/1989/41-bpr-apts_sch-dd-09_15_89-12805-020_415890075.pdf,https://catalog.archives.gov/id/415890075
1989-09-15,9/15/1989,Presidential Daily Diary,[Presidential Daily Diary] 9/15/1989,Uruguay,Matched memcon/telcon date,"Sanguinetti; Uruguay",Memorandum of Conversation,12805-019,415890074,no,Restricted - Possibly,"Source: George H.W. Bush Library, Bush Presidential Records, White House Office of Appointments and Scheduling Files, Presidential Daily Diary and Presidential Daily Backup Materials, [Presidential Daily Diary] 9/15/1989. Access restriction: Restricted - Possibly.",https://s3.amazonaws.com/NARAprodstorage/lz/presidential-libraries/bush/gb-whasf/Presidential_Daily_Diary_186322/1989/41-bpr-apts_sch-dd-09_15_89-12805-019_415890074.pdf,https://catalog.archives.gov/id/415890074
1989-09-18,9/18/1989,Presidential Daily Backup,[Presidential Daily Backup] 9/18/1989,Colombia,Catalog search lead,"Barco; Colombia; Colombian",,12806-002,415890081,no,Restricted - Possibly,"Source: George H.W. Bush Library, Bush Presidential Records, White House Office of Appointments and Scheduling Files, Presidential Daily Diary and Presidential Daily Backup Materials, [Presidential Daily Backup] 9/18/1989. Access restriction: Restricted - Possibly.",https://s3.amazonaws.com/NARAprodstorage/lz/presidential-libraries/bush/gb-whasf/Presidential_Daily_Diary_186322/1989/41-bpr-apts_sch-dd-09_18_89-12806-002_415890081.pdf,https://catalog.archives.gov/id/415890081
1989-09-19,9/19/1989,Presidential Daily Backup,[Presidential Daily Backup] 9/19/1989,"Brazil; Uruguay",Catalog search lead,"Brazil; Uruguay",,12806-004,415890083,no,Restricted - Possibly,"Source: George H.W. Bush Library, Bush Presidential Records, White House Office of Appointments and Scheduling Files, Presidential Daily Diary and Presidential Daily Backup Materials, [Presidential Daily Backup] 9/19/1989. Access restriction: Restricted - Possibly.",https://s3.amazonaws.com/NARAprodstorage/lz/presidential-libraries/bush/gb-whasf/Presidential_Daily_Diary_186322/1989/41-bpr-apts_sch-dd-09_19_89-12806-004_415890083.pdf,https://catalog.archives.gov/id/415890083
1989-09-22,9/22/1989,Presidential Daily Backup,[Presidential Daily Backup] 9/22/1989,"Peru; Uruguay",Catalog search lead,"Peru; Uruguay",,12806-010,415890089,no,Restricted - Possibly,"Source: George H.W. Bush Library, Bush Presidential Records, White House Office of Appointments and Scheduling Files, Presidential Daily Diary and Presidential Daily Backup Materials, [Presidential Daily Backup] 9/22/1989. Access restriction: Restricted - Possibly.",https://s3.amazonaws.com/NARAprodstorage/lz/presidential-libraries/bush/gb-whasf/Presidential_Daily_Diary_186322/1989/41-bpr-apts_sch-dd-09_22_89-12806-010_415890089.pdf,https://catalog.archives.gov/id/415890089
1989-09-25,9/25/1989,Presidential Daily Backup,[Presidential Daily Backup] 9/25/1989,"Argentina; Bolivia; Brazil; Colombia; Ecuador; Paraguay; Peru; Venezuela",Matched memcon/telcon date,"Alfonsin; Andres Rodriguez; Argentina; Argentine; Barco; Bolivia; Bolivian; Brazil; Brazilian; Carlos Andres Perez; Colombia; Ecuador; Menem; Paraguay; Paz Zamora; Peru; Sarney; Venezuela",Memorandum of Conversation,12806-016,415890095,no,Restricted - Possibly,"Source: George H.W. Bush Library, Bush Presidential Records, White House Office of Appointments and Scheduling Files, Presidential Daily Diary and Presidential Daily Backup Materials, [Presidential Daily Backup] 9/25/1989. Access restriction: Restricted - Possibly.",https://s3.amazonaws.com/NARAprodstorage/lz/presidential-libraries/bush/gb-whasf/Presidential_Daily_Diary_186322/1989/41-bpr-apts_sch-dd-09_25_89-12806-016_415890095.pdf,https://catalog.archives.gov/id/415890095
1989-09-25,9/25/1989,Presidential Daily Diary,[Presidential Daily Diary] 9/25/1989,"Bolivia; Brazil; Colombia; Venezuela",Matched memcon/telcon date,"Barco; Bolivia; Brazil; Brazilian; Carlos Andres Perez; Colombia; Sarney; Venezuela; Venezuelan",Memorandum of Conversation,12806-015,415890094,no,Restricted - Possibly,"Source: George H.W. Bush Library, Bush Presidential Records, White House Office of Appointments and Scheduling Files, Presidential Daily Diary and Presidential Daily Backup Materials, [Presidential Daily Diary] 9/25/1989. Access restriction: Restricted - Possibly.",https://s3.amazonaws.com/NARAprodstorage/lz/presidential-libraries/bush/gb-whasf/Presidential_Daily_Diary_186322/1989/41-bpr-apts_sch-dd-09_25_89-12806-015_415890094.pdf,https://catalog.archives.gov/id/415890094
1989-09-26,9/26/1989,Presidential Daily Backup,[Presidential Daily Backup] 9/26/1989,Colombia,Matched memcon/telcon date,Barco,Memorandum of Telephone Conversation,12806-018,415890097,no,Restricted - Possibly,"Source: George H.W. Bush Library, Bush Presidential Records, White House Office of Appointments and Scheduling Files, Presidential Daily Diary and Presidential Daily Backup Materials, [Presidential Daily Backup] 9/26/1989. Access restriction: Restricted - Possibly.",https://s3.amazonaws.com/NARAprodstorage/lz/presidential-libraries/bush/gb-whasf/Presidential_Daily_Diary_186322/1989/41-bpr-apts_sch-dd-09_26_89-12806-018_415890097.pdf,https://catalog.archives.gov/id/415890097
1989-09-26,9/26/1989,Presidential Daily Diary,[Presidential Daily Diary] 9/26/1989,Colombia,Matched memcon/telcon date,"Barco; Colombia",Memorandum of Telephone Conversation,12806-017,415890096,no,Restricted - Possibly,"Source: George H.W. Bush Library, Bush Presidential Records, White House Office of Appointments and Scheduling Files, Presidential Daily Diary and Presidential Daily Backup Materials, [Presidential Daily Diary] 9/26/1989. Access restriction: Restricted - Possibly.",https://s3.amazonaws.com/NARAprodstorage/lz/presidential-libraries/bush/gb-whasf/Presidential_Daily_Diary_186322/1989/41-bpr-apts_sch-dd-09_26_89-12806-017_415890096.pdf,https://catalog.archives.gov/id/415890096
1989-09-27,9/27/1989,Presidential Daily Backup,[Presidential Daily Backup] 9/27/1989,Argentina,Matched memcon/telcon date,"Argentina; Argentine; Menem",Memorandum of Conversation,12806-020,415890099,no,Restricted - Possibly,"Source: George H.W. Bush Library, Bush Presidential Records, White House Office of Appointments and Scheduling Files, Presidential Daily Diary and Presidential Daily Backup Materials, [Presidential Daily Backup] 9/27/1989. Access restriction: Restricted - Possibly.",https://s3.amazonaws.com/NARAprodstorage/lz/presidential-libraries/bush/gb-whasf/Presidential_Daily_Diary_186322/1989/41-bpr-apts_sch-dd-09_27_89-12806-020_415890099.pdf,https://catalog.archives.gov/id/415890099
1989-09-27,9/27/1989,Presidential Daily Diary,[Presidential Daily Diary] 9/27/1989 [EMPTY],Argentina,Matched memcon/telcon date,,Memorandum of Conversation,12806-019,415890098,yes,Restricted - Possibly,"Source: George H.W. Bush Library, Bush Presidential Records, White House Office of Appointments and Scheduling Files, Presidential Daily Diary and Presidential Daily Backup Materials, [Presidential Daily Diary] 9/27/1989 [EMPTY]. Access restriction: Restricted - Possibly.",https://s3.amazonaws.com/NARAprodstorage/lz/presidential-libraries/bush/gb-whasf/Presidential_Daily_Diary_186322/1989/41-bpr-apts_sch-dd-09_27_89-12806-019_415890098.pdf,https://catalog.archives.gov/id/415890098
1989-09-28,9/28/1989,Presidential Daily Backup,[Presidential Daily Backup] 9/28/1989,Colombia,Matched memcon/telcon date,"Barco; Colombia; Colombian",Memorandum of Conversation,12806-022,415890101,no,Restricted - Possibly,"Source: George H.W. Bush Library, Bush Presidential Records, White House Office of Appointments and Scheduling Files, Presidential Daily Diary and Presidential Daily Backup Materials, [Presidential Daily Backup] 9/28/1989. Access restriction: Restricted - Possibly.",https://s3.amazonaws.com/NARAprodstorage/lz/presidential-libraries/bush/gb-whasf/Presidential_Daily_Diary_186322/1989/41-bpr-apts_sch-dd-09_28_89-12806-022_415890101.pdf,https://catalog.archives.gov/id/415890101
1989-09-28,9/28/1989,Presidential Daily Diary,[Presidential Daily Diary] 9/28/1989 [EMPTY],Colombia,Matched memcon/telcon date,,Memorandum of Conversation,12806-021,415890100,yes,Restricted - Possibly,"Source: George H.W. Bush Library, Bush Presidential Records, White House Office of Appointments and Scheduling Files, Presidential Daily Diary and Presidential Daily Backup Materials, [Presidential Daily Diary] 9/28/1989 [EMPTY]. Access restriction: Restricted - Possibly.",https://s3.amazonaws.com/NARAprodstorage/lz/presidential-libraries/bush/gb-whasf/Presidential_Daily_Diary_186322/1989/41-bpr-apts_sch-dd-09_28_89-12806-021_415890100.pdf,https://catalog.archives.gov/id/415890100
1989-09-29,9/29/1989,Presidential Daily Backup,[Presidential Daily Backup] 9/29/1989,Venezuela,Catalog search lead,Venezuelan,,12807-002,415890103,no,Restricted - Possibly,"Source: George H.W. Bush Library, Bush Presidential Records, White House Office of Appointments and Scheduling Files, Presidential Daily Diary and Presidential Daily Backup Materials, [Presidential Daily Backup] 9/29/1989. Access restriction: Restricted - Possibly.",https://s3.amazonaws.com/NARAprodstorage/lz/presidential-libraries/bush/gb-whasf/Presidential_Daily_Diary_186322/1989/41-bpr-apts_sch-dd-09_29_89-12807-002_415890103.pdf,https://catalog.archives.gov/id/415890103
1989-10-03,10/3/1989,Presidential Daily Backup,[Presidential Daily Backup] 10/3/1989,Venezuela,Catalog search lead,Carlos Andres Perez,,12807-010,415890111,no,Restricted - Possibly,"Source: George H.W. Bush Library, Bush Presidential Records, White House Office of Appointments and Scheduling Files, Presidential Daily Diary and Presidential Daily Backup Materials, [Presidential Daily Backup] 10/3/1989. Access restriction: Restricted - Possibly.",https://s3.amazonaws.com/NARAprodstorage/lz/presidential-libraries/bush/gb-whasf/Presidential_Daily_Diary_186322/1989/41-bpr-apts_sch-dd-10_03_89-12807-010_415890111.pdf,https://catalog.archives.gov/id/415890111
1989-10-04,10/4/1989,Presidential Daily Backup,[Presidential Daily Backup] 10/4/1989,Brazil,Catalog search lead,Brazil,,12807-012,415890113,no,Restricted - Possibly,"Source: George H.W. Bush Library, Bush Presidential Records, White House Office of Appointments and Scheduling Files, Presidential Daily Diary and Presidential Daily Backup Materials, [Presidential Daily Backup] 10/4/1989. Access restriction: Restricted - Possibly.",https://s3.amazonaws.com/NARAprodstorage/lz/presidential-libraries/bush/gb-whasf/Presidential_Daily_Diary_186322/1989/41-bpr-apts_sch-dd-10_04_89-12807-012_415890113.pdf,https://catalog.archives.gov/id/415890113
1989-10-10,10/10/1989,Presidential Daily Backup,[Presidential Daily Backup] 10/10/1989,Brazil,Catalog search lead,Brazil,,12808-002,415890125,no,Restricted - Possibly,"Source: George H.W. Bush Library, Bush Presidential Records, White House Office of Appointments and Scheduling Files, Presidential Daily Diary and Presidential Daily Backup Materials, [Presidential Daily Backup] 10/10/1989. Access restriction: Restricted - Possibly.",https://s3.amazonaws.com/NARAprodstorage/lz/presidential-libraries/bush/gb-whasf/Presidential_Daily_Diary_186322/1989/41-bpr-apts_sch-dd-10_10_89-12808-002_415890125.pdf,https://catalog.archives.gov/id/415890125
1989-10-10,10/10/1989,Presidential Daily Diary,[Presidential Daily Diary] 10/10/1989,Brazil,Catalog search lead,Brazilian,,12808-001,415890124,no,Restricted - Possibly,"Source: George H.W. Bush Library, Bush Presidential Records, White House Office of Appointments and Scheduling Files, Presidential Daily Diary and Presidential Daily Backup Materials, [Presidential Daily Diary] 10/10/1989. Access restriction: Restricted - Possibly.",https://s3.amazonaws.com/NARAprodstorage/lz/presidential-libraries/bush/gb-whasf/Presidential_Daily_Diary_186322/1989/41-bpr-apts_sch-dd-10_10_89-12808-001_415890124.pdf,https://catalog.archives.gov/id/415890124
1989-10-13,10/13/1989,Presidential Daily Backup,[Presidential Daily Backup] 10/13/1989,Venezuela,Catalog search lead,Carlos Andres Perez,,12808-008,415890131,no,Restricted - Possibly,"Source: George H.W. Bush Library, Bush Presidential Records, White House Office of Appointments and Scheduling Files, Presidential Daily Diary and Presidential Daily Backup Materials, [Presidential Daily Backup] 10/13/1989. Access restriction: Restricted - Possibly.",https://s3.amazonaws.com/NARAprodstorage/lz/presidential-libraries/bush/gb-whasf/Presidential_Daily_Diary_186322/1989/41-bpr-apts_sch-dd-10_13_89-12808-008_415890131.pdf,https://catalog.archives.gov/id/415890131
1989-10-19,10/19/1989,Presidential Daily Backup,[Presidential Daily Backup] 10/19/1989,"Colombia; Peru",Catalog search lead,"Alan Garcia; Barco; Colombia",,12808-020,415890143,no,Restricted - Possibly,"Source: George H.W. Bush Library, Bush Presidential Records, White House Office of Appointments and Scheduling Files, Presidential Daily Diary and Presidential Daily Backup Materials, [Presidential Daily Backup] 10/19/1989. Access restriction: Restricted - Possibly.",https://s3.amazonaws.com/NARAprodstorage/lz/presidential-libraries/bush/gb-whasf/Presidential_Daily_Diary_186322/1989/41-bpr-apts_sch-dd-10_19_89-12808-020_415890143.pdf,https://catalog.archives.gov/id/415890143
1989-10-24,10/24/1989,Presidential Daily Backup,[Presidential Daily Backup] 10/24/1989,"Argentina; Colombia",Catalog search lead,"Argentina; Argentine; Colombia; Menem",,12809-010,415890153,no,Restricted - Possibly,"Source: George H.W. Bush Library, Bush Presidential Records, White House Office of Appointments and Scheduling Files, Presidential Daily Diary and Presidential Daily Backup Materials, [Presidential Daily Backup] 10/24/1989. Access restriction: Restricted - Possibly.",https://s3.amazonaws.com/NARAprodstorage/lz/presidential-libraries/bush/gb-whasf/Presidential_Daily_Diary_186322/1989/41-bpr-apts_sch-dd-10_24_89-12809-010_415890153.pdf,https://catalog.archives.gov/id/415890153
1989-10-24,10/24/1989,Presidential Daily Diary,[Presidential Daily Diary] 10/24/1989,Argentina,Catalog search lead,Argentina,,12809-009,415890152,no,Restricted - Possibly,"Source: George H.W. Bush Library, Bush Presidential Records, White House Office of Appointments and Scheduling Files, Presidential Daily Diary and Presidential Daily Backup Materials, [Presidential Daily Diary] 10/24/1989. Access restriction: Restricted - Possibly.",https://s3.amazonaws.com/NARAprodstorage/lz/presidential-libraries/bush/gb-whasf/Presidential_Daily_Diary_186322/1989/41-bpr-apts_sch-dd-10_24_89-12809-009_415890152.pdf,https://catalog.archives.gov/id/415890152
1989-10-25,10/25/1989,Presidential Daily Backup,[Presidential Daily Backup] 10/25/1989,"Argentina; Bolivia; Brazil; Chile; Colombia; Peru; Venezuela",Catalog search lead,"Argentina; Argentine; Barco; Bolivia; Brazil; Chile; Colombia; Colombian; Menem; Peru; Sarney; Venezuela; Venezuelan",,12809-012,415890155,no,Restricted - Possibly,"Source: George H.W. Bush Library, Bush Presidential Records, White House Office of Appointments and Scheduling Files, Presidential Daily Diary and Presidential Daily Backup Materials, [Presidential Daily Backup] 10/25/1989. Access restriction: Restricted - Possibly.",https://s3.amazonaws.com/NARAprodstorage/lz/presidential-libraries/bush/gb-whasf/Presidential_Daily_Diary_186322/1989/41-bpr-apts_sch-dd-10_25_89-12809-012_415890155.pdf,https://catalog.archives.gov/id/415890155
1989-10-25,10/25/1989,Presidential Daily Diary,[Presidential Daily Diary] 10/25/1989,"Argentina; Bolivia; Brazil; Chile; Colombia; Peru; Venezuela",Catalog search lead,"Argentina; Bolivia; Brazil; Chile; Colombia; Peru; Venezuela",,12809-011,415890154,no,Restricted - Possibly,"Source: George H.W. Bush Library, Bush Presidential Records, White House Office of Appointments and Scheduling Files, Presidential Daily Diary and Presidential Daily Backup Materials, [Presidential Daily Diary] 10/25/1989. Access restriction: Restricted - Possibly.",https://s3.amazonaws.com/NARAprodstorage/lz/presidential-libraries/bush/gb-whasf/Presidential_Daily_Diary_186322/1989/41-bpr-apts_sch-dd-10_25_89-12809-011_415890154.pdf,https://catalog.archives.gov/id/415890154
1989-10-27,10/27/1989,Presidential Daily Backup,[Presidential Daily Backup] 10/27/1989,"Argentina; Bolivia; Brazil; Colombia; Ecuador; Guyana; Paraguay; Suriname; Uruguay; Venezuela",Catalog search lead,"Argentina; Barco; Bolivia; Borja; Brazil; Carlos Andres Perez; Colombia; Colombian; Ecuador; Guyana; Hoyte; Paraguay; Suriname; Uruguay; Venezuela",,12809-016,415890159,no,Restricted - Possibly,"Source: George H.W. Bush Library, Bush Presidential Records, White House Office of Appointments and Scheduling Files, Presidential Daily Diary and Presidential Daily Backup Materials, [Presidential Daily Backup] 10/27/1989. Access restriction: Restricted - Possibly.",https://s3.amazonaws.com/NARAprodstorage/lz/presidential-libraries/bush/gb-whasf/Presidential_Daily_Diary_186322/1989/41-bpr-apts_sch-dd-10_27_89-12809-016_415890159.pdf,https://catalog.archives.gov/id/415890159
1989-10-27,10/27/1989,Presidential Daily Diary,[Presidential Daily Diary] 10/27/1989,Colombia,Catalog search lead,Colombia,,12809-015,415890158,no,Restricted - Possibly,"Source: George H.W. Bush Library, Bush Presidential Records, White House Office of Appointments and Scheduling Files, Presidential Daily Diary and Presidential Daily Backup Materials, [Presidential Daily Diary] 10/27/1989. Access restriction: Restricted - Possibly.",https://s3.amazonaws.com/NARAprodstorage/lz/presidential-libraries/bush/gb-whasf/Presidential_Daily_Diary_186322/1989/41-bpr-apts_sch-dd-10_27_89-12809-015_415890158.pdf,https://catalog.archives.gov/id/415890158
1989-10-28,10/28/1989,Presidential Daily Backup,[Presidential Daily Backup] 10/28/1989,"Argentina; Brazil; Colombia",Catalog search lead,"Argentina; Barco; Brazil; Colombia; Menem; Sarney",,12809-018,415890161,no,Restricted - Possibly,"Source: George H.W. Bush Library, Bush Presidential Records, White House Office of Appointments and Scheduling Files, Presidential Daily Diary and Presidential Daily Backup Materials, [Presidential Daily Backup] 10/28/1989. Access restriction: Restricted - Possibly.",https://s3.amazonaws.com/NARAprodstorage/lz/presidential-libraries/bush/gb-whasf/Presidential_Daily_Diary_186322/1989/41-bpr-apts_sch-dd-10_28_89-12809-018_415890161.pdf,https://catalog.archives.gov/id/415890161
1989-10-28,10/28/1989,Presidential Daily Diary,[Presidential Daily Diary] 10/28/1989,Argentina,Catalog search lead,"Argentina; Menem",,12809-017,415890160,no,Restricted - Possibly,"Source: George H.W. Bush Library, Bush Presidential Records, White House Office of Appointments and Scheduling Files, Presidential Daily Diary and Presidential Daily Backup Materials, [Presidential Daily Diary] 10/28/1989. Access restriction: Restricted - Possibly.",https://s3.amazonaws.com/NARAprodstorage/lz/presidential-libraries/bush/gb-whasf/Presidential_Daily_Diary_186322/1989/41-bpr-apts_sch-dd-10_28_89-12809-017_415890160.pdf,https://catalog.archives.gov/id/415890160
1989-10-30,10/30/1989,Presidential Daily Backup,[Presidential Daily Backup] 10/30/1989,Colombia,Matched memcon/telcon date,Barco,Memorandum of Telephone Conversation,12809-022,415890165,no,Restricted - Possibly,"Source: George H.W. Bush Library, Bush Presidential Records, White House Office of Appointments and Scheduling Files, Presidential Daily Diary and Presidential Daily Backup Materials, [Presidential Daily Backup] 10/30/1989. Access restriction: Restricted - Possibly.",https://s3.amazonaws.com/NARAprodstorage/lz/presidential-libraries/bush/gb-whasf/Presidential_Daily_Diary_186322/1989/41-bpr-apts_sch-dd-10_30_89-12809-022_415890165.pdf,https://catalog.archives.gov/id/415890165
1989-10-30,10/30/1989,Presidential Daily Diary,[Presidential Daily Diary] 10/30/1989,Colombia,Matched memcon/telcon date,Barco,Memorandum of Telephone Conversation,12809-021,415890164,no,Restricted - Possibly,"Source: George H.W. Bush Library, Bush Presidential Records, White House Office of Appointments and Scheduling Files, Presidential Daily Diary and Presidential Daily Backup Materials, [Presidential Daily Diary] 10/30/1989. Access restriction: Restricted - Possibly.",https://s3.amazonaws.com/NARAprodstorage/lz/presidential-libraries/bush/gb-whasf/Presidential_Daily_Diary_186322/1989/41-bpr-apts_sch-dd-10_30_89-12809-021_415890164.pdf,https://catalog.archives.gov/id/415890164
1989-11-01,11/1/1989,Presidential Daily Backup,[Presidential Daily Backup] 11/1/1989,Venezuela,Matched memcon/telcon date,Venezuela,Memorandum of Telephone Conversation,12810-002,415890169,no,Restricted - Possibly,"Source: George H.W. Bush Library, Bush Presidential Records, White House Office of Appointments and Scheduling Files, Presidential Daily Diary and Presidential Daily Backup Materials, [Presidential Daily Backup] 11/1/1989. Access restriction: Restricted - Possibly.",https://s3.amazonaws.com/NARAprodstorage/lz/presidential-libraries/bush/gb-whasf/Presidential_Daily_Diary_186322/1989/41-bpr-apts_sch-dd-11_01_89-12810-002_415890169.pdf,https://catalog.archives.gov/id/415890169
1989-11-01,11/1/1989,Presidential Daily Diary,[Presidential Daily Diary] 11/1/1989,Venezuela,Matched memcon/telcon date,Venezuela,Memorandum of Telephone Conversation,12810-001,415890168,no,Restricted - Possibly,"Source: George H.W. Bush Library, Bush Presidential Records, White House Office of Appointments and Scheduling Files, Presidential Daily Diary and Presidential Daily Backup Materials, [Presidential Daily Diary] 11/1/1989. Access restriction: Restricted - Possibly.",https://s3.amazonaws.com/NARAprodstorage/lz/presidential-libraries/bush/gb-whasf/Presidential_Daily_Diary_186322/1989/41-bpr-apts_sch-dd-11_01_89-12810-001_415890168.pdf,https://catalog.archives.gov/id/415890168
1989-11-02,11/2/1989,Presidential Daily Backup,[Presidential Daily Backup] 11/2/1989,"Brazil; Colombia",Catalog search lead,"Barco; Brazil",,12810-004,415890171,no,Restricted - Possibly,"Source: George H.W. Bush Library, Bush Presidential Records, White House Office of Appointments and Scheduling Files, Presidential Daily Diary and Presidential Daily Backup Materials, [Presidential Daily Backup] 11/2/1989. Access restriction: Restricted - Possibly.",https://s3.amazonaws.com/NARAprodstorage/lz/presidential-libraries/bush/gb-whasf/Presidential_Daily_Diary_186322/1989/41-bpr-apts_sch-dd-11_02_89-12810-004_415890171.pdf,https://catalog.archives.gov/id/415890171
1989-11-03,11/3/1989,Presidential Daily Backup,[Presidential Daily Backup] 11/3/1989,Ecuador,Catalog search lead,Borja,,12810-006,415890173,no,Restricted - Possibly,"Source: George H.W. Bush Library, Bush Presidential Records, White House Office of Appointments and Scheduling Files, Presidential Daily Diary and Presidential Daily Backup Materials, [Presidential Daily Backup] 11/3/1989. Access restriction: Restricted - Possibly.",https://s3.amazonaws.com/NARAprodstorage/lz/presidential-libraries/bush/gb-whasf/Presidential_Daily_Diary_186322/1989/41-bpr-apts_sch-dd-11_03_89-12810-006_415890173.pdf,https://catalog.archives.gov/id/415890173
1989-11-06,11/6/1989,Presidential Daily Backup,[Presidential Daily Backup] 11/6/1989,Chile,Catalog search lead,Chile,,12810-012,415890179,no,Restricted - Possibly,"Source: George H.W. Bush Library, Bush Presidential Records, White House Office of Appointments and Scheduling Files, Presidential Daily Diary and Presidential Daily Backup Materials, [Presidential Daily Backup] 11/6/1989. Access restriction: Restricted - Possibly.",https://s3.amazonaws.com/NARAprodstorage/lz/presidential-libraries/bush/gb-whasf/Presidential_Daily_Diary_186322/1989/41-bpr-apts_sch-dd-11_06_89-12810-012_415890179.pdf,https://catalog.archives.gov/id/415890179
1989-11-06,11/6/1989,Presidential Daily Diary,[Presidential Daily Diary] 11/6/1989,Chile,Catalog search lead,Chile,,12810-011,415890178,no,Restricted - Possibly,"Source: George H.W. Bush Library, Bush Presidential Records, White House Office of Appointments and Scheduling Files, Presidential Daily Diary and Presidential Daily Backup Materials, [Presidential Daily Diary] 11/6/1989. Access restriction: Restricted - Possibly.",https://s3.amazonaws.com/NARAprodstorage/lz/presidential-libraries/bush/gb-whasf/Presidential_Daily_Diary_186322/1989/41-bpr-apts_sch-dd-11_06_89-12810-011_415890178.pdf,https://catalog.archives.gov/id/415890178
1989-11-13,11/13/1989,Presidential Daily Backup,[Presidential Daily Backup] 11/13/1989,Paraguay,Catalog search lead,Paraguay,,12811-006,415890193,no,Restricted - Possibly,"Source: George H.W. Bush Library, Bush Presidential Records, White House Office of Appointments and Scheduling Files, Presidential Daily Diary and Presidential Daily Backup Materials, [Presidential Daily Backup] 11/13/1989. Access restriction: Restricted - Possibly.",https://s3.amazonaws.com/NARAprodstorage/lz/presidential-libraries/bush/gb-whasf/Presidential_Daily_Diary_186322/1989/41-bpr-apts_sch-dd-11_13_89-12811-006_415890193.pdf,https://catalog.archives.gov/id/415890193
1989-11-13,11/13/1989,Presidential Daily Diary,[Presidential Daily Diary] 11/13/1989,Paraguay,Catalog search lead,Paraguay,,12811-005,415890192,no,Restricted - Possibly,"Source: George H.W. Bush Library, Bush Presidential Records, White House Office of Appointments and Scheduling Files, Presidential Daily Diary and Presidential Daily Backup Materials, [Presidential Daily Diary] 11/13/1989. Access restriction: Restricted - Possibly.",https://s3.amazonaws.com/NARAprodstorage/lz/presidential-libraries/bush/gb-whasf/Presidential_Daily_Diary_186322/1989/41-bpr-apts_sch-dd-11_13_89-12811-005_415890192.pdf,https://catalog.archives.gov/id/415890192
1989-11-14,11/14/1989,Presidential Daily Backup,[Presidential Daily Backup] 11/14/1989,"Argentina; Bolivia; Brazil; Chile; Colombia; Ecuador; Paraguay; Peru; Suriname; Uruguay; Venezuela",Catalog search lead,"Argentina; Bolivia; Brazil; Chile; Colombia; Ecuador; Paraguay; Peru; Suriname; Uruguay; Venezuela",,12811-008,415890195,no,Restricted - Possibly,"Source: George H.W. Bush Library, Bush Presidential Records, White House Office of Appointments and Scheduling Files, Presidential Daily Diary and Presidential Daily Backup Materials, [Presidential Daily Backup] 11/14/1989. Access restriction: Restricted - Possibly.",https://s3.amazonaws.com/NARAprodstorage/lz/presidential-libraries/bush/gb-whasf/Presidential_Daily_Diary_186322/1989/41-bpr-apts_sch-dd-11_14_89-12811-008_415890195.pdf,https://catalog.archives.gov/id/415890195
1989-11-15,11/15/1989,Presidential Daily Backup,[Presidential Daily Backup] 11/15/1989,Paraguay,Catalog search lead,Paraguay,,12811-010,415890197,no,Restricted - Possibly,"Source: George H.W. Bush Library, Bush Presidential Records, White House Office of Appointments and Scheduling Files, Presidential Daily Diary and Presidential Daily Backup Materials, [Presidential Daily Backup] 11/15/1989. Access restriction: Restricted - Possibly.",https://s3.amazonaws.com/NARAprodstorage/lz/presidential-libraries/bush/gb-whasf/Presidential_Daily_Diary_186322/1989/41-bpr-apts_sch-dd-11_15_89-12811-010_415890197.pdf,https://catalog.archives.gov/id/415890197
1989-11-20,11/20/1989,Presidential Daily Backup,[Presidential Daily Backup] 11/20/1989,Colombia,Catalog search lead,Colombia,,12811-020,415890207,no,Restricted - Possibly,"Source: George H.W. Bush Library, Bush Presidential Records, White House Office of Appointments and Scheduling Files, Presidential Daily Diary and Presidential Daily Backup Materials, [Presidential Daily Backup] 11/20/1989. Access restriction: Restricted - Possibly.",https://s3.amazonaws.com/NARAprodstorage/lz/presidential-libraries/bush/gb-whasf/Presidential_Daily_Diary_186322/1989/41-bpr-apts_sch-dd-11_20_89-12811-020_415890207.pdf,https://catalog.archives.gov/id/415890207
1989-11-22,11/22/1989,Presidential Daily Backup,[Presidential Daily Backup] 11/22/1989,Ecuador,Catalog search lead,Ecuador,,12812-002,415890211,no,Restricted - Possibly,"Source: George H.W. Bush Library, Bush Presidential Records, White House Office of Appointments and Scheduling Files, Presidential Daily Diary and Presidential Daily Backup Materials, [Presidential Daily Backup] 11/22/1989. Access restriction: Restricted - Possibly.",https://s3.amazonaws.com/NARAprodstorage/lz/presidential-libraries/bush/gb-whasf/Presidential_Daily_Diary_186322/1989/41-bpr-apts_sch-dd-11_22_89-12812-002_415890211.pdf,https://catalog.archives.gov/id/415890211
1989-11-27,11/27/1989,Presidential Daily Backup,[Presidential Daily Backup] 11/27/1989,Colombia,Matched memcon/telcon date,"Barco; Colombia",Memorandum of Telephone Conversation,12812-012,415890221,no,Restricted - Possibly,"Source: George H.W. Bush Library, Bush Presidential Records, White House Office of Appointments and Scheduling Files, Presidential Daily Diary and Presidential Daily Backup Materials, [Presidential Daily Backup] 11/27/1989. Access restriction: Restricted - Possibly.",https://s3.amazonaws.com/NARAprodstorage/lz/presidential-libraries/bush/gb-whasf/Presidential_Daily_Diary_186322/1989/41-bpr-apts_sch-dd-11_27_89-12812-012_415890221.pdf,https://catalog.archives.gov/id/415890221
1989-11-27,11/27/1989,Presidential Daily Diary,[Presidential Daily Diary] 11/27/1989 [EMPTY],Colombia,Matched memcon/telcon date,,Memorandum of Telephone Conversation,12812-011,415890220,yes,Restricted - Possibly,"Source: George H.W. Bush Library, Bush Presidential Records, White House Office of Appointments and Scheduling Files, Presidential Daily Diary and Presidential Daily Backup Materials, [Presidential Daily Diary] 11/27/1989 [EMPTY]. Access restriction: Restricted - Possibly.",https://s3.amazonaws.com/NARAprodstorage/lz/presidential-libraries/bush/gb-whasf/Presidential_Daily_Diary_186322/1989/41-bpr-apts_sch-dd-11_27_89-12812-011_415890220.pdf,https://catalog.archives.gov/id/415890220
1989-11-28,11/28/1989,Presidential Daily Backup,[Presidential Daily Backup] 11/28/1989,Peru,Catalog search lead,Peru,,12812-014,415890223,no,Restricted - Possibly,"Source: George H.W. Bush Library, Bush Presidential Records, White House Office of Appointments and Scheduling Files, Presidential Daily Diary and Presidential Daily Backup Materials, [Presidential Daily Backup] 11/28/1989. Access restriction: Restricted - Possibly.",https://s3.amazonaws.com/NARAprodstorage/lz/presidential-libraries/bush/gb-whasf/Presidential_Daily_Diary_186322/1989/41-bpr-apts_sch-dd-11_28_89-12812-014_415890223.pdf,https://catalog.archives.gov/id/415890223
1989-12-08,12/8/1989,Presidential Daily Backup,[Presidential Daily Backup] 12/8/1989,"Bolivia; Colombia; Peru",Catalog search lead,"Barco; Bolivia; Colombia; Colombian; Peru",,12812-034,415890243,no,Restricted - Possibly,"Source: George H.W. Bush Library, Bush Presidential Records, White House Office of Appointments and Scheduling Files, Presidential Daily Diary and Presidential Daily Backup Materials, [Presidential Daily Backup] 12/8/1989. Access restriction: Restricted - Possibly.",https://s3.amazonaws.com/NARAprodstorage/lz/presidential-libraries/bush/gb-whasf/Presidential_Daily_Diary_186322/1989/41-bpr-apts_sch-dd-12_08_89-12812-034_415890243.pdf,https://catalog.archives.gov/id/415890243
1989-12-11,12/11/1989,Presidential Daily Backup,[Presidential Daily Backup] 12/11/1989,"Brazil; Colombia",Catalog search lead,"Barco; Brazil; Colombia",,12813-004,415890249,no,Restricted - Possibly,"Source: George H.W. Bush Library, Bush Presidential Records, White House Office of Appointments and Scheduling Files, Presidential Daily Diary and Presidential Daily Backup Materials, [Presidential Daily Backup] 12/11/1989. Access restriction: Restricted - Possibly.",https://s3.amazonaws.com/NARAprodstorage/lz/presidential-libraries/bush/gb-whasf/Presidential_Daily_Diary_186322/1989/41-bpr-apts_sch-dd-12_11_89-12813-004_415890249.pdf,https://catalog.archives.gov/id/415890249
1989-12-16,12/16/1989,Presidential Daily Backup,[Presidential Daily Backup] 12/16/1989,Colombia,Catalog search lead,Barco,,12813-014,415890259,no,Restricted - Possibly,"Source: George H.W. Bush Library, Bush Presidential Records, White House Office of Appointments and Scheduling Files, Presidential Daily Diary and Presidential Daily Backup Materials, [Presidential Daily Backup] 12/16/1989. Access restriction: Restricted - Possibly.",https://s3.amazonaws.com/NARAprodstorage/lz/presidential-libraries/bush/gb-whasf/Presidential_Daily_Diary_186322/1989/41-bpr-apts_sch-dd-12_16_89-12813-014_415890259.pdf,https://catalog.archives.gov/id/415890259
1989-12-20,12/20/1989,Presidential Daily Backup,[Presidential Daily Backup] 12/20/1989,"Argentina; Bolivia; Colombia; Venezuela",Matched memcon/telcon date,"Barco; Bolivia; Bolivian; Menem; Paz Zamora",Memorandum of Telephone Conversation,12813-022,415890267,no,Restricted - Possibly,"Source: George H.W. Bush Library, Bush Presidential Records, White House Office of Appointments and Scheduling Files, Presidential Daily Diary and Presidential Daily Backup Materials, [Presidential Daily Backup] 12/20/1989. Access restriction: Restricted - Possibly.",https://s3.amazonaws.com/NARAprodstorage/lz/presidential-libraries/bush/gb-whasf/Presidential_Daily_Diary_186322/1989/41-bpr-apts_sch-dd-12_20_89-12813-022_415890267.pdf,https://catalog.archives.gov/id/415890267
1989-12-20,12/20/1989,Presidential Daily Diary,[Presidential Daily Diary] 12/20/1989 [EMPTY],"Argentina; Colombia; Venezuela",Matched memcon/telcon date,,Memorandum of Telephone Conversation,12813-021,415890266,yes,Restricted - Possibly,"Source: George H.W. Bush Library, Bush Presidential Records, White House Office of Appointments and Scheduling Files, Presidential Daily Diary and Presidential Daily Backup Materials, [Presidential Daily Diary] 12/20/1989 [EMPTY]. Access restriction: Restricted - Possibly.",https://s3.amazonaws.com/NARAprodstorage/lz/presidential-libraries/bush/gb-whasf/Presidential_Daily_Diary_186322/1989/41-bpr-apts_sch-dd-12_20_89-12813-021_415890266.pdf,https://catalog.archives.gov/id/415890266
1989-12-21,12/21/1989,Presidential Daily Backup,[Presidential Daily Backup] 12/21/1989,Peru,Catalog search lead,Peru,,12813-024,415890269,no,Restricted - Possibly,"Source: George H.W. Bush Library, Bush Presidential Records, White House Office of Appointments and Scheduling Files, Presidential Daily Diary and Presidential Daily Backup Materials, [Presidential Daily Backup] 12/21/1989. Access restriction: Restricted - Possibly.",https://s3.amazonaws.com/NARAprodstorage/lz/presidential-libraries/bush/gb-whasf/Presidential_Daily_Diary_186322/1989/41-bpr-apts_sch-dd-12_21_89-12813-024_415890269.pdf,https://catalog.archives.gov/id/415890269
1989-12-23,12/23/1989,Presidential Daily Backup,[Presidential Daily Backup] 12/23/1989,Venezuela,Catalog search lead,Venezuela,,12813-028,415890273,no,Restricted - Possibly,"Source: George H.W. Bush Library, Bush Presidential Records, White House Office of Appointments and Scheduling Files, Presidential Daily Diary and Presidential Daily Backup Materials, [Presidential Daily Backup] 12/23/1989. Access restriction: Restricted - Possibly.",https://s3.amazonaws.com/NARAprodstorage/lz/presidential-libraries/bush/gb-whasf/Presidential_Daily_Diary_186322/1989/41-bpr-apts_sch-dd-12_23_89-12813-028_415890273.pdf,https://catalog.archives.gov/id/415890273
1990-01-04,1/4/1990,Presidential Daily Backup,[Presidential Daily Backup] 1/4/1990,Ecuador,Catalog search lead,Ecuador,,12814-018,415890297,no,Restricted - Possibly,"Source: George H.W. Bush Library, Bush Presidential Records, White House Office of Appointments and Scheduling Files, Presidential Daily Diary and Presidential Daily Backup Materials, [Presidential Daily Backup] 1/4/1990. Access restriction: Restricted - Possibly.",https://s3.amazonaws.com/NARAprodstorage/lz/presidential-libraries/bush/gb-whasf/Presidential_Daily_Diary_186322/1990/41-bpr-apts_sch-dd-01_04_90-12814-018_415890297.pdf,https://catalog.archives.gov/id/415890297
1990-01-08,1/8/1990,Presidential Daily Backup,[Presidential Daily Backup] 1/8/1990,Colombia,Catalog search lead,"Barco; Colombia",,12814-026,415890305,no,Restricted - Possibly,"Source: George H.W. Bush Library, Bush Presidential Records, White House Office of Appointments and Scheduling Files, Presidential Daily Diary and Presidential Daily Backup Materials, [Presidential Daily Backup] 1/8/1990. Access restriction: Restricted - Possibly.",https://s3.amazonaws.com/NARAprodstorage/lz/presidential-libraries/bush/gb-whasf/Presidential_Daily_Diary_186322/1990/41-bpr-apts_sch-dd-01_08_90-12814-026_415890305.pdf,https://catalog.archives.gov/id/415890305
1990-01-10,1/10/1990,Presidential Daily Backup,[Presidential Daily Backup] 1/10/1990,Colombia,Catalog search lead,Barco,,12814-030,415890309,no,Restricted - Possibly,"Source: George H.W. Bush Library, Bush Presidential Records, White House Office of Appointments and Scheduling Files, Presidential Daily Diary and Presidential Daily Backup Materials, [Presidential Daily Backup] 1/10/1990. Access restriction: Restricted - Possibly.",https://s3.amazonaws.com/NARAprodstorage/lz/presidential-libraries/bush/gb-whasf/Presidential_Daily_Diary_186322/1990/41-bpr-apts_sch-dd-01_10_90-12814-030_415890309.pdf,https://catalog.archives.gov/id/415890309
1990-01-10,1/10/1990,Presidential Daily Diary,[Presidential Daily Diary] 1/10/1990,Colombia,Catalog search lead,"Barco; Colombia",,12814-029,415890308,no,Restricted - Possibly,"Source: George H.W. Bush Library, Bush Presidential Records, White House Office of Appointments and Scheduling Files, Presidential Daily Diary and Presidential Daily Backup Materials, [Presidential Daily Diary] 1/10/1990. Access restriction: Restricted - Possibly.",https://s3.amazonaws.com/NARAprodstorage/lz/presidential-libraries/bush/gb-whasf/Presidential_Daily_Diary_186322/1990/41-bpr-apts_sch-dd-01_10_90-12814-029_415890308.pdf,https://catalog.archives.gov/id/415890308
1990-01-11,1/11/1990,Presidential Daily Backup,[Presidential Daily Backup] 1/11/1990,Argentina,Catalog search lead,Argentina,,12815-002,415890311,no,Restricted - Possibly,"Source: George H.W. Bush Library, Bush Presidential Records, White House Office of Appointments and Scheduling Files, Presidential Daily Diary and Presidential Daily Backup Materials, [Presidential Daily Backup] 1/11/1990. Access restriction: Restricted - Possibly.",https://s3.amazonaws.com/NARAprodstorage/lz/presidential-libraries/bush/gb-whasf/Presidential_Daily_Diary_186322/1990/41-bpr-apts_sch-dd-01_11_90-12815-002_415890311.pdf,https://catalog.archives.gov/id/415890311
1990-01-12,1/12/1990,Presidential Daily Backup,[Presidential Daily Backup] 1/12/1990,Ecuador,Catalog search lead,Borja,,12815-004,415890313,no,Restricted - Possibly,"Source: George H.W. Bush Library, Bush Presidential Records, White House Office of Appointments and Scheduling Files, Presidential Daily Diary and Presidential Daily Backup Materials, [Presidential Daily Backup] 1/12/1990. Access restriction: Restricted - Possibly.",https://s3.amazonaws.com/NARAprodstorage/lz/presidential-libraries/bush/gb-whasf/Presidential_Daily_Diary_186322/1990/41-bpr-apts_sch-dd-01_12_90-12815-004_415890313.pdf,https://catalog.archives.gov/id/415890313
1990-01-19,1/19/1990,Presidential Daily Backup,[Presidential Daily Backup] 1/19/1990,Colombia,Catalog search lead,Barco,,12815-018,415890327,no,Restricted - Possibly,"Source: George H.W. Bush Library, Bush Presidential Records, White House Office of Appointments and Scheduling Files, Presidential Daily Diary and Presidential Daily Backup Materials, [Presidential Daily Backup] 1/19/1990. Access restriction: Restricted - Possibly.",https://s3.amazonaws.com/NARAprodstorage/lz/presidential-libraries/bush/gb-whasf/Presidential_Daily_Diary_186322/1990/41-bpr-apts_sch-dd-01_19_90-12815-018_415890327.pdf,https://catalog.archives.gov/id/415890327
1990-01-23,1/23/1990,Presidential Daily Backup,[Presidential Daily Backup] 1/23/1990,Colombia,Catalog search lead,"Colombia; Colombian",,12815-026,415890335,no,Restricted - Possibly,"Source: George H.W. Bush Library, Bush Presidential Records, White House Office of Appointments and Scheduling Files, Presidential Daily Diary and Presidential Daily Backup Materials, [Presidential Daily Backup] 1/23/1990. Access restriction: Restricted - Possibly.",https://s3.amazonaws.com/NARAprodstorage/lz/presidential-libraries/bush/gb-whasf/Presidential_Daily_Diary_186322/1990/41-bpr-apts_sch-dd-01_23_90-12815-026_415890335.pdf,https://catalog.archives.gov/id/415890335
1990-01-24,1/24/1990,Presidential Daily Backup,[Presidential Daily Backup] 1/24/1990,Colombia,Catalog search lead,Colombia,,12816-002,415890337,no,Restricted - Possibly,"Source: George H.W. Bush Library, Bush Presidential Records, White House Office of Appointments and Scheduling Files, Presidential Daily Diary and Presidential Daily Backup Materials, [Presidential Daily Backup] 1/24/1990. Access restriction: Restricted - Possibly.",https://s3.amazonaws.com/NARAprodstorage/lz/presidential-libraries/bush/gb-whasf/Presidential_Daily_Diary_186322/1990/41-bpr-apts_sch-dd-01_24_90-12816-002_415890337.pdf,https://catalog.archives.gov/id/415890337
1990-01-25,1/25/1990,Presidential Daily Backup,[Presidential Daily Backup] 1/25/1990,Colombia,Catalog search lead,"Barco; Colombia; Colombian",,12816-004,415890339,no,Restricted - Possibly,"Source: George H.W. Bush Library, Bush Presidential Records, White House Office of Appointments and Scheduling Files, Presidential Daily Diary and Presidential Daily Backup Materials, [Presidential Daily Backup] 1/25/1990. Access restriction: Restricted - Possibly.",https://s3.amazonaws.com/NARAprodstorage/lz/presidential-libraries/bush/gb-whasf/Presidential_Daily_Diary_186322/1990/41-bpr-apts_sch-dd-01_25_90-12816-004_415890339.pdf,https://catalog.archives.gov/id/415890339
1990-01-26,1/26/1990,Presidential Daily Backup,[Presidential Daily Backup] 1/26/1990,Brazil,Matched memcon/telcon date,,Memorandum of Conversation,12816-006,415890341,no,Restricted - Possibly,"Source: George H.W. Bush Library, Bush Presidential Records, White House Office of Appointments and Scheduling Files, Presidential Daily Diary and Presidential Daily Backup Materials, [Presidential Daily Backup] 1/26/1990. Access restriction: Restricted - Possibly.",https://s3.amazonaws.com/NARAprodstorage/lz/presidential-libraries/bush/gb-whasf/Presidential_Daily_Diary_186322/1990/41-bpr-apts_sch-dd-01_26_90-12816-006_415890341.pdf,https://catalog.archives.gov/id/415890341
1990-01-26,1/26/1990,Presidential Daily Diary,[Presidential Daily Diary] 1/26/1990,Brazil,Matched memcon/telcon date,"Brazil; Brazilian; Collor",Memorandum of Conversation,12816-005,415890340,no,Restricted - Possibly,"Source: George H.W. Bush Library, Bush Presidential Records, White House Office of Appointments and Scheduling Files, Presidential Daily Diary and Presidential Daily Backup Materials, [Presidential Daily Diary] 1/26/1990. Access restriction: Restricted - Possibly.",https://s3.amazonaws.com/NARAprodstorage/lz/presidential-libraries/bush/gb-whasf/Presidential_Daily_Diary_186322/1990/41-bpr-apts_sch-dd-01_26_90-12816-005_415890340.pdf,https://catalog.archives.gov/id/415890340
1990-01-28,1/28/1990,Presidential Daily Backup,[Presidential Daily Backup] 1/28/1990,Colombia,Matched memcon/telcon date,Barco,Memorandum of Telephone Conversation,12816-010,415890345,no,Restricted - Possibly,"Source: George H.W. Bush Library, Bush Presidential Records, White House Office of Appointments and Scheduling Files, Presidential Daily Diary and Presidential Daily Backup Materials, [Presidential Daily Backup] 1/28/1990. Access restriction: Restricted - Possibly.",https://s3.amazonaws.com/NARAprodstorage/lz/presidential-libraries/bush/gb-whasf/Presidential_Daily_Diary_186322/1990/41-bpr-apts_sch-dd-01_28_90-12816-010_415890345.pdf,https://catalog.archives.gov/id/415890345
1990-01-28,1/28/1990,Presidential Daily Diary,[Presidential Daily Diary] 1/28/1990,Colombia,Matched memcon/telcon date,"Barco; Colombia",Memorandum of Telephone Conversation,12816-009,415890344,no,Restricted - Possibly,"Source: George H.W. Bush Library, Bush Presidential Records, White House Office of Appointments and Scheduling Files, Presidential Daily Diary and Presidential Daily Backup Materials, [Presidential Daily Diary] 1/28/1990. Access restriction: Restricted - Possibly.",https://s3.amazonaws.com/NARAprodstorage/lz/presidential-libraries/bush/gb-whasf/Presidential_Daily_Diary_186322/1990/41-bpr-apts_sch-dd-01_28_90-12816-009_415890344.pdf,https://catalog.archives.gov/id/415890344
1990-02-02,2/2/1990,Presidential Daily Backup,[Presidential Daily Backup] 2/2/1990,Peru,Catalog search lead,Peru,,12817-002,415890355,no,Restricted - Possibly,"Source: George H.W. Bush Library, Bush Presidential Records, White House Office of Appointments and Scheduling Files, Presidential Daily Diary and Presidential Daily Backup Materials, [Presidential Daily Backup] 2/2/1990. Access restriction: Restricted - Possibly.",https://s3.amazonaws.com/NARAprodstorage/lz/presidential-libraries/bush/gb-whasf/Presidential_Daily_Diary_186322/1990/41-bpr-apts_sch-dd-02_02_90-12817-002_415890355.pdf,https://catalog.archives.gov/id/415890355
1990-02-03,2/3/1990,Presidential Daily Backup,[Presidential Daily Backup] 2/3/1990,Ecuador,Catalog search lead,Borja,,12817-004,415890357,no,Restricted - Possibly,"Source: George H.W. Bush Library, Bush Presidential Records, White House Office of Appointments and Scheduling Files, Presidential Daily Diary and Presidential Daily Backup Materials, [Presidential Daily Backup] 2/3/1990. Access restriction: Restricted - Possibly.",https://s3.amazonaws.com/NARAprodstorage/lz/presidential-libraries/bush/gb-whasf/Presidential_Daily_Diary_186322/1990/41-bpr-apts_sch-dd-02_03_90-12817-004_415890357.pdf,https://catalog.archives.gov/id/415890357
1990-02-05,2/5/1990,Presidential Daily Backup,[Presidential Daily Backup] 2/5/1990,Uruguay,Matched memcon/telcon date,"Lacalle; Uruguay; Uruguayan",Memorandum of Conversation,12817-008,415890361,no,Restricted - Possibly,"Source: George H.W. Bush Library, Bush Presidential Records, White House Office of Appointments and Scheduling Files, Presidential Daily Diary and Presidential Daily Backup Materials, [Presidential Daily Backup] 2/5/1990. Access restriction: Restricted - Possibly.",https://s3.amazonaws.com/NARAprodstorage/lz/presidential-libraries/bush/gb-whasf/Presidential_Daily_Diary_186322/1990/41-bpr-apts_sch-dd-02_05_90-12817-008_415890361.pdf,https://catalog.archives.gov/id/415890361
1990-02-05,2/5/1990,Presidential Daily Diary,[Presidential Daily Diary] 2/5/1990,Uruguay,Matched memcon/telcon date,"Lacalle; Uruguay",Memorandum of Conversation,12817-007,415890360,no,Restricted - Possibly,"Source: George H.W. Bush Library, Bush Presidential Records, White House Office of Appointments and Scheduling Files, Presidential Daily Diary and Presidential Daily Backup Materials, [Presidential Daily Diary] 2/5/1990. Access restriction: Restricted - Possibly.",https://s3.amazonaws.com/NARAprodstorage/lz/presidential-libraries/bush/gb-whasf/Presidential_Daily_Diary_186322/1990/41-bpr-apts_sch-dd-02_05_90-12817-007_415890360.pdf,https://catalog.archives.gov/id/415890360
1990-02-07,2/7/1990,Presidential Daily Backup,[Presidential Daily Backup] 2/7/1990,"Colombia; Uruguay",Catalog search lead,"Barco; Colombia; Uruguay",,12817-012,415890365,no,Restricted - Possibly,"Source: George H.W. Bush Library, Bush Presidential Records, White House Office of Appointments and Scheduling Files, Presidential Daily Diary and Presidential Daily Backup Materials, [Presidential Daily Backup] 2/7/1990. Access restriction: Restricted - Possibly.",https://s3.amazonaws.com/NARAprodstorage/lz/presidential-libraries/bush/gb-whasf/Presidential_Daily_Diary_186322/1990/41-bpr-apts_sch-dd-02_07_90-12817-012_415890365.pdf,https://catalog.archives.gov/id/415890365
1990-02-09,2/9/1990,Presidential Daily Backup,[Presidential Daily Backup] 2/9/1990,Colombia,Catalog search lead,Colombia,,12817-016,415890369,no,Restricted - Possibly,"Source: George H.W. Bush Library, Bush Presidential Records, White House Office of Appointments and Scheduling Files, Presidential Daily Diary and Presidential Daily Backup Materials, [Presidential Daily Backup] 2/9/1990. Access restriction: Restricted - Possibly.",https://s3.amazonaws.com/NARAprodstorage/lz/presidential-libraries/bush/gb-whasf/Presidential_Daily_Diary_186322/1990/41-bpr-apts_sch-dd-02_09_90-12817-016_415890369.pdf,https://catalog.archives.gov/id/415890369
1990-02-12,2/12/1990,Presidential Daily Backup,[Presidential Daily Backup] 2/12/1990,"Bolivia; Colombia; Peru",Catalog search lead,"Barco; Bolivia; Colombia; Peru",,12818-004,415890375,no,Restricted - Possibly,"Source: George H.W. Bush Library, Bush Presidential Records, White House Office of Appointments and Scheduling Files, Presidential Daily Diary and Presidential Daily Backup Materials, [Presidential Daily Backup] 2/12/1990. Access restriction: Restricted - Possibly.",https://s3.amazonaws.com/NARAprodstorage/lz/presidential-libraries/bush/gb-whasf/Presidential_Daily_Diary_186322/1990/41-bpr-apts_sch-dd-02_12_90-12818-004_415890375.pdf,https://catalog.archives.gov/id/415890375
1990-02-15,2/15/1990,Presidential Daily Backup,[Presidential Daily Backup] 2/15/1990,"Bolivia; Colombia; Peru",Matched memcon/telcon date,"Alan Garcia; Barco; Bolivia; Colombia; Paz Zamora; Peru; Peruvian",Memorandum of Conversation,12818-010,415890381,no,Restricted - Possibly,"Source: George H.W. Bush Library, Bush Presidential Records, White House Office of Appointments and Scheduling Files, Presidential Daily Diary and Presidential Daily Backup Materials, [Presidential Daily Backup] 2/15/1990. Access restriction: Restricted - Possibly.",https://s3.amazonaws.com/NARAprodstorage/lz/presidential-libraries/bush/gb-whasf/Presidential_Daily_Diary_186322/1990/41-bpr-apts_sch-dd-02_15_90-12818-010_415890381.pdf,https://catalog.archives.gov/id/415890381
1990-02-15,2/15/1990,Presidential Daily Diary,[Presidential Daily Diary] 2/15/1990,"Bolivia; Colombia; Peru",Matched memcon/telcon date,"Alan Garcia; Barco; Bolivia; Colombia; Colombian; Paz Zamora; Peru",Memorandum of Conversation,12818-009,415890380,no,Restricted - Possibly,"Source: George H.W. Bush Library, Bush Presidential Records, White House Office of Appointments and Scheduling Files, Presidential Daily Diary and Presidential Daily Backup Materials, [Presidential Daily Diary] 2/15/1990. Access restriction: Restricted - Possibly.",https://s3.amazonaws.com/NARAprodstorage/lz/presidential-libraries/bush/gb-whasf/Presidential_Daily_Diary_186322/1990/41-bpr-apts_sch-dd-02_15_90-12818-009_415890380.pdf,https://catalog.archives.gov/id/415890380
1990-02-17,2/17/1990,Presidential Daily Backup,[Presidential Daily Backup] 2/17/1990,Colombia,Catalog search lead,Colombia,,12818-014,415890385,no,Restricted - Possibly,"Source: George H.W. Bush Library, Bush Presidential Records, White House Office of Appointments and Scheduling Files, Presidential Daily Diary and Presidential Daily Backup Materials, [Presidential Daily Backup] 2/17/1990. Access restriction: Restricted - Possibly.",https://s3.amazonaws.com/NARAprodstorage/lz/presidential-libraries/bush/gb-whasf/Presidential_Daily_Diary_186322/1990/41-bpr-apts_sch-dd-02_17_90-12818-014_415890385.pdf,https://catalog.archives.gov/id/415890385
1990-02-21,2/21/1990,Presidential Daily Backup,[Presidential Daily Backup] 2/21/1990,"Chile; Peru",Catalog search lead,"Chilean; Peru",,12818-022,415890393,no,Restricted - Possibly,"Source: George H.W. Bush Library, Bush Presidential Records, White House Office of Appointments and Scheduling Files, Presidential Daily Diary and Presidential Daily Backup Materials, [Presidential Daily Backup] 2/21/1990. Access restriction: Restricted - Possibly.",https://s3.amazonaws.com/NARAprodstorage/lz/presidential-libraries/bush/gb-whasf/Presidential_Daily_Diary_186322/1990/41-bpr-apts_sch-dd-02_21_90-12818-022_415890393.pdf,https://catalog.archives.gov/id/415890393
1990-02-21,2/21/1990,Presidential Daily Diary,[Presidential Daily Diary] 2/21/1990,Chile,Catalog search lead,Chile,,12818-021,415890392,no,Restricted - Possibly,"Source: George H.W. Bush Library, Bush Presidential Records, White House Office of Appointments and Scheduling Files, Presidential Daily Diary and Presidential Daily Backup Materials, [Presidential Daily Diary] 2/21/1990. Access restriction: Restricted - Possibly.",https://s3.amazonaws.com/NARAprodstorage/lz/presidential-libraries/bush/gb-whasf/Presidential_Daily_Diary_186322/1990/41-bpr-apts_sch-dd-02_21_90-12818-021_415890392.pdf,https://catalog.archives.gov/id/415890392
1990-02-22,2/22/1990,Presidential Daily Backup,[Presidential Daily Backup] 2/22/1990,Colombia,Catalog search lead,Colombia,,12819-002,415890395,no,Restricted - Possibly,"Source: George H.W. Bush Library, Bush Presidential Records, White House Office of Appointments and Scheduling Files, Presidential Daily Diary and Presidential Daily Backup Materials, [Presidential Daily Backup] 2/22/1990. Access restriction: Restricted - Possibly.",https://s3.amazonaws.com/NARAprodstorage/lz/presidential-libraries/bush/gb-whasf/Presidential_Daily_Diary_186322/1990/41-bpr-apts_sch-dd-02_22_90-12819-002_415890395.pdf,https://catalog.archives.gov/id/415890395
1990-02-24,2/24/1990,Presidential Daily Backup,[Presidential Daily Backup] 2/24/1990,Ecuador,Catalog search lead,Borja,,12819-006,415890399,no,Restricted - Possibly,"Source: George H.W. Bush Library, Bush Presidential Records, White House Office of Appointments and Scheduling Files, Presidential Daily Diary and Presidential Daily Backup Materials, [Presidential Daily Backup] 2/24/1990. Access restriction: Restricted - Possibly.",https://s3.amazonaws.com/NARAprodstorage/lz/presidential-libraries/bush/gb-whasf/Presidential_Daily_Diary_186322/1990/41-bpr-apts_sch-dd-02_24_90-12819-006_415890399.pdf,https://catalog.archives.gov/id/415890399
1990-02-26,2/26/1990,Presidential Daily Backup,[Presidential Daily Backup] 2/26/1990,Venezuela,Matched memcon/telcon date,"Carlos Andres Perez; Venezuela",Memorandum of Telephone Conversation,12819-010,415890403,no,Restricted - Possibly,"Source: George H.W. Bush Library, Bush Presidential Records, White House Office of Appointments and Scheduling Files, Presidential Daily Diary and Presidential Daily Backup Materials, [Presidential Daily Backup] 2/26/1990. Access restriction: Restricted - Possibly.",https://s3.amazonaws.com/NARAprodstorage/lz/presidential-libraries/bush/gb-whasf/Presidential_Daily_Diary_186322/1990/41-bpr-apts_sch-dd-02_26_90-12819-010_415890403.pdf,https://catalog.archives.gov/id/415890403
1990-02-26,2/26/1990,Presidential Daily Diary,[Presidential Daily Diary] 2/26/1990,Venezuela,Matched memcon/telcon date,"Carlos Andres Perez; Venezuela",Memorandum of Telephone Conversation,12819-009,415890402,no,Restricted - Possibly,"Source: George H.W. Bush Library, Bush Presidential Records, White House Office of Appointments and Scheduling Files, Presidential Daily Diary and Presidential Daily Backup Materials, [Presidential Daily Diary] 2/26/1990. Access restriction: Restricted - Possibly.",https://s3.amazonaws.com/NARAprodstorage/lz/presidential-libraries/bush/gb-whasf/Presidential_Daily_Diary_186322/1990/41-bpr-apts_sch-dd-02_26_90-12819-009_415890402.pdf,https://catalog.archives.gov/id/415890402
1990-02-28,2/28/1990,Presidential Daily Backup,[Presidential Daily Backup] 2/28/1990,Peru,Catalog search lead,Alan Garcia,,12819-014,415890407,no,Restricted - Possibly,"Source: George H.W. Bush Library, Bush Presidential Records, White House Office of Appointments and Scheduling Files, Presidential Daily Diary and Presidential Daily Backup Materials, [Presidential Daily Backup] 2/28/1990. Access restriction: Restricted - Possibly.",https://s3.amazonaws.com/NARAprodstorage/lz/presidential-libraries/bush/gb-whasf/Presidential_Daily_Diary_186322/1990/41-bpr-apts_sch-dd-02_28_90-12819-014_415890407.pdf,https://catalog.archives.gov/id/415890407
1990-03-01,3/1/1990,Presidential Daily Backup,[Presidential Daily Backup] 3/1/1990,Argentina,Matched memcon/telcon date,"Argentina; Menem","Memorandum of a Telephone Conversation; Memorandum of Telephone Conversation",12819-016,415890409,no,Restricted - Possibly,"Source: George H.W. Bush Library, Bush Presidential Records, White House Office of Appointments and Scheduling Files, Presidential Daily Diary and Presidential Daily Backup Materials, [Presidential Daily Backup] 3/1/1990. Access restriction: Restricted - Possibly.",https://s3.amazonaws.com/NARAprodstorage/lz/presidential-libraries/bush/gb-whasf/Presidential_Daily_Diary_186322/1990/41-bpr-apts_sch-dd-03_01_90-12819-016_415890409.pdf,https://catalog.archives.gov/id/415890409
1990-03-01,3/1/1990,Presidential Daily Diary,[Presidential Daily Diary] 3/1/1990,Argentina,Matched memcon/telcon date,"Argentine; Menem","Memorandum of a Telephone Conversation; Memorandum of Telephone Conversation",12819-015,415890408,no,Restricted - Possibly,"Source: George H.W. Bush Library, Bush Presidential Records, White House Office of Appointments and Scheduling Files, Presidential Daily Diary and Presidential Daily Backup Materials, [Presidential Daily Diary] 3/1/1990. Access restriction: Restricted - Possibly.",https://s3.amazonaws.com/NARAprodstorage/lz/presidential-libraries/bush/gb-whasf/Presidential_Daily_Diary_186322/1990/41-bpr-apts_sch-dd-03_01_90-12819-015_415890408.pdf,https://catalog.archives.gov/id/415890408
1990-03-05,3/5/1990,Presidential Daily Backup,[Presidential Daily Backup] 3/5/1990,Argentina,Catalog search lead,"Argentina; Argentine; Menem",,12820-008,415890417,no,Restricted - Possibly,"Source: George H.W. Bush Library, Bush Presidential Records, White House Office of Appointments and Scheduling Files, Presidential Daily Diary and Presidential Daily Backup Materials, [Presidential Daily Backup] 3/5/1990. Access restriction: Restricted - Possibly.",https://s3.amazonaws.com/NARAprodstorage/lz/presidential-libraries/bush/gb-whasf/Presidential_Daily_Diary_186322/1990/41-bpr-apts_sch-dd-03_05_90-12820-008_415890417.pdf,https://catalog.archives.gov/id/415890417
1990-03-12,3/12/1990,Presidential Daily Backup,[Presidential Daily Backup] 3/12/1990,Paraguay,Catalog search lead,Paraguay,,12820-022,415890431,no,Restricted - Possibly,"Source: George H.W. Bush Library, Bush Presidential Records, White House Office of Appointments and Scheduling Files, Presidential Daily Diary and Presidential Daily Backup Materials, [Presidential Daily Backup] 3/12/1990. Access restriction: Restricted - Possibly.",https://s3.amazonaws.com/NARAprodstorage/lz/presidential-libraries/bush/gb-whasf/Presidential_Daily_Diary_186322/1990/41-bpr-apts_sch-dd-03_12_90-12820-022_415890431.pdf,https://catalog.archives.gov/id/415890431
1990-03-12,3/12/1990,Presidential Daily Diary,[Presidential Daily Diary] 3/12/1990,Paraguay,Catalog search lead,Paraguay,,12820-021,415890430,no,Restricted - Possibly,"Source: George H.W. Bush Library, Bush Presidential Records, White House Office of Appointments and Scheduling Files, Presidential Daily Diary and Presidential Daily Backup Materials, [Presidential Daily Diary] 3/12/1990. Access restriction: Restricted - Possibly.",https://s3.amazonaws.com/NARAprodstorage/lz/presidential-libraries/bush/gb-whasf/Presidential_Daily_Diary_186322/1990/41-bpr-apts_sch-dd-03_12_90-12820-021_415890430.pdf,https://catalog.archives.gov/id/415890430
1990-03-13,3/13/1990,Presidential Daily Backup,[Presidential Daily Backup] 3/13/1990,"Argentina; Venezuela",Catalog search lead,"Argentina; Carlos Andres Perez",,12820-024,415890433,no,Restricted - Possibly,"Source: George H.W. Bush Library, Bush Presidential Records, White House Office of Appointments and Scheduling Files, Presidential Daily Diary and Presidential Daily Backup Materials, [Presidential Daily Backup] 3/13/1990. Access restriction: Restricted - Possibly.",https://s3.amazonaws.com/NARAprodstorage/lz/presidential-libraries/bush/gb-whasf/Presidential_Daily_Diary_186322/1990/41-bpr-apts_sch-dd-03_13_90-12820-024_415890433.pdf,https://catalog.archives.gov/id/415890433
1990-03-17,3/17/1990,Presidential Daily Backup,[Presidential Daily Backup] 3/17/1990,Ecuador,Catalog search lead,Borja,,12821-008,415890441,no,Restricted - Possibly,"Source: George H.W. Bush Library, Bush Presidential Records, White House Office of Appointments and Scheduling Files, Presidential Daily Diary and Presidential Daily Backup Materials, [Presidential Daily Backup] 3/17/1990. Access restriction: Restricted - Possibly.",https://s3.amazonaws.com/NARAprodstorage/lz/presidential-libraries/bush/gb-whasf/Presidential_Daily_Diary_186322/1990/41-bpr-apts_sch-dd-03_17_90-12821-008_415890441.pdf,https://catalog.archives.gov/id/415890441
1990-03-19,3/19/1990,Presidential Daily Backup,[Presidential Daily Backup] 3/19/1990,Uruguay,Catalog search lead,Uruguay,,12821-012,415890445,no,Restricted - Possibly,"Source: George H.W. Bush Library, Bush Presidential Records, White House Office of Appointments and Scheduling Files, Presidential Daily Diary and Presidential Daily Backup Materials, [Presidential Daily Backup] 3/19/1990. Access restriction: Restricted - Possibly.",https://s3.amazonaws.com/NARAprodstorage/lz/presidential-libraries/bush/gb-whasf/Presidential_Daily_Diary_186322/1990/41-bpr-apts_sch-dd-03_19_90-12821-012_415890445.pdf,https://catalog.archives.gov/id/415890445
1990-03-21,3/21/1990,Presidential Daily Backup,[Presidential Daily Backup] 3/21/1990,"Chile; Venezuela",Matched memcon/telcon date,"Chile; Venezuela",Memorandum of Telephone Conversation,12821-016,415890449,no,Restricted - Possibly,"Source: George H.W. Bush Library, Bush Presidential Records, White House Office of Appointments and Scheduling Files, Presidential Daily Diary and Presidential Daily Backup Materials, [Presidential Daily Backup] 3/21/1990. Access restriction: Restricted - Possibly.",https://s3.amazonaws.com/NARAprodstorage/lz/presidential-libraries/bush/gb-whasf/Presidential_Daily_Diary_186322/1990/41-bpr-apts_sch-dd-03_21_90-12821-016_415890449.pdf,https://catalog.archives.gov/id/415890449
1990-03-21,3/21/1990,Presidential Daily Diary,[Presidential Daily Diary] 3/21/1990,Venezuela,Matched memcon/telcon date,"Carlos Andres Perez; Venezuela",Memorandum of Telephone Conversation,12821-015,415890448,no,Restricted - Possibly,"Source: George H.W. Bush Library, Bush Presidential Records, White House Office of Appointments and Scheduling Files, Presidential Daily Diary and Presidential Daily Backup Materials, [Presidential Daily Diary] 3/21/1990. Access restriction: Restricted - Possibly.",https://s3.amazonaws.com/NARAprodstorage/lz/presidential-libraries/bush/gb-whasf/Presidential_Daily_Diary_186322/1990/41-bpr-apts_sch-dd-03_21_90-12821-015_415890448.pdf,https://catalog.archives.gov/id/415890448
1990-03-23,3/23/1990,Presidential Daily Backup,[Presidential Daily Backup] 3/23/1990,Brazil,Matched memcon/telcon date,"Brazil; Collor",Memorandum of Telephone Conversation,12821-020,415890453,no,Restricted - Possibly,"Source: George H.W. Bush Library, Bush Presidential Records, White House Office of Appointments and Scheduling Files, Presidential Daily Diary and Presidential Daily Backup Materials, [Presidential Daily Backup] 3/23/1990. Access restriction: Restricted - Possibly.",https://s3.amazonaws.com/NARAprodstorage/lz/presidential-libraries/bush/gb-whasf/Presidential_Daily_Diary_186322/1990/41-bpr-apts_sch-dd-03_23_90-12821-020_415890453.pdf,https://catalog.archives.gov/id/415890453
1990-03-23,3/23/1990,Presidential Daily Diary,[Presidential Daily Diary] 3/23/1990,Brazil,Matched memcon/telcon date,"Brazil; Collor",Memorandum of Telephone Conversation,12821-019,415890452,no,Restricted - Possibly,"Source: George H.W. Bush Library, Bush Presidential Records, White House Office of Appointments and Scheduling Files, Presidential Daily Diary and Presidential Daily Backup Materials, [Presidential Daily Diary] 3/23/1990. Access restriction: Restricted - Possibly.",https://s3.amazonaws.com/NARAprodstorage/lz/presidential-libraries/bush/gb-whasf/Presidential_Daily_Diary_186322/1990/41-bpr-apts_sch-dd-03_23_90-12821-019_415890452.pdf,https://catalog.archives.gov/id/415890452
1990-03-29,3/29/1990,Presidential Daily Backup,[Presidential Daily Backup] 3/29/1990,Colombia,Catalog search lead,Colombia,,12822-012,415890465,no,Restricted - Possibly,"Source: George H.W. Bush Library, Bush Presidential Records, White House Office of Appointments and Scheduling Files, Presidential Daily Diary and Presidential Daily Backup Materials, [Presidential Daily Backup] 3/29/1990. Access restriction: Restricted - Possibly.",https://s3.amazonaws.com/NARAprodstorage/lz/presidential-libraries/bush/gb-whasf/Presidential_Daily_Diary_186322/1990/41-bpr-apts_sch-dd-03_29_90-12822-012_415890465.pdf,https://catalog.archives.gov/id/415890465
1990-03-30,3/30/1990,Presidential Daily Backup,[Presidential Daily Backup] 3/30/1990,Chile,Matched memcon/telcon date,Chile,Memorandum of Telephone Conversation,12822-014,415890467,no,Restricted - Possibly,"Source: George H.W. Bush Library, Bush Presidential Records, White House Office of Appointments and Scheduling Files, Presidential Daily Diary and Presidential Daily Backup Materials, [Presidential Daily Backup] 3/30/1990. Access restriction: Restricted - Possibly.",https://s3.amazonaws.com/NARAprodstorage/lz/presidential-libraries/bush/gb-whasf/Presidential_Daily_Diary_186322/1990/41-bpr-apts_sch-dd-03_30_90-12822-014_415890467.pdf,https://catalog.archives.gov/id/415890467
1990-03-30,3/30/1990,Presidential Daily Diary,[Presidential Daily Diary] 3/30/1990,Chile,Matched memcon/telcon date,"Aylwin; Chile",Memorandum of Telephone Conversation,12822-013,415890466,no,Restricted - Possibly,"Source: George H.W. Bush Library, Bush Presidential Records, White House Office of Appointments and Scheduling Files, Presidential Daily Diary and Presidential Daily Backup Materials, [Presidential Daily Diary] 3/30/1990. Access restriction: Restricted - Possibly.",https://s3.amazonaws.com/NARAprodstorage/lz/presidential-libraries/bush/gb-whasf/Presidential_Daily_Diary_186322/1990/41-bpr-apts_sch-dd-03_30_90-12822-013_415890466.pdf,https://catalog.archives.gov/id/415890466
1990-04-02,4/2/1990,Presidential Daily Backup,[Presidential Daily Backup] 4/2/1990,Chile,Catalog search lead,"Aylwin; Chile",,12822-020,415890473,no,Restricted - Possibly,"Source: George H.W. Bush Library, Bush Presidential Records, White House Office of Appointments and Scheduling Files, Presidential Daily Diary and Presidential Daily Backup Materials, [Presidential Daily Backup] 4/2/1990. Access restriction: Restricted - Possibly.",https://s3.amazonaws.com/NARAprodstorage/lz/presidential-libraries/bush/gb-whasf/Presidential_Daily_Diary_186322/1990/41-bpr-apts_sch-dd-04_02_90-12822-020_415890473.pdf,https://catalog.archives.gov/id/415890473
1990-04-04,4/4/1990,Presidential Daily Backup,[Presidential Daily Backup] 4/4/1990,Colombia,Catalog search lead,Colombia,,12823-002,415890477,no,Restricted - Possibly,"Source: George H.W. Bush Library, Bush Presidential Records, White House Office of Appointments and Scheduling Files, Presidential Daily Diary and Presidential Daily Backup Materials, [Presidential Daily Backup] 4/4/1990. Access restriction: Restricted - Possibly.",https://s3.amazonaws.com/NARAprodstorage/lz/presidential-libraries/bush/gb-whasf/Presidential_Daily_Diary_186322/1990/41-bpr-apts_sch-dd-04_04_90-12823-002_415890477.pdf,https://catalog.archives.gov/id/415890477
1990-04-06,4/6/1990,Presidential Daily Backup,[Presidential Daily Backup] 4/6/1990,Colombia,Catalog search lead,Colombia,,12823-006,415890481,no,Restricted - Possibly,"Source: George H.W. Bush Library, Bush Presidential Records, White House Office of Appointments and Scheduling Files, Presidential Daily Diary and Presidential Daily Backup Materials, [Presidential Daily Backup] 4/6/1990. Access restriction: Restricted - Possibly.",https://s3.amazonaws.com/NARAprodstorage/lz/presidential-libraries/bush/gb-whasf/Presidential_Daily_Diary_186322/1990/41-bpr-apts_sch-dd-04_06_90-12823-006_415890481.pdf,https://catalog.archives.gov/id/415890481
1990-04-07,4/7/1990,Presidential Daily Backup,[Presidential Daily Backup] 4/7/1990,Ecuador,Catalog search lead,Borja,,12823-008,415890483,no,Restricted - Possibly,"Source: George H.W. Bush Library, Bush Presidential Records, White House Office of Appointments and Scheduling Files, Presidential Daily Diary and Presidential Daily Backup Materials, [Presidential Daily Backup] 4/7/1990. Access restriction: Restricted - Possibly.",https://s3.amazonaws.com/NARAprodstorage/lz/presidential-libraries/bush/gb-whasf/Presidential_Daily_Diary_186322/1990/41-bpr-apts_sch-dd-04_07_90-12823-008_415890483.pdf,https://catalog.archives.gov/id/415890483
1990-04-09,4/9/1990,Presidential Daily Backup,[Presidential Daily Backup] 4/9/1990,Brazil,Catalog search lead,Brazil,,12823-012,415890487,no,Restricted - Possibly,"Source: George H.W. Bush Library, Bush Presidential Records, White House Office of Appointments and Scheduling Files, Presidential Daily Diary and Presidential Daily Backup Materials, [Presidential Daily Backup] 4/9/1990. Access restriction: Restricted - Possibly.",https://s3.amazonaws.com/NARAprodstorage/lz/presidential-libraries/bush/gb-whasf/Presidential_Daily_Diary_186322/1990/41-bpr-apts_sch-dd-04_09_90-12823-012_415890487.pdf,https://catalog.archives.gov/id/415890487
1990-04-18,4/18/1990,Presidential Daily Backup,[Presidential Daily Backup] 4/18/1990,"Argentina; Bolivia",Catalog search lead,"Argentina; Bolivia",,12824-010,415890505,no,Restricted - Possibly,"Source: George H.W. Bush Library, Bush Presidential Records, White House Office of Appointments and Scheduling Files, Presidential Daily Diary and Presidential Daily Backup Materials, [Presidential Daily Backup] 4/18/1990. Access restriction: Restricted - Possibly.",https://s3.amazonaws.com/NARAprodstorage/lz/presidential-libraries/bush/gb-whasf/Presidential_Daily_Diary_186322/1990/41-bpr-apts_sch-dd-04_18_90-12824-010_415890505.pdf,https://catalog.archives.gov/id/415890505
1990-04-19,4/19/1990,Presidential Daily Backup,[Presidential Daily Backup] 4/19/1990,Chile,Catalog search lead,Chile,,12824-012,415890507,no,Restricted - Possibly,"Source: George H.W. Bush Library, Bush Presidential Records, White House Office of Appointments and Scheduling Files, Presidential Daily Diary and Presidential Daily Backup Materials, [Presidential Daily Backup] 4/19/1990. Access restriction: Restricted - Possibly.",https://s3.amazonaws.com/NARAprodstorage/lz/presidential-libraries/bush/gb-whasf/Presidential_Daily_Diary_186322/1990/41-bpr-apts_sch-dd-04_19_90-12824-012_415890507.pdf,https://catalog.archives.gov/id/415890507
1990-04-24,4/24/1990,Presidential Daily Backup,[Presidential Daily Backup] 4/24/1990,Uruguay,Catalog search lead,Uruguay,,12824-022,415890517,no,Restricted - Possibly,"Source: George H.W. Bush Library, Bush Presidential Records, White House Office of Appointments and Scheduling Files, Presidential Daily Diary and Presidential Daily Backup Materials, [Presidential Daily Backup] 4/24/1990. Access restriction: Restricted - Possibly.",https://s3.amazonaws.com/NARAprodstorage/lz/presidential-libraries/bush/gb-whasf/Presidential_Daily_Diary_186322/1990/41-bpr-apts_sch-dd-04_24_90-12824-022_415890517.pdf,https://catalog.archives.gov/id/415890517
1990-04-26,4/26/1990,Presidential Daily Backup,[Presidential Daily Backup] 4/26/1990,"Paraguay; Peru; Venezuela",Matched memcon/telcon date,"Andres Rodriguez; Carlos Andres Perez; Peru; Peruvian; Venezuela; Venezuelan",Memorandum of Conversation,12825-002,415890521,no,Restricted - Possibly,"Source: George H.W. Bush Library, Bush Presidential Records, White House Office of Appointments and Scheduling Files, Presidential Daily Diary and Presidential Daily Backup Materials, [Presidential Daily Backup] 4/26/1990. Access restriction: Restricted - Possibly.",https://s3.amazonaws.com/NARAprodstorage/lz/presidential-libraries/bush/gb-whasf/Presidential_Daily_Diary_186322/1990/41-bpr-apts_sch-dd-04_26_90-12825-002_415890521.pdf,https://catalog.archives.gov/id/415890521
1990-04-26,4/26/1990,Presidential Daily Diary,[Presidential Daily Diary] 4/26/1990,"Paraguay; Venezuela",Matched memcon/telcon date,"Andres Rodriguez; Carlos Andres Perez; Venezuela; Venezuelan",Memorandum of Conversation,12825-001,415890520,no,Restricted - Possibly,"Source: George H.W. Bush Library, Bush Presidential Records, White House Office of Appointments and Scheduling Files, Presidential Daily Diary and Presidential Daily Backup Materials, [Presidential Daily Diary] 4/26/1990. Access restriction: Restricted - Possibly.",https://s3.amazonaws.com/NARAprodstorage/lz/presidential-libraries/bush/gb-whasf/Presidential_Daily_Diary_186322/1990/41-bpr-apts_sch-dd-04_26_90-12825-001_415890520.pdf,https://catalog.archives.gov/id/415890520
1990-04-27,4/27/1990,Presidential Daily Backup,[Presidential Daily Backup] 4/27/1990,Colombia,Matched memcon/telcon date,"Barco; Colombia",Memorandum of Telephone Conversation,12825-004,415890523,no,Restricted - Possibly,"Source: George H.W. Bush Library, Bush Presidential Records, White House Office of Appointments and Scheduling Files, Presidential Daily Diary and Presidential Daily Backup Materials, [Presidential Daily Backup] 4/27/1990. Access restriction: Restricted - Possibly.",https://s3.amazonaws.com/NARAprodstorage/lz/presidential-libraries/bush/gb-whasf/Presidential_Daily_Diary_186322/1990/41-bpr-apts_sch-dd-04_27_90-12825-004_415890523.pdf,https://catalog.archives.gov/id/415890523
1990-04-27,4/27/1990,Presidential Daily Diary,[Presidential Daily Diary] 4/27/1990,Colombia,Matched memcon/telcon date,"Barco; Colombia",Memorandum of Telephone Conversation,12825-003,415890522,no,Restricted - Possibly,"Source: George H.W. Bush Library, Bush Presidential Records, White House Office of Appointments and Scheduling Files, Presidential Daily Diary and Presidential Daily Backup Materials, [Presidential Daily Diary] 4/27/1990. Access restriction: Restricted - Possibly.",https://s3.amazonaws.com/NARAprodstorage/lz/presidential-libraries/bush/gb-whasf/Presidential_Daily_Diary_186322/1990/41-bpr-apts_sch-dd-04_27_90-12825-003_415890522.pdf,https://catalog.archives.gov/id/415890522
1990-04-30,4/30/1990,Presidential Daily Diary,[Presidential Daily Diary] 4/30/1990,Brazil,Catalog search lead,Brazil,,12825-009,415890528,no,Restricted - Possibly,"Source: George H.W. Bush Library, Bush Presidential Records, White House Office of Appointments and Scheduling Files, Presidential Daily Diary and Presidential Daily Backup Materials, [Presidential Daily Diary] 4/30/1990. Access restriction: Restricted - Possibly.",https://s3.amazonaws.com/NARAprodstorage/lz/presidential-libraries/bush/gb-whasf/Presidential_Daily_Diary_186322/1990/41-bpr-apts_sch-dd-04_30_90-12825-009_415890528.pdf,https://catalog.archives.gov/id/415890528
1990-05-01,5/1/1990,Presidential Daily Backup,[Presidential Daily Backup] 5/1/1990,Paraguay,Catalog search lead,Andres Rodriguez,,12825-012,415890531,no,Restricted - Possibly,"Source: George H.W. Bush Library, Bush Presidential Records, White House Office of Appointments and Scheduling Files, Presidential Daily Diary and Presidential Daily Backup Materials, [Presidential Daily Backup] 5/1/1990. Access restriction: Restricted - Possibly.",https://s3.amazonaws.com/NARAprodstorage/lz/presidential-libraries/bush/gb-whasf/Presidential_Daily_Diary_186322/1990/41-bpr-apts_sch-dd-05_01_90-12825-012_415890531.pdf,https://catalog.archives.gov/id/415890531
1990-05-03,5/3/1990,Presidential Daily Backup,[Presidential Daily Backup] 5/3/1990,"Colombia; Peru",Catalog search lead,"Colombia; Peru",,12825-016,415890535,no,Restricted - Possibly,"Source: George H.W. Bush Library, Bush Presidential Records, White House Office of Appointments and Scheduling Files, Presidential Daily Diary and Presidential Daily Backup Materials, [Presidential Daily Backup] 5/3/1990. Access restriction: Restricted - Possibly.",https://s3.amazonaws.com/NARAprodstorage/lz/presidential-libraries/bush/gb-whasf/Presidential_Daily_Diary_186322/1990/41-bpr-apts_sch-dd-05_03_90-12825-016_415890535.pdf,https://catalog.archives.gov/id/415890535
1990-05-04,5/4/1990,Presidential Daily Backup,[Presidential Daily Backup] 5/4/1990,Peru,Catalog search lead,"Peru; Peruvian",,12826-002,415890537,no,Restricted - Possibly,"Source: George H.W. Bush Library, Bush Presidential Records, White House Office of Appointments and Scheduling Files, Presidential Daily Diary and Presidential Daily Backup Materials, [Presidential Daily Backup] 5/4/1990. Access restriction: Restricted - Possibly.",https://s3.amazonaws.com/NARAprodstorage/lz/presidential-libraries/bush/gb-whasf/Presidential_Daily_Diary_186322/1990/41-bpr-apts_sch-dd-05_04_90-12826-002_415890537.pdf,https://catalog.archives.gov/id/415890537
1990-05-06,5/6/1990,Presidential Daily Backup,[Presidential Daily Backup] 5/6/1990,Brazil,Catalog search lead,Brazil,,12826-006,415890541,no,Restricted - Possibly,"Source: George H.W. Bush Library, Bush Presidential Records, White House Office of Appointments and Scheduling Files, Presidential Daily Diary and Presidential Daily Backup Materials, [Presidential Daily Backup] 5/6/1990. Access restriction: Restricted - Possibly.",https://s3.amazonaws.com/NARAprodstorage/lz/presidential-libraries/bush/gb-whasf/Presidential_Daily_Diary_186322/1990/41-bpr-apts_sch-dd-05_06_90-12826-006_415890541.pdf,https://catalog.archives.gov/id/415890541
1990-05-07,5/7/1990,Presidential Daily Backup,[Presidential Daily Backup] 5/7/1990,Guyana,Catalog search lead,Guyana,,12826-008,415890543,no,Restricted - Possibly,"Source: George H.W. Bush Library, Bush Presidential Records, White House Office of Appointments and Scheduling Files, Presidential Daily Diary and Presidential Daily Backup Materials, [Presidential Daily Backup] 5/7/1990. Access restriction: Restricted - Possibly.",https://s3.amazonaws.com/NARAprodstorage/lz/presidential-libraries/bush/gb-whasf/Presidential_Daily_Diary_186322/1990/41-bpr-apts_sch-dd-05_07_90-12826-008_415890543.pdf,https://catalog.archives.gov/id/415890543
1990-05-08,5/8/1990,Presidential Daily Backup,[Presidential Daily Backup] 5/8/1990,"Bolivia; Colombia; Paraguay; Peru",Matched memcon/telcon date,"Alan Garcia; Andres Rodriguez; Bolivia; Bolivian; Colombia; Paz Zamora; Peru",Memorandum of Conversation,12826-010,415890545,no,Restricted - Possibly,"Source: George H.W. Bush Library, Bush Presidential Records, White House Office of Appointments and Scheduling Files, Presidential Daily Diary and Presidential Daily Backup Materials, [Presidential Daily Backup] 5/8/1990. Access restriction: Restricted - Possibly.",https://s3.amazonaws.com/NARAprodstorage/lz/presidential-libraries/bush/gb-whasf/Presidential_Daily_Diary_186322/1990/41-bpr-apts_sch-dd-05_08_90-12826-010_415890545.pdf,https://catalog.archives.gov/id/415890545
1990-05-08,5/8/1990,Presidential Daily Diary,[Presidential Daily Diary] 5/8/1990,"Bolivia; Paraguay; Peru",Matched memcon/telcon date,"Alan Garcia; Andres Rodriguez; Bolivia; Bolivian; Paz Zamora",Memorandum of Conversation,12826-009,415890544,no,Restricted - Possibly,"Source: George H.W. Bush Library, Bush Presidential Records, White House Office of Appointments and Scheduling Files, Presidential Daily Diary and Presidential Daily Backup Materials, [Presidential Daily Diary] 5/8/1990. Access restriction: Restricted - Possibly.",https://s3.amazonaws.com/NARAprodstorage/lz/presidential-libraries/bush/gb-whasf/Presidential_Daily_Diary_186322/1990/41-bpr-apts_sch-dd-05_08_90-12826-009_415890544.pdf,https://catalog.archives.gov/id/415890544
1990-05-09,5/9/1990,Presidential Daily Backup,[Presidential Daily Backup] 5/9/1990,Peru,Catalog search lead,Alan Garcia,,12826-012,415890547,no,Restricted - Possibly,"Source: George H.W. Bush Library, Bush Presidential Records, White House Office of Appointments and Scheduling Files, Presidential Daily Diary and Presidential Daily Backup Materials, [Presidential Daily Backup] 5/9/1990. Access restriction: Restricted - Possibly.",https://s3.amazonaws.com/NARAprodstorage/lz/presidential-libraries/bush/gb-whasf/Presidential_Daily_Diary_186322/1990/41-bpr-apts_sch-dd-05_09_90-12826-012_415890547.pdf,https://catalog.archives.gov/id/415890547
1990-05-14,5/14/1990,Presidential Daily Backup,[Presidential Daily Backup] 5/14/1990,Argentina,Catalog search lead,Argentina,,12826-022,415890557,no,Restricted - Possibly,"Source: George H.W. Bush Library, Bush Presidential Records, White House Office of Appointments and Scheduling Files, Presidential Daily Diary and Presidential Daily Backup Materials, [Presidential Daily Backup] 5/14/1990. Access restriction: Restricted - Possibly.",https://s3.amazonaws.com/NARAprodstorage/lz/presidential-libraries/bush/gb-whasf/Presidential_Daily_Diary_186322/1990/41-bpr-apts_sch-dd-05_14_90-12826-022_415890557.pdf,https://catalog.archives.gov/id/415890557
1990-05-16,5/16/1990,Presidential Daily Backup,[Presidential Daily Backup] 5/16/1990,Venezuela,Catalog search lead,Carlos Andres Perez,,12827-004,415890561,no,Restricted - Possibly,"Source: George H.W. Bush Library, Bush Presidential Records, White House Office of Appointments and Scheduling Files, Presidential Daily Diary and Presidential Daily Backup Materials, [Presidential Daily Backup] 5/16/1990. Access restriction: Restricted - Possibly.",https://s3.amazonaws.com/NARAprodstorage/lz/presidential-libraries/bush/gb-whasf/Presidential_Daily_Diary_186322/1990/41-bpr-apts_sch-dd-05_16_90-12827-004_415890561.pdf,https://catalog.archives.gov/id/415890561
1990-05-18,5/18/1990,Presidential Daily Backup,[Presidential Daily Backup] 5/18/1990,Peru,Catalog search lead,Alan Garcia,,12827-008,415890565,no,Restricted - Possibly,"Source: George H.W. Bush Library, Bush Presidential Records, White House Office of Appointments and Scheduling Files, Presidential Daily Diary and Presidential Daily Backup Materials, [Presidential Daily Backup] 5/18/1990. Access restriction: Restricted - Possibly.",https://s3.amazonaws.com/NARAprodstorage/lz/presidential-libraries/bush/gb-whasf/Presidential_Daily_Diary_186322/1990/41-bpr-apts_sch-dd-05_18_90-12827-008_415890565.pdf,https://catalog.archives.gov/id/415890565
1990-05-22,5/22/1990,Presidential Daily Backup,[Presidential Daily Backup] 5/22/1990,"Argentina; Bolivia; Brazil; Chile; Colombia; Paraguay; Peru; Uruguay; Venezuela",Catalog search lead,"Alan Garcia; Argentina; Barco; Bolivia; Brazil; Carlos Andres Perez; Chile; Collor; Colombian; Paraguay; Paz Zamora; Peruvian; Uruguay; Venezuela",,12827-016,415890573,no,Restricted - Possibly,"Source: George H.W. Bush Library, Bush Presidential Records, White House Office of Appointments and Scheduling Files, Presidential Daily Diary and Presidential Daily Backup Materials, [Presidential Daily Backup] 5/22/1990. Access restriction: Restricted - Possibly.",https://s3.amazonaws.com/NARAprodstorage/lz/presidential-libraries/bush/gb-whasf/Presidential_Daily_Diary_186322/1990/41-bpr-apts_sch-dd-05_22_90-12827-016_415890573.pdf,https://catalog.archives.gov/id/415890573
1990-05-23,5/23/1990,Presidential Daily Backup,[Presidential Daily Backup] 5/23/1990,Uruguay,Catalog search lead,Uruguay,,12827-018,415890575,no,Restricted - Possibly,"Source: George H.W. Bush Library, Bush Presidential Records, White House Office of Appointments and Scheduling Files, Presidential Daily Diary and Presidential Daily Backup Materials, [Presidential Daily Backup] 5/23/1990. Access restriction: Restricted - Possibly.",https://s3.amazonaws.com/NARAprodstorage/lz/presidential-libraries/bush/gb-whasf/Presidential_Daily_Diary_186322/1990/41-bpr-apts_sch-dd-05_23_90-12827-018_415890575.pdf,https://catalog.archives.gov/id/415890575
1990-05-25,5/25/1990,Presidential Daily Backup,[Presidential Daily Backup] 5/25/1990,Venezuela,Catalog search lead,Venezuela,,12828-004,415890579,no,Restricted - Possibly,"Source: George H.W. Bush Library, Bush Presidential Records, White House Office of Appointments and Scheduling Files, Presidential Daily Diary and Presidential Daily Backup Materials, [Presidential Daily Backup] 5/25/1990. Access restriction: Restricted - Possibly.",https://s3.amazonaws.com/NARAprodstorage/lz/presidential-libraries/bush/gb-whasf/Presidential_Daily_Diary_186322/1990/41-bpr-apts_sch-dd-05_25_90-12828-004_415890579.pdf,https://catalog.archives.gov/id/415890579
1990-05-29,5/29/1990,Presidential Daily Backup,[Presidential Daily Backup] 5/29/1990,Chile,Catalog search lead,Chile,,12828-012,415890587,no,Restricted - Possibly,"Source: George H.W. Bush Library, Bush Presidential Records, White House Office of Appointments and Scheduling Files, Presidential Daily Diary and Presidential Daily Backup Materials, [Presidential Daily Backup] 5/29/1990. Access restriction: Restricted - Possibly.",https://s3.amazonaws.com/NARAprodstorage/lz/presidential-libraries/bush/gb-whasf/Presidential_Daily_Diary_186322/1990/41-bpr-apts_sch-dd-05_29_90-12828-012_415890587.pdf,https://catalog.archives.gov/id/415890587
1990-05-29,5/29/1990,Presidential Daily Diary,[Presidential Daily Diary] 5/29/1990,Chile,Catalog search lead,Chile,,12828-011,415890586,no,Restricted - Possibly,"Source: George H.W. Bush Library, Bush Presidential Records, White House Office of Appointments and Scheduling Files, Presidential Daily Diary and Presidential Daily Backup Materials, [Presidential Daily Diary] 5/29/1990. Access restriction: Restricted - Possibly.",https://s3.amazonaws.com/NARAprodstorage/lz/presidential-libraries/bush/gb-whasf/Presidential_Daily_Diary_186322/1990/41-bpr-apts_sch-dd-05_29_90-12828-011_415890586.pdf,https://catalog.archives.gov/id/415890586
1990-06-05,6/5/1990,Presidential Daily Backup,[Presidential Daily Backup] 6/5/1990,Colombia,Matched memcon/telcon date,"Barco; Colombia; Colombian",Memorandum of Conversation,12828-026,415890601,no,Restricted - Possibly,"Source: George H.W. Bush Library, Bush Presidential Records, White House Office of Appointments and Scheduling Files, Presidential Daily Diary and Presidential Daily Backup Materials, [Presidential Daily Backup] 6/5/1990. Access restriction: Restricted - Possibly.",https://s3.amazonaws.com/NARAprodstorage/lz/presidential-libraries/bush/gb-whasf/Presidential_Daily_Diary_186322/1990/41-bpr-apts_sch-dd-06_05_90-12828-026_415890601.pdf,https://catalog.archives.gov/id/415890601
1990-06-05,6/5/1990,Presidential Daily Diary,[Presidential Daily Diary] 6/5/1990,Colombia,Matched memcon/telcon date,Barco,Memorandum of Conversation,12828-025,415890600,no,Restricted - Possibly,"Source: George H.W. Bush Library, Bush Presidential Records, White House Office of Appointments and Scheduling Files, Presidential Daily Diary and Presidential Daily Backup Materials, [Presidential Daily Diary] 6/5/1990. Access restriction: Restricted - Possibly.",https://s3.amazonaws.com/NARAprodstorage/lz/presidential-libraries/bush/gb-whasf/Presidential_Daily_Diary_186322/1990/41-bpr-apts_sch-dd-06_05_90-12828-025_415890600.pdf,https://catalog.archives.gov/id/415890600
1990-06-06,6/6/1990,Presidential Daily Backup,[Presidential Daily Backup] 6/6/1990,"Brazil; Uruguay",Matched memcon/telcon date,"Brazil; Collor; Uruguay",Memorandum of Telephone Conversation,12828-028,415890603,no,Restricted - Possibly,"Source: George H.W. Bush Library, Bush Presidential Records, White House Office of Appointments and Scheduling Files, Presidential Daily Diary and Presidential Daily Backup Materials, [Presidential Daily Backup] 6/6/1990. Access restriction: Restricted - Possibly.",https://s3.amazonaws.com/NARAprodstorage/lz/presidential-libraries/bush/gb-whasf/Presidential_Daily_Diary_186322/1990/41-bpr-apts_sch-dd-06_06_90-12828-028_415890603.pdf,https://catalog.archives.gov/id/415890603
1990-06-06,6/6/1990,Presidential Daily Diary,[Presidential Daily Diary] 6/6/1990,Brazil,Matched memcon/telcon date,"Brazil; Collor",Memorandum of Telephone Conversation,12828-027,415890602,no,Restricted - Possibly,"Source: George H.W. Bush Library, Bush Presidential Records, White House Office of Appointments and Scheduling Files, Presidential Daily Diary and Presidential Daily Backup Materials, [Presidential Daily Diary] 6/6/1990. Access restriction: Restricted - Possibly.",https://s3.amazonaws.com/NARAprodstorage/lz/presidential-libraries/bush/gb-whasf/Presidential_Daily_Diary_186322/1990/41-bpr-apts_sch-dd-06_06_90-12828-027_415890602.pdf,https://catalog.archives.gov/id/415890602
1990-06-07,6/7/1990,Presidential Daily Backup,[Presidential Daily Backup] 6/7/1990,Peru,Catalog search lead,Peru,,12829-002,415890605,no,Restricted - Possibly,"Source: George H.W. Bush Library, Bush Presidential Records, White House Office of Appointments and Scheduling Files, Presidential Daily Diary and Presidential Daily Backup Materials, [Presidential Daily Backup] 6/7/1990. Access restriction: Restricted - Possibly.",https://s3.amazonaws.com/NARAprodstorage/lz/presidential-libraries/bush/gb-whasf/Presidential_Daily_Diary_186322/1990/41-bpr-apts_sch-dd-06_07_90-12829-002_415890605.pdf,https://catalog.archives.gov/id/415890605
1990-06-14,6/14/1990,Presidential Daily Backup,[Presidential Daily Backup] 6/14/1990,Uruguay,Catalog search lead,Uruguay,,12829-016,415890619,no,Restricted - Possibly,"Source: George H.W. Bush Library, Bush Presidential Records, White House Office of Appointments and Scheduling Files, Presidential Daily Diary and Presidential Daily Backup Materials, [Presidential Daily Backup] 6/14/1990. Access restriction: Restricted - Possibly.",https://s3.amazonaws.com/NARAprodstorage/lz/presidential-libraries/bush/gb-whasf/Presidential_Daily_Diary_186322/1990/41-bpr-apts_sch-dd-06_14_90-12829-016_415890619.pdf,https://catalog.archives.gov/id/415890619
1990-06-15,6/15/1990,Presidential Daily Backup,[Presidential Daily Backup] 6/15/1990,Paraguay,Matched memcon/telcon date,"Andres Rodriguez; Paraguay; Paraguayan",Memorandum of Conversation,12829-018,415890621,no,Restricted - Possibly,"Source: George H.W. Bush Library, Bush Presidential Records, White House Office of Appointments and Scheduling Files, Presidential Daily Diary and Presidential Daily Backup Materials, [Presidential Daily Backup] 6/15/1990. Access restriction: Restricted - Possibly.",https://s3.amazonaws.com/NARAprodstorage/lz/presidential-libraries/bush/gb-whasf/Presidential_Daily_Diary_186322/1990/41-bpr-apts_sch-dd-06_15_90-12829-018_415890621.pdf,https://catalog.archives.gov/id/415890621
1990-06-15,6/15/1990,Presidential Daily Diary,[Presidential Daily Diary] 6/15/1990,Paraguay,Matched memcon/telcon date,"Andres Rodriguez; Paraguay",Memorandum of Conversation,12829-017,415890620,no,Restricted - Possibly,"Source: George H.W. Bush Library, Bush Presidential Records, White House Office of Appointments and Scheduling Files, Presidential Daily Diary and Presidential Daily Backup Materials, [Presidential Daily Diary] 6/15/1990. Access restriction: Restricted - Possibly.",https://s3.amazonaws.com/NARAprodstorage/lz/presidential-libraries/bush/gb-whasf/Presidential_Daily_Diary_186322/1990/41-bpr-apts_sch-dd-06_15_90-12829-017_415890620.pdf,https://catalog.archives.gov/id/415890620
1990-06-21,6/21/1990,Presidential Daily Backup,[Presidential Daily Backup] 6/21/1990,Uruguay,Catalog search lead,Uruguay,,12830-008,415890633,no,Restricted - Possibly,"Source: George H.W. Bush Library, Bush Presidential Records, White House Office of Appointments and Scheduling Files, Presidential Daily Diary and Presidential Daily Backup Materials, [Presidential Daily Backup] 6/21/1990. Access restriction: Restricted - Possibly.",https://s3.amazonaws.com/NARAprodstorage/lz/presidential-libraries/bush/gb-whasf/Presidential_Daily_Diary_186322/1990/41-bpr-apts_sch-dd-06_21_90-12830-008_415890633.pdf,https://catalog.archives.gov/id/415890633
1990-06-24,6/24/1990,Presidential Daily Backup,[Presidential Daily Backup] 6/24/1990,Ecuador,Catalog search lead,Borja,,12830-014,415890639,no,Restricted - Possibly,"Source: George H.W. Bush Library, Bush Presidential Records, White House Office of Appointments and Scheduling Files, Presidential Daily Diary and Presidential Daily Backup Materials, [Presidential Daily Backup] 6/24/1990. Access restriction: Restricted - Possibly.",https://s3.amazonaws.com/NARAprodstorage/lz/presidential-libraries/bush/gb-whasf/Presidential_Daily_Diary_186322/1990/41-bpr-apts_sch-dd-06_24_90-12830-014_415890639.pdf,https://catalog.archives.gov/id/415890639
1990-06-26,6/26/1990,Presidential Daily Backup,[Presidential Daily Backup] 6/26/1990,Paraguay,Catalog search lead,Andres Rodriguez,,12830-018,415890643,no,Restricted - Possibly,"Source: George H.W. Bush Library, Bush Presidential Records, White House Office of Appointments and Scheduling Files, Presidential Daily Diary and Presidential Daily Backup Materials, [Presidential Daily Backup] 6/26/1990. Access restriction: Restricted - Possibly.",https://s3.amazonaws.com/NARAprodstorage/lz/presidential-libraries/bush/gb-whasf/Presidential_Daily_Diary_186322/1990/41-bpr-apts_sch-dd-06_26_90-12830-018_415890643.pdf,https://catalog.archives.gov/id/415890643
1990-06-27,6/27/1990,Presidential Daily Backup,[Presidential Daily Backup] 6/27/1990,"Bolivia; Brazil; Colombia; Ecuador; Uruguay; Venezuela",Catalog search lead,"Barco; Bolivia; Brazil; Collor; Ecuador; Uruguay; Venezuela",,12830-020,415890645,no,Restricted - Possibly,"Source: George H.W. Bush Library, Bush Presidential Records, White House Office of Appointments and Scheduling Files, Presidential Daily Diary and Presidential Daily Backup Materials, [Presidential Daily Backup] 6/27/1990. Access restriction: Restricted - Possibly.",https://s3.amazonaws.com/NARAprodstorage/lz/presidential-libraries/bush/gb-whasf/Presidential_Daily_Diary_186322/1990/41-bpr-apts_sch-dd-06_27_90-12830-020_415890645.pdf,https://catalog.archives.gov/id/415890645
1990-06-27,6/27/1990,Presidential Daily Diary,[Presidential Daily Diary] 6/27/1990,Brazil,Catalog search lead,"Brazil; Collor",,12830-019,415890644,no,Restricted - Possibly,"Source: George H.W. Bush Library, Bush Presidential Records, White House Office of Appointments and Scheduling Files, Presidential Daily Diary and Presidential Daily Backup Materials, [Presidential Daily Diary] 6/27/1990. Access restriction: Restricted - Possibly.",https://s3.amazonaws.com/NARAprodstorage/lz/presidential-libraries/bush/gb-whasf/Presidential_Daily_Diary_186322/1990/41-bpr-apts_sch-dd-06_27_90-12830-019_415890644.pdf,https://catalog.archives.gov/id/415890644
1990-06-28,6/28/1990,Presidential Daily Backup,[Presidential Daily Backup] 6/28/1990,"Argentina; Brazil; Uruguay",Matched memcon/telcon date,"Argentina; Brazil; Collor; Lacalle","Memorandum of a Telephone Conversation; Memorandum of Telephone Conversation",12831-002,415890647,no,Restricted - Possibly,"Source: George H.W. Bush Library, Bush Presidential Records, White House Office of Appointments and Scheduling Files, Presidential Daily Diary and Presidential Daily Backup Materials, [Presidential Daily Backup] 6/28/1990. Access restriction: Restricted - Possibly.",https://s3.amazonaws.com/NARAprodstorage/lz/presidential-libraries/bush/gb-whasf/Presidential_Daily_Diary_186322/1990/41-bpr-apts_sch-dd-06_28_90-12831-002_415890647.pdf,https://catalog.archives.gov/id/415890647
1990-06-28,6/28/1990,Presidential Daily Diary,[Presidential Daily Diary] 6/28/1990,"Argentina; Brazil; Uruguay",Matched memcon/telcon date,"Argentine; Brazil; Collor; Lacalle; Menem; Uruguay","Memorandum of a Telephone Conversation; Memorandum of Telephone Conversation",12831-001,415890646,no,Restricted - Possibly,"Source: George H.W. Bush Library, Bush Presidential Records, White House Office of Appointments and Scheduling Files, Presidential Daily Diary and Presidential Daily Backup Materials, [Presidential Daily Diary] 6/28/1990. Access restriction: Restricted - Possibly.",https://s3.amazonaws.com/NARAprodstorage/lz/presidential-libraries/bush/gb-whasf/Presidential_Daily_Diary_186322/1990/41-bpr-apts_sch-dd-06_28_90-12831-001_415890646.pdf,https://catalog.archives.gov/id/415890646
1990-07-12,7/12/1990,Presidential Daily Backup,[Presidential Daily Backup] 7/12/1990,"Brazil; Uruguay",Catalog search lead,"Brazil; Uruguay",,12832-002,415890675,no,Restricted - Possibly,"Source: George H.W. Bush Library, Bush Presidential Records, White House Office of Appointments and Scheduling Files, Presidential Daily Diary and Presidential Daily Backup Materials, [Presidential Daily Backup] 7/12/1990. Access restriction: Restricted - Possibly.",https://s3.amazonaws.com/NARAprodstorage/lz/presidential-libraries/bush/gb-whasf/Presidential_Daily_Diary_186322/1990/41-bpr-apts_sch-dd-07_12_90-12832-002_415890675.pdf,https://catalog.archives.gov/id/415890675
1990-07-13,7/13/1990,Presidential Daily Backup,[Presidential Daily Backup] 7/13/1990,Colombia,Matched memcon/telcon date,"Barco; Colombia; Colombian; Gaviria",Memorandum of Conversation,12832-004,415890677,no,Restricted - Possibly,"Source: George H.W. Bush Library, Bush Presidential Records, White House Office of Appointments and Scheduling Files, Presidential Daily Diary and Presidential Daily Backup Materials, [Presidential Daily Backup] 7/13/1990. Access restriction: Restricted - Possibly.",https://s3.amazonaws.com/NARAprodstorage/lz/presidential-libraries/bush/gb-whasf/Presidential_Daily_Diary_186322/1990/41-bpr-apts_sch-dd-07_13_90-12832-004_415890677.pdf,https://catalog.archives.gov/id/415890677
1990-07-13,7/13/1990,Presidential Daily Diary,[Presidential Daily Diary] 7/13/1990,Colombia,Matched memcon/telcon date,"Barco; Gaviria",Memorandum of Conversation,12832-003,415890676,no,Restricted - Possibly,"Source: George H.W. Bush Library, Bush Presidential Records, White House Office of Appointments and Scheduling Files, Presidential Daily Diary and Presidential Daily Backup Materials, [Presidential Daily Diary] 7/13/1990. Access restriction: Restricted - Possibly.",https://s3.amazonaws.com/NARAprodstorage/lz/presidential-libraries/bush/gb-whasf/Presidential_Daily_Diary_186322/1990/41-bpr-apts_sch-dd-07_13_90-12832-003_415890676.pdf,https://catalog.archives.gov/id/415890676
1990-07-18,7/18/1990,Presidential Daily Backup,[Presidential Daily Backup] 7/18/1990,Peru,Catalog search lead,Alan Garcia,,12832-014,415890687,no,Restricted - Possibly,"Source: George H.W. Bush Library, Bush Presidential Records, White House Office of Appointments and Scheduling Files, Presidential Daily Diary and Presidential Daily Backup Materials, [Presidential Daily Backup] 7/18/1990. Access restriction: Restricted - Possibly.",https://s3.amazonaws.com/NARAprodstorage/lz/presidential-libraries/bush/gb-whasf/Presidential_Daily_Diary_186322/1990/41-bpr-apts_sch-dd-07_18_90-12832-014_415890687.pdf,https://catalog.archives.gov/id/415890687
1990-07-21,7/21/1990,Presidential Daily Backup,[Presidential Daily Backup] 7/21/1990,Ecuador,Catalog search lead,"Borja; Ecuador",,12832-020,415890693,no,Restricted - Possibly,"Source: George H.W. Bush Library, Bush Presidential Records, White House Office of Appointments and Scheduling Files, Presidential Daily Diary and Presidential Daily Backup Materials, [Presidential Daily Backup] 7/21/1990. Access restriction: Restricted - Possibly.",https://s3.amazonaws.com/NARAprodstorage/lz/presidential-libraries/bush/gb-whasf/Presidential_Daily_Diary_186322/1990/41-bpr-apts_sch-dd-07_21_90-12832-020_415890693.pdf,https://catalog.archives.gov/id/415890693
1990-07-22,7/22/1990,Presidential Daily Backup,[Presidential Daily Backup] 7/22/1990,Ecuador,Catalog search lead,"Borja; Ecuador",,12832-022,415890695,no,Restricted - Possibly,"Source: George H.W. Bush Library, Bush Presidential Records, White House Office of Appointments and Scheduling Files, Presidential Daily Diary and Presidential Daily Backup Materials, [Presidential Daily Backup] 7/22/1990. Access restriction: Restricted - Possibly.",https://s3.amazonaws.com/NARAprodstorage/lz/presidential-libraries/bush/gb-whasf/Presidential_Daily_Diary_186322/1990/41-bpr-apts_sch-dd-07_22_90-12832-022_415890695.pdf,https://catalog.archives.gov/id/415890695
1990-07-22,7/22/1990,Presidential Daily Diary,[Presidential Daily Diary] 7/22/1990,Ecuador,Catalog search lead,"Borja; Ecuador",,12832-021,415890694,no,Restricted - Possibly,"Source: George H.W. Bush Library, Bush Presidential Records, White House Office of Appointments and Scheduling Files, Presidential Daily Diary and Presidential Daily Backup Materials, [Presidential Daily Diary] 7/22/1990. Access restriction: Restricted - Possibly.",https://s3.amazonaws.com/NARAprodstorage/lz/presidential-libraries/bush/gb-whasf/Presidential_Daily_Diary_186322/1990/41-bpr-apts_sch-dd-07_22_90-12832-021_415890694.pdf,https://catalog.archives.gov/id/415890694
1990-07-23,7/23/1990,Presidential Daily Backup,[Presidential Daily Backup] 7/23/1990,"Bolivia; Colombia; Ecuador; Peru",Matched memcon/telcon date,"Barco; Bolivia; Borja; Colombia; Ecuador; Ecuadorian; Peru",Memorandum of Conversation,12832-024,415890697,no,Restricted - Possibly,"Source: George H.W. Bush Library, Bush Presidential Records, White House Office of Appointments and Scheduling Files, Presidential Daily Diary and Presidential Daily Backup Materials, [Presidential Daily Backup] 7/23/1990. Access restriction: Restricted - Possibly.",https://s3.amazonaws.com/NARAprodstorage/lz/presidential-libraries/bush/gb-whasf/Presidential_Daily_Diary_186322/1990/41-bpr-apts_sch-dd-07_23_90-12832-024_415890697.pdf,https://catalog.archives.gov/id/415890697
1990-07-23,7/23/1990,Presidential Daily Diary,[Presidential Daily Diary] 7/23/1990,Ecuador,Matched memcon/telcon date,"Borja; Ecuador; Ecuadorian",Memorandum of Conversation,12832-023,415890696,no,Restricted - Possibly,"Source: George H.W. Bush Library, Bush Presidential Records, White House Office of Appointments and Scheduling Files, Presidential Daily Diary and Presidential Daily Backup Materials, [Presidential Daily Diary] 7/23/1990. Access restriction: Restricted - Possibly.",https://s3.amazonaws.com/NARAprodstorage/lz/presidential-libraries/bush/gb-whasf/Presidential_Daily_Diary_186322/1990/41-bpr-apts_sch-dd-07_23_90-12832-023_415890696.pdf,https://catalog.archives.gov/id/415890696
1990-07-25,7/25/1990,Presidential Daily Backup,[Presidential Daily Backup] 7/25/1990,Peru,Catalog search lead,Alan Garcia,,12833-002,415890701,no,Restricted - Possibly,"Source: George H.W. Bush Library, Bush Presidential Records, White House Office of Appointments and Scheduling Files, Presidential Daily Diary and Presidential Daily Backup Materials, [Presidential Daily Backup] 7/25/1990. Access restriction: Restricted - Possibly.",https://s3.amazonaws.com/NARAprodstorage/lz/presidential-libraries/bush/gb-whasf/Presidential_Daily_Diary_186322/1990/41-bpr-apts_sch-dd-07_25_90-12833-002_415890701.pdf,https://catalog.archives.gov/id/415890701
1990-08-13,8/13/1990,Presidential Daily Backup,[Presidential Daily Backup] 8/13/1990,Venezuela,Matched memcon/telcon date,"Carlos Andres Perez; Venezuela",Memorandum of Telephone Conversation,12834-014,415890739,no,Restricted - Possibly,"Source: George H.W. Bush Library, Bush Presidential Records, White House Office of Appointments and Scheduling Files, Presidential Daily Diary and Presidential Daily Backup Materials, [Presidential Daily Backup] 8/13/1990. Access restriction: Restricted - Possibly.",https://s3.amazonaws.com/NARAprodstorage/lz/presidential-libraries/bush/gb-whasf/Presidential_Daily_Diary_186322/1990/41-bpr-apts_sch-dd-08_13_90-12834-014_415890739.pdf,https://catalog.archives.gov/id/415890739
1990-08-13,8/13/1990,Presidential Daily Diary,[Presidential Daily Diary] 8/13/1990,Venezuela,Matched memcon/telcon date,"Carlos Andres Perez; Venezuela",Memorandum of Telephone Conversation,12834-013,415890738,no,Restricted - Possibly,"Source: George H.W. Bush Library, Bush Presidential Records, White House Office of Appointments and Scheduling Files, Presidential Daily Diary and Presidential Daily Backup Materials, [Presidential Daily Diary] 8/13/1990. Access restriction: Restricted - Possibly.",https://s3.amazonaws.com/NARAprodstorage/lz/presidential-libraries/bush/gb-whasf/Presidential_Daily_Diary_186322/1990/41-bpr-apts_sch-dd-08_13_90-12834-013_415890738.pdf,https://catalog.archives.gov/id/415890738
1990-09-13,9/13/1990,Presidential Daily Backup,[Presidential Daily Backup] 9/13/1990,Peru,Catalog search lead,Alan Garcia,,12836-004,415890801,no,Restricted - Possibly,"Source: George H.W. Bush Library, Bush Presidential Records, White House Office of Appointments and Scheduling Files, Presidential Daily Diary and Presidential Daily Backup Materials, [Presidential Daily Backup] 9/13/1990. Access restriction: Restricted - Possibly.",https://s3.amazonaws.com/NARAprodstorage/lz/presidential-libraries/bush/gb-whasf/Presidential_Daily_Diary_186322/1990/41-bpr-apts_sch-dd-09_13_90-12836-004_415890801.pdf,https://catalog.archives.gov/id/415890801
1990-09-14,9/14/1990,Presidential Daily Backup,[Presidential Daily Backup] 9/14/1990,"Argentina; Bolivia; Brazil; Colombia; Ecuador; Uruguay",Catalog search lead,"Argentina; Bolivia; Brazil; Colombia; Ecuador; Uruguay",,12836-006,415890803,no,Restricted - Possibly,"Source: George H.W. Bush Library, Bush Presidential Records, White House Office of Appointments and Scheduling Files, Presidential Daily Diary and Presidential Daily Backup Materials, [Presidential Daily Backup] 9/14/1990. Access restriction: Restricted - Possibly.",https://s3.amazonaws.com/NARAprodstorage/lz/presidential-libraries/bush/gb-whasf/Presidential_Daily_Diary_186322/1990/41-bpr-apts_sch-dd-09_14_90-12836-006_415890803.pdf,https://catalog.archives.gov/id/415890803
1990-09-25,9/25/1990,Presidential Daily Backup,[Presidential Daily Backup] 9/25/1990,Uruguay,Catalog search lead,Uruguay,,12837-002,415890825,no,Restricted - Possibly,"Source: George H.W. Bush Library, Bush Presidential Records, White House Office of Appointments and Scheduling Files, Presidential Daily Diary and Presidential Daily Backup Materials, [Presidential Daily Backup] 9/25/1990. Access restriction: Restricted - Possibly.",https://s3.amazonaws.com/NARAprodstorage/lz/presidential-libraries/bush/gb-whasf/Presidential_Daily_Diary_186322/1990/41-bpr-apts_sch-dd-09_25_90-12837-002_415890825.pdf,https://catalog.archives.gov/id/415890825
1990-09-26,9/26/1990,Presidential Daily Backup,[Presidential Daily Backup] 9/26/1990,Peru,Catalog search lead,Alan Garcia,,12837-004,415890827,no,Restricted - Possibly,"Source: George H.W. Bush Library, Bush Presidential Records, White House Office of Appointments and Scheduling Files, Presidential Daily Diary and Presidential Daily Backup Materials, [Presidential Daily Backup] 9/26/1990. Access restriction: Restricted - Possibly.",https://s3.amazonaws.com/NARAprodstorage/lz/presidential-libraries/bush/gb-whasf/Presidential_Daily_Diary_186322/1990/41-bpr-apts_sch-dd-09_26_90-12837-004_415890827.pdf,https://catalog.archives.gov/id/415890827
1990-09-28,9/28/1990,Presidential Daily Backup,[Presidential Daily Backup] 9/28/1990,Uruguay,Catalog search lead,Uruguay,,12837-008,415890831,no,Restricted - Possibly,"Source: George H.W. Bush Library, Bush Presidential Records, White House Office of Appointments and Scheduling Files, Presidential Daily Diary and Presidential Daily Backup Materials, [Presidential Daily Backup] 9/28/1990. Access restriction: Restricted - Possibly.",https://s3.amazonaws.com/NARAprodstorage/lz/presidential-libraries/bush/gb-whasf/Presidential_Daily_Diary_186322/1990/41-bpr-apts_sch-dd-09_28_90-12837-008_415890831.pdf,https://catalog.archives.gov/id/415890831
1990-09-28,9/28/1990,Presidential Daily Diary,[Presidential Daily Diary] 9/28/1990,Uruguay,Catalog search lead,Uruguay,,12837-007,415890830,no,Restricted - Possibly,"Source: George H.W. Bush Library, Bush Presidential Records, White House Office of Appointments and Scheduling Files, Presidential Daily Diary and Presidential Daily Backup Materials, [Presidential Daily Diary] 9/28/1990. Access restriction: Restricted - Possibly.",https://s3.amazonaws.com/NARAprodstorage/lz/presidential-libraries/bush/gb-whasf/Presidential_Daily_Diary_186322/1990/41-bpr-apts_sch-dd-09_28_90-12837-007_415890830.pdf,https://catalog.archives.gov/id/415890830
1990-09-29,9/29/1990,Presidential Daily Backup,[Presidential Daily Backup] 9/29/1990,"Argentina; Brazil; Colombia; Uruguay; Venezuela",Matched memcon/telcon date,"Argentine; Brazilian; Collor; Colombia; Colombian; Gaviria; Lacalle; Menem; Uruguayan; Venezuelan",Memorandum of Conversation,12837-010,415890833,no,Restricted - Possibly,"Source: George H.W. Bush Library, Bush Presidential Records, White House Office of Appointments and Scheduling Files, Presidential Daily Diary and Presidential Daily Backup Materials, [Presidential Daily Backup] 9/29/1990. Access restriction: Restricted - Possibly.",https://s3.amazonaws.com/NARAprodstorage/lz/presidential-libraries/bush/gb-whasf/Presidential_Daily_Diary_186322/1990/41-bpr-apts_sch-dd-09_29_90-12837-010_415890833.pdf,https://catalog.archives.gov/id/415890833
1990-09-29,9/29/1990,Presidential Daily Diary,[Presidential Daily Diary] 9/29/1990,Colombia,Matched memcon/telcon date,"Colombia; Gaviria",Memorandum of Conversation,12837-009,415890832,no,Restricted - Possibly,"Source: George H.W. Bush Library, Bush Presidential Records, White House Office of Appointments and Scheduling Files, Presidential Daily Diary and Presidential Daily Backup Materials, [Presidential Daily Diary] 9/29/1990. Access restriction: Restricted - Possibly.",https://s3.amazonaws.com/NARAprodstorage/lz/presidential-libraries/bush/gb-whasf/Presidential_Daily_Diary_186322/1990/41-bpr-apts_sch-dd-09_29_90-12837-009_415890832.pdf,https://catalog.archives.gov/id/415890832
1990-09-30,9/30/1990,Presidential Daily Backup,[Presidential Daily Backup] 9/30/1990,"Argentina; Brazil; Colombia; Uruguay; Venezuela",Catalog search lead,"Argentine; Brazil; Brazilian; Carlos Andres Perez; Collor; Colombia; Colombian; Gaviria; Lacalle; Menem; Uruguayan; Venezuela; Venezuelan",,12838-002,415890835,no,Restricted - Possibly,"Source: George H.W. Bush Library, Bush Presidential Records, White House Office of Appointments and Scheduling Files, Presidential Daily Diary and Presidential Daily Backup Materials, [Presidential Daily Backup] 9/30/1990. Access restriction: Restricted - Possibly.",https://s3.amazonaws.com/NARAprodstorage/lz/presidential-libraries/bush/gb-whasf/Presidential_Daily_Diary_186322/1990/41-bpr-apts_sch-dd-09_30_90-12838-002_415890835.pdf,https://catalog.archives.gov/id/415890835
1990-09-30,9/30/1990,Presidential Daily Diary,[Presidential Daily Diary] 9/30/1990,"Brazil; Venezuela",Catalog search lead,"Brazil; Carlos Andres Perez; Collor; Venezuela",,12838-001,415890834,no,Restricted - Possibly,"Source: George H.W. Bush Library, Bush Presidential Records, White House Office of Appointments and Scheduling Files, Presidential Daily Diary and Presidential Daily Backup Materials, [Presidential Daily Diary] 9/30/1990. Access restriction: Restricted - Possibly.",https://s3.amazonaws.com/NARAprodstorage/lz/presidential-libraries/bush/gb-whasf/Presidential_Daily_Diary_186322/1990/41-bpr-apts_sch-dd-09_30_90-12838-001_415890834.pdf,https://catalog.archives.gov/id/415890834
1990-10-01,10/1/1990,Presidential Daily Backup,[Presidential Daily Backup] 10/01/1990,"Argentina; Brazil; Chile; Uruguay; Venezuela",Matched memcon/telcon date,"Argentina; Aylwin; Chile; Lacalle; Menem; Uruguay",Memorandum of Conversation,12838-004,415890837,no,Restricted - Possibly,"Source: George H.W. Bush Library, Bush Presidential Records, White House Office of Appointments and Scheduling Files, Presidential Daily Diary and Presidential Daily Backup Materials, [Presidential Daily Backup] 10/01/1990. Access restriction: Restricted - Possibly.",https://s3.amazonaws.com/NARAprodstorage/lz/presidential-libraries/bush/gb-whasf/Presidential_Daily_Diary_186322/1990/41-bpr-apts_sch-dd-10_01_90-12838-004_415890837.pdf,https://catalog.archives.gov/id/415890837
1990-10-01,10/1/1990,Presidential Daily Diary,[Presidential Daily Diary] 10/01/1990,"Argentina; Brazil; Uruguay; Venezuela",Matched memcon/telcon date,"Argentine; Lacalle; Menem; Uruguay",Memorandum of Conversation,12838-003,415890836,no,Restricted - Possibly,"Source: George H.W. Bush Library, Bush Presidential Records, White House Office of Appointments and Scheduling Files, Presidential Daily Diary and Presidential Daily Backup Materials, [Presidential Daily Diary] 10/01/1990. Access restriction: Restricted - Possibly.",https://s3.amazonaws.com/NARAprodstorage/lz/presidential-libraries/bush/gb-whasf/Presidential_Daily_Diary_186322/1990/41-bpr-apts_sch-dd-10_01_90-12838-003_415890836.pdf,https://catalog.archives.gov/id/415890836
1990-10-02,10/2/1990,Presidential Daily Backup,[Presidential Daily Backup] 10/2/1990,"Chile; Colombia; Ecuador",Matched memcon/telcon date,"Aylwin; Chile; Chilean; Colombia; Ecuador",Memorandum of Conversation,12838-006,415890839,no,Restricted - Possibly,"Source: George H.W. Bush Library, Bush Presidential Records, White House Office of Appointments and Scheduling Files, Presidential Daily Diary and Presidential Daily Backup Materials, [Presidential Daily Backup] 10/2/1990. Access restriction: Restricted - Possibly.",https://s3.amazonaws.com/NARAprodstorage/lz/presidential-libraries/bush/gb-whasf/Presidential_Daily_Diary_186322/1990/41-bpr-apts_sch-dd-10_02_90-12838-006_415890839.pdf,https://catalog.archives.gov/id/415890839
1990-10-02,10/2/1990,Presidential Daily Diary,[Presidential Daily Diary] 10/2/1990,Chile,Matched memcon/telcon date,"Aylwin; Chile",Memorandum of Conversation,12838-005,415890838,no,Restricted - Possibly,"Source: George H.W. Bush Library, Bush Presidential Records, White House Office of Appointments and Scheduling Files, Presidential Daily Diary and Presidential Daily Backup Materials, [Presidential Daily Diary] 10/2/1990. Access restriction: Restricted - Possibly.",https://s3.amazonaws.com/NARAprodstorage/lz/presidential-libraries/bush/gb-whasf/Presidential_Daily_Diary_186322/1990/41-bpr-apts_sch-dd-10_02_90-12838-005_415890838.pdf,https://catalog.archives.gov/id/415890838
1990-10-05,10/5/1990,Presidential Daily Backup,[Presidential Daily Backup] 10/5/1990,"Bolivia; Colombia; Ecuador; Peru",Catalog search lead,"Bolivia; Colombia; Ecuador; Gaviria; Peru",,12838-012,415890845,no,Restricted - Possibly,"Source: George H.W. Bush Library, Bush Presidential Records, White House Office of Appointments and Scheduling Files, Presidential Daily Diary and Presidential Daily Backup Materials, [Presidential Daily Backup] 10/5/1990. Access restriction: Restricted - Possibly.",https://s3.amazonaws.com/NARAprodstorage/lz/presidential-libraries/bush/gb-whasf/Presidential_Daily_Diary_186322/1990/41-bpr-apts_sch-dd-10_05_90-12838-012_415890845.pdf,https://catalog.archives.gov/id/415890845
1990-10-05,10/5/1990,Presidential Daily Diary,[Presidential Daily Diary] 10/5/1990,"Bolivia; Colombia; Ecuador; Peru",Catalog search lead,"Bolivia; Colombia; Ecuador; Peru",,12838-011,415890844,no,Restricted - Possibly,"Source: George H.W. Bush Library, Bush Presidential Records, White House Office of Appointments and Scheduling Files, Presidential Daily Diary and Presidential Daily Backup Materials, [Presidential Daily Diary] 10/5/1990. Access restriction: Restricted - Possibly.",https://s3.amazonaws.com/NARAprodstorage/lz/presidential-libraries/bush/gb-whasf/Presidential_Daily_Diary_186322/1990/41-bpr-apts_sch-dd-10_05_90-12838-011_415890844.pdf,https://catalog.archives.gov/id/415890844
1990-10-09,10/9/1990,Presidential Daily Backup,[Presidential Daily Backup] 10/9/1990,Peru,Catalog search lead,Alan Garcia,,12838-020,415890853,no,Restricted - Possibly,"Source: George H.W. Bush Library, Bush Presidential Records, White House Office of Appointments and Scheduling Files, Presidential Daily Diary and Presidential Daily Backup Materials, [Presidential Daily Backup] 10/9/1990. Access restriction: Restricted - Possibly.",https://s3.amazonaws.com/NARAprodstorage/lz/presidential-libraries/bush/gb-whasf/Presidential_Daily_Diary_186322/1990/41-bpr-apts_sch-dd-10_09_90-12838-020_415890853.pdf,https://catalog.archives.gov/id/415890853
1990-10-12,10/12/1990,Presidential Daily Backup,[Presidential Daily Backup] 10/12/1990,"Colombia; Venezuela",Catalog search lead,"Gaviria; Venezuela",,12839-006,415890859,no,Restricted - Possibly,"Source: George H.W. Bush Library, Bush Presidential Records, White House Office of Appointments and Scheduling Files, Presidential Daily Diary and Presidential Daily Backup Materials, [Presidential Daily Backup] 10/12/1990. Access restriction: Restricted - Possibly.",https://s3.amazonaws.com/NARAprodstorage/lz/presidential-libraries/bush/gb-whasf/Presidential_Daily_Diary_186322/1990/41-bpr-apts_sch-dd-10_12_90-12839-006_415890859.pdf,https://catalog.archives.gov/id/415890859
1990-10-12,10/12/1990,Presidential Daily Diary,[Presidential Daily Diary] 10/12/1990,Colombia,Catalog search lead,"Colombia; Gaviria",,12839-005,415890858,no,Restricted - Possibly,"Source: George H.W. Bush Library, Bush Presidential Records, White House Office of Appointments and Scheduling Files, Presidential Daily Diary and Presidential Daily Backup Materials, [Presidential Daily Diary] 10/12/1990. Access restriction: Restricted - Possibly.",https://s3.amazonaws.com/NARAprodstorage/lz/presidential-libraries/bush/gb-whasf/Presidential_Daily_Diary_186322/1990/41-bpr-apts_sch-dd-10_12_90-12839-005_415890858.pdf,https://catalog.archives.gov/id/415890858
1990-10-17,10/17/1990,Presidential Daily Backup,[Presidential Daily Backup] 10/17/1990,"Argentina; Brazil; Chile",Catalog search lead,"Argentina; Brazil; Chile",,12840-002,415890870,no,Restricted - Possibly,"Source: George H.W. Bush Library, Bush Presidential Records, White House Office of Appointments and Scheduling Files, Presidential Daily Diary and Presidential Daily Backup Materials, [Presidential Daily Backup] 10/17/1990. Access restriction: Restricted - Possibly.",https://s3.amazonaws.com/NARAprodstorage/lz/presidential-libraries/bush/gb-whasf/Presidential_Daily_Diary_186322/1990/41-bpr-apts_sch-dd-10_17_90-12840-002_415890870.pdf,https://catalog.archives.gov/id/415890870
1990-10-23,10/23/1990,Presidential Daily Backup,[Presidential Daily Backup] 10/23/1990,Peru,Catalog search lead,Peru,,12840-014,415890882,no,Restricted - Possibly,"Source: George H.W. Bush Library, Bush Presidential Records, White House Office of Appointments and Scheduling Files, Presidential Daily Diary and Presidential Daily Backup Materials, [Presidential Daily Backup] 10/23/1990. Access restriction: Restricted - Possibly.",https://s3.amazonaws.com/NARAprodstorage/lz/presidential-libraries/bush/gb-whasf/Presidential_Daily_Diary_186322/1990/41-bpr-apts_sch-dd-10_23_90-12840-014_415890882.pdf,https://catalog.archives.gov/id/415890882
1990-10-24,10/24/1990,Presidential Daily Backup,[Presidential Daily Backup] 10/24/1990,Uruguay,Catalog search lead,"Lacalle; Uruguay; Uruguayan",,12840-017,415890885,no,Restricted - Possibly,"Source: George H.W. Bush Library, Bush Presidential Records, White House Office of Appointments and Scheduling Files, Presidential Daily Diary and Presidential Daily Backup Materials, [Presidential Daily Backup] 10/24/1990. Access restriction: Restricted - Possibly.",https://s3.amazonaws.com/NARAprodstorage/lz/presidential-libraries/bush/gb-whasf/Presidential_Daily_Diary_186322/1990/41-bpr-apts_sch-dd-10_24_90-12840-017_415890885.pdf,https://catalog.archives.gov/id/415890885
1990-10-24,10/24/1990,Presidential Daily Diary,[Presidential Daily Diary] 10/24/1990,Uruguay,Catalog search lead,Uruguay,,12840-016,415890884,no,Restricted - Possibly,"Source: George H.W. Bush Library, Bush Presidential Records, White House Office of Appointments and Scheduling Files, Presidential Daily Diary and Presidential Daily Backup Materials, [Presidential Daily Diary] 10/24/1990. Access restriction: Restricted - Possibly.",https://s3.amazonaws.com/NARAprodstorage/lz/presidential-libraries/bush/gb-whasf/Presidential_Daily_Diary_186322/1990/41-bpr-apts_sch-dd-10_24_90-12840-016_415890884.pdf,https://catalog.archives.gov/id/415890884
1990-11-08,11/8/1990,Presidential Daily Backup,[Presidential Daily Backup] 11/8/1990,"Argentina; Bolivia; Brazil; Colombia; Uruguay; Venezuela",Catalog search lead,"Argentina; Bolivia; Brazil; Colombia; Lacalle; Uruguay; Venezuela",,12842-004,415890915,no,Restricted - Possibly,"Source: George H.W. Bush Library, Bush Presidential Records, White House Office of Appointments and Scheduling Files, Presidential Daily Diary and Presidential Daily Backup Materials, [Presidential Daily Backup] 11/8/1990. Access restriction: Restricted - Possibly.",https://s3.amazonaws.com/NARAprodstorage/lz/presidential-libraries/bush/gb-whasf/Presidential_Daily_Diary_186322/1990/41-bpr-apts_sch-dd-11_08_90-12842-004_415890915.pdf,https://catalog.archives.gov/id/415890915
1990-11-08,11/8/1990,Presidential Daily Diary,[Presidential Daily Diary] 11/8/1990,"Uruguay; Venezuela",Catalog search lead,"Uruguay; Venezuela",,12842-003,415890914,no,Restricted - Possibly,"Source: George H.W. Bush Library, Bush Presidential Records, White House Office of Appointments and Scheduling Files, Presidential Daily Diary and Presidential Daily Backup Materials, [Presidential Daily Diary] 11/8/1990. Access restriction: Restricted - Possibly.",https://s3.amazonaws.com/NARAprodstorage/lz/presidential-libraries/bush/gb-whasf/Presidential_Daily_Diary_186322/1990/41-bpr-apts_sch-dd-11_08_90-12842-003_415890914.pdf,https://catalog.archives.gov/id/415890914
1990-11-15,11/15/1990,Presidential Daily Backup,[Presidential Daily Backup] 11/15/1990,Ecuador,Catalog search lead,Ecuador,,12842-018,415890929,no,Restricted - Possibly,"Source: George H.W. Bush Library, Bush Presidential Records, White House Office of Appointments and Scheduling Files, Presidential Daily Diary and Presidential Daily Backup Materials, [Presidential Daily Backup] 11/15/1990. Access restriction: Restricted - Possibly.",https://s3.amazonaws.com/NARAprodstorage/lz/presidential-libraries/bush/gb-whasf/Presidential_Daily_Diary_186322/1990/41-bpr-apts_sch-dd-11_15_90-12842-018_415890929.pdf,https://catalog.archives.gov/id/415890929
1990-11-23,11/23/1990,Presidential Daily Backup,[Presidential Daily Backup] 11/23/1990,Colombia,Matched memcon/telcon date,"Colombia; Gaviria","Memorandum of a Telephone Conversation; Memorandum of Telephone Conversation",12843-006,415890945,no,Restricted - Possibly,"Source: George H.W. Bush Library, Bush Presidential Records, White House Office of Appointments and Scheduling Files, Presidential Daily Diary and Presidential Daily Backup Materials, [Presidential Daily Backup] 11/23/1990. Access restriction: Restricted - Possibly.",https://s3.amazonaws.com/NARAprodstorage/lz/presidential-libraries/bush/gb-whasf/Presidential_Daily_Diary_186322/1990/41-bpr-apts_sch-dd-11_23_90-12843-006_415890945.pdf,https://catalog.archives.gov/id/415890945
1990-11-23,11/23/1990,Presidential Daily Diary,[Presidential Daily Diary] 11/23/1990 [EMPTY],Colombia,Matched memcon/telcon date,,"Memorandum of a Telephone Conversation; Memorandum of Telephone Conversation",12843-005,415890944,yes,Restricted - Possibly,"Source: George H.W. Bush Library, Bush Presidential Records, White House Office of Appointments and Scheduling Files, Presidential Daily Diary and Presidential Daily Backup Materials, [Presidential Daily Diary] 11/23/1990 [EMPTY]. Access restriction: Restricted - Possibly.",https://s3.amazonaws.com/NARAprodstorage/lz/presidential-libraries/bush/gb-whasf/Presidential_Daily_Diary_186322/1990/41-bpr-apts_sch-dd-11_23_90-12843-005_415890944.pdf,https://catalog.archives.gov/id/415890944
1990-11-28,11/28/1990,Presidential Daily Backup,[Presidential Daily Backup] 11/28/1990,"Paraguay; Uruguay",Catalog search lead,"Andres Rodriguez; Uruguay",,12843-016,415890955,no,Restricted - Possibly,"Source: George H.W. Bush Library, Bush Presidential Records, White House Office of Appointments and Scheduling Files, Presidential Daily Diary and Presidential Daily Backup Materials, [Presidential Daily Backup] 11/28/1990. Access restriction: Restricted - Possibly.",https://s3.amazonaws.com/NARAprodstorage/lz/presidential-libraries/bush/gb-whasf/Presidential_Daily_Diary_186322/1990/41-bpr-apts_sch-dd-11_28_90-12843-016_415890955.pdf,https://catalog.archives.gov/id/415890955
1990-11-28,11/28/1990,Presidential Daily Diary,[Presidential Daily Diary] 11/28/1990,Uruguay,Catalog search lead,Uruguay,,12843-015,415890954,no,Restricted - Possibly,"Source: George H.W. Bush Library, Bush Presidential Records, White House Office of Appointments and Scheduling Files, Presidential Daily Diary and Presidential Daily Backup Materials, [Presidential Daily Diary] 11/28/1990. Access restriction: Restricted - Possibly.",https://s3.amazonaws.com/NARAprodstorage/lz/presidential-libraries/bush/gb-whasf/Presidential_Daily_Diary_186322/1990/41-bpr-apts_sch-dd-11_28_90-12843-015_415890954.pdf,https://catalog.archives.gov/id/415890954
1990-11-30,11/30/1990,Presidential Daily Backup,[Presidential Daily Backup] 11/30/1990,"Bolivia; Colombia",Catalog search lead,"Bolivia; Colombia",,12843-020,415890959,no,Restricted - Possibly,"Source: George H.W. Bush Library, Bush Presidential Records, White House Office of Appointments and Scheduling Files, Presidential Daily Diary and Presidential Daily Backup Materials, [Presidential Daily Backup] 11/30/1990. Access restriction: Restricted - Possibly.",https://s3.amazonaws.com/NARAprodstorage/lz/presidential-libraries/bush/gb-whasf/Presidential_Daily_Diary_186322/1990/41-bpr-apts_sch-dd-11_30_90-12843-020_415890959.pdf,https://catalog.archives.gov/id/415890959
1990-12-01,12/1/1990,Presidential Daily Backup,[Presidential Daily Backup] 12/1/1990,Brazil,Catalog search lead,Brazil,,12843-022,415890961,no,Restricted - Possibly,"Source: George H.W. Bush Library, Bush Presidential Records, White House Office of Appointments and Scheduling Files, Presidential Daily Diary and Presidential Daily Backup Materials, [Presidential Daily Backup] 12/1/1990. Access restriction: Restricted - Possibly.",https://s3.amazonaws.com/NARAprodstorage/lz/presidential-libraries/bush/gb-whasf/Presidential_Daily_Diary_186322/1990/41-bpr-apts_sch-dd-12_01_90-12843-022_415890961.pdf,https://catalog.archives.gov/id/415890961
1990-12-02,12/2/1990,Presidential Daily Backup,[Presidential Daily Backup] 12/2/1990,"Argentina; Brazil; Chile; Uruguay; Venezuela",Catalog search lead,"Argentina; Argentine; Aylwin; Brazil; Brazilian; Chile; Chilean; Collor; Lacalle; Menem; Uruguay; Venezuela; Venezuelan",,12843-024,415890963,no,Restricted - Possibly,"Source: George H.W. Bush Library, Bush Presidential Records, White House Office of Appointments and Scheduling Files, Presidential Daily Diary and Presidential Daily Backup Materials, [Presidential Daily Backup] 12/2/1990. Access restriction: Restricted - Possibly.",https://s3.amazonaws.com/NARAprodstorage/lz/presidential-libraries/bush/gb-whasf/Presidential_Daily_Diary_186322/1990/41-bpr-apts_sch-dd-12_02_90-12843-024_415890963.pdf,https://catalog.archives.gov/id/415890963
1990-12-02,12/2/1990,Presidential Daily Diary,[Presidential Daily Diary] 12/2/1990,"Argentina; Brazil; Chile; Uruguay; Venezuela",Catalog search lead,"Argentina; Brazil; Chile; Uruguay; Venezuela",,12843-023,415890962,no,Restricted - Possibly,"Source: George H.W. Bush Library, Bush Presidential Records, White House Office of Appointments and Scheduling Files, Presidential Daily Diary and Presidential Daily Backup Materials, [Presidential Daily Diary] 12/2/1990. Access restriction: Restricted - Possibly.",https://s3.amazonaws.com/NARAprodstorage/lz/presidential-libraries/bush/gb-whasf/Presidential_Daily_Diary_186322/1990/41-bpr-apts_sch-dd-12_02_90-12843-023_415890962.pdf,https://catalog.archives.gov/id/415890962
1990-12-03,12/3/1990,Presidential Daily Backup,[Presidential Daily Backup] 12/3/1990,"Argentina; Bolivia; Brazil; Chile; Colombia; Ecuador; Paraguay; Uruguay; Venezuela",Matched memcon/telcon date,"Argentina; Argentine; Bolivia; Brazil; Brazilian; Carlos Andres Perez; Chile; Chilean; Collor; Colombia; Ecuador; Lacalle; Menem; Paraguay; Uruguay; Uruguayan; Venezuela",Memorandum of Conversation,12843-026,415890965,no,Restricted - Possibly,"Source: George H.W. Bush Library, Bush Presidential Records, White House Office of Appointments and Scheduling Files, Presidential Daily Diary and Presidential Daily Backup Materials, [Presidential Daily Backup] 12/3/1990. Access restriction: Restricted - Possibly.",https://s3.amazonaws.com/NARAprodstorage/lz/presidential-libraries/bush/gb-whasf/Presidential_Daily_Diary_186322/1990/41-bpr-apts_sch-dd-12_03_90-12843-026_415890965.pdf,https://catalog.archives.gov/id/415890965
1990-12-03,12/3/1990,Presidential Daily Diary,[Presidential Daily Diary] 12/3/1990 [EMPTY],Brazil,Matched memcon/telcon date,,Memorandum of Conversation,12843-025,415890964,yes,Restricted - Possibly,"Source: George H.W. Bush Library, Bush Presidential Records, White House Office of Appointments and Scheduling Files, Presidential Daily Diary and Presidential Daily Backup Materials, [Presidential Daily Diary] 12/3/1990 [EMPTY]. Access restriction: Restricted - Possibly.",https://s3.amazonaws.com/NARAprodstorage/lz/presidential-libraries/bush/gb-whasf/Presidential_Daily_Diary_186322/1990/41-bpr-apts_sch-dd-12_03_90-12843-025_415890964.pdf,https://catalog.archives.gov/id/415890964
1990-12-04,12/4/1990,Presidential Daily Backup,[Presidential Daily Backup] 12/4/1990,"Argentina; Brazil; Chile; Paraguay; Uruguay",Matched memcon/telcon date,"Argentina; Brazil; Chile; Collor; Lacalle; Menem; Paraguay; Uruguay; Uruguayan",Memorandum of Conversation,12843-028,415890967,no,Restricted - Possibly,"Source: George H.W. Bush Library, Bush Presidential Records, White House Office of Appointments and Scheduling Files, Presidential Daily Diary and Presidential Daily Backup Materials, [Presidential Daily Backup] 12/4/1990. Access restriction: Restricted - Possibly.",https://s3.amazonaws.com/NARAprodstorage/lz/presidential-libraries/bush/gb-whasf/Presidential_Daily_Diary_186322/1990/41-bpr-apts_sch-dd-12_04_90-12843-028_415890967.pdf,https://catalog.archives.gov/id/415890967
1990-12-04,12/4/1990,Presidential Daily Diary,[Presidential Daily Diary] 12/4/1990 [EMPTY],Uruguay,Matched memcon/telcon date,,Memorandum of Conversation,12843-027,415890966,yes,Restricted - Possibly,"Source: George H.W. Bush Library, Bush Presidential Records, White House Office of Appointments and Scheduling Files, Presidential Daily Diary and Presidential Daily Backup Materials, [Presidential Daily Diary] 12/4/1990 [EMPTY]. Access restriction: Restricted - Possibly.",https://s3.amazonaws.com/NARAprodstorage/lz/presidential-libraries/bush/gb-whasf/Presidential_Daily_Diary_186322/1990/41-bpr-apts_sch-dd-12_04_90-12843-027_415890966.pdf,https://catalog.archives.gov/id/415890966
1990-12-05,12/5/1990,Presidential Daily Backup,[Presidential Daily Backup] 12/5/1990,"Argentina; Brazil; Chile; Paraguay; Uruguay; Venezuela",Matched memcon/telcon date,"Argentina; Argentine; Brazil; Chile; Lacalle; Menem; Paraguay; Uruguay; Uruguayan; Venezuela",Memorandum of Conversation,12844-002,415890969,no,Restricted - Possibly,"Source: George H.W. Bush Library, Bush Presidential Records, White House Office of Appointments and Scheduling Files, Presidential Daily Diary and Presidential Daily Backup Materials, [Presidential Daily Backup] 12/5/1990. Access restriction: Restricted - Possibly.",https://s3.amazonaws.com/NARAprodstorage/lz/presidential-libraries/bush/gb-whasf/Presidential_Daily_Diary_186322/1990/41-bpr-apts_sch-dd-12_05_90-12844-002_415890969.pdf,https://catalog.archives.gov/id/415890969
1990-12-05,12/5/1990,Presidential Daily Diary,[Presidential Daily Diary] 12/5/1990 [EMPTY],Argentina,Matched memcon/telcon date,,Memorandum of Conversation,12844-001,415890968,yes,Restricted - Possibly,"Source: George H.W. Bush Library, Bush Presidential Records, White House Office of Appointments and Scheduling Files, Presidential Daily Diary and Presidential Daily Backup Materials, [Presidential Daily Diary] 12/5/1990 [EMPTY]. Access restriction: Restricted - Possibly.",https://s3.amazonaws.com/NARAprodstorage/lz/presidential-libraries/bush/gb-whasf/Presidential_Daily_Diary_186322/1990/41-bpr-apts_sch-dd-12_05_90-12844-001_415890968.pdf,https://catalog.archives.gov/id/415890968
1990-12-06,12/6/1990,Presidential Daily Backup,[Presidential Daily Backup] 12/6/1990,"Argentina; Chile; Venezuela",Catalog search lead,"Argentina; Argentine; Aylwin; Chile; Chilean; Menem; Pinochet; Venezuela",,12844-004,415890971,no,Restricted - Possibly,"Source: George H.W. Bush Library, Bush Presidential Records, White House Office of Appointments and Scheduling Files, Presidential Daily Diary and Presidential Daily Backup Materials, [Presidential Daily Backup] 12/6/1990. Access restriction: Restricted - Possibly.",https://s3.amazonaws.com/NARAprodstorage/lz/presidential-libraries/bush/gb-whasf/Presidential_Daily_Diary_186322/1990/41-bpr-apts_sch-dd-12_06_90-12844-004_415890971.pdf,https://catalog.archives.gov/id/415890971
1990-12-07,12/7/1990,Presidential Daily Backup,[Presidential Daily Backup] 12/7/1990,"Chile; Venezuela",Catalog search lead,"Aylwin; Carlos Andres Perez; Chile; Chilean; Pinochet; Venezuela",,12844-006,415890973,no,Restricted - Possibly,"Source: George H.W. Bush Library, Bush Presidential Records, White House Office of Appointments and Scheduling Files, Presidential Daily Diary and Presidential Daily Backup Materials, [Presidential Daily Backup] 12/7/1990. Access restriction: Restricted - Possibly.",https://s3.amazonaws.com/NARAprodstorage/lz/presidential-libraries/bush/gb-whasf/Presidential_Daily_Diary_186322/1990/41-bpr-apts_sch-dd-12_07_90-12844-006_415890973.pdf,https://catalog.archives.gov/id/415890973
1990-12-08,12/8/1990,Presidential Daily Backup,[Presidential Daily Backup] 12/8/1990,"Argentina; Brazil; Chile; Uruguay; Venezuela",Matched memcon/telcon date,"Argentina; Argentine; Aylwin; Brazil; Brazilian; Carlos Andres Perez; Chile; Chilean; Collor; Lacalle; Menem; Uruguay; Venezuela; Venezuelan",Memorandum of Conversation,12844-008,415890975,no,Restricted - Possibly,"Source: George H.W. Bush Library, Bush Presidential Records, White House Office of Appointments and Scheduling Files, Presidential Daily Diary and Presidential Daily Backup Materials, [Presidential Daily Backup] 12/8/1990. Access restriction: Restricted - Possibly.",https://s3.amazonaws.com/NARAprodstorage/lz/presidential-libraries/bush/gb-whasf/Presidential_Daily_Diary_186322/1990/41-bpr-apts_sch-dd-12_08_90-12844-008_415890975.pdf,https://catalog.archives.gov/id/415890975
1990-12-08,12/8/1990,Presidential Daily Diary,[Presidential Daily Diary] 12/8/1990 [EMPTY],Venezuela,Matched memcon/telcon date,,Memorandum of Conversation,12844-007,415890974,yes,Restricted - Possibly,"Source: George H.W. Bush Library, Bush Presidential Records, White House Office of Appointments and Scheduling Files, Presidential Daily Diary and Presidential Daily Backup Materials, [Presidential Daily Diary] 12/8/1990 [EMPTY]. Access restriction: Restricted - Possibly.",https://s3.amazonaws.com/NARAprodstorage/lz/presidential-libraries/bush/gb-whasf/Presidential_Daily_Diary_186322/1990/41-bpr-apts_sch-dd-12_08_90-12844-007_415890974.pdf,https://catalog.archives.gov/id/415890974
1990-12-10,12/10/1990,Presidential Daily Backup,[Presidential Daily Backup] 12/10/1990,"Argentina; Chile",Catalog search lead,"Argentina; Chile",,12844-012,415890979,no,Restricted - Possibly,"Source: George H.W. Bush Library, Bush Presidential Records, White House Office of Appointments and Scheduling Files, Presidential Daily Diary and Presidential Daily Backup Materials, [Presidential Daily Backup] 12/10/1990. Access restriction: Restricted - Possibly.",https://s3.amazonaws.com/NARAprodstorage/lz/presidential-libraries/bush/gb-whasf/Presidential_Daily_Diary_186322/1990/41-bpr-apts_sch-dd-12_10_90-12844-012_415890979.pdf,https://catalog.archives.gov/id/415890979
1990-12-10,12/10/1990,Presidential Daily Diary,[Presidential Daily Diary] 12/10/1990,Chile,Catalog search lead,Chile,,12844-011,415890978,no,Restricted - Possibly,"Source: George H.W. Bush Library, Bush Presidential Records, White House Office of Appointments and Scheduling Files, Presidential Daily Diary and Presidential Daily Backup Materials, [Presidential Daily Diary] 12/10/1990. Access restriction: Restricted - Possibly.",https://s3.amazonaws.com/NARAprodstorage/lz/presidential-libraries/bush/gb-whasf/Presidential_Daily_Diary_186322/1990/41-bpr-apts_sch-dd-12_10_90-12844-011_415890978.pdf,https://catalog.archives.gov/id/415890978
1990-12-13,12/13/1990,Presidential Daily Backup,[Presidential Daily Backup] 12/13/1990,"Bolivia; Colombia; Peru",Catalog search lead,"Bolivia; Colombia; Peru",,12844-018,415890985,no,Restricted - Possibly,"Source: George H.W. Bush Library, Bush Presidential Records, White House Office of Appointments and Scheduling Files, Presidential Daily Diary and Presidential Daily Backup Materials, [Presidential Daily Backup] 12/13/1990. Access restriction: Restricted - Possibly.",https://s3.amazonaws.com/NARAprodstorage/lz/presidential-libraries/bush/gb-whasf/Presidential_Daily_Diary_186322/1990/41-bpr-apts_sch-dd-12_13_90-12844-018_415890985.pdf,https://catalog.archives.gov/id/415890985
1990-12-15,12/15/1990,Presidential Daily Backup,[Presidential Daily Backup] 12/15/1990,Argentina,Catalog search lead,"Argentina; Argentine",,12845-004,415890989,no,Restricted - Possibly,"Source: George H.W. Bush Library, Bush Presidential Records, White House Office of Appointments and Scheduling Files, Presidential Daily Diary and Presidential Daily Backup Materials, [Presidential Daily Backup] 12/15/1990. Access restriction: Restricted - Possibly.",https://s3.amazonaws.com/NARAprodstorage/lz/presidential-libraries/bush/gb-whasf/Presidential_Daily_Diary_186322/1990/41-bpr-apts_sch-dd-12_15_90-12845-004_415890989.pdf,https://catalog.archives.gov/id/415890989
1990-12-17,12/17/1990,Presidential Daily Backup,[Presidential Daily Backup] 12/17/1990,Argentina,Catalog search lead,Argentina,,12845-008,415890993,no,Restricted - Possibly,"Source: George H.W. Bush Library, Bush Presidential Records, White House Office of Appointments and Scheduling Files, Presidential Daily Diary and Presidential Daily Backup Materials, [Presidential Daily Backup] 12/17/1990. Access restriction: Restricted - Possibly.",https://s3.amazonaws.com/NARAprodstorage/lz/presidential-libraries/bush/gb-whasf/Presidential_Daily_Diary_186322/1990/41-bpr-apts_sch-dd-12_17_90-12845-008_415890993.pdf,https://catalog.archives.gov/id/415890993
1990-12-17,12/17/1990,Presidential Daily Diary,[Presidential Daily Diary] 12/17/1990,Argentina,Catalog search lead,Argentine,,12845-007,415890992,no,Restricted - Possibly,"Source: George H.W. Bush Library, Bush Presidential Records, White House Office of Appointments and Scheduling Files, Presidential Daily Diary and Presidential Daily Backup Materials, [Presidential Daily Diary] 12/17/1990. Access restriction: Restricted - Possibly.",https://s3.amazonaws.com/NARAprodstorage/lz/presidential-libraries/bush/gb-whasf/Presidential_Daily_Diary_186322/1990/41-bpr-apts_sch-dd-12_17_90-12845-007_415890992.pdf,https://catalog.archives.gov/id/415890992
1990-12-20,12/20/1990,Presidential Daily Backup,[Presidential Daily Backup] 12/20/1990,"Paraguay; Suriname",Catalog search lead,"Paraguay; Suriname",,12845-014,415890999,no,Restricted - Possibly,"Source: George H.W. Bush Library, Bush Presidential Records, White House Office of Appointments and Scheduling Files, Presidential Daily Diary and Presidential Daily Backup Materials, [Presidential Daily Backup] 12/20/1990. Access restriction: Restricted - Possibly.",https://s3.amazonaws.com/NARAprodstorage/lz/presidential-libraries/bush/gb-whasf/Presidential_Daily_Diary_186322/1990/41-bpr-apts_sch-dd-12_20_90-12845-014_415890999.pdf,https://catalog.archives.gov/id/415890999
1990-12-20,12/20/1990,Presidential Daily Diary,[Presidential Daily Diary] 12/20/1990,Suriname,Catalog search lead,Suriname,,12845-013,415890998,no,Restricted - Possibly,"Source: George H.W. Bush Library, Bush Presidential Records, White House Office of Appointments and Scheduling Files, Presidential Daily Diary and Presidential Daily Backup Materials, [Presidential Daily Diary] 12/20/1990. Access restriction: Restricted - Possibly.",https://s3.amazonaws.com/NARAprodstorage/lz/presidential-libraries/bush/gb-whasf/Presidential_Daily_Diary_186322/1990/41-bpr-apts_sch-dd-12_20_90-12845-013_415890998.pdf,https://catalog.archives.gov/id/415890998
1991-01-11,1/11/1991,Presidential Daily Backup,[Presidential Daily Backup] 1/11/1991,Uruguay,Catalog search lead,Uruguay,,12846-026,415891043,no,Restricted - Possibly,"Source: George H.W. Bush Library, Bush Presidential Records, White House Office of Appointments and Scheduling Files, Presidential Daily Diary and Presidential Daily Backup Materials, [Presidential Daily Backup] 1/11/1991. Access restriction: Restricted - Possibly.",https://s3.amazonaws.com/NARAprodstorage/lz/presidential-libraries/bush/gb-whasf/Presidential_Daily_Diary_186322/1991/41-bpr-apts_sch-dd-01_11_91-12846-026_415891043.pdf,https://catalog.archives.gov/id/415891043
1991-01-14,1/14/1991,Presidential Daily Backup,[Presidential Daily Backup] 1/14/1991,Argentina,Matched memcon/telcon date,"Argentina; Menem","Memorandum of a Telephone Conversation; Memorandum of Telephone Conversation",12846-032,415891049,no,Restricted - Possibly,"Source: George H.W. Bush Library, Bush Presidential Records, White House Office of Appointments and Scheduling Files, Presidential Daily Diary and Presidential Daily Backup Materials, [Presidential Daily Backup] 1/14/1991. Access restriction: Restricted - Possibly.",https://s3.amazonaws.com/NARAprodstorage/lz/presidential-libraries/bush/gb-whasf/Presidential_Daily_Diary_186322/1991/41-bpr-apts_sch-dd-01_14_91-12846-032_415891049.pdf,https://catalog.archives.gov/id/415891049
1991-01-14,1/14/1991,Presidential Daily Diary,[Presidential Daily Diary] 1/14/1991,Argentina,Matched memcon/telcon date,"Argentine; Menem","Memorandum of a Telephone Conversation; Memorandum of Telephone Conversation",12846-031,415891048,no,Restricted - Possibly,"Source: George H.W. Bush Library, Bush Presidential Records, White House Office of Appointments and Scheduling Files, Presidential Daily Diary and Presidential Daily Backup Materials, [Presidential Daily Diary] 1/14/1991. Access restriction: Restricted - Possibly.",https://s3.amazonaws.com/NARAprodstorage/lz/presidential-libraries/bush/gb-whasf/Presidential_Daily_Diary_186322/1991/41-bpr-apts_sch-dd-01_14_91-12846-031_415891048.pdf,https://catalog.archives.gov/id/415891048
1991-01-16,1/16/1991,Presidential Daily Backup,[Presidential Daily Backup] 1/16/1991,Uruguay,Matched memcon/telcon date,"Lacalle; Uruguay",Memorandum of Telephone Conversation,12847-002,415891053,no,Restricted - Possibly,"Source: George H.W. Bush Library, Bush Presidential Records, White House Office of Appointments and Scheduling Files, Presidential Daily Diary and Presidential Daily Backup Materials, [Presidential Daily Backup] 1/16/1991. Access restriction: Restricted - Possibly.",https://s3.amazonaws.com/NARAprodstorage/lz/presidential-libraries/bush/gb-whasf/Presidential_Daily_Diary_186322/1991/41-bpr-apts_sch-dd-01_16_91-12847-002_415891053.pdf,https://catalog.archives.gov/id/415891053
1991-01-16,1/16/1991,Presidential Daily Diary,[Presidential Daily Diary] 1/16/1991,Uruguay,Matched memcon/telcon date,"Lacalle; Uruguay",Memorandum of Telephone Conversation,12847-001,415891052,no,Restricted - Possibly,"Source: George H.W. Bush Library, Bush Presidential Records, White House Office of Appointments and Scheduling Files, Presidential Daily Diary and Presidential Daily Backup Materials, [Presidential Daily Diary] 1/16/1991. Access restriction: Restricted - Possibly.",https://s3.amazonaws.com/NARAprodstorage/lz/presidential-libraries/bush/gb-whasf/Presidential_Daily_Diary_186322/1991/41-bpr-apts_sch-dd-01_16_91-12847-001_415891052.pdf,https://catalog.archives.gov/id/415891052
1991-01-17,1/17/1991,Presidential Daily Backup,[Presidential Daily Backup] 1/17/1991,Venezuela,Catalog search lead,Venezuela,,12847-004,415891055,no,Restricted - Possibly,"Source: George H.W. Bush Library, Bush Presidential Records, White House Office of Appointments and Scheduling Files, Presidential Daily Diary and Presidential Daily Backup Materials, [Presidential Daily Backup] 1/17/1991. Access restriction: Restricted - Possibly.",https://s3.amazonaws.com/NARAprodstorage/lz/presidential-libraries/bush/gb-whasf/Presidential_Daily_Diary_186322/1991/41-bpr-apts_sch-dd-01_17_91-12847-004_415891055.pdf,https://catalog.archives.gov/id/415891055
1991-01-19,1/19/1991,Presidential Daily Backup,[Presidential Daily Backup] 1/19/1991,Argentina,Matched memcon/telcon date,"Argentina; Menem","Memorandum of a Telephone Conversation; Memorandum of Telephone Conversation",12847-008,415891059,no,Restricted - Possibly,"Source: George H.W. Bush Library, Bush Presidential Records, White House Office of Appointments and Scheduling Files, Presidential Daily Diary and Presidential Daily Backup Materials, [Presidential Daily Backup] 1/19/1991. Access restriction: Restricted - Possibly.",https://s3.amazonaws.com/NARAprodstorage/lz/presidential-libraries/bush/gb-whasf/Presidential_Daily_Diary_186322/1991/41-bpr-apts_sch-dd-01_19_91-12847-008_415891059.pdf,https://catalog.archives.gov/id/415891059
1991-01-19,1/19/1991,Presidential Daily Diary,[Presidential Daily Diary] 1/19/1991,Argentina,Matched memcon/telcon date,"Argentine; Menem","Memorandum of a Telephone Conversation; Memorandum of Telephone Conversation",12847-007,415891058,no,Restricted - Possibly,"Source: George H.W. Bush Library, Bush Presidential Records, White House Office of Appointments and Scheduling Files, Presidential Daily Diary and Presidential Daily Backup Materials, [Presidential Daily Diary] 1/19/1991. Access restriction: Restricted - Possibly.",https://s3.amazonaws.com/NARAprodstorage/opastorage/live/25/1863/186325/content/arcmedia/media/images/40/19/40-1892a.gif,https://catalog.archives.gov/id/415891058
1991-01-25,1/25/1991,Presidential Daily Backup,[Presidential Daily Backup] 1/25/1991,Brazil,Catalog search lead,Brazil,,12847-020,415891071,no,Restricted - Possibly,"Source: George H.W. Bush Library, Bush Presidential Records, White House Office of Appointments and Scheduling Files, Presidential Daily Diary and Presidential Daily Backup Materials, [Presidential Daily Backup] 1/25/1991. Access restriction: Restricted - Possibly.",https://s3.amazonaws.com/NARAprodstorage/lz/presidential-libraries/bush/gb-whasf/Presidential_Daily_Diary_186322/1991/41-bpr-apts_sch-dd-01_25_91-12847-020_415891071.pdf,https://catalog.archives.gov/id/415891071
1991-01-31,1/31/1991,Presidential Daily Backup,[Presidential Daily Backup] 1/31/1991,Paraguay,Matched memcon/telcon date,Paraguay,Memorandum of Telephone Conversation,12847-032,415891083,no,Restricted - Possibly,"Source: George H.W. Bush Library, Bush Presidential Records, White House Office of Appointments and Scheduling Files, Presidential Daily Diary and Presidential Daily Backup Materials, [Presidential Daily Backup] 1/31/1991. Access restriction: Restricted - Possibly.",https://s3.amazonaws.com/NARAprodstorage/lz/presidential-libraries/bush/gb-whasf/Presidential_Daily_Diary_186322/1991/41-bpr-apts_sch-dd-01_31_91-12847-032_415891083.pdf,https://catalog.archives.gov/id/415891083
1991-01-31,1/31/1991,Presidential Daily Diary,[Presidential Daily Diary] 1/31/1991,Paraguay,Matched memcon/telcon date,Paraguay,Memorandum of Telephone Conversation,12847-031,415891082,no,Restricted - Possibly,"Source: George H.W. Bush Library, Bush Presidential Records, White House Office of Appointments and Scheduling Files, Presidential Daily Diary and Presidential Daily Backup Materials, [Presidential Daily Diary] 1/31/1991. Access restriction: Restricted - Possibly.",https://s3.amazonaws.com/NARAprodstorage/opastorage/live/37/1863/186337/content/arcmedia/media/images/40/20/40-1995a.gif,https://catalog.archives.gov/id/415891082
1991-02-08,2/8/1991,Presidential Daily Backup,[Presidential Daily Backup] 2/8/1991,"Argentina; Venezuela",Matched memcon/telcon date,"Argentina; Argentine; Carlos Andres Perez; Menem; Venezuela","Memorandum of a Telephone Conversation; Memorandum of Conversation; Memorandum of Telephone Conversation",12848-016,415891099,no,Restricted - Possibly,"Source: George H.W. Bush Library, Bush Presidential Records, White House Office of Appointments and Scheduling Files, Presidential Daily Diary and Presidential Daily Backup Materials, [Presidential Daily Backup] 2/8/1991. Access restriction: Restricted - Possibly.",https://s3.amazonaws.com/NARAprodstorage/lz/presidential-libraries/bush/gb-whasf/Presidential_Daily_Diary_186322/1991/41-bpr-apts_sch-dd-02_08_91-12848-016_415891099.pdf,https://catalog.archives.gov/id/415891099
1991-02-08,2/8/1991,Presidential Daily Diary,[Presidential Daily Diary] 2/8/1991,"Argentina; Venezuela",Matched memcon/telcon date,"Argentina; Argentine; Carlos Andres Perez; Menem; Venezuela","Memorandum of a Telephone Conversation; Memorandum of Conversation; Memorandum of Telephone Conversation",12848-015,415891098,no,Restricted - Possibly,"Source: George H.W. Bush Library, Bush Presidential Records, White House Office of Appointments and Scheduling Files, Presidential Daily Diary and Presidential Daily Backup Materials, [Presidential Daily Diary] 2/8/1991. Access restriction: Restricted - Possibly.",https://s3.amazonaws.com/NARAprodstorage/opastorage/live/45/1863/186345/content/arcmedia/media/images/40/21/40-2097a.gif,https://catalog.archives.gov/id/415891098
1991-02-14,2/14/1991,Presidential Daily Backup,[Presidential Daily Backup] 2/14/1991,Peru,Catalog search lead,Peru,,12848-028,415891111,no,Restricted - Possibly,"Source: George H.W. Bush Library, Bush Presidential Records, White House Office of Appointments and Scheduling Files, Presidential Daily Diary and Presidential Daily Backup Materials, [Presidential Daily Backup] 2/14/1991. Access restriction: Restricted - Possibly.",https://s3.amazonaws.com/NARAprodstorage/lz/presidential-libraries/bush/gb-whasf/Presidential_Daily_Diary_186322/1991/41-bpr-apts_sch-dd-02_14_91-12848-028_415891111.pdf,https://catalog.archives.gov/id/415891111
1991-02-19,2/19/1991,Presidential Daily Backup,[Presidential Daily Backup] 2/19/1991,"Brazil; Colombia",Catalog search lead,"Brazil; Colombia; Colombian",,12849-010,415891121,no,Restricted - Possibly,"Source: George H.W. Bush Library, Bush Presidential Records, White House Office of Appointments and Scheduling Files, Presidential Daily Diary and Presidential Daily Backup Materials, [Presidential Daily Backup] 2/19/1991. Access restriction: Restricted - Possibly.",https://s3.amazonaws.com/NARAprodstorage/lz/presidential-libraries/bush/gb-whasf/Presidential_Daily_Diary_186322/1991/41-bpr-apts_sch-dd-02_19_91-12849-010_415891121.pdf,https://catalog.archives.gov/id/415891121
1991-02-19,2/19/1991,Presidential Daily Diary,[Presidential Daily Diary] 2/19/1991,Brazil,Catalog search lead,Brazil,,12849-009,415891120,no,Restricted - Possibly,"Source: George H.W. Bush Library, Bush Presidential Records, White House Office of Appointments and Scheduling Files, Presidential Daily Diary and Presidential Daily Backup Materials, [Presidential Daily Diary] 2/19/1991. Access restriction: Restricted - Possibly.",https://s3.amazonaws.com/NARAprodstorage/opastorage/live/56/1863/186356/content/arcmedia/media/images/40/22/40-2184a.gif,https://catalog.archives.gov/id/415891120
1991-02-20,2/20/1991,Presidential Daily Backup,[Presidential Daily Backup] 2/20/1991,"Paraguay; Peru",Catalog search lead,"Alan Garcia; Andres Rodriguez",,12849-012,415891123,no,Restricted - Possibly,"Source: George H.W. Bush Library, Bush Presidential Records, White House Office of Appointments and Scheduling Files, Presidential Daily Diary and Presidential Daily Backup Materials, [Presidential Daily Backup] 2/20/1991. Access restriction: Restricted - Possibly.",https://s3.amazonaws.com/NARAprodstorage/lz/presidential-libraries/bush/gb-whasf/Presidential_Daily_Diary_186322/1991/41-bpr-apts_sch-dd-02_20_91-12849-012_415891123.pdf,https://catalog.archives.gov/id/415891123
1991-02-26,2/26/1991,Presidential Daily Backup,[Presidential Daily Backup] 2/26/1991,"Colombia; Paraguay; Uruguay",Matched memcon/telcon date,"Andres Rodriguez; Barco; Colombia; Colombian; Gaviria; Uruguay",Memorandum of Conversation,12850-002,415891135,no,Restricted - Possibly,"Source: George H.W. Bush Library, Bush Presidential Records, White House Office of Appointments and Scheduling Files, Presidential Daily Diary and Presidential Daily Backup Materials, [Presidential Daily Backup] 2/26/1991. Access restriction: Restricted - Possibly.",https://s3.amazonaws.com/NARAprodstorage/lz/presidential-libraries/bush/gb-whasf/Presidential_Daily_Diary_186322/1991/41-bpr-apts_sch-dd-02_26_91-12850-002_415891135.pdf,https://catalog.archives.gov/id/415891135
1991-02-26,2/26/1991,Presidential Daily Diary,[Presidential Daily Diary] 2/26/1991,Colombia,Matched memcon/telcon date,Gaviria,Memorandum of Conversation,12850-001,415891134,no,Restricted - Possibly,"Source: George H.W. Bush Library, Bush Presidential Records, White House Office of Appointments and Scheduling Files, Presidential Daily Diary and Presidential Daily Backup Materials, [Presidential Daily Diary] 2/26/1991. Access restriction: Restricted - Possibly.",https://s3.amazonaws.com/NARAprodstorage/opastorage/live/62/1863/186362/content/arcmedia/media/images/40/23/40-2260a.gif,https://catalog.archives.gov/id/415891134
1991-02-27,2/27/1991,Presidential Daily Backup,[Presidential Daily Backup] 2/27/1991,"Colombia; Peru",Catalog search lead,"Gaviria; Peru",,12850-004,415891137,no,Restricted - Possibly,"Source: George H.W. Bush Library, Bush Presidential Records, White House Office of Appointments and Scheduling Files, Presidential Daily Diary and Presidential Daily Backup Materials, [Presidential Daily Backup] 2/27/1991. Access restriction: Restricted - Possibly.",https://s3.amazonaws.com/NARAprodstorage/lz/presidential-libraries/bush/gb-whasf/Presidential_Daily_Diary_186322/1991/41-bpr-apts_sch-dd-02_27_91-12850-004_415891137.pdf,https://catalog.archives.gov/id/415891137
1991-03-04,3/4/1991,Presidential Daily Backup,[Presidential Daily Backup] 3/4/1991,Argentina,Matched memcon/telcon date,"Argentina; Menem","Memorandum of a Telephone Conversation; Memorandum of Telephone Conversation",12850-014,415891147,no,Restricted - Possibly,"Source: George H.W. Bush Library, Bush Presidential Records, White House Office of Appointments and Scheduling Files, Presidential Daily Diary and Presidential Daily Backup Materials, [Presidential Daily Backup] 3/4/1991. Access restriction: Restricted - Possibly.",https://s3.amazonaws.com/NARAprodstorage/lz/presidential-libraries/bush/gb-whasf/Presidential_Daily_Diary_186322/1991/41-bpr-apts_sch-dd-03_04_91-12850-014_415891147.pdf,https://catalog.archives.gov/id/415891147
1991-03-04,3/4/1991,Presidential Daily Diary,[Presidential Daily Diary] 3/4/1991,Argentina,Matched memcon/telcon date,"Argentine; Menem","Memorandum of a Telephone Conversation; Memorandum of Telephone Conversation",12850-013,415891146,no,Restricted - Possibly,"Source: George H.W. Bush Library, Bush Presidential Records, White House Office of Appointments and Scheduling Files, Presidential Daily Diary and Presidential Daily Backup Materials, [Presidential Daily Diary] 3/4/1991. Access restriction: Restricted - Possibly.",https://s3.amazonaws.com/NARAprodstorage/lz/presidential-libraries/bush/gb-whasf/Presidential_Daily_Diary_186322/1991/41-bpr-apts_sch-dd-03_04_91-12850-013_415891146.pdf,https://catalog.archives.gov/id/415891146
1991-03-05,3/5/1991,Presidential Daily Backup,[Presidential Daily Backup] 3/5/1991,Uruguay,Catalog search lead,Uruguay,,12850-016,415891149,no,Restricted - Possibly,"Source: George H.W. Bush Library, Bush Presidential Records, White House Office of Appointments and Scheduling Files, Presidential Daily Diary and Presidential Daily Backup Materials, [Presidential Daily Backup] 3/5/1991. Access restriction: Restricted - Possibly.",https://s3.amazonaws.com/NARAprodstorage/lz/presidential-libraries/bush/gb-whasf/Presidential_Daily_Diary_186322/1991/41-bpr-apts_sch-dd-03_05_91-12850-016_415891149.pdf,https://catalog.archives.gov/id/415891149
1991-03-19,3/19/1991,Presidential Daily Backup,[Presidential Daily Backup] 3/19/1991,"Paraguay; Peru; Uruguay; Venezuela",Catalog search lead,"Alan Garcia; Andres Rodriguez; Carlos Andres Perez; Uruguay",,12851-022,415891177,no,Restricted - Possibly,"Source: George H.W. Bush Library, Bush Presidential Records, White House Office of Appointments and Scheduling Files, Presidential Daily Diary and Presidential Daily Backup Materials, [Presidential Daily Backup] 3/19/1991. Access restriction: Restricted - Possibly.",https://s3.amazonaws.com/NARAprodstorage/lz/presidential-libraries/bush/gb-whasf/Presidential_Daily_Diary_186322/1991/41-bpr-apts_sch-dd-03_19_91-12851-022_415891177.pdf,https://catalog.archives.gov/id/415891177
1991-04-04,4/4/1991,Presidential Daily Backup,[Presidential Daily Backup] 4/4/1991,Peru,Catalog search lead,Alan Garcia,,12853-002,415891209,no,Restricted - Possibly,"Source: George H.W. Bush Library, Bush Presidential Records, White House Office of Appointments and Scheduling Files, Presidential Daily Diary and Presidential Daily Backup Materials, [Presidential Daily Backup] 4/4/1991. Access restriction: Restricted - Possibly.",https://s3.amazonaws.com/NARAprodstorage/lz/presidential-libraries/bush/gb-whasf/Presidential_Daily_Diary_186322/1991/41-bpr-apts_sch-dd-04_04_91-12853-002_415891209.pdf,https://catalog.archives.gov/id/415891209
1991-04-05,4/5/1991,Presidential Daily Backup,[Presidential Daily Backup] 4/5/1991,Peru,Catalog search lead,Alan Garcia,,12853-004,415891211,no,Restricted - Possibly,"Source: George H.W. Bush Library, Bush Presidential Records, White House Office of Appointments and Scheduling Files, Presidential Daily Diary and Presidential Daily Backup Materials, [Presidential Daily Backup] 4/5/1991. Access restriction: Restricted - Possibly.",https://s3.amazonaws.com/NARAprodstorage/lz/presidential-libraries/bush/gb-whasf/Presidential_Daily_Diary_186322/1991/41-bpr-apts_sch-dd-04_05_91-12853-004_415891211.pdf,https://catalog.archives.gov/id/415891211
1991-04-08,4/8/1991,Presidential Daily Backup,[Presidential Daily Backup] 4/8/1991,Peru,Catalog search lead,Alan Garcia,,12853-010,415891217,no,Restricted - Possibly,"Source: George H.W. Bush Library, Bush Presidential Records, White House Office of Appointments and Scheduling Files, Presidential Daily Diary and Presidential Daily Backup Materials, [Presidential Daily Backup] 4/8/1991. Access restriction: Restricted - Possibly.",https://s3.amazonaws.com/NARAprodstorage/lz/presidential-libraries/bush/gb-whasf/Presidential_Daily_Diary_186322/1991/41-bpr-apts_sch-dd-04_08_91-12853-010_415891217.pdf,https://catalog.archives.gov/id/415891217
1991-04-09,4/9/1991,Presidential Daily Backup,[Presidential Daily Backup] 4/9/1991,"Uruguay; Venezuela",Matched memcon/telcon date,"Carlos Andres Perez; Uruguay",Memorandum of Telephone Conversation,12853-012,415891219,no,Restricted - Possibly,"Source: George H.W. Bush Library, Bush Presidential Records, White House Office of Appointments and Scheduling Files, Presidential Daily Diary and Presidential Daily Backup Materials, [Presidential Daily Backup] 4/9/1991. Access restriction: Restricted - Possibly.",https://s3.amazonaws.com/NARAprodstorage/lz/presidential-libraries/bush/gb-whasf/Presidential_Daily_Diary_186322/1991/41-bpr-apts_sch-dd-04_09_91-12853-012_415891219.pdf,https://catalog.archives.gov/id/415891219
1991-04-09,4/9/1991,Presidential Daily Diary,[Presidential Daily Diary] 4/9/1991,Venezuela,Matched memcon/telcon date,"Carlos Andres Perez; Venezuela",Memorandum of Telephone Conversation,12853-011,415891218,no,Restricted - Possibly,"Source: George H.W. Bush Library, Bush Presidential Records, White House Office of Appointments and Scheduling Files, Presidential Daily Diary and Presidential Daily Backup Materials, [Presidential Daily Diary] 4/9/1991. Access restriction: Restricted - Possibly.",https://s3.amazonaws.com/NARAprodstorage/lz/presidential-libraries/bush/gb-whasf/Presidential_Daily_Diary_186322/1991/41-bpr-apts_sch-dd-04_09_91-12853-011_415891218.pdf,https://catalog.archives.gov/id/415891218
1991-04-10,4/10/1991,Presidential Daily Backup,[Presidential Daily Backup] 4/10/1991,Peru,Catalog search lead,Alan Garcia,,12854-002,415891221,no,Restricted - Possibly,"Source: George H.W. Bush Library, Bush Presidential Records, White House Office of Appointments and Scheduling Files, Presidential Daily Diary and Presidential Daily Backup Materials, [Presidential Daily Backup] 4/10/1991. Access restriction: Restricted - Possibly.",https://s3.amazonaws.com/NARAprodstorage/lz/presidential-libraries/bush/gb-whasf/Presidential_Daily_Diary_186322/1991/41-bpr-apts_sch-dd-04_10_91-12854-002_415891221.pdf,https://catalog.archives.gov/id/415891221
1991-04-11,4/11/1991,Presidential Daily Backup,[Presidential Daily Backup] 4/11/1991,"Argentina; Peru; Uruguay",Catalog search lead,"Argentina; Argentine; Fujimori; Menem; Peru; Uruguay",,12854-004,415891223,no,Restricted - Possibly,"Source: George H.W. Bush Library, Bush Presidential Records, White House Office of Appointments and Scheduling Files, Presidential Daily Diary and Presidential Daily Backup Materials, [Presidential Daily Backup] 4/11/1991. Access restriction: Restricted - Possibly.",https://s3.amazonaws.com/NARAprodstorage/lz/presidential-libraries/bush/gb-whasf/Presidential_Daily_Diary_186322/1991/41-bpr-apts_sch-dd-04_11_91-12854-004_415891223.pdf,https://catalog.archives.gov/id/415891223
1991-04-11,4/11/1991,Presidential Daily Diary,[Presidential Daily Diary] 4/11/1991,"Argentina; Peru",Catalog search lead,"Argentine; Peru",,12854-003,415891222,no,Restricted - Possibly,"Source: George H.W. Bush Library, Bush Presidential Records, White House Office of Appointments and Scheduling Files, Presidential Daily Diary and Presidential Daily Backup Materials, [Presidential Daily Diary] 4/11/1991. Access restriction: Restricted - Possibly.",https://s3.amazonaws.com/NARAprodstorage/lz/presidential-libraries/bush/gb-whasf/Presidential_Daily_Diary_186322/1991/41-bpr-apts_sch-dd-04_11_91-12854-003_415891222.pdf,https://catalog.archives.gov/id/415891222
1991-04-12,4/12/1991,Presidential Daily Backup,[Presidential Daily Backup] 4/12/1991,"Argentina; Peru",Catalog search lead,"Alan Garcia; Argentine",,12854-006,415891225,no,Restricted - Possibly,"Source: George H.W. Bush Library, Bush Presidential Records, White House Office of Appointments and Scheduling Files, Presidential Daily Diary and Presidential Daily Backup Materials, [Presidential Daily Backup] 4/12/1991. Access restriction: Restricted - Possibly.",https://s3.amazonaws.com/NARAprodstorage/lz/presidential-libraries/bush/gb-whasf/Presidential_Daily_Diary_186322/1991/41-bpr-apts_sch-dd-04_12_91-12854-006_415891225.pdf,https://catalog.archives.gov/id/415891225
1991-04-12,4/12/1991,Presidential Daily Diary,[Presidential Daily Diary] 4/12/1991,Argentina,Catalog search lead,Argentine,,12854-005,415891224,no,Restricted - Possibly,"Source: George H.W. Bush Library, Bush Presidential Records, White House Office of Appointments and Scheduling Files, Presidential Daily Diary and Presidential Daily Backup Materials, [Presidential Daily Diary] 4/12/1991. Access restriction: Restricted - Possibly.",https://s3.amazonaws.com/NARAprodstorage/lz/presidential-libraries/bush/gb-whasf/Presidential_Daily_Diary_186322/1991/41-bpr-apts_sch-dd-04_12_91-12854-005_415891224.pdf,https://catalog.archives.gov/id/415891224
1991-04-15,4/15/1991,Presidential Daily Backup,[Presidential Daily Backup] 4/15/1991,Uruguay,Catalog search lead,Uruguay,,12854-012,415891231,no,Restricted - Possibly,"Source: George H.W. Bush Library, Bush Presidential Records, White House Office of Appointments and Scheduling Files, Presidential Daily Diary and Presidential Daily Backup Materials, [Presidential Daily Backup] 4/15/1991. Access restriction: Restricted - Possibly.",https://s3.amazonaws.com/NARAprodstorage/lz/presidential-libraries/bush/gb-whasf/Presidential_Daily_Diary_186322/1991/41-bpr-apts_sch-dd-04_15_91-12854-012_415891231.pdf,https://catalog.archives.gov/id/415891231
1991-04-17,4/17/1991,Presidential Daily Backup,[Presidential Daily Backup] 4/17/1991,Peru,Catalog search lead,Alan Garcia,,12854-016,415891235,no,Restricted - Possibly,"Source: George H.W. Bush Library, Bush Presidential Records, White House Office of Appointments and Scheduling Files, Presidential Daily Diary and Presidential Daily Backup Materials, [Presidential Daily Backup] 4/17/1991. Access restriction: Restricted - Possibly.",https://s3.amazonaws.com/NARAprodstorage/lz/presidential-libraries/bush/gb-whasf/Presidential_Daily_Diary_186322/1991/41-bpr-apts_sch-dd-04_17_91-12854-016_415891235.pdf,https://catalog.archives.gov/id/415891235
1991-04-20,4/20/1991,Presidential Daily Backup,[Presidential Daily Backup] 4/20/1991,Venezuela,Matched memcon/telcon date,Venezuela,Memorandum of Telephone Conversation,12855-002,415891241,no,Restricted - Possibly,"Source: George H.W. Bush Library, Bush Presidential Records, White House Office of Appointments and Scheduling Files, Presidential Daily Diary and Presidential Daily Backup Materials, [Presidential Daily Backup] 4/20/1991. Access restriction: Restricted - Possibly.",https://s3.amazonaws.com/NARAprodstorage/lz/presidential-libraries/bush/gb-whasf/Presidential_Daily_Diary_186322/1991/41-bpr-apts_sch-dd-04_20_91-12855-002_415891241.pdf,https://catalog.archives.gov/id/415891241
1991-04-20,4/20/1991,Presidential Daily Diary,[Presidential Daily Diary] 4/20/1991,Venezuela,Matched memcon/telcon date,Venezuela,Memorandum of Telephone Conversation,12855-001,415891240,no,Restricted - Possibly,"Source: George H.W. Bush Library, Bush Presidential Records, White House Office of Appointments and Scheduling Files, Presidential Daily Diary and Presidential Daily Backup Materials, [Presidential Daily Diary] 4/20/1991. Access restriction: Restricted - Possibly.",https://s3.amazonaws.com/NARAprodstorage/lz/presidential-libraries/bush/gb-whasf/Presidential_Daily_Diary_186322/1991/41-bpr-apts_sch-dd-04_20_91-12855-001_415891240.pdf,https://catalog.archives.gov/id/415891240
1991-04-23,4/23/1991,Presidential Daily Backup,[Presidential Daily Backup] 4/23/1991,Peru,Catalog search lead,Alan Garcia,,12855-008,415891247,no,Restricted - Possibly,"Source: George H.W. Bush Library, Bush Presidential Records, White House Office of Appointments and Scheduling Files, Presidential Daily Diary and Presidential Daily Backup Materials, [Presidential Daily Backup] 4/23/1991. Access restriction: Restricted - Possibly.",https://s3.amazonaws.com/NARAprodstorage/lz/presidential-libraries/bush/gb-whasf/Presidential_Daily_Diary_186322/1991/41-bpr-apts_sch-dd-04_23_91-12855-008_415891247.pdf,https://catalog.archives.gov/id/415891247
1991-04-29,4/29/1991,Presidential Daily Backup,[Presidential Daily Backup] 4/29/1991,Uruguay,Catalog search lead,Uruguay,,12855-020,415891259,no,Restricted - Possibly,"Source: George H.W. Bush Library, Bush Presidential Records, White House Office of Appointments and Scheduling Files, Presidential Daily Diary and Presidential Daily Backup Materials, [Presidential Daily Backup] 4/29/1991. Access restriction: Restricted - Possibly.",https://s3.amazonaws.com/NARAprodstorage/lz/presidential-libraries/bush/gb-whasf/Presidential_Daily_Diary_186322/1991/41-bpr-apts_sch-dd-04_27_91-12855-020_415891259.pdf,https://catalog.archives.gov/id/415891259
1991-05-01,5/1/1991,Presidential Daily Backup,[Presidential Daily Backup] 5/1/1991,Uruguay,Catalog search lead,Uruguay,,12856-002,415891263,no,Restricted - Possibly,"Source: George H.W. Bush Library, Bush Presidential Records, White House Office of Appointments and Scheduling Files, Presidential Daily Diary and Presidential Daily Backup Materials, [Presidential Daily Backup] 5/1/1991. Access restriction: Restricted - Possibly.",https://s3.amazonaws.com/NARAprodstorage/lz/presidential-libraries/bush/gb-whasf/Presidential_Daily_Diary_186322/1991/41-bpr-apts_sch-dd-05_02_91-12856-002_415891263.pdf,https://catalog.archives.gov/id/415891263
1991-05-03,5/3/1991,Presidential Daily Backup,[Presidential Daily Backup] 5/3/1991,"Paraguay; Venezuela",Matched memcon/telcon date,"Andres Rodriguez; Carlos Andres Perez; Venezuela; Venezuelan",Memorandum of Conversation,12856-006,415891267,no,Restricted - Possibly,"Source: George H.W. Bush Library, Bush Presidential Records, White House Office of Appointments and Scheduling Files, Presidential Daily Diary and Presidential Daily Backup Materials, [Presidential Daily Backup] 5/3/1991. Access restriction: Restricted - Possibly.",https://s3.amazonaws.com/NARAprodstorage/lz/presidential-libraries/bush/gb-whasf/Presidential_Daily_Diary_186322/1991/41-bpr-apts_sch-dd-05_02_91-12856-006_415891267.pdf,https://catalog.archives.gov/id/415891267
1991-05-03,5/3/1991,Presidential Daily Diary,[Presidential Daily Diary] 5/3/1991,Venezuela,Matched memcon/telcon date,"Carlos Andres Perez; Venezuela",Memorandum of Conversation,12856-005,415891266,no,Restricted - Possibly,"Source: George H.W. Bush Library, Bush Presidential Records, White House Office of Appointments and Scheduling Files, Presidential Daily Diary and Presidential Daily Backup Materials, [Presidential Daily Diary] 5/3/1991. Access restriction: Restricted - Possibly.",https://s3.amazonaws.com/NARAprodstorage/lz/presidential-libraries/bush/gb-whasf/Presidential_Daily_Diary_186322/1991/41-bpr-apts_sch-dd-05_02_91-12856-005_415891266.pdf,https://catalog.archives.gov/id/415891266
1991-05-04,5/4/1991,Presidential Daily Backup,[Presidential Daily Backup] 5/4/1991,Peru,Catalog search lead,Alan Garcia,,12856-008,415891269,no,Restricted - Possibly,"Source: George H.W. Bush Library, Bush Presidential Records, White House Office of Appointments and Scheduling Files, Presidential Daily Diary and Presidential Daily Backup Materials, [Presidential Daily Backup] 5/4/1991. Access restriction: Restricted - Possibly.",https://s3.amazonaws.com/NARAprodstorage/lz/presidential-libraries/bush/gb-whasf/Presidential_Daily_Diary_186322/1991/41-bpr-apts_sch-dd-05_04_91-12856-008_415891269.pdf,https://catalog.archives.gov/id/415891269
1991-05-07,5/7/1991,Presidential Daily Backup,[Presidential Daily Backup] 5/7/1991,"Argentina; Venezuela",Catalog search lead,"Argentina; Carlos Andres Perez",,12856-014,415891275,no,Restricted - Possibly,"Source: George H.W. Bush Library, Bush Presidential Records, White House Office of Appointments and Scheduling Files, Presidential Daily Diary and Presidential Daily Backup Materials, [Presidential Daily Backup] 5/7/1991. Access restriction: Restricted - Possibly.",https://s3.amazonaws.com/NARAprodstorage/lz/presidential-libraries/bush/gb-whasf/Presidential_Daily_Diary_186322/1991/41-bpr-apts_sch-dd-05_07_91-12856-014_415891275.pdf,https://catalog.archives.gov/id/415891275
1991-05-09,5/9/1991,Presidential Daily Backup,[Presidential Daily Backup] 5/9/1991,Argentina,Catalog search lead,Argentina,,12857-004,415891279,no,Restricted - Possibly,"Source: George H.W. Bush Library, Bush Presidential Records, White House Office of Appointments and Scheduling Files, Presidential Daily Diary and Presidential Daily Backup Materials, [Presidential Daily Backup] 5/9/1991. Access restriction: Restricted - Possibly.",https://s3.amazonaws.com/NARAprodstorage/lz/presidential-libraries/bush/gb-whasf/Presidential_Daily_Diary_186322/1991/41-bpr-apts_sch-dd-05_09_91-12857-004_415891279.pdf,https://catalog.archives.gov/id/415891279
1991-05-15,5/15/1991,Presidential Daily Backup,[Presidential Daily Backup] 5/15/1991,Peru,Catalog search lead,Alan Garcia,,12857-016,415891291,no,Restricted - Possibly,"Source: George H.W. Bush Library, Bush Presidential Records, White House Office of Appointments and Scheduling Files, Presidential Daily Diary and Presidential Daily Backup Materials, [Presidential Daily Backup] 5/15/1991. Access restriction: Restricted - Possibly.",https://s3.amazonaws.com/NARAprodstorage/lz/presidential-libraries/bush/gb-whasf/Presidential_Daily_Diary_186322/1991/41-bpr-apts_sch-dd-05_15_91-12857-016_415891291.pdf,https://catalog.archives.gov/id/415891291
1991-05-16,5/16/1991,Presidential Daily Backup,[Presidential Daily Backup] 5/16/1991,"Chile; Paraguay; Uruguay",Catalog search lead,"Chile; Paraguay; Uruguay",,12857-018,415891293,no,Restricted - Possibly,"Source: George H.W. Bush Library, Bush Presidential Records, White House Office of Appointments and Scheduling Files, Presidential Daily Diary and Presidential Daily Backup Materials, [Presidential Daily Backup] 5/16/1991. Access restriction: Restricted - Possibly.",https://s3.amazonaws.com/NARAprodstorage/lz/presidential-libraries/bush/gb-whasf/Presidential_Daily_Diary_186322/1991/41-bpr-apts_sch-dd-05_16_91-12857-018_415891293.pdf,https://catalog.archives.gov/id/415891293
1991-05-21,5/21/1991,Presidential Daily Backup,[Presidential Daily Backup] 5/21/1991,"Brazil; Uruguay",Matched memcon/telcon date,"Brazil; Lacalle; Uruguay; Uruguayan",Memorandum of Conversation,12858-008,415891303,no,Restricted - Possibly,"Source: George H.W. Bush Library, Bush Presidential Records, White House Office of Appointments and Scheduling Files, Presidential Daily Diary and Presidential Daily Backup Materials, [Presidential Daily Backup] 5/21/1991. Access restriction: Restricted - Possibly.",https://s3.amazonaws.com/NARAprodstorage/lz/presidential-libraries/bush/gb-whasf/Presidential_Daily_Diary_186322/1991/41-bpr-apts_sch-dd-05_21_91-12858-008_415891303.pdf,https://catalog.archives.gov/id/415891303
1991-05-21,5/21/1991,Presidential Daily Diary,[Presidential Daily Diary] 5/21/1991,Uruguay,Matched memcon/telcon date,"Lacalle; Uruguay",Memorandum of Conversation,12858-007,415891302,no,Restricted - Possibly,"Source: George H.W. Bush Library, Bush Presidential Records, White House Office of Appointments and Scheduling Files, Presidential Daily Diary and Presidential Daily Backup Materials, [Presidential Daily Diary] 5/21/1991. Access restriction: Restricted - Possibly.",https://s3.amazonaws.com/NARAprodstorage/lz/presidential-libraries/bush/gb-whasf/Presidential_Daily_Diary_186322/1991/41-bpr-apts_sch-dd-05_21_91-12858-007_415891302.pdf,https://catalog.archives.gov/id/415891302
1991-05-22,5/22/1991,Presidential Daily Backup,[Presidential Daily Backup] 5/22/1991,Uruguay,Catalog search lead,Lacalle,,12858-010,415891305,no,Restricted - Possibly,"Source: George H.W. Bush Library, Bush Presidential Records, White House Office of Appointments and Scheduling Files, Presidential Daily Diary and Presidential Daily Backup Materials, [Presidential Daily Backup] 5/22/1991. Access restriction: Restricted - Possibly.",https://s3.amazonaws.com/NARAprodstorage/lz/presidential-libraries/bush/gb-whasf/Presidential_Daily_Diary_186322/1991/41-bpr-apts_sch-dd-05_22_91-12858-010_415891305.pdf,https://catalog.archives.gov/id/415891305
1991-05-23,5/23/1991,Presidential Daily Backup,[Presidential Daily Backup] 5/23/1991,"Uruguay; Venezuela",Catalog search lead,"Carlos Andres Perez; Lacalle; Uruguay",,12858-012,415891307,no,Restricted - Possibly,"Source: George H.W. Bush Library, Bush Presidential Records, White House Office of Appointments and Scheduling Files, Presidential Daily Diary and Presidential Daily Backup Materials, [Presidential Daily Backup] 5/23/1991. Access restriction: Restricted - Possibly.",https://s3.amazonaws.com/NARAprodstorage/lz/presidential-libraries/bush/gb-whasf/Presidential_Daily_Diary_186322/1991/41-bpr-apts_sch-dd-05_23_91-12858-012_415891307.pdf,https://catalog.archives.gov/id/415891307
1991-05-24,5/24/1991,Presidential Daily Backup,[Presidential Daily Backup] 5/24/1991,Peru,Catalog search lead,Peru,,12858-014,415891309,no,Restricted - Possibly,"Source: George H.W. Bush Library, Bush Presidential Records, White House Office of Appointments and Scheduling Files, Presidential Daily Diary and Presidential Daily Backup Materials, [Presidential Daily Backup] 5/24/1991. Access restriction: Restricted - Possibly.",https://s3.amazonaws.com/NARAprodstorage/lz/presidential-libraries/bush/gb-whasf/Presidential_Daily_Diary_186322/1991/41-bpr-apts_sch-dd-05_24_91-12858-014_415891309.pdf,https://catalog.archives.gov/id/415891309
1991-05-24,5/24/1991,Presidential Daily Backup,[Presidential Daily Backup] 5/24/1991,Uruguay,Catalog search lead,Uruguay,,12858-015,415891310,no,Restricted - Possibly,"Source: George H.W. Bush Library, Bush Presidential Records, White House Office of Appointments and Scheduling Files, Presidential Daily Diary and Presidential Daily Backup Materials, [Presidential Daily Backup] 5/24/1991. Access restriction: Restricted - Possibly.",https://s3.amazonaws.com/NARAprodstorage/lz/presidential-libraries/bush/gb-whasf/Presidential_Daily_Diary_186322/1991/41-bpr-apts_sch-dd-05_24_91-12858-015_415891310.pdf,https://catalog.archives.gov/id/415891310
1991-06-10,6/10/1991,Presidential Daily Backup,[Presidential Daily Backup] 6/10/1991,"Bolivia; Colombia; Peru",Catalog search lead,"Bolivia; Colombia; Peru",,12860-006,415891344,no,Restricted - Possibly,"Source: George H.W. Bush Library, Bush Presidential Records, White House Office of Appointments and Scheduling Files, Presidential Daily Diary and Presidential Daily Backup Materials, [Presidential Daily Backup] 6/10/1991. Access restriction: Restricted - Possibly.",https://s3.amazonaws.com/NARAprodstorage/lz/presidential-libraries/bush/gb-whasf/Presidential_Daily_Diary_186322/1991/41-bpr-apts_sch-dd-06_10_91-12860-006_415891344.pdf,https://catalog.archives.gov/id/415891344
1991-06-11,6/11/1991,Presidential Daily Backup,[Presidential Daily Backup] 6/11/1991,Suriname,Catalog search lead,Suriname,,12860-008,415891346,no,Restricted - Possibly,"Source: George H.W. Bush Library, Bush Presidential Records, White House Office of Appointments and Scheduling Files, Presidential Daily Diary and Presidential Daily Backup Materials, [Presidential Daily Backup] 6/11/1991. Access restriction: Restricted - Possibly.",https://s3.amazonaws.com/NARAprodstorage/lz/presidential-libraries/bush/gb-whasf/Presidential_Daily_Diary_186322/1991/41-bpr-apts_sch-dd-06_11_91-12860-008_415891346.pdf,https://catalog.archives.gov/id/415891346
1991-06-12,6/12/1991,Presidential Daily Backup,[Presidential Daily Backup] 6/12/1991,Brazil,Catalog search lead,Brazil,,12860-010,415891348,no,Restricted - Possibly,"Source: George H.W. Bush Library, Bush Presidential Records, White House Office of Appointments and Scheduling Files, Presidential Daily Diary and Presidential Daily Backup Materials, [Presidential Daily Backup] 6/12/1991. Access restriction: Restricted - Possibly.",https://s3.amazonaws.com/NARAprodstorage/lz/presidential-libraries/bush/gb-whasf/Presidential_Daily_Diary_186322/1991/41-bpr-apts_sch-dd-06_12_91-12860-010_415891348.pdf,https://catalog.archives.gov/id/415891348
1991-06-15,6/15/1991,Presidential Daily Backup,[Presidential Daily Backup] 6/15/1991,"Brazil; Uruguay",Catalog search lead,"Brazilian; Collor; Uruguay",,12860-016,415891354,no,Restricted - Possibly,"Source: George H.W. Bush Library, Bush Presidential Records, White House Office of Appointments and Scheduling Files, Presidential Daily Diary and Presidential Daily Backup Materials, [Presidential Daily Backup] 6/15/1991. Access restriction: Restricted - Possibly.",https://s3.amazonaws.com/NARAprodstorage/lz/presidential-libraries/bush/gb-whasf/Presidential_Daily_Diary_186322/1991/41-bpr-apts_sch-dd-06_15_91-12860-016_415891354.pdf,https://catalog.archives.gov/id/415891354
1991-06-18,6/18/1991,Presidential Daily Backup,[Presidential Daily Backup] 6/18/1991,"Argentina; Brazil; Chile; Paraguay; Suriname; Uruguay; Venezuela",Matched memcon/telcon date,"Argentina; Argentine; Brazil; Brazilian; Chile; Collor; Paraguay; Suriname; Surinamese; Uruguay; Venezuela",Memorandum of Conversation,12861-004,415891360,no,Restricted - Possibly,"Source: George H.W. Bush Library, Bush Presidential Records, White House Office of Appointments and Scheduling Files, Presidential Daily Diary and Presidential Daily Backup Materials, [Presidential Daily Backup] 6/18/1991. Access restriction: Restricted - Possibly.",https://s3.amazonaws.com/NARAprodstorage/lz/presidential-libraries/bush/gb-whasf/Presidential_Daily_Diary_186322/1991/41-bpr-apts_sch-dd-06_18_91-12861-004_415891360.pdf,https://catalog.archives.gov/id/415891360
1991-06-18,6/18/1991,Presidential Daily Diary,[Presidential Daily Diary] 6/18/1991,Brazil,Matched memcon/telcon date,"Brazil; Brazilian; Collor",Memorandum of Conversation,12861-003,415891359,no,Restricted - Possibly,"Source: George H.W. Bush Library, Bush Presidential Records, White House Office of Appointments and Scheduling Files, Presidential Daily Diary and Presidential Daily Backup Materials, [Presidential Daily Diary] 6/18/1991. Access restriction: Restricted - Possibly.",https://s3.amazonaws.com/NARAprodstorage/lz/presidential-libraries/bush/gb-whasf/Presidential_Daily_Diary_186322/1991/41-bpr-apts_sch-dd-06_18_91-12861-003_415891359.pdf,https://catalog.archives.gov/id/415891359
1991-06-19,6/19/1991,Presidential Daily Backup,[Presidential Daily Backup] 6/19/1991,"Argentina; Brazil; Paraguay; Uruguay",Catalog search lead,"Argentina; Argentine; Brazil; Brazilian; Collor; Paraguay; Paraguayan; Uruguay; Uruguayan",,12861-006,415891362,no,Restricted - Possibly,"Source: George H.W. Bush Library, Bush Presidential Records, White House Office of Appointments and Scheduling Files, Presidential Daily Diary and Presidential Daily Backup Materials, [Presidential Daily Backup] 6/19/1991. Access restriction: Restricted - Possibly.",https://s3.amazonaws.com/NARAprodstorage/lz/presidential-libraries/bush/gb-whasf/Presidential_Daily_Diary_186322/1991/41-bpr-apts_sch-dd-06_19_91-12861-006_415891362.pdf,https://catalog.archives.gov/id/415891362
1991-06-19,6/19/1991,Presidential Daily Diary,[Presidential Daily Diary] 6/19/1991,"Argentina; Brazil; Paraguay; Uruguay",Catalog search lead,"Argentine; Brazil; Brazilian; Collor; Paraguay; Uruguay",,12861-005,415891361,no,Restricted - Possibly,"Source: George H.W. Bush Library, Bush Presidential Records, White House Office of Appointments and Scheduling Files, Presidential Daily Diary and Presidential Daily Backup Materials, [Presidential Daily Diary] 6/19/1991. Access restriction: Restricted - Possibly.",https://s3.amazonaws.com/NARAprodstorage/lz/presidential-libraries/bush/gb-whasf/Presidential_Daily_Diary_186322/1991/41-bpr-apts_sch-dd-06_19_91-12861-005_415891361.pdf,https://catalog.archives.gov/id/415891361
1991-06-20,6/20/1991,Presidential Daily Backup,[Presidential Daily Backup] 6/20/1991,Colombia,Matched memcon/telcon date,Gaviria,"Memorandum of a Telephone Conversation; Memorandum of Telephone Conversation",12861-008,415891364,no,Restricted - Possibly,"Source: George H.W. Bush Library, Bush Presidential Records, White House Office of Appointments and Scheduling Files, Presidential Daily Diary and Presidential Daily Backup Materials, [Presidential Daily Backup] 6/20/1991. Access restriction: Restricted - Possibly.",https://s3.amazonaws.com/NARAprodstorage/lz/presidential-libraries/bush/gb-whasf/Presidential_Daily_Diary_186322/1991/41-bpr-apts_sch-dd-06_20_91-12861-008_415891364.pdf,https://catalog.archives.gov/id/415891364
1991-06-20,6/20/1991,Presidential Daily Diary,[Presidential Daily Diary] 6/20/1991,Colombia,Matched memcon/telcon date,"Colombian; Gaviria","Memorandum of a Telephone Conversation; Memorandum of Telephone Conversation",12861-007,415891363,no,Restricted - Possibly,"Source: George H.W. Bush Library, Bush Presidential Records, White House Office of Appointments and Scheduling Files, Presidential Daily Diary and Presidential Daily Backup Materials, [Presidential Daily Diary] 6/20/1991. Access restriction: Restricted - Possibly.",https://s3.amazonaws.com/NARAprodstorage/lz/presidential-libraries/bush/gb-whasf/Presidential_Daily_Diary_186322/1991/41-bpr-apts_sch-dd-06_20_91-12861-007_415891363.pdf,https://catalog.archives.gov/id/415891363
1991-06-26,6/26/1991,Presidential Daily Backup,[Presidential Daily Backup] 6/26/1991,Colombia,Catalog search lead,Colombia,,12861-020,415891376,no,Restricted - Possibly,"Source: George H.W. Bush Library, Bush Presidential Records, White House Office of Appointments and Scheduling Files, Presidential Daily Diary and Presidential Daily Backup Materials, [Presidential Daily Backup] 6/26/1991. Access restriction: Restricted - Possibly.",https://s3.amazonaws.com/NARAprodstorage/lz/presidential-libraries/bush/gb-whasf/Presidential_Daily_Diary_186322/1991/41-bpr-apts_sch-dd-06_26_91-12861-020_415891376.pdf,https://catalog.archives.gov/id/415891376
1991-06-27,6/27/1991,Presidential Daily Backup,[Presidential Daily Backup] 6/27/1991,"Argentina; Brazil; Chile; Colombia; Ecuador; Paraguay; Peru; Uruguay; Venezuela",Catalog search lead,"Andres Rodriguez; Argentina; Brazil; Brazilian; Carlos Andres Perez; Chile; Chilean; Collor; Colombia; Ecuador; Paraguay; Peru; Uruguay; Venezuela",,12862-002,415891378,no,Restricted - Possibly,"Source: George H.W. Bush Library, Bush Presidential Records, White House Office of Appointments and Scheduling Files, Presidential Daily Diary and Presidential Daily Backup Materials, [Presidential Daily Backup] 6/27/1991. Access restriction: Restricted - Possibly.",https://s3.amazonaws.com/NARAprodstorage/lz/presidential-libraries/bush/gb-whasf/Presidential_Daily_Diary_186322/1991/41-bpr-apts_sch-dd-06_27_91-12862-002_415891378.pdf,https://catalog.archives.gov/id/415891378
1991-06-27,6/27/1991,Presidential Daily Diary,[Presidential Daily Diary] 6/27/1991,Chile,Catalog search lead,Chile,,12862-001,415891377,no,Restricted - Possibly,"Source: George H.W. Bush Library, Bush Presidential Records, White House Office of Appointments and Scheduling Files, Presidential Daily Diary and Presidential Daily Backup Materials, [Presidential Daily Diary] 6/27/1991. Access restriction: Restricted - Possibly.",https://s3.amazonaws.com/NARAprodstorage/lz/presidential-libraries/bush/gb-whasf/Presidential_Daily_Diary_186322/1991/41-bpr-apts_sch-dd-06_27_91-12862-001_415891377.pdf,https://catalog.archives.gov/id/415891377
1991-07-05,7/5/1991,Presidential Daily Backup,[Presidential Daily Backup] 7/5/1991,Peru,Catalog search lead,Alan Garcia,,12862-018,415891394,no,Restricted - Possibly,"Source: George H.W. Bush Library, Bush Presidential Records, White House Office of Appointments and Scheduling Files, Presidential Daily Diary and Presidential Daily Backup Materials, [Presidential Daily Backup] 7/5/1991. Access restriction: Restricted - Possibly.",https://s3.amazonaws.com/NARAprodstorage/lz/presidential-libraries/bush/gb-whasf/Presidential_Daily_Diary_186322/1991/41-bpr-apts_sch-dd-07_05_91-12862-018_415891394.pdf,https://catalog.archives.gov/id/415891394
1991-07-08,7/8/1991,Presidential Daily Backup,[Presidential Daily Backup] 7/8/1991,Uruguay,Catalog search lead,Uruguay,,12863-004,415891400,no,Restricted - Possibly,"Source: George H.W. Bush Library, Bush Presidential Records, White House Office of Appointments and Scheduling Files, Presidential Daily Diary and Presidential Daily Backup Materials, [Presidential Daily Backup] 7/8/1991. Access restriction: Restricted - Possibly.",https://s3.amazonaws.com/NARAprodstorage/lz/presidential-libraries/bush/gb-whasf/Presidential_Daily_Diary_186322/1991/41-bpr-apts_sch-dd-07_08_91-12863-004_415891400.pdf,https://catalog.archives.gov/id/415891400
1991-07-09,7/9/1991,Presidential Daily Backup,[Presidential Daily Backup] 7/9/1991,Peru,Catalog search lead,Alan Garcia,,12863-006,415891402,no,Restricted - Possibly,"Source: George H.W. Bush Library, Bush Presidential Records, White House Office of Appointments and Scheduling Files, Presidential Daily Diary and Presidential Daily Backup Materials, [Presidential Daily Backup] 7/9/1991. Access restriction: Restricted - Possibly.",https://s3.amazonaws.com/NARAprodstorage/lz/presidential-libraries/bush/gb-whasf/Presidential_Daily_Diary_186322/1991/41-bpr-apts_sch-dd-07_09_91-12863-006_415891402.pdf,https://catalog.archives.gov/id/415891402
1991-07-10,7/10/1991,Presidential Daily Backup,[Presidential Daily Backup] 7/10/1991,"Argentina; Bolivia; Brazil; Chile; Colombia; Ecuador; Guyana; Paraguay; Peru; Suriname; Uruguay; Venezuela",Catalog search lead,"Alan Garcia; Argentina; Argentine; Bolivia; Brazil; Chile; Colombia; Ecuador; Guyana; Paraguay; Peru; Suriname; Uruguay; Venezuela",,12863-008,415891404,no,Restricted - Possibly,"Source: George H.W. Bush Library, Bush Presidential Records, White House Office of Appointments and Scheduling Files, Presidential Daily Diary and Presidential Daily Backup Materials, [Presidential Daily Backup] 7/10/1991. Access restriction: Restricted - Possibly.",https://s3.amazonaws.com/NARAprodstorage/lz/presidential-libraries/bush/gb-whasf/Presidential_Daily_Diary_186322/1991/41-bpr-apts_sch-dd-07_10_91-12863-008_415891404.pdf,https://catalog.archives.gov/id/415891404
1991-07-10,7/10/1991,Presidential Daily Diary,[Presidential Daily Diary] 7/10/1991,Argentina,Catalog search lead,Argentine,,12863-007,415891403,no,Restricted - Possibly,"Source: George H.W. Bush Library, Bush Presidential Records, White House Office of Appointments and Scheduling Files, Presidential Daily Diary and Presidential Daily Backup Materials, [Presidential Daily Diary] 7/10/1991. Access restriction: Restricted - Possibly.",https://s3.amazonaws.com/NARAprodstorage/lz/presidential-libraries/bush/gb-whasf/Presidential_Daily_Diary_186322/1991/41-bpr-apts_sch-dd-07_10_91-12863-007_415891403.pdf,https://catalog.archives.gov/id/415891403
1991-07-15,7/15/1991,Presidential Daily Backup,[Presidential Daily Backup] 7/15/1991,Uruguay,Catalog search lead,Uruguay,,12863-018,415891414,no,Restricted - Possibly,"Source: George H.W. Bush Library, Bush Presidential Records, White House Office of Appointments and Scheduling Files, Presidential Daily Diary and Presidential Daily Backup Materials, [Presidential Daily Backup] 7/15/1991. Access restriction: Restricted - Possibly.",https://s3.amazonaws.com/NARAprodstorage/lz/presidential-libraries/bush/gb-whasf/Presidential_Daily_Diary_186322/1991/41-bpr-apts_sch-dd-07_15_91-12863-018_415891414.pdf,https://catalog.archives.gov/id/415891414
1991-07-17,7/17/1991,Presidential Daily Backup,[Presidential Daily Backup] 7/17/1991,Uruguay,Catalog search lead,Uruguay,,12864-002,415891418,no,Restricted - Possibly,"Source: George H.W. Bush Library, Bush Presidential Records, White House Office of Appointments and Scheduling Files, Presidential Daily Diary and Presidential Daily Backup Materials, [Presidential Daily Backup] 7/17/1991. Access restriction: Restricted - Possibly.",https://s3.amazonaws.com/NARAprodstorage/lz/presidential-libraries/bush/gb-whasf/Presidential_Daily_Diary_186322/1991/41-bpr-apts_sch-dd-07_17_91-12864-002_415891418.pdf,https://catalog.archives.gov/id/415891418
1991-07-19,7/19/1991,Presidential Daily Backup,[Presidential Daily Backup] 7/19/1991,Uruguay,Catalog search lead,Uruguay,,12864-006,415891422,no,Restricted - Possibly,"Source: George H.W. Bush Library, Bush Presidential Records, White House Office of Appointments and Scheduling Files, Presidential Daily Diary and Presidential Daily Backup Materials, [Presidential Daily Backup] 7/19/1991. Access restriction: Restricted - Possibly.",https://s3.amazonaws.com/NARAprodstorage/lz/presidential-libraries/bush/gb-whasf/Presidential_Daily_Diary_186322/1991/41-bpr-apts_sch-dd-07_19_91-12864-006_415891422.pdf,https://catalog.archives.gov/id/415891422
1991-07-25,7/25/1991,Presidential Daily Backup,[Presidential Daily Backup] 7/25/1991,Paraguay,Catalog search lead,Paraguay,,12864-018,415891434,no,Restricted - Possibly,"Source: George H.W. Bush Library, Bush Presidential Records, White House Office of Appointments and Scheduling Files, Presidential Daily Diary and Presidential Daily Backup Materials, [Presidential Daily Backup] 7/25/1991. Access restriction: Restricted - Possibly.",https://s3.amazonaws.com/NARAprodstorage/lz/presidential-libraries/bush/gb-whasf/Presidential_Daily_Diary_186322/1991/41-bpr-apts_sch-dd-07_25_91-12864-018_415891434.pdf,https://catalog.archives.gov/id/415891434
1991-07-25,7/25/1991,Presidential Daily Diary,[Presidential Daily Diary] 7/25/1991,Paraguay,Catalog search lead,Paraguay,,12864-017,415891433,no,Restricted - Possibly,"Source: George H.W. Bush Library, Bush Presidential Records, White House Office of Appointments and Scheduling Files, Presidential Daily Diary and Presidential Daily Backup Materials, [Presidential Daily Diary] 7/25/1991. Access restriction: Restricted - Possibly.",https://s3.amazonaws.com/NARAprodstorage/lz/presidential-libraries/bush/gb-whasf/Presidential_Daily_Diary_186322/1991/41-bpr-apts_sch-dd-07_25_91-12864-017_415891433.pdf,https://catalog.archives.gov/id/415891433
1991-08-05,8/5/1991,Presidential Daily Backup,[Presidential Daily Backup] 8/5/1991,"Argentina; Brazil; Ecuador; Peru",Catalog search lead,"Argentina; Brazil; Ecuador; Peru",,12865-016,415891456,no,Restricted - Possibly,"Source: George H.W. Bush Library, Bush Presidential Records, White House Office of Appointments and Scheduling Files, Presidential Daily Diary and Presidential Daily Backup Materials, [Presidential Daily Backup] 8/5/1991. Access restriction: Restricted - Possibly.",https://s3.amazonaws.com/NARAprodstorage/lz/presidential-libraries/bush/gb-whasf/Presidential_Daily_Diary_186322/1991/41-bpr-apts_sch-dd-08_05_91-12865-016_415891456.pdf,https://catalog.archives.gov/id/415891456
1991-08-06,8/6/1991,Presidential Daily Backup,[Presidential Daily Backup] 8/6/1991,"Argentina; Brazil",Catalog search lead,"Argentine; Brazil",,12865-018,415891458,no,Restricted - Possibly,"Source: George H.W. Bush Library, Bush Presidential Records, White House Office of Appointments and Scheduling Files, Presidential Daily Diary and Presidential Daily Backup Materials, [Presidential Daily Backup] 8/6/1991. Access restriction: Restricted - Possibly.",https://s3.amazonaws.com/NARAprodstorage/lz/presidential-libraries/bush/gb-whasf/Presidential_Daily_Diary_186322/1991/41-bpr-apts_sch-dd-08_06_91-12865-018_415891458.pdf,https://catalog.archives.gov/id/415891458
1991-08-10,8/10/1991,Presidential Daily Backup,[Presidential Daily Backup] 8/10/1991,Peru,Catalog search lead,"Fujimori; Peru",,12865-026,415891466,no,Restricted - Possibly,"Source: George H.W. Bush Library, Bush Presidential Records, White House Office of Appointments and Scheduling Files, Presidential Daily Diary and Presidential Daily Backup Materials, [Presidential Daily Backup] 8/10/1991. Access restriction: Restricted - Possibly.",https://s3.amazonaws.com/NARAprodstorage/lz/presidential-libraries/bush/gb-whasf/Presidential_Daily_Diary_186322/1991/41-bpr-apts_sch-dd-08_10_91-12865-026_415891466.pdf,https://catalog.archives.gov/id/415891466
1991-08-11,8/11/1991,Presidential Daily Backup,[Presidential Daily Backup] 8/11/1991,Peru,Catalog search lead,"Fujimori; Peru",,12865-028,415891468,no,Restricted - Possibly,"Source: George H.W. Bush Library, Bush Presidential Records, White House Office of Appointments and Scheduling Files, Presidential Daily Diary and Presidential Daily Backup Materials, [Presidential Daily Backup] 8/11/1991. Access restriction: Restricted - Possibly.",https://s3.amazonaws.com/NARAprodstorage/lz/presidential-libraries/bush/gb-whasf/Presidential_Daily_Diary_186322/1991/41-bpr-apts_sch-dd-08_11_91-12865-028_415891468.pdf,https://catalog.archives.gov/id/415891468
1991-08-12,8/12/1991,Presidential Daily Backup,[Presidential Daily Backup] 8/12/1991,Peru,Catalog search lead,"Fujimori; Peru",,12865-030,415891470,no,Restricted - Possibly,"Source: George H.W. Bush Library, Bush Presidential Records, White House Office of Appointments and Scheduling Files, Presidential Daily Diary and Presidential Daily Backup Materials, [Presidential Daily Backup] 8/12/1991. Access restriction: Restricted - Possibly.",https://s3.amazonaws.com/NARAprodstorage/lz/presidential-libraries/bush/gb-whasf/Presidential_Daily_Diary_186322/1991/41-bpr-apts_sch-dd-08_12_91-12865-030_415891470.pdf,https://catalog.archives.gov/id/415891470
1991-08-13,8/13/1991,Presidential Daily Backup,[Presidential Daily Backup] 8/13/1991,Peru,Catalog search lead,"Fujimori; Peru",,12865-032,415891472,no,Restricted - Possibly,"Source: George H.W. Bush Library, Bush Presidential Records, White House Office of Appointments and Scheduling Files, Presidential Daily Diary and Presidential Daily Backup Materials, [Presidential Daily Backup] 8/13/1991. Access restriction: Restricted - Possibly.",https://s3.amazonaws.com/NARAprodstorage/lz/presidential-libraries/bush/gb-whasf/Presidential_Daily_Diary_186322/1991/41-bpr-apts_sch-dd-08_13_91-12865-032_415891472.pdf,https://catalog.archives.gov/id/415891472
1991-08-14,8/14/1991,Presidential Daily Backup,[Presidential Daily Backup] 8/14/1991,Peru,Catalog search lead,"Fujimori; Peru",,12865-034,415891474,no,Restricted - Possibly,"Source: George H.W. Bush Library, Bush Presidential Records, White House Office of Appointments and Scheduling Files, Presidential Daily Diary and Presidential Daily Backup Materials, [Presidential Daily Backup] 8/14/1991. Access restriction: Restricted - Possibly.",https://s3.amazonaws.com/NARAprodstorage/lz/presidential-libraries/bush/gb-whasf/Presidential_Daily_Diary_186322/1991/41-bpr-apts_sch-dd-08_14_91-12865-034_415891474.pdf,https://catalog.archives.gov/id/415891474
1991-08-15,8/15/1991,Presidential Daily Backup,[Presidential Daily Backup] 8/15/1991,Peru,Catalog search lead,"Fujimori; Peru",,12865-036,415891476,no,Restricted - Possibly,"Source: George H.W. Bush Library, Bush Presidential Records, White House Office of Appointments and Scheduling Files, Presidential Daily Diary and Presidential Daily Backup Materials, [Presidential Daily Backup] 8/15/1991. Access restriction: Restricted - Possibly.",https://s3.amazonaws.com/NARAprodstorage/lz/presidential-libraries/bush/gb-whasf/Presidential_Daily_Diary_186322/1991/41-bpr-apts_sch-dd-08_15_91-12865-036_415891476.pdf,https://catalog.archives.gov/id/415891476
1991-08-16,8/16/1991,Presidential Daily Backup,[Presidential Daily Backup] 8/16/1991,Peru,Catalog search lead,"Fujimori; Peru",,12865-038,415891478,no,Restricted - Possibly,"Source: George H.W. Bush Library, Bush Presidential Records, White House Office of Appointments and Scheduling Files, Presidential Daily Diary and Presidential Daily Backup Materials, [Presidential Daily Backup] 8/16/1991. Access restriction: Restricted - Possibly.",https://s3.amazonaws.com/NARAprodstorage/lz/presidential-libraries/bush/gb-whasf/Presidential_Daily_Diary_186322/1991/41-bpr-apts_sch-dd-08_16_91-12865-038_415891478.pdf,https://catalog.archives.gov/id/415891478
1991-08-18,8/18/1991,Presidential Daily Backup,[Presidential Daily Backup] 8/18/1991,Uruguay,Catalog search lead,Uruguay,,12866-002,415891482,no,Restricted - Possibly,"Source: George H.W. Bush Library, Bush Presidential Records, White House Office of Appointments and Scheduling Files, Presidential Daily Diary and Presidential Daily Backup Materials, [Presidential Daily Backup] 8/18/1991. Access restriction: Restricted - Possibly.",https://s3.amazonaws.com/NARAprodstorage/lz/presidential-libraries/bush/gb-whasf/Presidential_Daily_Diary_186322/1991/41-bpr-apts_sch-dd-08_18_91-12866-002_415891482.pdf,https://catalog.archives.gov/id/415891482
1991-08-20,8/20/1991,Presidential Daily Backup,[Presidential Daily Backup] 8/20/1991,Argentina,Matched memcon/telcon date,"Argentina; Menem","Memorandum of a Telephone Conversation; Memorandum of Telephone Conversation",12866-006,415891486,no,Restricted - Possibly,"Source: George H.W. Bush Library, Bush Presidential Records, White House Office of Appointments and Scheduling Files, Presidential Daily Diary and Presidential Daily Backup Materials, [Presidential Daily Backup] 8/20/1991. Access restriction: Restricted - Possibly.",https://s3.amazonaws.com/NARAprodstorage/lz/presidential-libraries/bush/gb-whasf/Presidential_Daily_Diary_186322/1991/41-bpr-apts_sch-dd-08_20_91-12866-006_415891486.pdf,https://catalog.archives.gov/id/415891486
1991-08-20,8/20/1991,Presidential Daily Diary,[Presidential Daily Diary] 8/20/1991,Argentina,Matched memcon/telcon date,"Argentina; Menem","Memorandum of a Telephone Conversation; Memorandum of Telephone Conversation",12866-005,415891485,no,Restricted - Possibly,"Source: George H.W. Bush Library, Bush Presidential Records, White House Office of Appointments and Scheduling Files, Presidential Daily Diary and Presidential Daily Backup Materials, [Presidential Daily Diary] 8/20/1991. Access restriction: Restricted - Possibly.",https://s3.amazonaws.com/NARAprodstorage/lz/presidential-libraries/bush/gb-whasf/Presidential_Daily_Diary_186322/1991/41-bpr-apts_sch-dd-08_20_91-12866-005_415891485.pdf,https://catalog.archives.gov/id/415891485
1991-08-21,8/21/1991,Presidential Daily Backup,[Presidential Daily Backup] 8/21/1991,Argentina,Catalog search lead,"Argentina; Menem",,12866-008,415891488,no,Restricted - Possibly,"Source: George H.W. Bush Library, Bush Presidential Records, White House Office of Appointments and Scheduling Files, Presidential Daily Diary and Presidential Daily Backup Materials, [Presidential Daily Backup] 8/21/1991. Access restriction: Restricted - Possibly.",https://s3.amazonaws.com/NARAprodstorage/lz/presidential-libraries/bush/gb-whasf/Presidential_Daily_Diary_186322/1991/41-bpr-apts_sch-dd-08_21_91-12866-008_415891488.pdf,https://catalog.archives.gov/id/415891488
1991-08-22,8/22/1991,Presidential Daily Backup,[Presidential Daily Backup] 8/22/1991,Bolivia,Catalog search lead,Bolivia,,12866-010,415891490,no,Restricted - Possibly,"Source: George H.W. Bush Library, Bush Presidential Records, White House Office of Appointments and Scheduling Files, Presidential Daily Diary and Presidential Daily Backup Materials, [Presidential Daily Backup] 8/22/1991. Access restriction: Restricted - Possibly.",https://s3.amazonaws.com/NARAprodstorage/lz/presidential-libraries/bush/gb-whasf/Presidential_Daily_Diary_186322/1991/41-bpr-apts_sch-dd-08_22_91-12866-010_415891490.pdf,https://catalog.archives.gov/id/415891490
1991-09-05,9/5/1991,Presidential Daily Backup,[Presidential Daily Backup] 9/5/1991,"Argentina; Brazil; Colombia; Venezuela",Matched memcon/telcon date,"Argentina; Brazil; Carlos Andres Perez; Collor; Colombia; Gaviria; Menem; Sarney; Venezuela",Memorandum of Telephone Conversation,12866-038,415891518,no,Restricted - Possibly,"Source: George H.W. Bush Library, Bush Presidential Records, White House Office of Appointments and Scheduling Files, Presidential Daily Diary and Presidential Daily Backup Materials, [Presidential Daily Backup] 9/5/1991. Access restriction: Restricted - Possibly.",https://s3.amazonaws.com/NARAprodstorage/lz/presidential-libraries/bush/gb-whasf/Presidential_Daily_Diary_186322/1991/41-bpr-apts_sch-dd-09_05_91-12866-038_415891518.pdf,https://catalog.archives.gov/id/415891518
1991-09-05,9/5/1991,Presidential Daily Diary,[Presidential Daily Diary] 9/5/1991,Venezuela,Matched memcon/telcon date,"Carlos Andres Perez; Venezuela",Memorandum of Telephone Conversation,12866-037,415891517,no,Restricted - Possibly,"Source: George H.W. Bush Library, Bush Presidential Records, White House Office of Appointments and Scheduling Files, Presidential Daily Diary and Presidential Daily Backup Materials, [Presidential Daily Diary] 9/5/1991. Access restriction: Restricted - Possibly.",https://s3.amazonaws.com/NARAprodstorage/lz/presidential-libraries/bush/gb-whasf/Presidential_Daily_Diary_186322/1991/41-bpr-apts_sch-dd-09_05_91-12866-037_415891517.pdf,https://catalog.archives.gov/id/415891517
1991-09-06,9/6/1991,Presidential Daily Diary,[Presidential Daily Diary] 9/6/1991,Brazil,Catalog search lead,Brazil,,12866-039,415891519,no,Restricted - Possibly,"Source: George H.W. Bush Library, Bush Presidential Records, White House Office of Appointments and Scheduling Files, Presidential Daily Diary and Presidential Daily Backup Materials, [Presidential Daily Diary] 9/6/1991. Access restriction: Restricted - Possibly.",https://s3.amazonaws.com/NARAprodstorage/lz/presidential-libraries/bush/gb-whasf/Presidential_Daily_Diary_186322/1991/41-bpr-apts_sch-dd-09_06_91-12866-039_415891519.pdf,https://catalog.archives.gov/id/415891519
1991-09-12,9/12/1991,Presidential Daily Backup,[Presidential Daily Backup] 9/12/1991,Peru,Catalog search lead,Alan Garcia,,12867-012,415891532,no,Restricted - Possibly,"Source: George H.W. Bush Library, Bush Presidential Records, White House Office of Appointments and Scheduling Files, Presidential Daily Diary and Presidential Daily Backup Materials, [Presidential Daily Backup] 9/12/1991. Access restriction: Restricted - Possibly.",https://s3.amazonaws.com/NARAprodstorage/lz/presidential-libraries/bush/gb-whasf/Presidential_Daily_Diary_186322/1991/41-bpr-apts_sch-dd-09_12_91-12867-012_415891532.pdf,https://catalog.archives.gov/id/415891532
1991-09-17,9/17/1991,Presidential Daily Backup,[Presidential Daily Backup] 9/17/1991,Peru,Matched memcon/telcon date,"Fujimori; Peru; Peruvian",Memorandum of Conversation,12867-022,415891542,no,Restricted - Possibly,"Source: George H.W. Bush Library, Bush Presidential Records, White House Office of Appointments and Scheduling Files, Presidential Daily Diary and Presidential Daily Backup Materials, [Presidential Daily Backup] 9/17/1991. Access restriction: Restricted - Possibly.",https://s3.amazonaws.com/NARAprodstorage/lz/presidential-libraries/bush/gb-whasf/Presidential_Daily_Diary_186322/1991/41-bpr-apts_sch-dd-09_17_91-12867-022_415891542.pdf,https://catalog.archives.gov/id/415891542
1991-09-17,9/17/1991,Presidential Daily Diary,[Presidential Daily Diary] 9/17/1991,Peru,Matched memcon/telcon date,"Fujimori; Peru; Peruvian",Memorandum of Conversation,12867-021,415891541,no,Restricted - Possibly,"Source: George H.W. Bush Library, Bush Presidential Records, White House Office of Appointments and Scheduling Files, Presidential Daily Diary and Presidential Daily Backup Materials, [Presidential Daily Diary] 9/17/1991. Access restriction: Restricted - Possibly.",https://s3.amazonaws.com/NARAprodstorage/lz/presidential-libraries/bush/gb-whasf/Presidential_Daily_Diary_186322/1991/41-bpr-apts_sch-dd-09_17_91-12867-021_415891541.pdf,https://catalog.archives.gov/id/415891541
1991-09-18,9/18/1991,Presidential Daily Backup,[Presidential Daily Backup] 9/18/1991,Venezuela,Catalog search lead,Venezuelan,,12867-024,415891544,no,Restricted - Possibly,"Source: George H.W. Bush Library, Bush Presidential Records, White House Office of Appointments and Scheduling Files, Presidential Daily Diary and Presidential Daily Backup Materials, [Presidential Daily Backup] 9/18/1991. Access restriction: Restricted - Possibly.",https://s3.amazonaws.com/NARAprodstorage/lz/presidential-libraries/bush/gb-whasf/Presidential_Daily_Diary_186322/1991/41-bpr-apts_sch-dd-09_18_91-12867-024_415891544.pdf,https://catalog.archives.gov/id/415891544
1991-09-19,9/19/1991,Presidential Daily Backup,[Presidential Daily Backup] 9/19/1991,Peru,Catalog search lead,Alan Garcia,,12868-002,415891546,no,Restricted - Possibly,"Source: George H.W. Bush Library, Bush Presidential Records, White House Office of Appointments and Scheduling Files, Presidential Daily Diary and Presidential Daily Backup Materials, [Presidential Daily Backup] 9/19/1991. Access restriction: Restricted - Possibly.",https://s3.amazonaws.com/NARAprodstorage/lz/presidential-libraries/bush/gb-whasf/Presidential_Daily_Diary_186322/1991/41-bpr-apts_sch-dd-09_19_91-12868-002_415891546.pdf,https://catalog.archives.gov/id/415891546
1991-09-20,9/20/1991,Presidential Daily Backup,[Presidential Daily Backup] 9/20/1991,Peru,Catalog search lead,"Fujimori; Peru",,12868-004,415891548,no,Restricted - Possibly,"Source: George H.W. Bush Library, Bush Presidential Records, White House Office of Appointments and Scheduling Files, Presidential Daily Diary and Presidential Daily Backup Materials, [Presidential Daily Backup] 9/20/1991. Access restriction: Restricted - Possibly.",https://s3.amazonaws.com/NARAprodstorage/lz/presidential-libraries/bush/gb-whasf/Presidential_Daily_Diary_186322/1991/41-bpr-apts_sch-dd-09_20_91-12868-004_415891548.pdf,https://catalog.archives.gov/id/415891548
1991-09-23,9/23/1991,Presidential Daily Backup,[Presidential Daily Backup] 9/23/1991,Brazil,Matched memcon/telcon date,"Brazil; Brazilian; Collor",Memorandum of Conversation,12868-010,415891554,no,Restricted - Possibly,"Source: George H.W. Bush Library, Bush Presidential Records, White House Office of Appointments and Scheduling Files, Presidential Daily Diary and Presidential Daily Backup Materials, [Presidential Daily Backup] 9/23/1991. Access restriction: Restricted - Possibly.",https://s3.amazonaws.com/NARAprodstorage/lz/presidential-libraries/bush/gb-whasf/Presidential_Daily_Diary_186322/1991/41-bpr-apts_sch-dd-09_23_91-12868-010_415891554.pdf,https://catalog.archives.gov/id/415891554
1991-09-23,9/23/1991,Presidential Daily Diary,[Presidential Daily Diary] 9/23/1991,Brazil,Matched memcon/telcon date,"Brazil; Brazilian; Collor",Memorandum of Conversation,12868-009,415891553,no,Restricted - Possibly,"Source: George H.W. Bush Library, Bush Presidential Records, White House Office of Appointments and Scheduling Files, Presidential Daily Diary and Presidential Daily Backup Materials, [Presidential Daily Diary] 9/23/1991. Access restriction: Restricted - Possibly.",https://s3.amazonaws.com/NARAprodstorage/lz/presidential-libraries/bush/gb-whasf/Presidential_Daily_Diary_186322/1991/41-bpr-apts_sch-dd-09_23_91-12868-009_415891553.pdf,https://catalog.archives.gov/id/415891553
1991-09-24,9/24/1991,Presidential Daily Backup,[Presidential Daily Backup] 9/24/1991,Venezuela,Matched memcon/telcon date,"Carlos Andres Perez; Venezuela; Venezuelan",Memorandum of Conversation,12868-012,415891556,no,Restricted - Possibly,"Source: George H.W. Bush Library, Bush Presidential Records, White House Office of Appointments and Scheduling Files, Presidential Daily Diary and Presidential Daily Backup Materials, [Presidential Daily Backup] 9/24/1991. Access restriction: Restricted - Possibly.",https://s3.amazonaws.com/NARAprodstorage/lz/presidential-libraries/bush/gb-whasf/Presidential_Daily_Diary_186322/1991/41-bpr-apts_sch-dd-09_24_91-12868-012_415891556.pdf,https://catalog.archives.gov/id/415891556
1991-09-24,9/24/1991,Presidential Daily Diary,[Presidential Daily Diary] 9/24/1991,Venezuela,Matched memcon/telcon date,"Venezuela; Venezuelan",Memorandum of Conversation,12868-011,415891555,no,Restricted - Possibly,"Source: George H.W. Bush Library, Bush Presidential Records, White House Office of Appointments and Scheduling Files, Presidential Daily Diary and Presidential Daily Backup Materials, [Presidential Daily Diary] 9/24/1991. Access restriction: Restricted - Possibly.",https://s3.amazonaws.com/NARAprodstorage/lz/presidential-libraries/bush/gb-whasf/Presidential_Daily_Diary_186322/1991/41-bpr-apts_sch-dd-09_24_91-12868-011_415891555.pdf,https://catalog.archives.gov/id/415891555
1991-09-25,9/25/1991,Presidential Daily Backup,[Presidential Daily Backup] 9/25/1991,Peru,Catalog search lead,Alan Garcia,,12868-014,415891558,no,Restricted - Possibly,"Source: George H.W. Bush Library, Bush Presidential Records, White House Office of Appointments and Scheduling Files, Presidential Daily Diary and Presidential Daily Backup Materials, [Presidential Daily Backup] 9/25/1991. Access restriction: Restricted - Possibly.",https://s3.amazonaws.com/NARAprodstorage/lz/presidential-libraries/bush/gb-whasf/Presidential_Daily_Diary_186322/1991/41-bpr-apts_sch-dd-09_25_91-12868-014_415891558.pdf,https://catalog.archives.gov/id/415891558
1991-09-30,9/30/1991,Presidential Daily Backup,[Presidential Daily Backup] 9/30/1991,Venezuela,Matched memcon/telcon date,"Carlos Andres Perez; Venezuela",Memorandum of Telephone Conversation,12869-002,415891568,no,Restricted - Possibly,"Source: George H.W. Bush Library, Bush Presidential Records, White House Office of Appointments and Scheduling Files, Presidential Daily Diary and Presidential Daily Backup Materials, [Presidential Daily Backup] 9/30/1991. Access restriction: Restricted - Possibly.",https://s3.amazonaws.com/NARAprodstorage/lz/presidential-libraries/bush/gb-whasf/Presidential_Daily_Diary_186322/1991/41-bpr-apts_sch-dd-09_30_91-12869-002_415891568.pdf,https://catalog.archives.gov/id/415891568
1991-09-30,9/30/1991,Presidential Daily Diary,[Presidential Daily Diary] 9/30/1991,Venezuela,Matched memcon/telcon date,"Carlos Andres Perez; Venezuela",Memorandum of Telephone Conversation,12869-001,415891567,no,Restricted - Possibly,"Source: George H.W. Bush Library, Bush Presidential Records, White House Office of Appointments and Scheduling Files, Presidential Daily Diary and Presidential Daily Backup Materials, [Presidential Daily Diary] 9/30/1991. Access restriction: Restricted - Possibly.",https://s3.amazonaws.com/NARAprodstorage/lz/presidential-libraries/bush/gb-whasf/Presidential_Daily_Diary_186322/1991/41-bpr-apts_sch-dd-09_30_91-12869-001_415891567.pdf,https://catalog.archives.gov/id/415891567
1991-10-01,10/1/1991,Presidential Daily Backup,[Presidential Daily Backup] 10/1/1991,Venezuela,Matched memcon/telcon date,Carlos Andres Perez,Memorandum of Telephone Conversation,12869-004,415891570,no,Restricted - Possibly,"Source: George H.W. Bush Library, Bush Presidential Records, White House Office of Appointments and Scheduling Files, Presidential Daily Diary and Presidential Daily Backup Materials, [Presidential Daily Backup] 10/1/1991. Access restriction: Restricted - Possibly.",https://s3.amazonaws.com/NARAprodstorage/lz/presidential-libraries/bush/gb-whasf/Presidential_Daily_Diary_186322/1991/41-bpr-apts_sch-dd-10_01_91-12869-004_415891570.pdf,https://catalog.archives.gov/id/415891570
1991-10-01,10/1/1991,Presidential Daily Diary,[Presidential Daily Diary] 10/1/1991,Venezuela,Matched memcon/telcon date,"Carlos Andres Perez; Venezuela",Memorandum of Telephone Conversation,12869-003,415891569,no,Restricted - Possibly,"Source: George H.W. Bush Library, Bush Presidential Records, White House Office of Appointments and Scheduling Files, Presidential Daily Diary and Presidential Daily Backup Materials, [Presidential Daily Diary] 10/1/1991. Access restriction: Restricted - Possibly.",https://s3.amazonaws.com/NARAprodstorage/lz/presidential-libraries/bush/gb-whasf/Presidential_Daily_Diary_186322/1991/41-bpr-apts_sch-dd-10_01_91-12869-003_415891569.pdf,https://catalog.archives.gov/id/415891569
1991-10-10,10/10/1991,Presidential Daily Backup,[Presidential Daily Backup] 10/10/1991,"Colombia; Venezuela",Matched memcon/telcon date,"Carlos Andres Perez; Colombia; Venezuela",Memorandum of Telephone Conversation,12870-008,415891589,no,Restricted - Possibly,"Source: George H.W. Bush Library, Bush Presidential Records, White House Office of Appointments and Scheduling Files, Presidential Daily Diary and Presidential Daily Backup Materials, [Presidential Daily Backup] 10/10/1991. Access restriction: Restricted - Possibly.",https://s3.amazonaws.com/NARAprodstorage/lz/presidential-libraries/bush/gb-whasf/Presidential_Daily_Diary_186322/1991/41-bpr-apts_sch-dd-10_10_91-12870-008_415891589.pdf,https://catalog.archives.gov/id/415891589
1991-10-10,10/10/1991,Presidential Daily Diary,[Presidential Daily Diary] 10/10/1991,Venezuela,Matched memcon/telcon date,"Carlos Andres Perez; Venezuela",Memorandum of Telephone Conversation,12870-007,415891588,no,Restricted - Possibly,"Source: George H.W. Bush Library, Bush Presidential Records, White House Office of Appointments and Scheduling Files, Presidential Daily Diary and Presidential Daily Backup Materials, [Presidential Daily Diary] 10/10/1991. Access restriction: Restricted - Possibly.",https://s3.amazonaws.com/NARAprodstorage/lz/presidential-libraries/bush/gb-whasf/Presidential_Daily_Diary_186322/1991/41-bpr-apts_sch-dd-10_10_91-12870-007_415891588.pdf,https://catalog.archives.gov/id/415891588
1991-10-18,10/18/1991,Presidential Daily Backup,[Presidential Daily Backup] 10/18/1991,Ecuador,Catalog search lead,Ecuador,,12870-024,415891605,no,Restricted - Possibly,"Source: George H.W. Bush Library, Bush Presidential Records, White House Office of Appointments and Scheduling Files, Presidential Daily Diary and Presidential Daily Backup Materials, [Presidential Daily Backup] 10/18/1991. Access restriction: Restricted - Possibly.",https://s3.amazonaws.com/NARAprodstorage/lz/presidential-libraries/bush/gb-whasf/Presidential_Daily_Diary_186322/1991/41-bpr-apts_sch-dd-10_18_91-12870-024_415891605.pdf,https://catalog.archives.gov/id/415891605
1991-10-31,10/31/1991,Presidential Daily Backup,[Presidential Daily Backup] 10/31/1991,"Argentina; Bolivia; Colombia",Catalog search lead,"Argentina; Argentine; Bolivian; Colombian",,12872-003,415891632,no,Restricted - Possibly,"Source: George H.W. Bush Library, Bush Presidential Records, White House Office of Appointments and Scheduling Files, Presidential Daily Diary and Presidential Daily Backup Materials, [Presidential Daily Backup] 10/31/1991. Access restriction: Restricted - Possibly.",https://s3.amazonaws.com/NARAprodstorage/lz/presidential-libraries/bush/gb-whasf/Presidential_Daily_Diary_186322/1991/41-bpr-apts_sch-dd-10_31_91-12872-003_415891632.pdf,https://catalog.archives.gov/id/415891632
1991-10-31,10/31/1991,Presidential Daily Backup,[Presidential Daily Backup] 10/31/1991,Peru,Catalog search lead,Alan Garcia,,12872-002,415891631,no,Restricted - Possibly,"Source: George H.W. Bush Library, Bush Presidential Records, White House Office of Appointments and Scheduling Files, Presidential Daily Diary and Presidential Daily Backup Materials, [Presidential Daily Backup] 10/31/1991. Access restriction: Restricted - Possibly.",https://s3.amazonaws.com/NARAprodstorage/lz/presidential-libraries/bush/gb-whasf/Presidential_Daily_Diary_186322/1991/41-bpr-apts_sch-dd-10_31_91-12872-002_415891631.pdf,https://catalog.archives.gov/id/415891631
1991-10-31,10/31/1991,Presidential Daily Diary,[Presidential Daily Diary] 10/31/1991,Argentina,Catalog search lead,Argentine,,12872-001,415891630,no,Restricted - Possibly,"Source: George H.W. Bush Library, Bush Presidential Records, White House Office of Appointments and Scheduling Files, Presidential Daily Diary and Presidential Daily Backup Materials, [Presidential Daily Diary] 10/31/1991. Access restriction: Restricted - Possibly.",https://s3.amazonaws.com/NARAprodstorage/lz/presidential-libraries/bush/gb-whasf/Presidential_Daily_Diary_186322/1991/41-bpr-apts_sch-dd-10_31_91-12872-001_415891630.pdf,https://catalog.archives.gov/id/415891630
1991-11-01,11/1/1991,Presidential Daily Backup,[Presidential Daily Backup] 11/1/1991,"Argentina; Colombia",Catalog search lead,"Argentina; Argentine; Colombia; Menem",,12872-005,415891634,no,Restricted - Possibly,"Source: George H.W. Bush Library, Bush Presidential Records, White House Office of Appointments and Scheduling Files, Presidential Daily Diary and Presidential Daily Backup Materials, [Presidential Daily Backup] 11/1/1991. Access restriction: Restricted - Possibly.",https://s3.amazonaws.com/NARAprodstorage/lz/presidential-libraries/bush/gb-whasf/Presidential_Daily_Diary_186322/1991/41-bpr-apts_sch-dd-11_01_91-12872-005_415891634.pdf,https://catalog.archives.gov/id/415891634
1991-11-01,11/1/1991,Presidential Daily Diary,[Presidential Daily Diary] 11/1/1991,Argentina,Catalog search lead,"Argentine; Menem",,12872-004,415891633,no,Restricted - Possibly,"Source: George H.W. Bush Library, Bush Presidential Records, White House Office of Appointments and Scheduling Files, Presidential Daily Diary and Presidential Daily Backup Materials, [Presidential Daily Diary] 11/1/1991. Access restriction: Restricted - Possibly.",https://s3.amazonaws.com/NARAprodstorage/lz/presidential-libraries/bush/gb-whasf/Presidential_Daily_Diary_186322/1991/41-bpr-apts_sch-dd-11_01_91-12872-004_415891633.pdf,https://catalog.archives.gov/id/415891633
1991-11-12,11/12/1991,Presidential Daily Backup,[Presidential Daily Backup] 11/12/1991,"Colombia; Peru",Catalog search lead,"Alan Garcia; Colombia",,12873-009,415891657,no,Restricted - Possibly,"Source: George H.W. Bush Library, Bush Presidential Records, White House Office of Appointments and Scheduling Files, Presidential Daily Diary and Presidential Daily Backup Materials, [Presidential Daily Backup] 11/12/1991. Access restriction: Restricted - Possibly.",https://s3.amazonaws.com/NARAprodstorage/lz/presidential-libraries/bush/gb-whasf/Presidential_Daily_Diary_186322/1991/41-bpr-apts_sch-dd-11_12_91-12873-009_415891657.pdf,https://catalog.archives.gov/id/415891657
1991-11-13,11/13/1991,Presidential Daily Backup,[Presidential Daily Backup] 11/13/1991,Colombia,Catalog search lead,Colombia,,12873-011,415891659,no,Restricted - Possibly,"Source: George H.W. Bush Library, Bush Presidential Records, White House Office of Appointments and Scheduling Files, Presidential Daily Diary and Presidential Daily Backup Materials, [Presidential Daily Backup] 11/13/1991. Access restriction: Restricted - Possibly.",https://s3.amazonaws.com/NARAprodstorage/lz/presidential-libraries/bush/gb-whasf/Presidential_Daily_Diary_186322/1991/41-bpr-apts_sch-dd-11_13_91-12873-011_415891659.pdf,https://catalog.archives.gov/id/415891659
1991-11-14,11/14/1991,Presidential Daily Backup,[Presidential Daily Backup] 11/14/1991,"Argentina; Paraguay; Venezuela",Matched memcon/telcon date,"Andres Rodriguez; Argentina; Argentine; Carlos Andres Perez; Menem",Memorandum of Conversation,12873-013,415891661,no,Restricted - Possibly,"Source: George H.W. Bush Library, Bush Presidential Records, White House Office of Appointments and Scheduling Files, Presidential Daily Diary and Presidential Daily Backup Materials, [Presidential Daily Backup] 11/14/1991. Access restriction: Restricted - Possibly.",https://s3.amazonaws.com/NARAprodstorage/lz/presidential-libraries/bush/gb-whasf/Presidential_Daily_Diary_186322/1991/41-bpr-apts_sch-dd-11_14_91-12873-013_415891661.pdf,https://catalog.archives.gov/id/415891661
1991-11-14,11/14/1991,Presidential Daily Diary,[Presidential Daily Diary] 11/14/1991,Argentina,Matched memcon/telcon date,"Argentina; Argentine; Menem",Memorandum of Conversation,12873-012,415891660,no,Restricted - Possibly,"Source: George H.W. Bush Library, Bush Presidential Records, White House Office of Appointments and Scheduling Files, Presidential Daily Diary and Presidential Daily Backup Materials, [Presidential Daily Diary] 11/14/1991. Access restriction: Restricted - Possibly.",https://s3.amazonaws.com/NARAprodstorage/lz/presidential-libraries/bush/gb-whasf/Presidential_Daily_Diary_186322/1991/41-bpr-apts_sch-dd-11_14_91-12873-012_415891660.pdf,https://catalog.archives.gov/id/415891660
1991-11-15,11/15/1991,Presidential Daily Backup,[Presidential Daily Backup] 11/15/1991,Venezuela,Matched memcon/telcon date,"Carlos Andres Perez; Venezuela",Memorandum of Telephone Conversation,12873-015,415891663,no,Restricted - Possibly,"Source: George H.W. Bush Library, Bush Presidential Records, White House Office of Appointments and Scheduling Files, Presidential Daily Diary and Presidential Daily Backup Materials, [Presidential Daily Backup] 11/15/1991. Access restriction: Restricted - Possibly.",https://s3.amazonaws.com/NARAprodstorage/lz/presidential-libraries/bush/gb-whasf/Presidential_Daily_Diary_186322/1991/41-bpr-apts_sch-dd-11_15_91-12873-015_415891663.pdf,https://catalog.archives.gov/id/415891663
1991-11-15,11/15/1991,Presidential Daily Diary,[Presidential Daily Diary] 11/15/1991,Venezuela,Matched memcon/telcon date,"Carlos Andres Perez; Venezuela",Memorandum of Telephone Conversation,12873-014,415891662,no,Restricted - Possibly,"Source: George H.W. Bush Library, Bush Presidential Records, White House Office of Appointments and Scheduling Files, Presidential Daily Diary and Presidential Daily Backup Materials, [Presidential Daily Diary] 11/15/1991. Access restriction: Restricted - Possibly.",https://s3.amazonaws.com/NARAprodstorage/lz/presidential-libraries/bush/gb-whasf/Presidential_Daily_Diary_186322/1991/41-bpr-apts_sch-dd-11_15_91-12873-014_415891662.pdf,https://catalog.archives.gov/id/415891662
1991-11-16,11/16/1991,Presidential Daily Backup,[Presidential Daily Backup] 11/16/1991,Argentina,Catalog search lead,"Argentina; Menem",,12873-017,415891665,no,Restricted - Possibly,"Source: George H.W. Bush Library, Bush Presidential Records, White House Office of Appointments and Scheduling Files, Presidential Daily Diary and Presidential Daily Backup Materials, [Presidential Daily Backup] 11/16/1991. Access restriction: Restricted - Possibly.",https://s3.amazonaws.com/NARAprodstorage/lz/presidential-libraries/bush/gb-whasf/Presidential_Daily_Diary_186322/1991/41-bpr-apts_sch-dd-11_16_91-12873-017_415891665.pdf,https://catalog.archives.gov/id/415891665
1991-11-16,11/16/1991,Presidential Daily Diary,[Presidential Daily Diary] 11/16/1991,Argentina,Catalog search lead,"Argentina; Menem",,12873-016,415891664,no,Restricted - Possibly,"Source: George H.W. Bush Library, Bush Presidential Records, White House Office of Appointments and Scheduling Files, Presidential Daily Diary and Presidential Daily Backup Materials, [Presidential Daily Diary] 11/16/1991. Access restriction: Restricted - Possibly.",https://s3.amazonaws.com/NARAprodstorage/lz/presidential-libraries/bush/gb-whasf/Presidential_Daily_Diary_186322/1991/41-bpr-apts_sch-dd-11_16_91-12873-016_415891664.pdf,https://catalog.archives.gov/id/415891664
1991-11-26,11/26/1991,Presidential Daily Backup,[Presidential Daily Backup] 11/26/1991,Uruguay,Catalog search lead,Uruguay,,12874-018,415891685,no,Restricted - Possibly,"Source: George H.W. Bush Library, Bush Presidential Records, White House Office of Appointments and Scheduling Files, Presidential Daily Diary and Presidential Daily Backup Materials, [Presidential Daily Backup] 11/26/1991. Access restriction: Restricted - Possibly.",https://s3.amazonaws.com/NARAprodstorage/lz/presidential-libraries/bush/gb-whasf/Presidential_Daily_Diary_186322/1991/41-bpr-apts_sch-dd-11_26_91-12874-018_415891685.pdf,https://catalog.archives.gov/id/415891685
1991-11-27,11/27/1991,Presidential Daily Backup,[Presidential Daily Backup] 11/27/1991,Ecuador,Catalog search lead,Borja,,12874-020,415891687,no,Restricted - Possibly,"Source: George H.W. Bush Library, Bush Presidential Records, White House Office of Appointments and Scheduling Files, Presidential Daily Diary and Presidential Daily Backup Materials, [Presidential Daily Backup] 11/27/1991. Access restriction: Restricted - Possibly.",https://s3.amazonaws.com/NARAprodstorage/lz/presidential-libraries/bush/gb-whasf/Presidential_Daily_Diary_186322/1991/41-bpr-apts_sch-dd-11_27_91-12874-020_415891687.pdf,https://catalog.archives.gov/id/415891687
1991-12-01,12/1/1991,Presidential Daily Backup,[Presidential Daily Backup] 12/1/1991,Venezuela,Catalog search lead,Venezuela,,12875-002,415891695,no,Restricted - Possibly,"Source: George H.W. Bush Library, Bush Presidential Records, White House Office of Appointments and Scheduling Files, Presidential Daily Diary and Presidential Daily Backup Materials, [Presidential Daily Backup] 12/1/1991. Access restriction: Restricted - Possibly.",https://s3.amazonaws.com/NARAprodstorage/lz/presidential-libraries/bush/gb-whasf/Presidential_Daily_Diary_186322/1991/41-bpr-apts_sch-dd-12_01_91-12875-002_415891695.pdf,https://catalog.archives.gov/id/415891695
1991-12-03,12/3/1991,Presidential Daily Backup,[Presidential Daily Backup] 12/3/1991,Brazil,Catalog search lead,Brazil,,12875-006,415891699,no,Restricted - Possibly,"Source: George H.W. Bush Library, Bush Presidential Records, White House Office of Appointments and Scheduling Files, Presidential Daily Diary and Presidential Daily Backup Materials, [Presidential Daily Backup] 12/3/1991. Access restriction: Restricted - Possibly.",https://s3.amazonaws.com/NARAprodstorage/lz/presidential-libraries/bush/gb-whasf/Presidential_Daily_Diary_186322/1991/41-bpr-apts_sch-dd-12_03_91-12875-006_415891699.pdf,https://catalog.archives.gov/id/415891699
1991-12-10,12/10/1991,Presidential Daily Backup,[Presidential Daily Backup] 12/10/1991,Argentina,Catalog search lead,Argentine,,12875-020,415891713,no,Restricted - Possibly,"Source: George H.W. Bush Library, Bush Presidential Records, White House Office of Appointments and Scheduling Files, Presidential Daily Diary and Presidential Daily Backup Materials, [Presidential Daily Backup] 12/10/1991. Access restriction: Restricted - Possibly.",https://s3.amazonaws.com/NARAprodstorage/lz/presidential-libraries/bush/gb-whasf/Presidential_Daily_Diary_186322/1991/41-bpr-apts_sch-dd-12_10_91-12875-020_415891713.pdf,https://catalog.archives.gov/id/415891713
1991-12-11,12/11/1991,Presidential Daily Backup,[Presidential Daily Backup] 12/11/1991,Peru,Catalog search lead,Alan Garcia,,12875-022,415891715,no,Restricted - Possibly,"Source: George H.W. Bush Library, Bush Presidential Records, White House Office of Appointments and Scheduling Files, Presidential Daily Diary and Presidential Daily Backup Materials, [Presidential Daily Backup] 12/11/1991. Access restriction: Restricted - Possibly.",https://s3.amazonaws.com/NARAprodstorage/lz/presidential-libraries/bush/gb-whasf/Presidential_Daily_Diary_186322/1991/41-bpr-apts_sch-dd-12_11_91-12875-022_415891715.pdf,https://catalog.archives.gov/id/415891715
1991-12-12,12/12/1991,Presidential Daily Backup,[Presidential Daily Backup] 12/12/1991,Peru,Catalog search lead,Peru,,12875-024,415891717,no,Restricted - Possibly,"Source: George H.W. Bush Library, Bush Presidential Records, White House Office of Appointments and Scheduling Files, Presidential Daily Diary and Presidential Daily Backup Materials, [Presidential Daily Backup] 12/12/1991. Access restriction: Restricted - Possibly.",https://s3.amazonaws.com/NARAprodstorage/lz/presidential-libraries/bush/gb-whasf/Presidential_Daily_Diary_186322/1991/41-bpr-apts_sch-dd-12_12_91-12875-024_415891717.pdf,https://catalog.archives.gov/id/415891717
1991-12-13,12/13/1991,Presidential Daily Backup,[Presidential Daily Backup] 12/13/1991,"Argentina; Bolivia; Colombia; Ecuador; Paraguay; Peru; Suriname; Uruguay",Catalog search lead,"Alan Garcia; Argentina; Bolivia; Colombia; Ecuador; Paraguay; Peru; Suriname; Uruguay",,12876-002,415891719,no,Restricted - Possibly,"Source: George H.W. Bush Library, Bush Presidential Records, White House Office of Appointments and Scheduling Files, Presidential Daily Diary and Presidential Daily Backup Materials, [Presidential Daily Backup] 12/13/1991. Access restriction: Restricted - Possibly.",https://s3.amazonaws.com/NARAprodstorage/lz/presidential-libraries/bush/gb-whasf/Presidential_Daily_Diary_186322/1991/41-bpr-apts_sch-dd-12_13_91-12876-002_415891719.pdf,https://catalog.archives.gov/id/415891719
1991-12-13,12/13/1991,Presidential Daily Diary,[Presidential Daily Diary] 12/13/1991,Argentina,Catalog search lead,Argentina,,12876-001,415891718,no,Restricted - Possibly,"Source: George H.W. Bush Library, Bush Presidential Records, White House Office of Appointments and Scheduling Files, Presidential Daily Diary and Presidential Daily Backup Materials, [Presidential Daily Diary] 12/13/1991. Access restriction: Restricted - Possibly.",https://s3.amazonaws.com/NARAprodstorage/lz/presidential-libraries/bush/gb-whasf/Presidential_Daily_Diary_186322/1991/41-bpr-apts_sch-dd-12_13_91-12876-001_415891718.pdf,https://catalog.archives.gov/id/415891718
1991-12-14,12/14/1991,Presidential Daily Backup,[Presidential Daily Backup] 12/14/1991,Uruguay,Catalog search lead,Uruguay,,12876-004,415891721,no,Restricted - Possibly,"Source: George H.W. Bush Library, Bush Presidential Records, White House Office of Appointments and Scheduling Files, Presidential Daily Diary and Presidential Daily Backup Materials, [Presidential Daily Backup] 12/14/1991. Access restriction: Restricted - Possibly.",https://s3.amazonaws.com/NARAprodstorage/lz/presidential-libraries/bush/gb-whasf/Presidential_Daily_Diary_186322/1991/41-bpr-apts_sch-dd-12_14_91-12876-004_415891721.pdf,https://catalog.archives.gov/id/415891721
1991-12-15,12/15/1991,Presidential Daily Backup,[Presidential Daily Backup] 12/15/1991,Uruguay,Catalog search lead,Uruguay,,12876-006,415891723,no,Restricted - Possibly,"Source: George H.W. Bush Library, Bush Presidential Records, White House Office of Appointments and Scheduling Files, Presidential Daily Diary and Presidential Daily Backup Materials, [Presidential Daily Backup] 12/15/1991. Access restriction: Restricted - Possibly.",https://s3.amazonaws.com/NARAprodstorage/lz/presidential-libraries/bush/gb-whasf/Presidential_Daily_Diary_186322/1991/41-bpr-apts_sch-dd-12_15_91-12876-006_415891723.pdf,https://catalog.archives.gov/id/415891723
1991-12-16,12/16/1991,Presidential Daily Backup,[Presidential Daily Backup] 12/16/1991,Peru,Catalog search lead,Alan Garcia,,12876-008,415891725,no,Restricted - Possibly,"Source: George H.W. Bush Library, Bush Presidential Records, White House Office of Appointments and Scheduling Files, Presidential Daily Diary and Presidential Daily Backup Materials, [Presidential Daily Backup] 12/16/1991. Access restriction: Restricted - Possibly.",https://s3.amazonaws.com/NARAprodstorage/lz/presidential-libraries/bush/gb-whasf/Presidential_Daily_Diary_186322/1991/41-bpr-apts_sch-dd-12_16_91-12876-008_415891725.pdf,https://catalog.archives.gov/id/415891725
1991-12-17,12/17/1991,Presidential Daily Backup,[Presidential Daily Backup] 12/17/1991,Venezuela,Matched memcon/telcon date,Carlos Andres Perez,Memorandum of Telephone Conversation,12876-010,415891727,no,Restricted - Possibly,"Source: George H.W. Bush Library, Bush Presidential Records, White House Office of Appointments and Scheduling Files, Presidential Daily Diary and Presidential Daily Backup Materials, [Presidential Daily Backup] 12/17/1991. Access restriction: Restricted - Possibly.",https://s3.amazonaws.com/NARAprodstorage/lz/presidential-libraries/bush/gb-whasf/Presidential_Daily_Diary_186322/1991/41-bpr-apts_sch-dd-12_17_91-12876-010_415891727.pdf,https://catalog.archives.gov/id/415891727
1991-12-17,12/17/1991,Presidential Daily Diary,[Presidential Daily Diary] 12/17/1991,Venezuela,Matched memcon/telcon date,"Carlos Andres Perez; Venezuela",Memorandum of Telephone Conversation,12876-009,415891726,no,Restricted - Possibly,"Source: George H.W. Bush Library, Bush Presidential Records, White House Office of Appointments and Scheduling Files, Presidential Daily Diary and Presidential Daily Backup Materials, [Presidential Daily Diary] 12/17/1991. Access restriction: Restricted - Possibly.",https://s3.amazonaws.com/NARAprodstorage/lz/presidential-libraries/bush/gb-whasf/Presidential_Daily_Diary_186322/1991/41-bpr-apts_sch-dd-12_17_91-12876-009_415891726.pdf,https://catalog.archives.gov/id/415891726
1991-12-19,12/19/1991,Presidential Daily Backup,[Presidential Daily Backup] 12/19/1991,"Uruguay; Venezuela",Catalog search lead,"Carlos Andres Perez; Uruguay",,12876-014,415891731,no,Restricted - Possibly,"Source: George H.W. Bush Library, Bush Presidential Records, White House Office of Appointments and Scheduling Files, Presidential Daily Diary and Presidential Daily Backup Materials, [Presidential Daily Backup] 12/19/1991. Access restriction: Restricted - Possibly.",https://s3.amazonaws.com/NARAprodstorage/lz/presidential-libraries/bush/gb-whasf/Presidential_Daily_Diary_186322/1991/41-bpr-apts_sch-dd-12_19_91-12876-014_415891731.pdf,https://catalog.archives.gov/id/415891731
1992-01-01,1/1/1992,Presidential Daily Backup,[Presidential Daily Backup] 1/1/1992,Uruguay,Catalog search lead,Uruguay,,12877-012,415891757,no,Restricted - Possibly,"Source: George H.W. Bush Library, Bush Presidential Records, White House Office of Appointments and Scheduling Files, Presidential Daily Diary and Presidential Daily Backup Materials, [Presidential Daily Backup] 1/1/1992. Access restriction: Restricted - Possibly.",https://s3.dualstack.us-east-1.amazonaws.com/NARAprodstorage/lz/presidential-libraries/bush/gb-whasf/Presidential_Daily_Diary_186322/1992/41-bpr-apts_sch-dd-01_01_92-12877-012_415891757.pdf,https://catalog.archives.gov/id/415891757
1992-01-02,1/2/1992,Presidential Daily Backup,[Presidential Daily Backup] 1/2/1992,Uruguay,Catalog search lead,Uruguay,,12877-014,415891759,no,Restricted - Possibly,"Source: George H.W. Bush Library, Bush Presidential Records, White House Office of Appointments and Scheduling Files, Presidential Daily Diary and Presidential Daily Backup Materials, [Presidential Daily Backup] 1/2/1992. Access restriction: Restricted - Possibly.",https://s3.dualstack.us-east-1.amazonaws.com/NARAprodstorage/lz/presidential-libraries/bush/gb-whasf/Presidential_Daily_Diary_186322/1992/41-bpr-apts_sch-dd-01_02_92-12877-014_415891759.pdf,https://catalog.archives.gov/id/415891759
1992-01-03,1/3/1992,Presidential Daily Backup,[Presidential Daily Backup] 1/3/1992,Argentina,Catalog search lead,Argentina,,12877-016,415891761,no,Restricted - Possibly,"Source: George H.W. Bush Library, Bush Presidential Records, White House Office of Appointments and Scheduling Files, Presidential Daily Diary and Presidential Daily Backup Materials, [Presidential Daily Backup] 1/3/1992. Access restriction: Restricted - Possibly.",https://s3.dualstack.us-east-1.amazonaws.com/NARAprodstorage/lz/presidential-libraries/bush/gb-whasf/Presidential_Daily_Diary_186322/1992/41-bpr-apts_sch-dd-01_03_92-12877-016_415891761.pdf,https://catalog.archives.gov/id/415891761
1992-01-04,1/4/1992,Presidential Daily Backup,[Presidential Daily Backup] 1/4/1992,Uruguay,Catalog search lead,Uruguay,,12877-018,415891763,no,Restricted - Possibly,"Source: George H.W. Bush Library, Bush Presidential Records, White House Office of Appointments and Scheduling Files, Presidential Daily Diary and Presidential Daily Backup Materials, [Presidential Daily Backup] 1/4/1992. Access restriction: Restricted - Possibly.",https://s3.dualstack.us-east-1.amazonaws.com/NARAprodstorage/lz/presidential-libraries/bush/gb-whasf/Presidential_Daily_Diary_186322/1992/41-bpr-apts_sch-dd-01_04_92-12877-018_415891763.pdf,https://catalog.archives.gov/id/415891763
1992-01-06,1/6/1992,Presidential Daily Backup,[Presidential Daily Backup] 1/6/1992,Uruguay,Catalog search lead,Uruguay,,12877-022,415891767,no,Restricted - Possibly,"Source: George H.W. Bush Library, Bush Presidential Records, White House Office of Appointments and Scheduling Files, Presidential Daily Diary and Presidential Daily Backup Materials, [Presidential Daily Backup] 1/6/1992. Access restriction: Restricted - Possibly.",https://s3.dualstack.us-east-1.amazonaws.com/NARAprodstorage/lz/presidential-libraries/bush/gb-whasf/Presidential_Daily_Diary_186322/1992/41-bpr-apts_sch-dd-01_06_92-12877-022_415891767.pdf,https://catalog.archives.gov/id/415891767
1992-01-09,1/9/1992,Presidential Daily Backup,[Presidential Daily Backup] 1/9/1992,Uruguay,Catalog search lead,Uruguay,,12878-002,415891774,no,Restricted - Possibly,"Source: George H.W. Bush Library, Bush Presidential Records, White House Office of Appointments and Scheduling Files, Presidential Daily Diary and Presidential Daily Backup Materials, [Presidential Daily Backup] 1/9/1992. Access restriction: Restricted - Possibly.",https://s3.dualstack.us-east-1.amazonaws.com/NARAprodstorage/lz/presidential-libraries/bush/gb-whasf/Presidential_Daily_Diary_186322/1992/41-bpr-apts_sch-dd-01_09_92-12878-002_415891774.pdf,https://catalog.archives.gov/id/415891774
1992-01-13,1/13/1992,Presidential Daily Backup,[Presidential Daily Backup] 1/13/1992,Uruguay,Catalog search lead,Uruguay,,12878-010,415891782,no,Restricted - Possibly,"Source: George H.W. Bush Library, Bush Presidential Records, White House Office of Appointments and Scheduling Files, Presidential Daily Diary and Presidential Daily Backup Materials, [Presidential Daily Backup] 1/13/1992. Access restriction: Restricted - Possibly.",https://s3.dualstack.us-east-1.amazonaws.com/NARAprodstorage/lz/presidential-libraries/bush/gb-whasf/Presidential_Daily_Diary_186322/1992/41-bpr-apts_sch-dd-01_13_92-12878-010_415891782.pdf,https://catalog.archives.gov/id/415891782
1992-01-16,1/16/1992,Presidential Daily Backup,[Presidential Daily Backup] 1/16/1992,Argentina,Matched memcon/telcon date,"Argentina; Menem",Memorandum of Telephone Conversation,12878-016,415891788,no,Restricted - Possibly,"Source: George H.W. Bush Library, Bush Presidential Records, White House Office of Appointments and Scheduling Files, Presidential Daily Diary and Presidential Daily Backup Materials, [Presidential Daily Backup] 1/16/1992. Access restriction: Restricted - Possibly.",https://s3.dualstack.us-east-1.amazonaws.com/NARAprodstorage/lz/presidential-libraries/bush/gb-whasf/Presidential_Daily_Diary_186322/1992/41-bpr-apts_sch-dd-01_16_92-12878-016_415891788.pdf,https://catalog.archives.gov/id/415891788
1992-01-16,1/16/1992,Presidential Daily Diary,[Presidential Daily Diary] 1/16/1992,Argentina,Matched memcon/telcon date,"Argentina; Menem",Memorandum of Telephone Conversation,12878-015,415891787,no,Restricted - Possibly,"Source: George H.W. Bush Library, Bush Presidential Records, White House Office of Appointments and Scheduling Files, Presidential Daily Diary and Presidential Daily Backup Materials, [Presidential Daily Diary] 1/16/1992. Access restriction: Restricted - Possibly.",https://s3.dualstack.us-east-1.amazonaws.com/NARAprodstorage/lz/presidential-libraries/bush/gb-whasf/Presidential_Daily_Diary_186322/1992/41-bpr-apts_sch-dd-01_16_92-12878-015_415891787.pdf,https://catalog.archives.gov/id/415891787
1992-01-21,1/21/1992,Presidential Daily Backup,[Presidential Daily Backup] 1/21/1992,Peru,Catalog search lead,Alan Garcia,,12878-026,415891798,no,Restricted - Possibly,"Source: George H.W. Bush Library, Bush Presidential Records, White House Office of Appointments and Scheduling Files, Presidential Daily Diary and Presidential Daily Backup Materials, [Presidential Daily Backup] 1/21/1992. Access restriction: Restricted - Possibly.",https://s3.dualstack.us-east-1.amazonaws.com/NARAprodstorage/lz/presidential-libraries/bush/gb-whasf/Presidential_Daily_Diary_186322/1992/41-bpr-apts_sch-dd-01_21_92-12878-026_415891798.pdf,https://catalog.archives.gov/id/415891798
1992-01-22,1/22/1992,Presidential Daily Backup,[Presidential Daily Backup] 1/22/1992,"Argentina; Brazil; Venezuela",Catalog search lead,"Argentina; Brazil; Venezuela",,12879-002,415891800,no,Restricted - Possibly,"Source: George H.W. Bush Library, Bush Presidential Records, White House Office of Appointments and Scheduling Files, Presidential Daily Diary and Presidential Daily Backup Materials, [Presidential Daily Backup] 1/22/1992. Access restriction: Restricted - Possibly.",https://s3.dualstack.us-east-1.amazonaws.com/NARAprodstorage/lz/presidential-libraries/bush/gb-whasf/Presidential_Daily_Diary_186322/1992/41-bpr-apts_sch-dd-01_22_92-12879-002_415891800.pdf,https://catalog.archives.gov/id/415891800
1992-01-27,1/27/1992,Presidential Daily Backup,[Presidential Daily Backup] 1/27/1992,"Bolivia; Colombia; Ecuador; Peru; Venezuela",Catalog search lead,"Alan Garcia; Bolivia; Colombia; Ecuador; Peru; Venezuela",,12879-012,415891810,no,Restricted - Possibly,"Source: George H.W. Bush Library, Bush Presidential Records, White House Office of Appointments and Scheduling Files, Presidential Daily Diary and Presidential Daily Backup Materials, [Presidential Daily Backup] 1/27/1992. Access restriction: Restricted - Possibly.",https://s3.dualstack.us-east-1.amazonaws.com/NARAprodstorage/lz/presidential-libraries/bush/gb-whasf/Presidential_Daily_Diary_186322/1992/41-bpr-apts_sch-dd-01_27_92-12879-012_415891810.pdf,https://catalog.archives.gov/id/415891810
1992-01-27,1/27/1992,Presidential Daily Diary,[Presidential Daily Diary] 1/27/1992,"Bolivia; Ecuador; Peru; Venezuela",Catalog search lead,"Alan Garcia; Bolivia; Ecuador; Peru; Venezuela",,12879-011,415891809,no,Restricted - Possibly,"Source: George H.W. Bush Library, Bush Presidential Records, White House Office of Appointments and Scheduling Files, Presidential Daily Diary and Presidential Daily Backup Materials, [Presidential Daily Diary] 1/27/1992. Access restriction: Restricted - Possibly.",https://s3.dualstack.us-east-1.amazonaws.com/NARAprodstorage/lz/presidential-libraries/bush/gb-whasf/Presidential_Daily_Diary_186322/1992/41-bpr-apts_sch-dd-01_27_92-12879-011_415891809.pdf,https://catalog.archives.gov/id/415891809
1992-01-31,1/31/1992,Presidential Daily Backup,[Presidential Daily Backup] 1/31/1992,"Ecuador; Venezuela",Catalog search lead,"Borja; Carlos Andres Perez; Ecuador; Venezuela",,12879-020,415891818,no,Restricted - Possibly,"Source: George H.W. Bush Library, Bush Presidential Records, White House Office of Appointments and Scheduling Files, Presidential Daily Diary and Presidential Daily Backup Materials, [Presidential Daily Backup] 1/31/1992. Access restriction: Restricted - Possibly.",https://s3.dualstack.us-east-1.amazonaws.com/NARAprodstorage/lz/presidential-libraries/bush/gb-whasf/Presidential_Daily_Diary_186322/1992/41-bpr-apts_sch-dd-01_31_92-12879-020_415891818.pdf,https://catalog.archives.gov/id/415891818
1992-01-31,1/31/1992,Presidential Daily Diary,[Presidential Daily Diary] 1/31/1992,"Ecuador; Venezuela",Catalog search lead,"Borja; Carlos Andres Perez; Ecuador; Venezuela",,12879-019,415891817,no,Restricted - Possibly,"Source: George H.W. Bush Library, Bush Presidential Records, White House Office of Appointments and Scheduling Files, Presidential Daily Diary and Presidential Daily Backup Materials, [Presidential Daily Diary] 1/31/1992. Access restriction: Restricted - Possibly.",https://s3.dualstack.us-east-1.amazonaws.com/NARAprodstorage/lz/presidential-libraries/bush/gb-whasf/Presidential_Daily_Diary_186322/1992/41-bpr-apts_sch-dd-01_31_92-12879-019_415891817.pdf,https://catalog.archives.gov/id/415891817
1992-02-03,2/3/1992,Presidential Daily Backup,[Presidential Daily Backup] 2/3/1992,Suriname,Catalog search lead,"Suriname; Surinamese",,12880-002,415891824,no,Restricted - Possibly,"Source: George H.W. Bush Library, Bush Presidential Records, White House Office of Appointments and Scheduling Files, Presidential Daily Diary and Presidential Daily Backup Materials, [Presidential Daily Backup] 2/3/1992. Access restriction: Restricted - Possibly.",https://s3.dualstack.us-east-1.amazonaws.com/NARAprodstorage/lz/presidential-libraries/bush/gb-whasf/Presidential_Daily_Diary_186322/1992/41-bpr-apts_sch-dd-02_03_92-12880-002_415891824.pdf,https://catalog.archives.gov/id/415891824
1992-02-03,2/3/1992,Presidential Daily Diary,[Presidential Daily Diary] 2/3/1992,Suriname,Catalog search lead,Suriname,,12880-001,415891823,no,Restricted - Possibly,"Source: George H.W. Bush Library, Bush Presidential Records, White House Office of Appointments and Scheduling Files, Presidential Daily Diary and Presidential Daily Backup Materials, [Presidential Daily Diary] 2/3/1992. Access restriction: Restricted - Possibly.",https://s3.dualstack.us-east-1.amazonaws.com/NARAprodstorage/lz/presidential-libraries/bush/gb-whasf/Presidential_Daily_Diary_186322/1992/41-bpr-apts_sch-dd-02_03_92-12880-001_415891823.pdf,https://catalog.archives.gov/id/415891823
1992-02-04,2/4/1992,Presidential Daily Backup,[Presidential Daily Backup] 2/4/1992,Venezuela,Catalog search lead,"Carlos Andres Perez; Venezuela",,12880-004,415891826,no,Restricted - Possibly,"Source: George H.W. Bush Library, Bush Presidential Records, White House Office of Appointments and Scheduling Files, Presidential Daily Diary and Presidential Daily Backup Materials, [Presidential Daily Backup] 2/4/1992. Access restriction: Restricted - Possibly.",https://s3.dualstack.us-east-1.amazonaws.com/NARAprodstorage/lz/presidential-libraries/bush/gb-whasf/Presidential_Daily_Diary_186322/1992/41-bpr-apts_sch-dd-02_04_92-12880-004_415891826.pdf,https://catalog.archives.gov/id/415891826
1992-02-04,2/4/1992,Presidential Daily Diary,[Presidential Daily Diary] 2/4/1992,Venezuela,Catalog search lead,"Carlos Andres Perez; Venezuela",,12880-003,415891825,no,Restricted - Possibly,"Source: George H.W. Bush Library, Bush Presidential Records, White House Office of Appointments and Scheduling Files, Presidential Daily Diary and Presidential Daily Backup Materials, [Presidential Daily Diary] 2/4/1992. Access restriction: Restricted - Possibly.",https://s3.dualstack.us-east-1.amazonaws.com/NARAprodstorage/lz/presidential-libraries/bush/gb-whasf/Presidential_Daily_Diary_186322/1992/41-bpr-apts_sch-dd-02_04_92-12880-003_415891825.pdf,https://catalog.archives.gov/id/415891825
1992-02-10,2/10/1992,Presidential Daily Backup,[Presidential Daily Backup] 2/10/1992,Argentina,Catalog search lead,Argentina,,12880-016,415891838,no,Restricted - Possibly,"Source: George H.W. Bush Library, Bush Presidential Records, White House Office of Appointments and Scheduling Files, Presidential Daily Diary and Presidential Daily Backup Materials, [Presidential Daily Backup] 2/10/1992. Access restriction: Restricted - Possibly.",https://s3.dualstack.us-east-1.amazonaws.com/NARAprodstorage/lz/presidential-libraries/bush/gb-whasf/Presidential_Daily_Diary_186322/1992/41-bpr-apts_sch-dd-02_10_92-12880-016_415891838.pdf,https://catalog.archives.gov/id/415891838
1992-02-20,2/20/1992,Presidential Daily Backup,[Presidential Daily Backup] 2/20/1992,"Argentina; Uruguay",Catalog search lead,"Argentina; Uruguay",,12881-019,415891859,no,Restricted - Possibly,"Source: George H.W. Bush Library, Bush Presidential Records, White House Office of Appointments and Scheduling Files, Presidential Daily Diary and Presidential Daily Backup Materials, [Presidential Daily Backup] 2/20/1992. Access restriction: Restricted - Possibly.",https://s3.dualstack.us-east-1.amazonaws.com/NARAprodstorage/lz/presidential-libraries/bush/gb-whasf/Presidential_Daily_Diary_186322/1992/41-bpr-apts_sch-dd-02_20_92-12881-019_415891859.pdf,https://catalog.archives.gov/id/415891859
1992-02-20,2/20/1992,Presidential Daily Diary,[Presidential Daily Diary] 2/20/1992,Argentina,Catalog search lead,Argentina,,12881-018,415891858,no,Restricted - Possibly,"Source: George H.W. Bush Library, Bush Presidential Records, White House Office of Appointments and Scheduling Files, Presidential Daily Diary and Presidential Daily Backup Materials, [Presidential Daily Diary] 2/20/1992. Access restriction: Restricted - Possibly.",https://s3.dualstack.us-east-1.amazonaws.com/NARAprodstorage/lz/presidential-libraries/bush/gb-whasf/Presidential_Daily_Diary_186322/1992/41-bpr-apts_sch-dd-02_20_92-12881-018_415891858.pdf,https://catalog.archives.gov/id/415891858
1992-02-26,2/26/1992,Presidential Daily Backup,[Presidential Daily Backup] 2/26/1992,"Bolivia; Colombia; Ecuador; Peru; Venezuela",Catalog search lead,"Bolivia; Bolivian; Borja; Colombia; Colombian; Ecuador; Ecuadorian; Fujimori; Gaviria; Paz Zamora; Peru; Peruvian; Venezuela; Venezuelan",,12882-010,415891871,no,Restricted - Possibly,"Source: George H.W. Bush Library, Bush Presidential Records, White House Office of Appointments and Scheduling Files, Presidential Daily Diary and Presidential Daily Backup Materials, [Presidential Daily Backup] 2/26/1992. Access restriction: Restricted - Possibly.",https://s3.dualstack.us-east-1.amazonaws.com/NARAprodstorage/lz/presidential-libraries/bush/gb-whasf/Presidential_Daily_Diary_186322/1992/41-bpr-apts_sch-dd-02_26_92-12882-010_415891871.pdf,https://catalog.archives.gov/id/415891871
1992-02-27,2/27/1992,Presidential Daily Backup,[Presidential Daily Backup] 2/27/1992,"Bolivia; Colombia; Ecuador; Peru; Venezuela",Catalog search lead,"Barco; Bolivia; Bolivian; Borja; Carlos Andres Perez; Colombia; Colombian; Ecuador; Ecuadorian; Fujimori; Gaviria; Paz Zamora; Peru; Peruvian; Venezuela; Venezuelan",,12882-012,415891873,no,Restricted - Possibly,"Source: George H.W. Bush Library, Bush Presidential Records, White House Office of Appointments and Scheduling Files, Presidential Daily Diary and Presidential Daily Backup Materials, [Presidential Daily Backup] 2/27/1992. Access restriction: Restricted - Possibly.",https://s3.dualstack.us-east-1.amazonaws.com/NARAprodstorage/lz/presidential-libraries/bush/gb-whasf/Presidential_Daily_Diary_186322/1992/41-bpr-apts_sch-dd-02_27_92-12882-012_415891873.pdf,https://catalog.archives.gov/id/415891873
1992-03-03,3/3/1992,Presidential Daily Backup,[Presidential Daily Backup] 3/3/1992,Venezuela,Catalog search lead,"Carlos Andres Perez; Venezuela",,12882-022,415891883,no,Restricted - Possibly,"Source: George H.W. Bush Library, Bush Presidential Records, White House Office of Appointments and Scheduling Files, Presidential Daily Diary and Presidential Daily Backup Materials, [Presidential Daily Backup] 3/3/1992. Access restriction: Restricted - Possibly.",https://s3.dualstack.us-east-1.amazonaws.com/NARAprodstorage/lz/presidential-libraries/bush/gb-whasf/Presidential_Daily_Diary_186322/1992/41-bpr-apts_sch-dd-03_03_92-12882-022_415891883.pdf,https://catalog.archives.gov/id/415891883
1992-03-03,3/3/1992,Presidential Daily Diary,[Presidential Daily Diary] 3/3/1992,Venezuela,Catalog search lead,Carlos Andres Perez,,12882-021,415891882,no,Restricted - Possibly,"Source: George H.W. Bush Library, Bush Presidential Records, White House Office of Appointments and Scheduling Files, Presidential Daily Diary and Presidential Daily Backup Materials, [Presidential Daily Diary] 3/3/1992. Access restriction: Restricted - Possibly.",https://s3.dualstack.us-east-1.amazonaws.com/NARAprodstorage/lz/presidential-libraries/bush/gb-whasf/Presidential_Daily_Diary_186322/1992/41-bpr-apts_sch-dd-03_03_92-12882-021_415891882.pdf,https://catalog.archives.gov/id/415891882
1992-03-04,3/4/1992,Presidential Daily Backup,[Presidential Daily Backup] 3/4/1992,Colombia,Catalog search lead,Colombia,,12883-002,415891885,no,Restricted - Possibly,"Source: George H.W. Bush Library, Bush Presidential Records, White House Office of Appointments and Scheduling Files, Presidential Daily Diary and Presidential Daily Backup Materials, [Presidential Daily Backup] 3/4/1992. Access restriction: Restricted - Possibly.",https://s3.dualstack.us-east-1.amazonaws.com/NARAprodstorage/lz/presidential-libraries/bush/gb-whasf/Presidential_Daily_Diary_186322/1992/41-bpr-apts_sch-dd-03_04_92-12883-002_415891885.pdf,https://catalog.archives.gov/id/415891885
1992-03-16,3/16/1992,Presidential Daily Backup,[Presidential Daily Backup] 3/16/1992,Colombia,Catalog search lead,Colombian,,12884-010,415891909,no,Restricted - Possibly,"Source: George H.W. Bush Library, Bush Presidential Records, White House Office of Appointments and Scheduling Files, Presidential Daily Diary and Presidential Daily Backup Materials, [Presidential Daily Backup] 3/16/1992. Access restriction: Restricted - Possibly.",https://s3.dualstack.us-east-1.amazonaws.com/NARAprodstorage/lz/presidential-libraries/bush/gb-whasf/Presidential_Daily_Diary_186322/1992/41-bpr-apts_sch-dd-03_16_92-12884-010_415891909.pdf,https://catalog.archives.gov/id/415891909
1992-03-20,3/20/1992,Presidential Daily Backup,[Presidential Daily Backup] 3/20/1992,Peru,Catalog search lead,Alan Garcia,,12884-018,415891917,no,Restricted - Possibly,"Source: George H.W. Bush Library, Bush Presidential Records, White House Office of Appointments and Scheduling Files, Presidential Daily Diary and Presidential Daily Backup Materials, [Presidential Daily Backup] 3/20/1992. Access restriction: Restricted - Possibly.",https://s3.dualstack.us-east-1.amazonaws.com/NARAprodstorage/lz/presidential-libraries/bush/gb-whasf/Presidential_Daily_Diary_186322/1992/41-bpr-apts_sch-dd-03_20_92-12884-018_415891917.pdf,https://catalog.archives.gov/id/415891917
1992-03-24,3/24/1992,Presidential Daily Backup,[Presidential Daily Backup] 3/24/1992,Uruguay,Catalog search lead,Uruguay,,12885-004,415891925,no,Restricted - Possibly,"Source: George H.W. Bush Library, Bush Presidential Records, White House Office of Appointments and Scheduling Files, Presidential Daily Diary and Presidential Daily Backup Materials, [Presidential Daily Backup] 3/24/1992. Access restriction: Restricted - Possibly.",https://s3.dualstack.us-east-1.amazonaws.com/NARAprodstorage/lz/presidential-libraries/bush/gb-whasf/Presidential_Daily_Diary_186322/1992/41-bpr-apts_sch-dd-03_24_92-12885-004_415891925.pdf,https://catalog.archives.gov/id/415891925
1992-03-25,3/25/1992,Presidential Daily Backup,[Presidential Daily Backup] 3/25/1992,Brazil,Matched memcon/telcon date,"Brazil; Collor",Memorandum of a Telephone Conversation,12885-006,415891927,no,Restricted - Possibly,"Source: George H.W. Bush Library, Bush Presidential Records, White House Office of Appointments and Scheduling Files, Presidential Daily Diary and Presidential Daily Backup Materials, [Presidential Daily Backup] 3/25/1992. Access restriction: Restricted - Possibly.",https://s3.dualstack.us-east-1.amazonaws.com/NARAprodstorage/lz/presidential-libraries/bush/gb-whasf/Presidential_Daily_Diary_186322/1992/41-bpr-apts_sch-dd-03_25_92-12885-006_415891927.pdf,https://catalog.archives.gov/id/415891927
1992-03-25,3/25/1992,Presidential Daily Diary,[Presidential Daily Diary] 3/25/1992,Brazil,Matched memcon/telcon date,"Brazil; Collor",Memorandum of a Telephone Conversation,12885-005,415891926,no,Restricted - Possibly,"Source: George H.W. Bush Library, Bush Presidential Records, White House Office of Appointments and Scheduling Files, Presidential Daily Diary and Presidential Daily Backup Materials, [Presidential Daily Diary] 3/25/1992. Access restriction: Restricted - Possibly.",https://s3.dualstack.us-east-1.amazonaws.com/NARAprodstorage/lz/presidential-libraries/bush/gb-whasf/Presidential_Daily_Diary_186322/1992/41-bpr-apts_sch-dd-03_25_92-12885-005_415891926.pdf,https://catalog.archives.gov/id/415891926
1992-03-31,3/31/1992,Presidential Daily Backup,[Presidential Daily Backup] 3/31/1992,Ecuador,Catalog search lead,Ecuador,,12885-018,415891939,no,Restricted - Possibly,"Source: George H.W. Bush Library, Bush Presidential Records, White House Office of Appointments and Scheduling Files, Presidential Daily Diary and Presidential Daily Backup Materials, [Presidential Daily Backup] 3/31/1992. Access restriction: Restricted - Possibly.",https://s3.dualstack.us-east-1.amazonaws.com/NARAprodstorage/lz/presidential-libraries/bush/gb-whasf/Presidential_Daily_Diary_186322/1992/41-bpr-apts_sch-dd-03_31_92-12885-018_415891939.pdf,https://catalog.archives.gov/id/415891939
1992-04-01,4/1/1992,Presidential Daily Backup,[Presidential Daily Backup] 4/1/1992,Ecuador,Catalog search lead,Ecuador,,12885-020,415891941,no,Restricted - Possibly,"Source: George H.W. Bush Library, Bush Presidential Records, White House Office of Appointments and Scheduling Files, Presidential Daily Diary and Presidential Daily Backup Materials, [Presidential Daily Backup] 4/1/1992. Access restriction: Restricted - Possibly.",https://s3.dualstack.us-east-1.amazonaws.com/NARAprodstorage/lz/presidential-libraries/bush/gb-whasf/Presidential_Daily_Diary_186322/1992/41-bpr-apts_sch-dd-04_01_92-12885-020_415891941.pdf,https://catalog.archives.gov/id/415891941
1992-04-02,4/2/1992,Presidential Daily Backup,[Presidential Daily Backup] 4/2/1992,Uruguay,Catalog search lead,Uruguay,,12885-022,415891943,no,Restricted - Possibly,"Source: George H.W. Bush Library, Bush Presidential Records, White House Office of Appointments and Scheduling Files, Presidential Daily Diary and Presidential Daily Backup Materials, [Presidential Daily Backup] 4/2/1992. Access restriction: Restricted - Possibly.",https://s3.dualstack.us-east-1.amazonaws.com/NARAprodstorage/lz/presidential-libraries/bush/gb-whasf/Presidential_Daily_Diary_186322/1992/41-bpr-apts_sch-dd-04_02_92-12885-022_415891943.pdf,https://catalog.archives.gov/id/415891943
1992-04-07,4/7/1992,Presidential Daily Backup,[Presidential Daily Backup] 4/7/1992,Argentina,Matched memcon/telcon date,"Argentina; Menem",Memorandum of Telephone Conversation,12886-006,415891953,no,Restricted - Possibly,"Source: George H.W. Bush Library, Bush Presidential Records, White House Office of Appointments and Scheduling Files, Presidential Daily Diary and Presidential Daily Backup Materials, [Presidential Daily Backup] 4/7/1992. Access restriction: Restricted - Possibly.",https://s3.dualstack.us-east-1.amazonaws.com/NARAprodstorage/lz/presidential-libraries/bush/gb-whasf/Presidential_Daily_Diary_186322/1992/41-bpr-apts_sch-dd-04_07_92-12886-006_415891953.pdf,https://catalog.archives.gov/id/415891953
1992-04-07,4/7/1992,Presidential Daily Diary,[Presidential Daily Diary] 4/7/1992,Argentina,Matched memcon/telcon date,"Argentina; Menem",Memorandum of Telephone Conversation,12886-005,415891952,no,Restricted - Possibly,"Source: George H.W. Bush Library, Bush Presidential Records, White House Office of Appointments and Scheduling Files, Presidential Daily Diary and Presidential Daily Backup Materials, [Presidential Daily Diary] 4/7/1992. Access restriction: Restricted - Possibly.",https://s3.dualstack.us-east-1.amazonaws.com/NARAprodstorage/lz/presidential-libraries/bush/gb-whasf/Presidential_Daily_Diary_186322/1992/41-bpr-apts_sch-dd-04_07_92-12886-005_415891952.pdf,https://catalog.archives.gov/id/415891952
1992-04-08,4/8/1992,Presidential Daily Backup,[Presidential Daily Backup] 4/8/1992,Peru,Catalog search lead,"Peru; Peruvian",,12886-008,415891955,no,Restricted - Possibly,"Source: George H.W. Bush Library, Bush Presidential Records, White House Office of Appointments and Scheduling Files, Presidential Daily Diary and Presidential Daily Backup Materials, [Presidential Daily Backup] 4/8/1992. Access restriction: Restricted - Possibly.",https://s3.dualstack.us-east-1.amazonaws.com/NARAprodstorage/lz/presidential-libraries/bush/gb-whasf/Presidential_Daily_Diary_186322/1992/41-bpr-apts_sch-dd-04_08_92-12886-008_415891955.pdf,https://catalog.archives.gov/id/415891955
1992-04-09,4/9/1992,Presidential Daily Backup,[Presidential Daily Backup] 4/9/1992,"Argentina; Paraguay; Peru; Venezuela",Matched memcon/telcon date,"Andres Rodriguez; Argentina; Carlos Andres Perez; Peru; Venezuela",Memorandum of a Telephone Conversation,12886-010,415891957,no,Restricted - Possibly,"Source: George H.W. Bush Library, Bush Presidential Records, White House Office of Appointments and Scheduling Files, Presidential Daily Diary and Presidential Daily Backup Materials, [Presidential Daily Backup] 4/9/1992. Access restriction: Restricted - Possibly.",https://s3.dualstack.us-east-1.amazonaws.com/NARAprodstorage/lz/presidential-libraries/bush/gb-whasf/Presidential_Daily_Diary_186322/1992/41-bpr-apts_sch-dd-04_09_92-12886-010_415891957.pdf,https://catalog.archives.gov/id/415891957
1992-04-09,4/9/1992,Presidential Daily Diary,[Presidential Daily Diary] 4/9/1992,Venezuela,Matched memcon/telcon date,"Carlos Andres Perez; Venezuela",Memorandum of a Telephone Conversation,12886-009,415891956,no,Restricted - Possibly,"Source: George H.W. Bush Library, Bush Presidential Records, White House Office of Appointments and Scheduling Files, Presidential Daily Diary and Presidential Daily Backup Materials, [Presidential Daily Diary] 4/9/1992. Access restriction: Restricted - Possibly.",https://s3.dualstack.us-east-1.amazonaws.com/NARAprodstorage/lz/presidential-libraries/bush/gb-whasf/Presidential_Daily_Diary_186322/1992/41-bpr-apts_sch-dd-04_09_92-12886-009_415891956.pdf,https://catalog.archives.gov/id/415891956
1992-04-20,4/20/1992,Presidential Daily Backup,[Presidential Daily Backup] 4/20/1992,Peru,Matched memcon/telcon date,"Fujimori; Peru",Memorandum of Telephone Conversation,12887-014,415891979,no,Restricted - Possibly,"Source: George H.W. Bush Library, Bush Presidential Records, White House Office of Appointments and Scheduling Files, Presidential Daily Diary and Presidential Daily Backup Materials, [Presidential Daily Backup] 4/20/1992. Access restriction: Restricted - Possibly.",https://s3.dualstack.us-east-1.amazonaws.com/NARAprodstorage/lz/presidential-libraries/bush/gb-whasf/Presidential_Daily_Diary_186322/1992/41-bpr-apts_sch-dd-04_20_92-12887-014_415891979.pdf,https://catalog.archives.gov/id/415891979
1992-04-20,4/20/1992,Presidential Daily Diary,[Presidential Daily Diary] 4/20/1992,Peru,Matched memcon/telcon date,"Fujimori; Peru",Memorandum of Telephone Conversation,12887-013,415891978,no,Restricted - Possibly,"Source: George H.W. Bush Library, Bush Presidential Records, White House Office of Appointments and Scheduling Files, Presidential Daily Diary and Presidential Daily Backup Materials, [Presidential Daily Diary] 4/20/1992. Access restriction: Restricted - Possibly.",https://s3.dualstack.us-east-1.amazonaws.com/NARAprodstorage/lz/presidential-libraries/bush/gb-whasf/Presidential_Daily_Diary_186322/1992/41-bpr-apts_sch-dd-04_20_92-12887-013_415891978.pdf,https://catalog.archives.gov/id/415891978
1992-04-21,4/21/1992,Presidential Daily Backup,[Presidential Daily Backup] 4/21/1992,"Argentina; Chile; Ecuador; Guyana; Uruguay; Venezuela",Catalog search lead,"Argentina; Chile; Ecuador; Guyana; Uruguay; Venezuela",,12887-016,415891981,no,Restricted - Possibly,"Source: George H.W. Bush Library, Bush Presidential Records, White House Office of Appointments and Scheduling Files, Presidential Daily Diary and Presidential Daily Backup Materials, [Presidential Daily Backup] 4/21/1992. Access restriction: Restricted - Possibly.",https://s3.dualstack.us-east-1.amazonaws.com/NARAprodstorage/lz/presidential-libraries/bush/gb-whasf/Presidential_Daily_Diary_186322/1992/41-bpr-apts_sch-dd-04_21_92-12887-016_415891981.pdf,https://catalog.archives.gov/id/415891981
1992-04-21,4/21/1992,Presidential Daily Diary,[Presidential Daily Diary] 4/21/1992,Guyana,Catalog search lead,Guyana,,12887-015,415891980,no,Restricted - Possibly,"Source: George H.W. Bush Library, Bush Presidential Records, White House Office of Appointments and Scheduling Files, Presidential Daily Diary and Presidential Daily Backup Materials, [Presidential Daily Diary] 4/21/1992. Access restriction: Restricted - Possibly.",https://s3.dualstack.us-east-1.amazonaws.com/NARAprodstorage/lz/presidential-libraries/bush/gb-whasf/Presidential_Daily_Diary_186322/1992/41-bpr-apts_sch-dd-04_21_92-12887-015_415891980.pdf,https://catalog.archives.gov/id/415891980
1992-04-22,4/22/1992,Presidential Daily Backup,[Presidential Daily Backup] 4/22/1992,Uruguay,Catalog search lead,Uruguay,,12887-018,415891983,no,Restricted - Possibly,"Source: George H.W. Bush Library, Bush Presidential Records, White House Office of Appointments and Scheduling Files, Presidential Daily Diary and Presidential Daily Backup Materials, [Presidential Daily Backup] 4/22/1992. Access restriction: Restricted - Possibly.",https://s3.dualstack.us-east-1.amazonaws.com/NARAprodstorage/lz/presidential-libraries/bush/gb-whasf/Presidential_Daily_Diary_186322/1992/41-bpr-apts_sch-dd-04_22_92-12887-018_415891983.pdf,https://catalog.archives.gov/id/415891983
1992-04-23,4/23/1992,Presidential Daily Backup,[Presidential Daily Backup] 4/23/1992,"Argentina; Brazil; Chile; Paraguay; Peru; Uruguay; Venezuela",Catalog search lead,"Argentina; Brazil; Chile; Paraguay; Peru; Uruguay; Venezuela",,12887-020,415891985,no,Restricted - Possibly,"Source: George H.W. Bush Library, Bush Presidential Records, White House Office of Appointments and Scheduling Files, Presidential Daily Diary and Presidential Daily Backup Materials, [Presidential Daily Backup] 4/23/1992. Access restriction: Restricted - Possibly.",https://s3.dualstack.us-east-1.amazonaws.com/NARAprodstorage/lz/presidential-libraries/bush/gb-whasf/Presidential_Daily_Diary_186322/1992/41-bpr-apts_sch-dd-04_23_92-12887-020_415891985.pdf,https://catalog.archives.gov/id/415891985
1992-04-24,4/24/1992,Presidential Daily Backup,[Presidential Daily Backup] 4/24/1992,"Argentina; Peru",Catalog search lead,"Alan Garcia; Argentina; Peru",,12887-022,415891987,no,Restricted - Possibly,"Source: George H.W. Bush Library, Bush Presidential Records, White House Office of Appointments and Scheduling Files, Presidential Daily Diary and Presidential Daily Backup Materials, [Presidential Daily Backup] 4/24/1992. Access restriction: Restricted - Possibly.",https://s3.dualstack.us-east-1.amazonaws.com/NARAprodstorage/lz/presidential-libraries/bush/gb-whasf/Presidential_Daily_Diary_186322/1992/41-bpr-apts_sch-dd-04_24_92-12887-022_415891987.pdf,https://catalog.archives.gov/id/415891987
1992-04-27,4/27/1992,Presidential Daily Diary,[Presidential Daily Diary] 4/27/1992,Brazil,Catalog search lead,Brazil,,12888-003,415891992,no,Restricted - Possibly,"Source: George H.W. Bush Library, Bush Presidential Records, White House Office of Appointments and Scheduling Files, Presidential Daily Diary and Presidential Daily Backup Materials, [Presidential Daily Diary] 4/27/1992. Access restriction: Restricted - Possibly.",https://s3.dualstack.us-east-1.amazonaws.com/NARAprodstorage/lz/presidential-libraries/bush/gb-whasf/Presidential_Daily_Diary_186322/1992/41-bpr-apts_sch-dd-04_27_92-12888-003_415891992.pdf,https://catalog.archives.gov/id/415891992
1992-04-28,4/28/1992,Presidential Daily Backup,[Presidential Daily Backup] 4/28/1992,Paraguay,Catalog search lead,Andres Rodriguez,,12888-006,415891995,no,Restricted - Possibly,"Source: George H.W. Bush Library, Bush Presidential Records, White House Office of Appointments and Scheduling Files, Presidential Daily Diary and Presidential Daily Backup Materials, [Presidential Daily Backup] 4/28/1992. Access restriction: Restricted - Possibly.",https://s3.dualstack.us-east-1.amazonaws.com/NARAprodstorage/lz/presidential-libraries/bush/gb-whasf/Presidential_Daily_Diary_186322/1992/41-bpr-apts_sch-dd-04_28_92-12888-006_415891995.pdf,https://catalog.archives.gov/id/415891995
1992-05-01,5/1/1992,Presidential Daily Backup,[Presidential Daily Backup] 5/1/1992,Brazil,Catalog search lead,Brazil,,12888-013,415892002,no,Restricted - Possibly,"Source: George H.W. Bush Library, Bush Presidential Records, White House Office of Appointments and Scheduling Files, Presidential Daily Diary and Presidential Daily Backup Materials, [Presidential Daily Backup] 5/1/1992. Access restriction: Restricted - Possibly.",https://s3.dualstack.us-east-1.amazonaws.com/NARAprodstorage/lz/presidential-libraries/bush/gb-whasf/Presidential_Daily_Diary_186322/1992/41-bpr-apts_sch-dd-05_01_92-12888-013_415892002.pdf,https://catalog.archives.gov/id/415892002
1992-05-01,5/1/1992,Presidential Daily Diary,[Presidential Daily Diary] 5/1/1992,Brazil,Catalog search lead,Brazil,,12888-012,415892001,no,Restricted - Possibly,"Source: George H.W. Bush Library, Bush Presidential Records, White House Office of Appointments and Scheduling Files, Presidential Daily Diary and Presidential Daily Backup Materials, [Presidential Daily Diary] 5/1/1992. Access restriction: Restricted - Possibly.",https://s3.dualstack.us-east-1.amazonaws.com/NARAprodstorage/lz/presidential-libraries/bush/gb-whasf/Presidential_Daily_Diary_186322/1992/41-bpr-apts_sch-dd-05_01_92-12888-012_415892001.pdf,https://catalog.archives.gov/id/415892001
1992-05-05,5/5/1992,Presidential Daily Backup,[Presidential Daily Backup] 5/5/1992,"Paraguay; Venezuela",Catalog search lead,"Carlos Andres Perez; Paraguay",,12889-008,415892010,no,Restricted - Possibly,"Source: George H.W. Bush Library, Bush Presidential Records, White House Office of Appointments and Scheduling Files, Presidential Daily Diary and Presidential Daily Backup Materials, [Presidential Daily Backup] 5/5/1992. Access restriction: Restricted - Possibly.",https://s3.dualstack.us-east-1.amazonaws.com/NARAprodstorage/lz/presidential-libraries/bush/gb-whasf/Presidential_Daily_Diary_186322/1992/41-bpr-apts_sch-dd-05_05_92-12889-008_415892010.pdf,https://catalog.archives.gov/id/415892010
1992-05-05,5/5/1992,Presidential Daily Diary,[Presidential Daily Diary] 5/5/1992,Paraguay,Catalog search lead,Paraguay,,12889-007,415892009,no,Restricted - Possibly,"Source: George H.W. Bush Library, Bush Presidential Records, White House Office of Appointments and Scheduling Files, Presidential Daily Diary and Presidential Daily Backup Materials, [Presidential Daily Diary] 5/5/1992. Access restriction: Restricted - Possibly.",https://s3.dualstack.us-east-1.amazonaws.com/NARAprodstorage/lz/presidential-libraries/bush/gb-whasf/Presidential_Daily_Diary_186322/1992/41-bpr-apts_sch-dd-05_05_92-12889-007_415892009.pdf,https://catalog.archives.gov/id/415892009
1992-05-07,5/7/1992,Presidential Daily Backup,[Presidential Daily Backup] 5/7/1992,Bolivia,Catalog search lead,Bolivia,,12889-012,415892014,no,Restricted - Possibly,"Source: George H.W. Bush Library, Bush Presidential Records, White House Office of Appointments and Scheduling Files, Presidential Daily Diary and Presidential Daily Backup Materials, [Presidential Daily Backup] 5/7/1992. Access restriction: Restricted - Possibly.",https://s3.dualstack.us-east-1.amazonaws.com/NARAprodstorage/lz/presidential-libraries/bush/gb-whasf/Presidential_Daily_Diary_186322/1992/41-bpr-apts_sch-dd-05_07_92-12889-012_415892014.pdf,https://catalog.archives.gov/id/415892014
1992-05-08,5/8/1992,Presidential Daily Backup,[Presidential Daily Backup] 5/8/1992,"Argentina; Bolivia; Brazil; Colombia; Peru",Catalog search lead,"Argentina; Bolivia; Brazil; Colombia; Peru",,12889-014,415892016,no,Restricted - Possibly,"Source: George H.W. Bush Library, Bush Presidential Records, White House Office of Appointments and Scheduling Files, Presidential Daily Diary and Presidential Daily Backup Materials, [Presidential Daily Backup] 5/8/1992. Access restriction: Restricted - Possibly.",https://s3.dualstack.us-east-1.amazonaws.com/NARAprodstorage/lz/presidential-libraries/bush/gb-whasf/Presidential_Daily_Diary_186322/1992/41-bpr-apts_sch-dd-05_08_92-12889-014_415892016.pdf,https://catalog.archives.gov/id/415892016
1992-05-12,5/12/1992,Presidential Daily Backup,[Presidential Daily Backup] 5/12/1992,"Bolivia; Brazil; Chile; Peru",Matched memcon/telcon date,"Alan Garcia; Bolivia; Brazil; Chile; Collor",Memorandum of Telephone Conversation,12890-002,415892024,no,Restricted - Possibly,"Source: George H.W. Bush Library, Bush Presidential Records, White House Office of Appointments and Scheduling Files, Presidential Daily Diary and Presidential Daily Backup Materials, [Presidential Daily Backup] 5/12/1992. Access restriction: Restricted - Possibly.",https://s3.dualstack.us-east-1.amazonaws.com/NARAprodstorage/lz/presidential-libraries/bush/gb-whasf/Presidential_Daily_Diary_186322/1992/41-bpr-apts_sch-dd-05_12_92-12890-002_415892024.pdf,https://catalog.archives.gov/id/415892024
1992-05-12,5/12/1992,Presidential Daily Diary,[Presidential Daily Diary] 5/12/1992,Brazil,Matched memcon/telcon date,"Brazil; Collor",Memorandum of Telephone Conversation,12890-001,415892023,no,Restricted - Possibly,"Source: George H.W. Bush Library, Bush Presidential Records, White House Office of Appointments and Scheduling Files, Presidential Daily Diary and Presidential Daily Backup Materials, [Presidential Daily Diary] 5/12/1992. Access restriction: Restricted - Possibly.",https://s3.dualstack.us-east-1.amazonaws.com/NARAprodstorage/lz/presidential-libraries/bush/gb-whasf/Presidential_Daily_Diary_186322/1992/41-bpr-apts_sch-dd-05_12_92-12890-001_415892023.pdf,https://catalog.archives.gov/id/415892023
1992-05-13,5/13/1992,Presidential Daily Backup,[Presidential Daily Backup] 5/13/1992,"Chile; Paraguay; Peru; Venezuela",Matched memcon/telcon date,"Andres Rodriguez; Aylwin; Carlos Andres Perez; Chile; Chilean; Peru; Venezuela",Memorandum of Conversation,12890-004,415892026,no,Restricted - Possibly,"Source: George H.W. Bush Library, Bush Presidential Records, White House Office of Appointments and Scheduling Files, Presidential Daily Diary and Presidential Daily Backup Materials, [Presidential Daily Backup] 5/13/1992. Access restriction: Restricted - Possibly.",https://s3.dualstack.us-east-1.amazonaws.com/NARAprodstorage/lz/presidential-libraries/bush/gb-whasf/Presidential_Daily_Diary_186322/1992/41-bpr-apts_sch-dd-05_13_92-12890-004_415892026.pdf,https://catalog.archives.gov/id/415892026
1992-05-13,5/13/1992,Presidential Daily Diary,[Presidential Daily Diary] 5/13/1992,Chile,Matched memcon/telcon date,"Aylwin; Chile",Memorandum of Conversation,12890-003,415892025,no,Restricted - Possibly,"Source: George H.W. Bush Library, Bush Presidential Records, White House Office of Appointments and Scheduling Files, Presidential Daily Diary and Presidential Daily Backup Materials, [Presidential Daily Diary] 5/13/1992. Access restriction: Restricted - Possibly.",https://s3.dualstack.us-east-1.amazonaws.com/NARAprodstorage/lz/presidential-libraries/bush/gb-whasf/Presidential_Daily_Diary_186322/1992/41-bpr-apts_sch-dd-05_13_92-12890-003_415892025.pdf,https://catalog.archives.gov/id/415892025
1992-05-30,5/30/1992,Presidential Daily Backup,[Presidential Daily Backup] 5/30/1992,Uruguay,Catalog search lead,Uruguay,,12891-018,415892061,no,Restricted - Possibly,"Source: George H.W. Bush Library, Bush Presidential Records, White House Office of Appointments and Scheduling Files, Presidential Daily Diary and Presidential Daily Backup Materials, [Presidential Daily Backup] 5/30/1992. Access restriction: Restricted - Possibly.",https://s3.dualstack.us-east-1.amazonaws.com/NARAprodstorage/lz/presidential-libraries/bush/gb-whasf/Presidential_Daily_Diary_186322/1992/41-bpr-apts_sch-dd-05_30_92-12891-018_415892061.pdf,https://catalog.archives.gov/id/415892061
1992-06-01,6/1/1992,Presidential Daily Backup,[Presidential Daily Backup] 6/1/1992,Brazil,Catalog search lead,Brazil,,12891-022,415892065,no,Restricted - Possibly,"Source: George H.W. Bush Library, Bush Presidential Records, White House Office of Appointments and Scheduling Files, Presidential Daily Diary and Presidential Daily Backup Materials, [Presidential Daily Backup] 6/1/1992. Access restriction: Restricted - Possibly.",https://s3.dualstack.us-east-1.amazonaws.com/NARAprodstorage/lz/presidential-libraries/bush/gb-whasf/Presidential_Daily_Diary_186322/1992/41-bpr-apts_sch-dd-06_01_92-12891-022_415892065.pdf,https://catalog.archives.gov/id/415892065
1992-06-01,6/1/1992,Presidential Daily Diary,[Presidential Daily Diary] 6/1/1992,Brazil,Catalog search lead,Brazil,,12891-021,415892064,no,Restricted - Possibly,"Source: George H.W. Bush Library, Bush Presidential Records, White House Office of Appointments and Scheduling Files, Presidential Daily Diary and Presidential Daily Backup Materials, [Presidential Daily Diary] 6/1/1992. Access restriction: Restricted - Possibly.",https://s3.dualstack.us-east-1.amazonaws.com/NARAprodstorage/lz/presidential-libraries/bush/gb-whasf/Presidential_Daily_Diary_186322/1992/41-bpr-apts_sch-dd-06_01_92-12891-021_415892064.pdf,https://catalog.archives.gov/id/415892064
1992-06-05,6/5/1992,Presidential Daily Backup,[Presidential Daily Backup] 6/5/1992,Brazil,Catalog search lead,Brazil,,12892-008,415892073,no,Restricted - Possibly,"Source: George H.W. Bush Library, Bush Presidential Records, White House Office of Appointments and Scheduling Files, Presidential Daily Diary and Presidential Daily Backup Materials, [Presidential Daily Backup] 6/5/1992. Access restriction: Restricted - Possibly.",https://s3.dualstack.us-east-1.amazonaws.com/NARAprodstorage/lz/presidential-libraries/bush/gb-whasf/Presidential_Daily_Diary_186322/1992/41-bpr-apts_sch-dd-06_05_92-12892-008_415892073.pdf,https://catalog.archives.gov/id/415892073
1992-06-05,6/5/1992,Presidential Daily Diary,[Presidential Daily Diary] 6/5/1992,Brazil,Catalog search lead,Brazil,,12892-007,415892072,no,Restricted - Possibly,"Source: George H.W. Bush Library, Bush Presidential Records, White House Office of Appointments and Scheduling Files, Presidential Daily Diary and Presidential Daily Backup Materials, [Presidential Daily Diary] 6/5/1992. Access restriction: Restricted - Possibly.",https://s3.dualstack.us-east-1.amazonaws.com/NARAprodstorage/lz/presidential-libraries/bush/gb-whasf/Presidential_Daily_Diary_186322/1992/41-bpr-apts_sch-dd-06_05_92-12892-007_415892072.pdf,https://catalog.archives.gov/id/415892072
1992-06-06,6/6/1992,Presidential Daily Backup,[Presidential Daily Backup] 6/6/1992,Brazil,Catalog search lead,Brazil,,12892-010,415892075,no,Restricted - Possibly,"Source: George H.W. Bush Library, Bush Presidential Records, White House Office of Appointments and Scheduling Files, Presidential Daily Diary and Presidential Daily Backup Materials, [Presidential Daily Backup] 6/6/1992. Access restriction: Restricted - Possibly.",https://s3.dualstack.us-east-1.amazonaws.com/NARAprodstorage/lz/presidential-libraries/bush/gb-whasf/Presidential_Daily_Diary_186322/1992/41-bpr-apts_sch-dd-06_06_92-12892-010_415892075.pdf,https://catalog.archives.gov/id/415892075
1992-06-09,6/9/1992,Presidential Daily Backup,[Presidential Daily Backup] 6/9/1992,Brazil,Catalog search lead,Brazil,,12892-016,415892081,no,Restricted - Possibly,"Source: George H.W. Bush Library, Bush Presidential Records, White House Office of Appointments and Scheduling Files, Presidential Daily Diary and Presidential Daily Backup Materials, [Presidential Daily Backup] 6/9/1992. Access restriction: Restricted - Possibly.",https://s3.dualstack.us-east-1.amazonaws.com/NARAprodstorage/lz/presidential-libraries/bush/gb-whasf/Presidential_Daily_Diary_186322/1992/41-bpr-apts_sch-dd-06_09_92-12892-016_415892081.pdf,https://catalog.archives.gov/id/415892081
1992-06-09,6/9/1992,Presidential Daily Diary,[Presidential Daily Diary] 6/9/1992,Brazil,Catalog search lead,Brazil,,12892-015,415892080,no,Restricted - Possibly,"Source: George H.W. Bush Library, Bush Presidential Records, White House Office of Appointments and Scheduling Files, Presidential Daily Diary and Presidential Daily Backup Materials, [Presidential Daily Diary] 6/9/1992. Access restriction: Restricted - Possibly.",https://s3.dualstack.us-east-1.amazonaws.com/NARAprodstorage/lz/presidential-libraries/bush/gb-whasf/Presidential_Daily_Diary_186322/1992/41-bpr-apts_sch-dd-06_09_92-12892-015_415892080.pdf,https://catalog.archives.gov/id/415892080
1992-06-11,6/11/1992,Presidential Daily Backup,[Presidential Daily Backup] 6/11/1992,Brazil,Catalog search lead,Brazil,,12892-020,415892085,no,Restricted - Possibly,"Source: George H.W. Bush Library, Bush Presidential Records, White House Office of Appointments and Scheduling Files, Presidential Daily Diary and Presidential Daily Backup Materials, [Presidential Daily Backup] 6/11/1992. Access restriction: Restricted - Possibly.",https://s3.dualstack.us-east-1.amazonaws.com/NARAprodstorage/lz/presidential-libraries/bush/gb-whasf/Presidential_Daily_Diary_186322/1992/41-bpr-apts_sch-dd-06_11_92-12892-020_415892085.pdf,https://catalog.archives.gov/id/415892085
1992-06-11,6/11/1992,Presidential Daily Diary,[Presidential Daily Diary] 6/11/1992,Brazil,Catalog search lead,Brazil,,12892-019,415892084,no,Restricted - Possibly,"Source: George H.W. Bush Library, Bush Presidential Records, White House Office of Appointments and Scheduling Files, Presidential Daily Diary and Presidential Daily Backup Materials, [Presidential Daily Diary] 6/11/1992. Access restriction: Restricted - Possibly.",https://s3.dualstack.us-east-1.amazonaws.com/NARAprodstorage/lz/presidential-libraries/bush/gb-whasf/Presidential_Daily_Diary_186322/1992/41-bpr-apts_sch-dd-06_11_92-12892-019_415892084.pdf,https://catalog.archives.gov/id/415892084
1992-06-12,6/12/1992,Presidential Daily Backup,[Presidential Daily Backup] 6/12/1992,Brazil,Catalog search lead,"Brazil; Collor",,12892-022,415892087,no,Restricted - Possibly,"Source: George H.W. Bush Library, Bush Presidential Records, White House Office of Appointments and Scheduling Files, Presidential Daily Diary and Presidential Daily Backup Materials, [Presidential Daily Backup] 6/12/1992. Access restriction: Restricted - Possibly.",https://s3.dualstack.us-east-1.amazonaws.com/NARAprodstorage/lz/presidential-libraries/bush/gb-whasf/Presidential_Daily_Diary_186322/1992/41-bpr-apts_sch-dd-06_12_92-12892-022_415892087.pdf,https://catalog.archives.gov/id/415892087
1992-06-12,6/12/1992,Presidential Daily Diary,[Presidential Daily Diary] 6/12/1992,Brazil,Catalog search lead,"Brazil; Brazilian; Collor",,12892-021,415892086,no,Restricted - Possibly,"Source: George H.W. Bush Library, Bush Presidential Records, White House Office of Appointments and Scheduling Files, Presidential Daily Diary and Presidential Daily Backup Materials, [Presidential Daily Diary] 6/12/1992. Access restriction: Restricted - Possibly.",https://s3.dualstack.us-east-1.amazonaws.com/NARAprodstorage/lz/presidential-libraries/bush/gb-whasf/Presidential_Daily_Diary_186322/1992/41-bpr-apts_sch-dd-06_12_92-12892-021_415892086.pdf,https://catalog.archives.gov/id/415892086
1992-06-13,6/13/1992,Presidential Daily Backup,[Presidential Daily Backup] 6/13/1992,Brazil,Catalog search lead,Brazil,,12892-024,415892089,no,Restricted - Possibly,"Source: George H.W. Bush Library, Bush Presidential Records, White House Office of Appointments and Scheduling Files, Presidential Daily Diary and Presidential Daily Backup Materials, [Presidential Daily Backup] 6/13/1992. Access restriction: Restricted - Possibly.",https://s3.dualstack.us-east-1.amazonaws.com/NARAprodstorage/lz/presidential-libraries/bush/gb-whasf/Presidential_Daily_Diary_186322/1992/41-bpr-apts_sch-dd-06_13_92-12892-024_415892089.pdf,https://catalog.archives.gov/id/415892089
1992-06-13,6/13/1992,Presidential Daily Diary,[Presidential Daily Diary] 6/13/1992,Brazil,Catalog search lead,Brazil,,12892-023,415892088,no,Restricted - Possibly,"Source: George H.W. Bush Library, Bush Presidential Records, White House Office of Appointments and Scheduling Files, Presidential Daily Diary and Presidential Daily Backup Materials, [Presidential Daily Diary] 6/13/1992. Access restriction: Restricted - Possibly.",https://s3.dualstack.us-east-1.amazonaws.com/NARAprodstorage/lz/presidential-libraries/bush/gb-whasf/Presidential_Daily_Diary_186322/1992/41-bpr-apts_sch-dd-06_13_92-12892-023_415892088.pdf,https://catalog.archives.gov/id/415892088
1992-06-14,6/14/1992,Presidential Daily Diary,[Presidential Daily Diary] 6/14/1992,Brazil,Catalog search lead,Brazil,,12893-001,415892090,no,Restricted - Possibly,"Source: George H.W. Bush Library, Bush Presidential Records, White House Office of Appointments and Scheduling Files, Presidential Daily Diary and Presidential Daily Backup Materials, [Presidential Daily Diary] 6/14/1992. Access restriction: Restricted - Possibly.",https://s3.dualstack.us-east-1.amazonaws.com/NARAprodstorage/lz/presidential-libraries/bush/gb-whasf/Presidential_Daily_Diary_186322/1992/41-bpr-apts_sch-dd-06_14_92-12893-001_415892090.pdf,https://catalog.archives.gov/id/415892090
1992-06-15,6/15/1992,Presidential Daily Backup,[Presidential Daily Backup] 6/15/1992,Uruguay,Catalog search lead,Uruguay,,12893-004,415892093,no,Restricted - Possibly,"Source: George H.W. Bush Library, Bush Presidential Records, White House Office of Appointments and Scheduling Files, Presidential Daily Diary and Presidential Daily Backup Materials, [Presidential Daily Backup] 6/15/1992. Access restriction: Restricted - Possibly.",https://s3.dualstack.us-east-1.amazonaws.com/NARAprodstorage/lz/presidential-libraries/bush/gb-whasf/Presidential_Daily_Diary_186322/1992/41-bpr-apts_sch-dd-06_15_92-12893-004_415892093.pdf,https://catalog.archives.gov/id/415892093
1992-06-20,6/20/1992,Presidential Daily Backup,[Presidential Daily Backup] 6/20/1992,Venezuela,Matched memcon/telcon date,"Carlos Andres Perez; Venezuela",Memorandum of Telephone Conversation,12893-014,415892103,no,Restricted - Possibly,"Source: George H.W. Bush Library, Bush Presidential Records, White House Office of Appointments and Scheduling Files, Presidential Daily Diary and Presidential Daily Backup Materials, [Presidential Daily Backup] 6/20/1992. Access restriction: Restricted - Possibly.",https://s3.dualstack.us-east-1.amazonaws.com/NARAprodstorage/lz/presidential-libraries/bush/gb-whasf/Presidential_Daily_Diary_186322/1992/41-bpr-apts_sch-dd-06_20_92-12893-014_415892103.pdf,https://catalog.archives.gov/id/415892103
1992-06-20,6/20/1992,Presidential Daily Diary,[Presidential Daily Diary] 6/20/1992,Venezuela,Matched memcon/telcon date,"Carlos Andres Perez; Venezuela",Memorandum of Telephone Conversation,12893-013,415892102,no,Restricted - Possibly,"Source: George H.W. Bush Library, Bush Presidential Records, White House Office of Appointments and Scheduling Files, Presidential Daily Diary and Presidential Daily Backup Materials, [Presidential Daily Diary] 6/20/1992. Access restriction: Restricted - Possibly.",https://s3.dualstack.us-east-1.amazonaws.com/NARAprodstorage/lz/presidential-libraries/bush/gb-whasf/Presidential_Daily_Diary_186322/1992/41-bpr-apts_sch-dd-06_20_92-12893-013_415892102.pdf,https://catalog.archives.gov/id/415892102
1992-07-01,7/1/1992,Presidential Daily Backup,[Presidential Daily Backup] 7/1/1992,Uruguay,Catalog search lead,Uruguay,,12894-015,415892126,no,Restricted - Possibly,"Source: George H.W. Bush Library, Bush Presidential Records, White House Office of Appointments and Scheduling Files, Presidential Daily Diary and Presidential Daily Backup Materials, [Presidential Daily Backup] 7/1/1992. Access restriction: Restricted - Possibly.",https://s3.dualstack.us-east-1.amazonaws.com/NARAprodstorage/lz/presidential-libraries/bush/gb-whasf/Presidential_Daily_Diary_186322/1992/41-bpr-apts_sch-dd-07_01_92-12894-015_415892126.pdf,https://catalog.archives.gov/id/415892126
1992-07-10,7/10/1992,Presidential Daily Backup,[Presidential Daily Backup] 7/10/1992,Brazil,Matched memcon/telcon date,"Brazil; Collor",Memorandum of Telephone Conversation,12895-016,415892144,no,Restricted - Possibly,"Source: George H.W. Bush Library, Bush Presidential Records, White House Office of Appointments and Scheduling Files, Presidential Daily Diary and Presidential Daily Backup Materials, [Presidential Daily Backup] 7/10/1992. Access restriction: Restricted - Possibly.",https://s3.dualstack.us-east-1.amazonaws.com/NARAprodstorage/lz/presidential-libraries/bush/gb-whasf/Presidential_Daily_Diary_186322/1992/41-bpr-apts_sch-dd-07_10_92-12895-016_415892144.pdf,https://catalog.archives.gov/id/415892144
1992-07-10,7/10/1992,Presidential Daily Diary,[Presidential Daily Diary] 7/10/1992 [EMPTY],Brazil,Matched memcon/telcon date,,Memorandum of Telephone Conversation,12895-015,415892143,yes,Restricted - Possibly,"Source: George H.W. Bush Library, Bush Presidential Records, White House Office of Appointments and Scheduling Files, Presidential Daily Diary and Presidential Daily Backup Materials, [Presidential Daily Diary] 7/10/1992 [EMPTY]. Access restriction: Restricted - Possibly.",https://s3.dualstack.us-east-1.amazonaws.com/NARAprodstorage/lz/presidential-libraries/bush/gb-whasf/Presidential_Daily_Diary_186322/1992/41-bpr-apts_sch-dd-07_10_92-12895-015_415892143.pdf,https://catalog.archives.gov/id/415892143
1992-07-23,7/23/1992,Presidential Daily Backup,[Presidential Daily Backup] 7/23/1992,"Colombia; Paraguay",Catalog search lead,"Colombia; Colombian; Gaviria; Paraguay",,12896-014,415892170,no,Restricted - Possibly,"Source: George H.W. Bush Library, Bush Presidential Records, White House Office of Appointments and Scheduling Files, Presidential Daily Diary and Presidential Daily Backup Materials, [Presidential Daily Backup] 7/23/1992. Access restriction: Restricted - Possibly.",https://s3.dualstack.us-east-1.amazonaws.com/NARAprodstorage/lz/presidential-libraries/bush/gb-whasf/Presidential_Daily_Diary_186322/1992/41-bpr-apts_sch-dd-07_23_92-12896-014_415892170.pdf,https://catalog.archives.gov/id/415892170
1992-07-28,7/28/1992,Presidential Daily Backup,[Presidential Daily Backup] 7/28/1992,Ecuador,Matched memcon/telcon date,"Duran Ballen; Ecuador",Memorandum of Conversation,12897-002,415892181,no,Restricted - Possibly,"Source: George H.W. Bush Library, Bush Presidential Records, White House Office of Appointments and Scheduling Files, Presidential Daily Diary and Presidential Daily Backup Materials, [Presidential Daily Backup] 7/28/1992. Access restriction: Restricted - Possibly.",https://s3.dualstack.us-east-1.amazonaws.com/NARAprodstorage/lz/presidential-libraries/bush/gb-whasf/Presidential_Daily_Diary_186322/1992/41-bpr-apts_sch-dd-07_28_92-12897-002_415892181.pdf,https://catalog.archives.gov/id/415892181
1992-07-28,7/28/1992,Presidential Daily Diary,[Presidential Daily Diary] 7/28/1992,Ecuador,Matched memcon/telcon date,"Duran Ballen; Ecuador",Memorandum of Conversation,12897-001,415892180,no,Restricted - Possibly,"Source: George H.W. Bush Library, Bush Presidential Records, White House Office of Appointments and Scheduling Files, Presidential Daily Diary and Presidential Daily Backup Materials, [Presidential Daily Diary] 7/28/1992. Access restriction: Restricted - Possibly.",https://s3.dualstack.us-east-1.amazonaws.com/NARAprodstorage/lz/presidential-libraries/bush/gb-whasf/Presidential_Daily_Diary_186322/1992/41-bpr-apts_sch-dd-07_28_92-12897-001_415892180.pdf,https://catalog.archives.gov/id/415892180
1992-08-12,8/12/1992,Presidential Daily Backup,[Presidential Daily Backup] 8/12/1992,Venezuela,Catalog search lead,Carlos Andres Perez,,12898-014,415892211,no,Restricted - Possibly,"Source: George H.W. Bush Library, Bush Presidential Records, White House Office of Appointments and Scheduling Files, Presidential Daily Diary and Presidential Daily Backup Materials, [Presidential Daily Backup] 8/12/1992. Access restriction: Restricted - Possibly.",https://s3.dualstack.us-east-1.amazonaws.com/NARAprodstorage/lz/presidential-libraries/bush/gb-whasf/Presidential_Daily_Diary_186322/1992/41-bpr-apts_sch-dd-08_12_92-12898-014_415892211.pdf,https://catalog.archives.gov/id/415892211
1992-09-08,9/8/1992,Presidential Daily Backup,[Presidential Daily Backup] 9/8/1992,"Argentina; Brazil; Chile; Paraguay",Catalog search lead,"Andres Rodriguez; Argentina; Brazil; Chile",,12900-018,415892265,no,Restricted - Possibly,"Source: George H.W. Bush Library, Bush Presidential Records, White House Office of Appointments and Scheduling Files, Presidential Daily Diary and Presidential Daily Backup Materials, [Presidential Daily Backup] 9/8/1992. Access restriction: Restricted - Possibly.",https://s3.dualstack.us-east-1.amazonaws.com/NARAprodstorage/lz/presidential-libraries/bush/gb-whasf/Presidential_Daily_Diary_186322/1992/41-bpr-apts_sch-dd-09_08_92-12900-018_415892265.pdf,https://catalog.archives.gov/id/415892265
1992-09-08,9/8/1992,Presidential Daily Diary,[Presidential Daily Diary] 9/8/1992,Paraguay,Catalog search lead,Andres Rodriguez,,12900-017,415892264,no,Restricted - Possibly,"Source: George H.W. Bush Library, Bush Presidential Records, White House Office of Appointments and Scheduling Files, Presidential Daily Diary and Presidential Daily Backup Materials, [Presidential Daily Diary] 9/8/1992. Access restriction: Restricted - Possibly.",https://s3.dualstack.us-east-1.amazonaws.com/NARAprodstorage/lz/presidential-libraries/bush/gb-whasf/Presidential_Daily_Diary_186322/1992/41-bpr-apts_sch-dd-09_08_92-12900-017_415892264.pdf,https://catalog.archives.gov/id/415892264
1992-09-09,9/9/1992,Presidential Daily Backup,[Presidential Daily Backup] 9/9/1992,"Bolivia; Colombia; Peru",Catalog search lead,"Bolivia; Gaviria; Peru",,12900-020,415892267,no,Restricted - Possibly,"Source: George H.W. Bush Library, Bush Presidential Records, White House Office of Appointments and Scheduling Files, Presidential Daily Diary and Presidential Daily Backup Materials, [Presidential Daily Backup] 9/9/1992. Access restriction: Restricted - Possibly.",https://s3.dualstack.us-east-1.amazonaws.com/NARAprodstorage/lz/presidential-libraries/bush/gb-whasf/Presidential_Daily_Diary_186322/1992/41-bpr-apts_sch-dd-09_09_92-12900-020_415892267.pdf,https://catalog.archives.gov/id/415892267
1992-09-10,9/10/1992,Presidential Daily Backup,[Presidential Daily Backup] 9/10/1992,Brazil,Catalog search lead,Brazil,,26856-002,415892269,no,Restricted - Possibly,"Source: George H.W. Bush Library, Bush Presidential Records, White House Office of Appointments and Scheduling Files, Presidential Daily Diary and Presidential Daily Backup Materials, [Presidential Daily Backup] 9/10/1992. Access restriction: Restricted - Possibly.",https://s3.dualstack.us-east-1.amazonaws.com/NARAprodstorage/lz/presidential-libraries/bush/gb-whasf/Presidential_Daily_Diary_186322/1992/41-bpr-apts_sch-dd-09_10_92-26856-002_415892269.pdf,https://catalog.archives.gov/id/415892269
1992-09-17,9/17/1992,Presidential Daily Backup,[Presidential Daily Backup] 9/17/1992,Argentina,Catalog search lead,Argentina,,26856-016,415892283,no,Restricted - Possibly,"Source: George H.W. Bush Library, Bush Presidential Records, White House Office of Appointments and Scheduling Files, Presidential Daily Diary and Presidential Daily Backup Materials, [Presidential Daily Backup] 9/17/1992. Access restriction: Restricted - Possibly.",https://s3.dualstack.us-east-1.amazonaws.com/NARAprodstorage/lz/presidential-libraries/bush/gb-whasf/Presidential_Daily_Diary_186322/1992/41-bpr-apts_sch-dd-09_17_92-26856-016_415892283.pdf,https://catalog.archives.gov/id/415892283
1992-09-20,9/20/1992,Presidential Daily Backup,[Presidential Daily Backup] 9/20/1992,"Argentina; Brazil; Colombia; Venezuela",Catalog search lead,"Argentina; Brazil; Colombia; Venezuela",,26857-006,415892289,no,Restricted - Possibly,"Source: George H.W. Bush Library, Bush Presidential Records, White House Office of Appointments and Scheduling Files, Presidential Daily Diary and Presidential Daily Backup Materials, [Presidential Daily Backup] 9/20/1992. Access restriction: Restricted - Possibly.",https://s3.dualstack.us-east-1.amazonaws.com/NARAprodstorage/lz/presidential-libraries/bush/gb-whasf/Presidential_Daily_Diary_186322/1992/41-bpr-apts_sch-dd-09_20_92-26857-006_415892289.pdf,https://catalog.archives.gov/id/415892289
1992-10-07,10/7/1992,Presidential Daily Backup,[Presidential Daily Backup] 10/7/1992,Uruguay,Catalog search lead,Uruguay,,26859-006,415892323,no,Restricted - Possibly,"Source: George H.W. Bush Library, Bush Presidential Records, White House Office of Appointments and Scheduling Files, Presidential Daily Diary and Presidential Daily Backup Materials, [Presidential Daily Backup] 10/7/1992. Access restriction: Restricted - Possibly.",https://s3.dualstack.us-east-1.amazonaws.com/NARAprodstorage/lz/presidential-libraries/bush/gb-whasf/Presidential_Daily_Diary_186322/1992/41-bpr-apts_sch-dd-10_07_92-26859-006_415892323.pdf,https://catalog.archives.gov/id/415892323
1992-10-10,10/10/1992,Presidential Daily Backup,[Presidential Daily Backup] 10/10/1992,Peru,Catalog search lead,Alan Garcia,,26859-012,415892329,no,Restricted - Possibly,"Source: George H.W. Bush Library, Bush Presidential Records, White House Office of Appointments and Scheduling Files, Presidential Daily Diary and Presidential Daily Backup Materials, [Presidential Daily Backup] 10/10/1992. Access restriction: Restricted - Possibly.",https://s3.dualstack.us-east-1.amazonaws.com/NARAprodstorage/lz/presidential-libraries/bush/gb-whasf/Presidential_Daily_Diary_186322/1992/41-bpr-apts_sch-dd-10_10_92-26859-012_415892329.pdf,https://catalog.archives.gov/id/415892329
1992-10-23,10/23/1992,Presidential Daily Backup,[Presidential Daily Backup] 10/23/1992,Argentina,Catalog search lead,Argentina,,26860-018,415892355,no,Restricted - Possibly,"Source: George H.W. Bush Library, Bush Presidential Records, White House Office of Appointments and Scheduling Files, Presidential Daily Diary and Presidential Daily Backup Materials, [Presidential Daily Backup] 10/23/1992. Access restriction: Restricted - Possibly.",https://s3.dualstack.us-east-1.amazonaws.com/NARAprodstorage/lz/presidential-libraries/bush/gb-whasf/Presidential_Daily_Diary_186322/1992/41-bpr-apts_sch-dd-10_23_92-26860-018_415892355.pdf,https://catalog.archives.gov/id/415892355
1992-10-31,10/31/1992,Presidential Daily Backup,[Presidential Daily Backup] 10/31/1992,Argentina,Matched memcon/telcon date,"Argentina; Menem",Memorandum of a Telephone Conversation,26862-002,415892371,no,Restricted - Possibly,"Source: George H.W. Bush Library, Bush Presidential Records, White House Office of Appointments and Scheduling Files, Presidential Daily Diary and Presidential Daily Backup Materials, [Presidential Daily Backup] 10/31/1992. Access restriction: Restricted - Possibly.",https://s3.dualstack.us-east-1.amazonaws.com/NARAprodstorage/lz/presidential-libraries/bush/gb-whasf/Presidential_Daily_Diary_186322/1992/41-bpr-apts_sch-dd-10_31_92-26862-002_415892371.pdf,https://catalog.archives.gov/id/415892371
1992-10-31,10/31/1992,Presidential Daily Diary,[Presidential Daily Diary] 10/31/1992,Argentina,Matched memcon/telcon date,"Argentine; Menem",Memorandum of a Telephone Conversation,26862-001,415892370,no,Restricted - Possibly,"Source: George H.W. Bush Library, Bush Presidential Records, White House Office of Appointments and Scheduling Files, Presidential Daily Diary and Presidential Daily Backup Materials, [Presidential Daily Diary] 10/31/1992. Access restriction: Restricted - Possibly.",https://s3.dualstack.us-east-1.amazonaws.com/NARAprodstorage/lz/presidential-libraries/bush/gb-whasf/Presidential_Daily_Diary_186322/1992/41-bpr-apts_sch-dd-10_31_92-26862-001_415892370.pdf,https://catalog.archives.gov/id/415892370
1992-11-05,11/5/1992,Presidential Daily Backup,[Presidential Daily Backup] 11/5/1992,Argentina,Matched memcon/telcon date,"Argentina; Menem","Memorandum of a Telephone Conversation; Memorandum of Telephone Conversation",26862-012,415892381,no,Restricted - Possibly,"Source: George H.W. Bush Library, Bush Presidential Records, White House Office of Appointments and Scheduling Files, Presidential Daily Diary and Presidential Daily Backup Materials, [Presidential Daily Backup] 11/5/1992. Access restriction: Restricted - Possibly.",https://s3.dualstack.us-east-1.amazonaws.com/NARAprodstorage/lz/presidential-libraries/bush/gb-whasf/Presidential_Daily_Diary_186322/1992/41-bpr-apts_sch-dd-11_05_92-26862-012_415892381.pdf,https://catalog.archives.gov/id/415892381
1992-11-05,11/5/1992,Presidential Daily Diary,[Presidential Daily Diary] 11/5/1992,Argentina,Matched memcon/telcon date,"Argentine; Menem","Memorandum of a Telephone Conversation; Memorandum of Telephone Conversation",26862-011,415892380,no,Restricted - Possibly,"Source: George H.W. Bush Library, Bush Presidential Records, White House Office of Appointments and Scheduling Files, Presidential Daily Diary and Presidential Daily Backup Materials, [Presidential Daily Diary] 11/5/1992. Access restriction: Restricted - Possibly.",https://s3.dualstack.us-east-1.amazonaws.com/NARAprodstorage/lz/presidential-libraries/bush/gb-whasf/Presidential_Daily_Diary_186322/1992/41-bpr-apts_sch-dd-11_05_92-26862-011_415892380.pdf,https://catalog.archives.gov/id/415892380
1992-11-10,11/10/1992,Presidential Daily Backup,[Presidential Daily Backup] 11/10/1992,Uruguay,Catalog search lead,Uruguay,,26862-022,415892391,no,Restricted - Possibly,"Source: George H.W. Bush Library, Bush Presidential Records, White House Office of Appointments and Scheduling Files, Presidential Daily Diary and Presidential Daily Backup Materials, [Presidential Daily Backup] 11/10/1992. Access restriction: Restricted - Possibly.",https://s3.dualstack.us-east-1.amazonaws.com/NARAprodstorage/lz/presidential-libraries/bush/gb-whasf/Presidential_Daily_Diary_186322/1992/41-bpr-apts_sch-dd-11_10_92-26862-022_415892391.pdf,https://catalog.archives.gov/id/415892391
1992-11-18,11/18/1992,Presidential Daily Backup,[Presidential Daily Backup] 11/18/1992,"Ecuador; Suriname",Catalog search lead,"Ecuador; Shankar",,26863-006,415892407,no,Restricted - Possibly,"Source: George H.W. Bush Library, Bush Presidential Records, White House Office of Appointments and Scheduling Files, Presidential Daily Diary and Presidential Daily Backup Materials, [Presidential Daily Backup] 11/18/1992. Access restriction: Restricted - Possibly.",https://s3.dualstack.us-east-1.amazonaws.com/NARAprodstorage/lz/presidential-libraries/bush/gb-whasf/Presidential_Daily_Diary_186322/1992/41-bpr-apts_sch-dd-11_18_92-26863-006_415892407.pdf,https://catalog.archives.gov/id/415892407
1992-11-19,11/19/1992,Presidential Daily Backup,[Presidential Daily Backup] 11/19/1992,"Ecuador; Suriname",Catalog search lead,"Ecuador; Ecuadorian; Shankar",,26863-008,415892409,no,Restricted - Possibly,"Source: George H.W. Bush Library, Bush Presidential Records, White House Office of Appointments and Scheduling Files, Presidential Daily Diary and Presidential Daily Backup Materials, [Presidential Daily Backup] 11/19/1992. Access restriction: Restricted - Possibly.",https://s3.dualstack.us-east-1.amazonaws.com/NARAprodstorage/lz/presidential-libraries/bush/gb-whasf/Presidential_Daily_Diary_186322/1992/41-bpr-apts_sch-dd-11_19_92-26863-008_415892409.pdf,https://catalog.archives.gov/id/415892409
1992-11-19,11/19/1992,Presidential Daily Diary,[Presidential Daily Diary] 11/19/1992,"Ecuador; Suriname",Catalog search lead,"Ecuador; Shankar",,26863-007,415892408,no,Restricted - Possibly,"Source: George H.W. Bush Library, Bush Presidential Records, White House Office of Appointments and Scheduling Files, Presidential Daily Diary and Presidential Daily Backup Materials, [Presidential Daily Diary] 11/19/1992. Access restriction: Restricted - Possibly.",https://s3.dualstack.us-east-1.amazonaws.com/NARAprodstorage/lz/presidential-libraries/bush/gb-whasf/Presidential_Daily_Diary_186322/1992/41-bpr-apts_sch-dd-11_19_92-26863-007_415892408.pdf,https://catalog.archives.gov/id/415892408
1992-11-20,11/20/1992,Presidential Daily Backup,[Presidential Daily Backup] 11/20/1992,Uruguay,Catalog search lead,Uruguay,,26863-010,415892411,no,Restricted - Possibly,"Source: George H.W. Bush Library, Bush Presidential Records, White House Office of Appointments and Scheduling Files, Presidential Daily Diary and Presidential Daily Backup Materials, [Presidential Daily Backup] 11/20/1992. Access restriction: Restricted - Possibly.",https://s3.dualstack.us-east-1.amazonaws.com/NARAprodstorage/lz/presidential-libraries/bush/gb-whasf/Presidential_Daily_Diary_186322/1992/41-bpr-apts_sch-dd-11_20_92-26863-010_415892411.pdf,https://catalog.archives.gov/id/415892411
1992-11-27,11/27/1992,Presidential Daily Backup,[Presidential Daily Backup] 11/27/1992,Venezuela,Matched memcon/telcon date,"Carlos Andres Perez; Venezuela","Memorandum of a Telephone Conversation; Memorandum of Conversation",26863-024,415892425,no,Restricted - Possibly,"Source: George H.W. Bush Library, Bush Presidential Records, White House Office of Appointments and Scheduling Files, Presidential Daily Diary and Presidential Daily Backup Materials, [Presidential Daily Backup] 11/27/1992. Access restriction: Restricted - Possibly.",https://s3.dualstack.us-east-1.amazonaws.com/NARAprodstorage/lz/presidential-libraries/bush/gb-whasf/Presidential_Daily_Diary_186322/1992/41-bpr-apts_sch-dd-11_27_92-26863-024_415892425.pdf,https://catalog.archives.gov/id/415892425
1992-11-27,11/27/1992,Presidential Daily Diary,[Presidential Daily Diary] 11/27/1992,Venezuela,Matched memcon/telcon date,,"Memorandum of a Telephone Conversation; Memorandum of Conversation",26863-023,415892424,no,Restricted - Possibly,"Source: George H.W. Bush Library, Bush Presidential Records, White House Office of Appointments and Scheduling Files, Presidential Daily Diary and Presidential Daily Backup Materials, [Presidential Daily Diary] 11/27/1992. Access restriction: Restricted - Possibly.",https://s3.dualstack.us-east-1.amazonaws.com/NARAprodstorage/lz/presidential-libraries/bush/gb-whasf/Presidential_Daily_Diary_186322/1992/41-bpr-apts_sch-dd-11_27_92-26863-023_415892424.pdf,https://catalog.archives.gov/id/415892424
1992-12-01,12/1/1992,Presidential Daily Backup,[Presidential Daily Backup] 12/01/1992,Argentina,Matched memcon/telcon date,"Argentina; Menem","Memorandum of a Telephone Conversation; Memorandum of Telephone Conversation",26863-032,415892433,no,Restricted - Possibly,"Source: George H.W. Bush Library, Bush Presidential Records, White House Office of Appointments and Scheduling Files, Presidential Daily Diary and Presidential Daily Backup Materials, [Presidential Daily Backup] 12/01/1992. Access restriction: Restricted - Possibly.",https://s3.dualstack.us-east-1.amazonaws.com/NARAprodstorage/lz/presidential-libraries/bush/gb-whasf/Presidential_Daily_Diary_186322/1992/41-bpr-apts_sch-dd-12_01_92-26863-032_415892433.pdf,https://catalog.archives.gov/id/415892433
1992-12-01,12/1/1992,Presidential Daily Diary,[Presidential Daily Diary] 12/01/1992,Argentina,Matched memcon/telcon date,"Argentina; Menem","Memorandum of a Telephone Conversation; Memorandum of Telephone Conversation",26863-031,415892432,no,Restricted - Possibly,"Source: George H.W. Bush Library, Bush Presidential Records, White House Office of Appointments and Scheduling Files, Presidential Daily Diary and Presidential Daily Backup Materials, [Presidential Daily Diary] 12/01/1992. Access restriction: Restricted - Possibly.",https://s3.dualstack.us-east-1.amazonaws.com/NARAprodstorage/lz/presidential-libraries/bush/gb-whasf/Presidential_Daily_Diary_186322/1992/41-bpr-apts_sch-dd-12_01_92-26863-031_415892432.pdf,https://catalog.archives.gov/id/415892432
1992-12-03,12/3/1992,Presidential Daily Diary,[Presidential Daily Diary] 12/03/1992,Ecuador,Catalog search lead,Ecuador,,26863-035,415892436,no,Restricted - Possibly,"Source: George H.W. Bush Library, Bush Presidential Records, White House Office of Appointments and Scheduling Files, Presidential Daily Diary and Presidential Daily Backup Materials, [Presidential Daily Diary] 12/03/1992. Access restriction: Restricted - Possibly.",https://s3.dualstack.us-east-1.amazonaws.com/NARAprodstorage/lz/presidential-libraries/bush/gb-whasf/Presidential_Daily_Diary_186322/1992/41-bpr-apts_sch-dd-12_03_92-26863-035_415892436.pdf,https://catalog.archives.gov/id/415892436
1992-12-04,12/4/1992,Presidential Daily Backup,[Presidential Daily Backup] 12/04/1992,"Chile; Colombia; Uruguay",Catalog search lead,"Chile; Colombia; Uruguay",,26864-002,415892439,no,Restricted - Possibly,"Source: George H.W. Bush Library, Bush Presidential Records, White House Office of Appointments and Scheduling Files, Presidential Daily Diary and Presidential Daily Backup Materials, [Presidential Daily Backup] 12/04/1992. Access restriction: Restricted - Possibly.",https://s3.dualstack.us-east-1.amazonaws.com/NARAprodstorage/lz/presidential-libraries/bush/gb-whasf/Presidential_Daily_Diary_186322/1992/41-bpr-apts_sch-dd-12_04_92-26864-002_415892439.pdf,https://catalog.archives.gov/id/415892439
1992-12-08,12/8/1992,Presidential Daily Backup,[Presidential Daily Backup] 12/8/1992,Paraguay,Catalog search lead,Andres Rodriguez,,26864-010,415892447,no,Restricted - Possibly,"Source: George H.W. Bush Library, Bush Presidential Records, White House Office of Appointments and Scheduling Files, Presidential Daily Diary and Presidential Daily Backup Materials, [Presidential Daily Backup] 12/8/1992. Access restriction: Restricted - Possibly.",https://s3.dualstack.us-east-1.amazonaws.com/NARAprodstorage/lz/presidential-libraries/bush/gb-whasf/Presidential_Daily_Diary_186322/1992/41-bpr-apts_sch-dd-12_08_92-26864-010_415892447.pdf,https://catalog.archives.gov/id/415892447
1992-12-09,12/9/1992,Presidential Daily Backup,[Presidential Daily Backup] 12/9/1992,Peru,Catalog search lead,Alan Garcia,,26864-012,415892449,no,Restricted - Possibly,"Source: George H.W. Bush Library, Bush Presidential Records, White House Office of Appointments and Scheduling Files, Presidential Daily Diary and Presidential Daily Backup Materials, [Presidential Daily Backup] 12/9/1992. Access restriction: Restricted - Possibly.",https://s3.dualstack.us-east-1.amazonaws.com/NARAprodstorage/lz/presidential-libraries/bush/gb-whasf/Presidential_Daily_Diary_186322/1992/41-bpr-apts_sch-dd-12_09_92-26864-012_415892449.pdf,https://catalog.archives.gov/id/415892449
1992-12-18,12/18/1992,Presidential Daily Backup,[Presidential Daily Backup] 12/18/1992,Uruguay,Catalog search lead,Uruguay,,26865-008,415892467,no,Restricted - Possibly,"Source: George H.W. Bush Library, Bush Presidential Records, White House Office of Appointments and Scheduling Files, Presidential Daily Diary and Presidential Daily Backup Materials, [Presidential Daily Backup] 12/18/1992. Access restriction: Restricted - Possibly.",https://s3.dualstack.us-east-1.amazonaws.com/NARAprodstorage/lz/presidential-libraries/bush/gb-whasf/Presidential_Daily_Diary_186322/1992/41-bpr-apts_sch-dd-12_18_92-26865-008_415892467.pdf,https://catalog.archives.gov/id/415892467
1993-01-15,1/15/1993,Presidential Daily Backup,[Presidential Daily Backup] 01/15/1993,Brazil,Catalog search lead,Brazil,,26867-012,415892523,no,Restricted - Possibly,"Source: George H.W. Bush Library, Bush Presidential Records, White House Office of Appointments and Scheduling Files, Presidential Daily Diary and Presidential Daily Backup Materials, [Presidential Daily Backup] 01/15/1993. Access restriction: Restricted - Possibly.",https://s3.dualstack.us-east-1.amazonaws.com/NARAprodstorage/lz/presidential-libraries/bush/gb-whasf/Presidential_Daily_Diary_186322/1993/41-bpr-apts_sch-dd-01_15_93-26867-012_415892523.pdf,https://catalog.archives.gov/id/415892523
