chapter_number,chapter_country,date,document_type,document_title,release_status,page_count,source_bucket,country_risk_level,country_risk_score,participants,frus_topics,same_date_diary_backup_count,same_date_diary_backup_titles,nearby_high_priority_print_lead_count,nearby_high_priority_print_leads,nearby_print_lead_count_14_days,nearby_public_statement_count_7_days,nearby_public_statements,context_review_note,source_note,pdf_url,catalog_url
1,Argentina,1989-01-23,Telcon,Memorandum of Telephone Conversation,Full,3,Presidential Telcon Files,Monitor,26,"George H. W. Bush; Raul Alfonsin","Latin America; South America; Argentina; Bush Library Memcons and Telcons; Telcon",2,"[Presidential Daily Backup] 1/23/1989; [Presidential Daily Diary] 1/23/1989 [EMPTY]",2,"+1d January 24, 1989 - Memorandum of Conversation Between the President; +3d January 26, 1989 - Ambassadorial request to meet",5,0,,"Check nearby leads/statements as surrounding evidence; OCR-derived leads require page-image confirmation before selection.","Source: George H.W. Bush Library, Bush Presidential Records, National Security Council, Presidential Telcon Files, [Memorandum of Telephone Conversations (Telcons) - January 1989-July 1989]: January 1989. Declassified.",https://s3.us-east-1.amazonaws.com/NARAprodstorage/lz/presidential-libraries/bush/gb-nsc/321498139/1989-01-23--Alfonsin.pdf,https://catalog.archives.gov/id/428079775
1,Argentina,1989-05-13,Telcon,Memorandum of Telephone Conversation,Full,4,Presidential Telcon Files,Monitor,26,"George H. W. Bush; Raul Alfonsin","Latin America; South America; Argentina; Bush Library Memcons and Telcons; Telcon",2,"[Presidential Daily Backup] 5/13/1989; [Presidential Daily Diary] 5/13/1989",9,"+1d May 14, 1989 - Letter to President Alfonsin of Argentina; +2d May 15, 1989 - Transmittal of the Memorandum of Conversation of; +3d May 16, 1989 - Memorandum of Conversation: President’s Telephone; +3d May 16, 1989 - Memorandum of Conversation: President’s Telephone; -5d May 8, 1989 - PCC Meeting on Argentina; +10d May 23, 1989 - Appointment request for Ambassador to Argentina; +10d May 23, 1989 - Appointment request for Ambassador to Argentina; -10d May 3, 1989 - PCC Meeting on Managing Issues and Relations:; -11d May 2, 1989 - PCC Meeting on Managing Issues and Relations:",18,0,,"Check nearby leads/statements as surrounding evidence; OCR-derived leads require page-image confirmation before selection.","Source: George H.W. Bush Library, Bush Presidential Records, National Security Council, Presidential Telcon Files, [Memorandum of Telephone Conversations (Telcons) - January 1989-July 1989]: May 1989. Declassified.",https://s3.us-east-1.amazonaws.com/NARAprodstorage/lz/presidential-libraries/bush/gb-nsc/321498139/1989-05-13--Alfonsin.pdf,https://catalog.archives.gov/id/428080013
1,Argentina,1989-09-27,Memcon,Memorandum of Conversation,Declassified,7,Scowcroft extract,Monitor,26,"George H. W. Bush; Carlos Saul Menem","Latin America; South America; Argentina; Brent Scowcroft Papers; Head-of-state memcons and telcons",2,"[Presidential Daily Backup] 9/27/1989; [Presidential Daily Diary] 9/27/1989 [EMPTY]",13,"+0d September 27, 1989 - Meeting with President Carlos Menem of; +0d September 27, 1989 - Meeting with President Carlos Menem of; +0d September 27, 1989 - Memorandum of Conversation with President; -2d September 25, 1989 - Briefing Materials for the President's Meeting with; -2d September 25, 1989 - Briefing Materials for the President's Meeting with; -2d September 25, 1989 - Presidential Meeting with Argentine President; -2d September 25, 1989 - Presidential Meeting with Argentine President; -2d September 25, 1989 - Presidential Meéting with Argentine President; +2d September 29, 1989 - Scowcroft Meeting with Alberto Kohan, Chief of; -7d September 20, 1989 - Argentina's Failure to Provide Adequate Protection of",16,1,+0d 1989-09-27 - Statement by Press Secretary Fitzwater on President Bush's Meeting With President Carlos Saul Menem of Argentina,"Check nearby leads/statements as surrounding evidence; OCR-derived leads require page-image confirmation before selection.","Source: George H.W. Bush Library, Bush Presidential Records, Brent Scowcroft Collection, Presidential Correspondence Files, Presidential Memcons Files, OA/ID 91107-005, Presidential Meetings - Memorandum of Conversations 7/14/89 - 10/2/89. Declassified.",documents/argentina/1989-09-27-bush-carlos-saul-menem-memcon-91107-005-p100-scowcroft.pdf,https://catalog.archives.gov/id/366551664
1,Argentina,1989-09-27,Memcon,Memorandum of Conversation,Full,8,Presidential Memcon Files,Monitor,26,"George H. W. Bush; Carlos Menem","Latin America; South America; Argentina; Bush Library Memcons and Telcons; Memcon",2,"[Presidential Daily Backup] 9/27/1989; [Presidential Daily Diary] 9/27/1989 [EMPTY]",13,"+0d September 27, 1989 - Meeting with President Carlos Menem of; +0d September 27, 1989 - Meeting with President Carlos Menem of; +0d September 27, 1989 - Memorandum of Conversation with President; -2d September 25, 1989 - Briefing Materials for the President's Meeting with; -2d September 25, 1989 - Briefing Materials for the President's Meeting with; -2d September 25, 1989 - Presidential Meeting with Argentine President; -2d September 25, 1989 - Presidential Meeting with Argentine President; -2d September 25, 1989 - Presidential Meéting with Argentine President; +2d September 29, 1989 - Scowcroft Meeting with Alberto Kohan, Chief of; -7d September 20, 1989 - Argentina's Failure to Provide Adequate Protection of",16,1,+0d 1989-09-27 - Statement by Press Secretary Fitzwater on President Bush's Meeting With President Carlos Saul Menem of Argentina,"Check nearby leads/statements as surrounding evidence; OCR-derived leads require page-image confirmation before selection.","Source: George H.W. Bush Library, Bush Presidential Records, National Security Council, Presidential Memcon Files, [Memorandum of Conversations (Memcons) - June 1989-December 1989]: September 1989. Declassified.",https://s3.us-east-1.amazonaws.com/NARAprodstorage/lz/presidential-libraries/bush/gb-nsc/321498039/1989-09-27--Menem.pdf,https://catalog.archives.gov/id/428080237
1,Argentina,1989-12-20,Telcon,Memorandum of Telephone Conversation,Full,4,Presidential Telcon Files,Monitor,26,"George H. W. Bush; Carlos Menem","Latin America; South America; Argentina; Bush Library Memcons and Telcons; Telcon",2,"[Presidential Daily Backup] 12/20/1989; [Presidential Daily Diary] 12/20/1989 [EMPTY]",4,"+0d December 20, 1989 - Telephone Conversation with President Menem; +1d December 21, 1989 - Memorandum of Telephone Conversation with; -5d December 15, 1989 - Meeting with Argentine Ambassador Guido di Tella,; -5d December 15, 1989 - Meeting with Argentine Ambassador Guido di Tella,",7,0,,"Check nearby leads/statements as surrounding evidence; OCR-derived leads require page-image confirmation before selection.","Source: George H.W. Bush Library, Bush Presidential Records, National Security Council, Presidential Telcon Files, [Memorandum of Telephone Conversations (Telcons) - August 1989-December 1989]: December 1989. Declassified.",https://s3.us-east-1.amazonaws.com/NARAprodstorage/lz/presidential-libraries/bush/gb-nsc/321498139/1989-12-20--Menem.pdf,https://catalog.archives.gov/id/428080455
1,Argentina,1990-03-01,Telcon,Memorandum of a Telephone Conversation,Declassified,3,Scowcroft extract,Monitor,26,"George H. W. Bush; Carlos Saul Menem","Latin America; South America; Argentina; Brent Scowcroft Papers; Head-of-state memcons and telcons",2,"[Presidential Daily Backup] 3/1/1990; [Presidential Daily Diary] 3/1/1990",0,,0,1,+4d 1990-03-05 - Statement on the Economic Situation in Argentina,"Check nearby leads/statements as surrounding evidence; OCR-derived leads require page-image confirmation before selection.","Source: George H.W. Bush Library, Bush Presidential Records, Brent Scowcroft Collection, Presidential Correspondence Files, Presidential Telcon Files, OA/ID 91111-005, Presidential Telephone Calls - Memorandum of Conversations 1/1/90 - 3/15/90. Declassified.",documents/argentina/1990-03-01-bush-carlos-saul-menem-telcon-91111-005-p88-scowcroft.pdf,https://catalog.archives.gov/id/366551690
1,Argentina,1990-03-01,Telcon,Memorandum of Telephone Conversation,Full,4,Presidential Telcon Files,Monitor,26,"George H. W. Bush; Carlos Menem","Latin America; South America; Argentina; Bush Library Memcons and Telcons; Telcon",2,"[Presidential Daily Backup] 3/1/1990; [Presidential Daily Diary] 3/1/1990",0,,0,1,+4d 1990-03-05 - Statement on the Economic Situation in Argentina,"Check nearby leads/statements as surrounding evidence; OCR-derived leads require page-image confirmation before selection.","Source: George H.W. Bush Library, Bush Presidential Records, National Security Council, Presidential Telcon Files, [Memorandum of Telephone Conversations (Telcons) - January 1990-July 1990]: March 1990. Declassified.",https://s3.us-east-1.amazonaws.com/NARAprodstorage/lz/presidential-libraries/bush/gb-nsc/321498139/1990-03-01--Menem.pdf,https://catalog.archives.gov/id/428080601
1,Argentina,1990-06-28,Telcon,Memorandum of a Telephone Conversation,Declassified,4,Scowcroft extract,Monitor,26,"George H. W. Bush; Carlos Saul Menem","Latin America; South America; Argentina; Brent Scowcroft Papers; Head-of-state memcons and telcons",2,"[Presidential Daily Backup] 6/28/1990; [Presidential Daily Diary] 6/28/1990",0,,0,0,,"Check nearby leads/statements as surrounding evidence; OCR-derived leads require page-image confirmation before selection.","Source: George H.W. Bush Library, Bush Presidential Records, Brent Scowcroft Collection, Presidential Correspondence Files, Presidential Telcon Files, OA/ID 91111-007, Presidential Telephone Calls - Memorandum of Conversations 6/23/90 - 7/31/90. Declassified.",documents/argentina/1990-06-28-bush-carlos-saul-menem-telcon-91111-007-p20-scowcroft.pdf,https://catalog.archives.gov/id/366551692
1,Argentina,1990-06-28,Telcon,Memorandum of Telephone Conversation,Full,3,Presidential Telcon Files,Monitor,26,"George H. W. Bush; Carlos Menem","Latin America; South America; Argentina; Bush Library Memcons and Telcons; Telcon",2,"[Presidential Daily Backup] 6/28/1990; [Presidential Daily Diary] 6/28/1990",0,,0,0,,"Check nearby leads/statements as surrounding evidence; OCR-derived leads require page-image confirmation before selection.","Source: George H.W. Bush Library, Bush Presidential Records, National Security Council, Presidential Telcon Files, [Memorandum of Telephone Conversations (Telcons) - January 1990-July 1990]: June 1990. Declassified.",https://s3.us-east-1.amazonaws.com/NARAprodstorage/lz/presidential-libraries/bush/gb-nsc/321498139/1990-06-28--Menem.pdf,https://catalog.archives.gov/id/428080817
1,Argentina,1990-10-01,Memcon,Memorandum of Conversation,Full,6,Presidential Memcon Files,Monitor,26,"George H. W. Bush; Carlos Menem","Latin America; South America; Argentina; Bush Library Memcons and Telcons; Memcon",2,"[Presidential Daily Backup] 10/01/1990; [Presidential Daily Diary] 10/01/1990",0,,0,0,,"Check nearby leads/statements as surrounding evidence; OCR-derived leads require page-image confirmation before selection.","Source: George H.W. Bush Library, Bush Presidential Records, National Security Council, Presidential Memcon Files, [Memorandum of Conversations (Memcons)-July 1990-December 1990]: October 1990. Declassified.",https://s3.us-east-1.amazonaws.com/NARAprodstorage/lz/presidential-libraries/bush/gb-nsc/321498039/1990-10-01--Menem.pdf,https://catalog.archives.gov/id/428081105
1,Argentina,1990-12-05,Memcon,Memorandum of Conversation,Declassified,5,Scowcroft extract,Monitor,26,"George H. W. Bush; Carlos Saul Menem","Latin America; South America; Argentina; Brent Scowcroft Papers; Head-of-state memcons and telcons",2,"[Presidential Daily Backup] 12/5/1990; [Presidential Daily Diary] 12/5/1990 [EMPTY]",1,"+1d December 6, 1990 - Uruguay Round Report",1,12,"+0d 1990-12-05 - Question-and-Answer Session With Reporters in Buenos Aires, Argentina; +0d 1990-12-05 - Remarks to a Joint Session of the Congress in Buenos Aires, Argentina; +0d 1990-12-05 - Toast at a State Dinner in Buenos Aires, Argentina; -1d 1990-12-04 - Question-and-Answer Session With Reporters in Montevideo, Uruguay; -1d 1990-12-04 - Remarks to a Joint Session of the Congress in Montevideo, Uruguay; -2d 1990-12-03 - Remarks at a Luncheon for the Business Community in Brasilia, Brazil; -2d 1990-12-03 - Remarks to a Joint Session of the Congress in Brasilia, Brazil; +2d 1990-12-07 - Toast at a State Dinner in Caracas, Venezuela; +3d 1990-12-08 - Remarks at a Luncheon Hosted by the Venezuelan-American Chambers of Commerce in Caracas, Venezuela; -5d 1990-11-30 - Written Responses to Questions Submitted by the South American Press","Check nearby leads/statements as surrounding evidence; OCR-derived leads require page-image confirmation before selection.","Source: George H.W. Bush Library, Bush Presidential Records, Brent Scowcroft Collection, Presidential Correspondence Files, Presidential Memcons Files, OA/ID 91108-003, Presidential Meetings - Memorandum of Conversations 11/13/90 - 12/21/90. Declassified.",documents/argentina/1990-12-05-bush-carlos-saul-menem-memcon-91108-003-p112-scowcroft.pdf,https://catalog.archives.gov/id/366551672
1,Argentina,1990-12-05,Memcon,Memorandum of Conversation,Full,6,Presidential Memcon Files,Monitor,26,"George H. W. Bush; Carlos Menem","Latin America; South America; Argentina; Bush Library Memcons and Telcons; Memcon",2,"[Presidential Daily Backup] 12/5/1990; [Presidential Daily Diary] 12/5/1990 [EMPTY]",1,"+1d December 6, 1990 - Uruguay Round Report",1,12,"+0d 1990-12-05 - Question-and-Answer Session With Reporters in Buenos Aires, Argentina; +0d 1990-12-05 - Remarks to a Joint Session of the Congress in Buenos Aires, Argentina; +0d 1990-12-05 - Toast at a State Dinner in Buenos Aires, Argentina; -1d 1990-12-04 - Question-and-Answer Session With Reporters in Montevideo, Uruguay; -1d 1990-12-04 - Remarks to a Joint Session of the Congress in Montevideo, Uruguay; -2d 1990-12-03 - Remarks at a Luncheon for the Business Community in Brasilia, Brazil; -2d 1990-12-03 - Remarks to a Joint Session of the Congress in Brasilia, Brazil; +2d 1990-12-07 - Toast at a State Dinner in Caracas, Venezuela; +3d 1990-12-08 - Remarks at a Luncheon Hosted by the Venezuelan-American Chambers of Commerce in Caracas, Venezuela; -5d 1990-11-30 - Written Responses to Questions Submitted by the South American Press","Check nearby leads/statements as surrounding evidence; OCR-derived leads require page-image confirmation before selection.","Source: George H.W. Bush Library, Bush Presidential Records, National Security Council, Presidential Memcon Files, [Memorandum of Conversations (Memcons)-July 1990-December 1990]: December 1990. Declassified.",https://s3.us-east-1.amazonaws.com/NARAprodstorage/lz/presidential-libraries/bush/gb-nsc/321498039/1990-12-05--Menem.pdf,https://catalog.archives.gov/id/428081237
1,Argentina,1991-01-14,Telcon,Memorandum of a Telephone Conversation,Declassified,2,Scowcroft extract,Monitor,26,"George H. W. Bush; Carlos Saul Menem","Latin America; South America; Argentina; Brent Scowcroft Papers; Head-of-state memcons and telcons",2,"[Presidential Daily Backup] 1/14/1991; [Presidential Daily Diary] 1/14/1991",0,,0,0,,"Check nearby leads/statements as surrounding evidence; OCR-derived leads require page-image confirmation before selection.","Source: George H.W. Bush Library, Bush Presidential Records, Brent Scowcroft Collection, Presidential Correspondence Files, Presidential Telcon Files, OA/ID 91112-004, Presidential Telephone Calls - Memorandum of Conversations 1/1/91 - 1/28/91. Declassified.",documents/argentina/1991-01-14-bush-carlos-saul-menem-telcon-91112-004-p45-scowcroft.pdf,https://catalog.archives.gov/id/366551696
1,Argentina,1991-01-14,Telcon,Memorandum of Telephone Conversation,Full,3,Presidential Telcon Files,Monitor,26,"George H. W. Bush; Carlos Menem","Latin America; South America; Argentina; Bush Library Memcons and Telcons; Telcon",2,"[Presidential Daily Backup] 1/14/1991; [Presidential Daily Diary] 1/14/1991",0,,0,0,,"Check nearby leads/statements as surrounding evidence; OCR-derived leads require page-image confirmation before selection.","Source: George H.W. Bush Library, Bush Presidential Records, National Security Council, Presidential Telcon Files, [Memorandum of Telephone Conversations (Telcons) - January 1991-April 1991]: January 1991. Declassified.",https://s3.us-east-1.amazonaws.com/NARAprodstorage/lz/presidential-libraries/bush/gb-nsc/321498139/1991-01-14--Menem.pdf,https://catalog.archives.gov/id/428081341
1,Argentina,1991-01-19,Telcon,Memorandum of a Telephone Conversation,Declassified,2,Scowcroft extract,Monitor,26,"George H. W. Bush; Carlos Saul Menem","Latin America; South America; Argentina; Brent Scowcroft Papers; Head-of-state memcons and telcons",2,"[Presidential Daily Backup] 1/19/1991; [Presidential Daily Diary] 1/19/1991",0,,0,0,,"Check nearby leads/statements as surrounding evidence; OCR-derived leads require page-image confirmation before selection.","Source: George H.W. Bush Library, Bush Presidential Records, Brent Scowcroft Collection, Presidential Correspondence Files, Presidential Telcon Files, OA/ID 91112-004, Presidential Telephone Calls - Memorandum of Conversations 1/1/91 - 1/28/91. Declassified.",documents/argentina/1991-01-19-bush-carlos-saul-menem-telcon-91112-004-p71-scowcroft.pdf,https://catalog.archives.gov/id/366551696
1,Argentina,1991-01-19,Telcon,Memorandum of Telephone Conversation,Full,3,Presidential Telcon Files,Monitor,26,"George H. W. Bush; Carlos Menem","Latin America; South America; Argentina; Bush Library Memcons and Telcons; Telcon",2,"[Presidential Daily Backup] 1/19/1991; [Presidential Daily Diary] 1/19/1991",0,,0,0,,"Check nearby leads/statements as surrounding evidence; OCR-derived leads require page-image confirmation before selection.","Source: George H.W. Bush Library, Bush Presidential Records, National Security Council, Presidential Telcon Files, [Memorandum of Telephone Conversations (Telcons) - January 1991-April 1991]: January 1991. Declassified.",https://s3.us-east-1.amazonaws.com/NARAprodstorage/lz/presidential-libraries/bush/gb-nsc/321498139/1991-01-19--Menem.pdf,https://catalog.archives.gov/id/428081361
1,Argentina,1991-02-08,Telcon,Memorandum of a Telephone Conversation,Declassified,3,Scowcroft extract,Monitor,26,"George H. W. Bush; Carlos Saul Menem","Latin America; South America; Argentina; Brent Scowcroft Papers; Head-of-state memcons and telcons",2,"[Presidential Daily Backup] 2/8/1991; [Presidential Daily Diary] 2/8/1991",0,,0,1,+0d 1991-02-08 - Exchange With Reporters on the Persian Gulf Conflict,"Check nearby leads/statements as surrounding evidence; OCR-derived leads require page-image confirmation before selection.","Source: George H.W. Bush Library, Bush Presidential Records, Brent Scowcroft Collection, Presidential Correspondence Files, Presidential Telcon Files, OA/ID 91112-005, Presidential Telephone Calls - Memorandum of Conversations 1/30/91 - 2/22/91. Declassified.",documents/argentina/1991-02-08-bush-carlos-saul-menem-telcon-91112-005-p49-scowcroft.pdf,https://catalog.archives.gov/id/366551697
1,Argentina,1991-02-08,Memcon,Memorandum of Conversation,Full,5,Presidential Memcon Files,Monitor,26,"George H. W. Bush; Guido Di Tella","Latin America; South America; Argentina; Bush Library Memcons and Telcons; Memcon",2,"[Presidential Daily Backup] 2/8/1991; [Presidential Daily Diary] 2/8/1991",0,,0,1,+0d 1991-02-08 - Exchange With Reporters on the Persian Gulf Conflict,"Check nearby leads/statements as surrounding evidence; OCR-derived leads require page-image confirmation before selection.","Source: George H.W. Bush Library, Bush Presidential Records, National Security Council, Presidential Memcon Files, [Memorandum of Conversations (Memcons)-January 1991-June 1991]: February 1991. Declassified.",https://s3.us-east-1.amazonaws.com/NARAprodstorage/lz/presidential-libraries/bush/gb-nsc/321498039/1991-02-08--Di-Tella.pdf,https://catalog.archives.gov/id/428081425
1,Argentina,1991-02-08,Telcon,Memorandum of Telephone Conversation,Full,4,Presidential Telcon Files,Monitor,26,"George H. W. Bush; Carlos Menem","Latin America; South America; Argentina; Bush Library Memcons and Telcons; Telcon",2,"[Presidential Daily Backup] 2/8/1991; [Presidential Daily Diary] 2/8/1991",0,,0,1,+0d 1991-02-08 - Exchange With Reporters on the Persian Gulf Conflict,"Check nearby leads/statements as surrounding evidence; OCR-derived leads require page-image confirmation before selection.","Source: George H.W. Bush Library, Bush Presidential Records, National Security Council, Presidential Telcon Files, [Memorandum of Telephone Conversations (Telcons) - January 1991-April 1991]: February 1991 [1]. Declassified.",https://s3.us-east-1.amazonaws.com/NARAprodstorage/lz/presidential-libraries/bush/gb-nsc/321498139/1991-02-08--Menem.pdf,https://catalog.archives.gov/id/428081437
1,Argentina,1991-03-04,Telcon,Memorandum of a Telephone Conversation,Declassified,3,Scowcroft extract,Monitor,26,"George H. W. Bush; Carlos Saul Menem","Latin America; South America; Argentina; Brent Scowcroft Papers; Head-of-state memcons and telcons",2,"[Presidential Daily Backup] 3/4/1991; [Presidential Daily Diary] 3/4/1991",0,,0,0,,"Check nearby leads/statements as surrounding evidence; OCR-derived leads require page-image confirmation before selection.","Source: George H.W. Bush Library, Bush Presidential Records, Brent Scowcroft Collection, Presidential Correspondence Files, Presidential Telcon Files, OA/ID 91112-006, Presidential Telephone Calls - Memorandum of Conversations 2/22/91 - 3/6/91. Declassified.",documents/argentina/1991-03-04-bush-carlos-saul-menem-telcon-91112-006-p76-scowcroft.pdf,https://catalog.archives.gov/id/366551698
1,Argentina,1991-03-04,Telcon,Memorandum of Telephone Conversation,Full,4,Presidential Telcon Files,Monitor,26,"George H. W. Bush; Carlos Menem","Latin America; South America; Argentina; Bush Library Memcons and Telcons; Telcon",2,"[Presidential Daily Backup] 3/4/1991; [Presidential Daily Diary] 3/4/1991",0,,0,0,,"Check nearby leads/statements as surrounding evidence; OCR-derived leads require page-image confirmation before selection.","Source: George H.W. Bush Library, Bush Presidential Records, National Security Council, Presidential Telcon Files, [Memorandum of Telephone Conversations (Telcons) - January 1991-April 1991]: March 1991. Declassified.",https://s3.us-east-1.amazonaws.com/NARAprodstorage/lz/presidential-libraries/bush/gb-nsc/321498139/1991-03-04--Menem.pdf,https://catalog.archives.gov/id/428081559
1,Argentina,1991-08-20,Telcon,Memorandum of a Telephone Conversation,Declassified,2,Scowcroft extract,Monitor,26,"George H. W. Bush; Carlos Saul Menem","Latin America; South America; Argentina; Brent Scowcroft Papers; Head-of-state memcons and telcons",2,"[Presidential Daily Backup] 8/20/1991; [Presidential Daily Diary] 8/20/1991",0,,0,1,"+1d 1991-08-21 - The President's News Conference in Kennebunkport, Maine, on the Attempted Coup in the Soviet Union","Check nearby leads/statements as surrounding evidence; OCR-derived leads require page-image confirmation before selection.","Source: George H.W. Bush Library, Bush Presidential Records, Brent Scowcroft Collection, Presidential Correspondence Files, Presidential Telcon Files, OA/ID 91113-001, Presidential Telephone Calls - Memorandum of Conversations 8/5/91 - 9/25/91. Declassified.",documents/argentina/1991-08-20-bush-carlos-saul-menem-telcon-91113-001-p44-scowcroft.pdf,https://catalog.archives.gov/id/366551701
1,Argentina,1991-08-20,Telcon,Memorandum of Telephone Conversation,Full,3,Presidential Telcon Files,Monitor,26,"George H. W. Bush; Carlos Menem","Latin America; South America; Argentina; Bush Library Memcons and Telcons; Telcon",2,"[Presidential Daily Backup] 8/20/1991; [Presidential Daily Diary] 8/20/1991",0,,0,1,"+1d 1991-08-21 - The President's News Conference in Kennebunkport, Maine, on the Attempted Coup in the Soviet Union","Check nearby leads/statements as surrounding evidence; OCR-derived leads require page-image confirmation before selection.","Source: George H.W. Bush Library, Bush Presidential Records, National Security Council, Presidential Telcon Files, [Memorandum of Telephone Conversations (Telcons) - May 1991-December 1991]: August 1991. Declassified.",https://s3.us-east-1.amazonaws.com/NARAprodstorage/lz/presidential-libraries/bush/gb-nsc/321498139/1991-08-20--Menem.pdf,https://catalog.archives.gov/id/428081839
1,Argentina,1991-11-14,Memcon,Memorandum of Conversation,Full,5,Presidential Memcon Files,Monitor,26,"George H. W. Bush; Carlos Menem","Latin America; South America; Argentina; Bush Library Memcons and Telcons; Memcon",2,"[Presidential Daily Backup] 11/14/1991; [Presidential Daily Diary] 11/14/1991",0,,0,2,"+0d 1991-11-14 - Remarks at the Welcoming Ceremony for President Carlos Menem of Argentina; +0d 1991-11-14 - Statement by Press Secretary Fitzwater on the President's Meeting with President Levon Ter-Petrosian of Armenia","Check nearby leads/statements as surrounding evidence; OCR-derived leads require page-image confirmation before selection.","Source: George H.W. Bush Library, Bush Presidential Records, National Security Council, Presidential Memcon Files, [Memorandum of Conversations (Memcons)-July 1991-December 1991]: November 1991. Declassified.",https://s3.us-east-1.amazonaws.com/NARAprodstorage/lz/presidential-libraries/bush/gb-nsc/321498039/1991-11-14--Menem.pdf,https://catalog.archives.gov/id/428082023
1,Argentina,1992-01-16,Telcon,Memorandum of Telephone Conversation,Full,3,Presidential Telcon Files,Monitor,26,"George H. W. Bush; Carlos Menem","Latin America; South America; Argentina; Bush Library Memcons and Telcons; Telcon",2,"[Presidential Daily Backup] 1/16/1992; [Presidential Daily Diary] 1/16/1992",0,,0,1,-1d 1992-01-15 - Remarks to Liberty Mutual Insurance Employees in Dover,"Check nearby leads/statements as surrounding evidence; OCR-derived leads require page-image confirmation before selection.","Source: George H.W. Bush Library, Bush Presidential Records, National Security Council, Presidential Telcon Files, [Memorandum of Telephone Conversations (Telcons) - January 1992-June 1992]: January 1992. Declassified.",https://s3.us-east-1.amazonaws.com/NARAprodstorage/lz/presidential-libraries/bush/gb-nsc/321498139/1992-01-16--Menem.pdf,https://catalog.archives.gov/id/428082119
1,Argentina,1992-04-07,Telcon,Memorandum of Telephone Conversation,Partial,3,Presidential Telcon Files,Monitor,26,"George H. W. Bush; Carlos Menem","Latin America; South America; Argentina; Bush Library Memcons and Telcons; Telcon",2,"[Presidential Daily Backup] 4/7/1992; [Presidential Daily Diary] 4/7/1992",0,,0,3,"+2d 1992-04-09 - Remarks to the American Society of Newspaper Editors; +3d 1992-04-10 - The President's News Conference; -7d 1992-03-31 - Message to the Congress Reporting on the National Emergency With Respect to Export Controls","Check nearby leads/statements as surrounding evidence; OCR-derived leads require page-image confirmation before selection.","Source: George H.W. Bush Library, Bush Presidential Records, National Security Council, Presidential Telcon Files, [Memorandum of Telephone Conversations (Telcons) - January 1992-June 1992]: April 1992. Declassified; partial release: Partial.",https://s3.us-east-1.amazonaws.com/NARAprodstorage/lz/presidential-libraries/bush/gb-nsc/321498139/1992-04-07--Menem.pdf,https://catalog.archives.gov/id/428082165
1,Argentina,1992-10-31,Telcon,Memorandum of a Telephone Conversation,Declassified,2,Scowcroft extract,Monitor,26,"George H. W. Bush; Carlos Saul Menem","Latin America; South America; Argentina; Brent Scowcroft Papers; Head-of-state memcons and telcons",2,"[Presidential Daily Backup] 10/31/1992; [Presidential Daily Diary] 10/31/1992",0,,0,0,,"Check nearby leads/statements as surrounding evidence; OCR-derived leads require page-image confirmation before selection.","Source: George H.W. Bush Library, Bush Presidential Records, Brent Scowcroft Collection, Presidential Correspondence Files, Presidential Telcon Files, OA/ID 91113-005, Presidential Telephone Calls - Memorandum of Conversations 7/10/92 - 11/5/92. Declassified.",documents/argentina/1992-10-31-bush-carlos-saul-menem-telcon-91113-005-p70-scowcroft.pdf,https://catalog.archives.gov/id/366551705
1,Argentina,1992-11-05,Telcon,Memorandum of a Telephone Conversation,Declassified,2,Scowcroft extract,Monitor,26,"George H. W. Bush; Carlos Saul Menem","Latin America; South America; Argentina; Brent Scowcroft Papers; Head-of-state memcons and telcons",2,"[Presidential Daily Backup] 11/5/1992; [Presidential Daily Diary] 11/5/1992",0,,0,1,+6d 1992-11-11 - Letter to Congressional Leaders on Continuation of the National Emergency Regarding Chemical and Biological Weapons Proliferation,"Check nearby leads/statements as surrounding evidence; OCR-derived leads require page-image confirmation before selection.","Source: George H.W. Bush Library, Bush Presidential Records, Brent Scowcroft Collection, Presidential Correspondence Files, Presidential Telcon Files, OA/ID 91113-005, Presidential Telephone Calls - Memorandum of Conversations 7/10/92 - 11/5/92. Declassified.",documents/argentina/1992-11-05-bush-carlos-saul-menem-telcon-91113-005-p83-scowcroft.pdf,https://catalog.archives.gov/id/366551705
1,Argentina,1992-11-05,Telcon,Memorandum of Telephone Conversation,Full,3,Presidential Telcon Files,Monitor,26,"George H. W. Bush; Carlos Menem","Latin America; South America; Argentina; Bush Library Memcons and Telcons; Telcon",2,"[Presidential Daily Backup] 11/5/1992; [Presidential Daily Diary] 11/5/1992",0,,0,1,+6d 1992-11-11 - Letter to Congressional Leaders on Continuation of the National Emergency Regarding Chemical and Biological Weapons Proliferation,"Check nearby leads/statements as surrounding evidence; OCR-derived leads require page-image confirmation before selection.","Source: George H.W. Bush Library, Bush Presidential Records, National Security Council, Presidential Telcon Files, [Memorandum of Telephone Conversations (Telcons) - July 1992-January 1993]: November 1992. Declassified.",https://s3.us-east-1.amazonaws.com/NARAprodstorage/lz/presidential-libraries/bush/gb-nsc/321498139/1992-11-05--Menem.pdf,https://catalog.archives.gov/id/428082357
1,Argentina,1992-12-01,Telcon,Memorandum of a Telephone Conversation,Declassified,3,Scowcroft extract,Monitor,26,"George H. W. Bush; Carlos Saul Menem","Latin America; South America; Argentina; Brent Scowcroft Papers; Head-of-state memcons and telcons",2,"[Presidential Daily Backup] 12/01/1992; [Presidential Daily Diary] 12/01/1992",0,,0,0,,"Check nearby leads/statements as surrounding evidence; OCR-derived leads require page-image confirmation before selection.","Source: George H.W. Bush Library, Bush Presidential Records, Brent Scowcroft Collection, Presidential Correspondence Files, Presidential Telcon Files, OA/ID 91113-006, Presidential Telephone Calls - Memorandum of Conversations 11/5/92 - 1/2/93. Declassified.",documents/argentina/1992-12-01-bush-carlos-saul-menem-telcon-91113-006-p34-scowcroft.pdf,https://catalog.archives.gov/id/366551706
1,Argentina,1992-12-01,Telcon,Memorandum of Telephone Conversation,Full,4,Presidential Telcon Files,Monitor,26,"George H. W. Bush; Carlos Menem","Latin America; South America; Argentina; Bush Library Memcons and Telcons; Telcon",2,"[Presidential Daily Backup] 12/01/1992; [Presidential Daily Diary] 12/01/1992",0,,0,0,,"Check nearby leads/statements as surrounding evidence; OCR-derived leads require page-image confirmation before selection.","Source: George H.W. Bush Library, Bush Presidential Records, National Security Council, Presidential Telcon Files, [Memorandum of Telephone Conversations (Telcons) - July 1992-January 1993]: December 1992. Declassified.",https://s3.us-east-1.amazonaws.com/NARAprodstorage/lz/presidential-libraries/bush/gb-nsc/321498139/1992-12-01--Menem.pdf,https://catalog.archives.gov/id/428082385
2,Bolivia,1989-07-07,Telcon,Memorandum of Telephone Conversation,Full,3,Presidential Telcon Files,Critical,95,"George H. W. Bush; Victor Paz Estenssoro","Latin America; South America; Bolivia; Bush Library Memcons and Telcons; Telcon",2,"[Presidential Daily Backup] 7/7/1989; [Presidential Daily Diary] 7/7/1989",6,"+5d July 12, 1989 - The President’s Telephone Conversation with; +6d July 13, 1989 - Recommendation that the President Name an Official; -7d June 30, 1989 - U.S. Delegation to the Inauguration of the New; -7d June 30, 1989 - Vice President’s Trip t outh America; -7d June 30, 1989 - Vice President's Trip to South America; -7d June 30, 1989 - Vice President’s Trip to South America",15,0,,"Check nearby leads/statements as surrounding evidence; OCR-derived leads require page-image confirmation before selection.","Source: George H.W. Bush Library, Bush Presidential Records, National Security Council, Presidential Telcon Files, [Memorandum of Telephone Conversations (Telcons) - January 1989-July 1989]: July 1989. Declassified.",https://s3.us-east-1.amazonaws.com/NARAprodstorage/lz/presidential-libraries/bush/gb-nsc/321498139/1989-07-07--Estenssoro.pdf,https://catalog.archives.gov/id/428080119
2,Bolivia,1990-02-15,Memcon,Memorandum of Conversation,Declassified,7,Scowcroft extract,Critical,95,"George H. W. Bush; Jaime Paz Zamora","Latin America; South America; Bolivia; Brent Scowcroft Papers; Head-of-state memcons and telcons",2,"[Presidential Daily Backup] 2/15/1990; [Presidential Daily Diary] 2/15/1990",0,,0,4,"+0d 1990-02-15 - Statement on the Drug Summit in Cartagena, Colombia; +0d 1990-02-15 - The President's News Conference Following the Drug Summit in Cartagena, Colombia; -3d 1990-02-12 - The President's News Conference; +6d 1990-02-21 - Remarks and a Question-and-Answer Session at the Annual Dinner of the Business Council","Check nearby leads/statements as surrounding evidence; OCR-derived leads require page-image confirmation before selection.","Source: George H.W. Bush Library, Bush Presidential Records, Brent Scowcroft Collection, Presidential Correspondence Files, Presidential Memcons Files, OA/ID 91107-007, Presidential Meetings - Memorandum of Conversations 1/11/90 - 2/21/90. Declassified.",documents/bolivia/1990-02-15-bush-jaime-paz-zamora-memcon-91107-007-p73-scowcroft.pdf,https://catalog.archives.gov/id/366551666
2,Bolivia,1990-05-08,Memcon,Memorandum of Conversation,Partial,6,Presidential Memcon Files,Critical,95,"George H. W. Bush; Jaime Paz Zamora","Latin America; South America; Bolivia; Bush Library Memcons and Telcons; Memcon",2,"[Presidential Daily Backup] 5/8/1990; [Presidential Daily Diary] 5/8/1990",0,,0,2,"+0d 1990-05-08 - Remarks Following Discussions With President Jaime Paz Zamora of Bolivia; -1d 1990-05-07 - Statement by Press Secretary Fitzwater Announcing Importation Restrictions on Archeological Treasures From Peru","Check nearby leads/statements as surrounding evidence; OCR-derived leads require page-image confirmation before selection.","Source: George H.W. Bush Library, Bush Presidential Records, National Security Council, Presidential Memcon Files, [Memorandum of Conversations (Memcons)-January 1990-June 1990]: May 1990. Declassified; partial release: Partial.",https://s3.us-east-1.amazonaws.com/NARAprodstorage/lz/presidential-libraries/bush/gb-nsc/321498039/1990-05-08--Zamora-2.pdf,https://catalog.archives.gov/id/428080687
2,Bolivia,1990-05-08,Memcon,Memorandum of Conversation,Full,5,Presidential Memcon Files,Critical,95,"George H. W. Bush; Jaime Paz Zamora","Latin America; South America; Bolivia; Bush Library Memcons and Telcons; Memcon",2,"[Presidential Daily Backup] 5/8/1990; [Presidential Daily Diary] 5/8/1990",0,,0,2,"+0d 1990-05-08 - Remarks Following Discussions With President Jaime Paz Zamora of Bolivia; -1d 1990-05-07 - Statement by Press Secretary Fitzwater Announcing Importation Restrictions on Archeological Treasures From Peru","Check nearby leads/statements as surrounding evidence; OCR-derived leads require page-image confirmation before selection.","Source: George H.W. Bush Library, Bush Presidential Records, National Security Council, Presidential Memcon Files, [Memorandum of Conversations (Memcons)-January 1990-June 1990]: May 1990. Declassified.",https://s3.us-east-1.amazonaws.com/NARAprodstorage/lz/presidential-libraries/bush/gb-nsc/321498039/1990-05-08--Zamora-1.pdf,https://catalog.archives.gov/id/428080685
3,Brazil,1989-02-25,Memcon,Memorandum of Conversation,Full,5,Presidential Memcon Files,Monitor,28,"George H. W. Bush; Jose Sarney","Latin America; South America; Brazil; Bush Library Memcons and Telcons; Memcon",2,"[Presidential Daily Backup] 2/25/1989; [Presidential Daily Diary] 2/25/1989 [EMPTY]",8,"+0d February 25, 1989 - President's Meeting with President; -2d February 23, 1989 - Background for the President’s Meeting with Sarney; -7d February 18, 1989 - Letter to President Sarney of Brazil on the; -8d February 17, 1989 - Letter to OAS Secretary General Baena Soares; -9d February 16, 1989 - Letter to President Sarney of Brazil; -9d February 16, 1989 - Presidential Letter to Brazilian President; -9d February 16, 1989 - Presidential Letter to Brazilian President; +13d MARCH 10, 1989 - WRITES REGARDING DISCUSSIONS WITH JAPANESE",11,2,"+0d 1989-02-25 - The President's News Conference in Tokyo; +2d 1989-02-27 - Remarks Upon Returning From a Trip to the Far East","Check nearby leads/statements as surrounding evidence; OCR-derived leads require page-image confirmation before selection.","Source: George H.W. Bush Library, Bush Presidential Records, National Security Council, Presidential Memcon Files, [Memorandum of Conversations (Memcons)-January 1989-May 1989]: February 1989. Declassified.",https://s3.us-east-1.amazonaws.com/NARAprodstorage/lz/presidential-libraries/bush/gb-nsc/321498039/1989-02-25--Sarney.pdf,https://catalog.archives.gov/id/428079873
3,Brazil,1989-05-17,Telcon,Memorandum of Telephone Conversation,Full,4,Presidential Telcon Files,Monitor,28,"George H. W. Bush; Jose Sarney","Latin America; South America; Brazil; Bush Library Memcons and Telcons; Telcon",2,"[Presidential Daily Backup] 5/17/1989; [Presidential Daily Diary] 5/17/1989",8,"+0d May 17, 1989 - Recommended Presidential Phone Call to Brazilian; +0d May 17, 1989 - Recommended Presidential Phone Call to Brazilian; +0d May 17, 1989 - Telephone Call from President Bush to; +0d May 17, 1989 - Telephone Call from President Bush to; +2d May 19, 1989 - NATIONAL SECURITY COUNCIL; +2d May 19, 1989 - The President’s Telephone Conversation with; -7d May 10, 1989 - PCC Meeting on Managing Issues and Relations: Brazil; -12d May 5, 1989 - To: CAROLYN ATKINSON; From: RE:",8,0,,"Check nearby leads/statements as surrounding evidence; OCR-derived leads require page-image confirmation before selection.","Source: George H.W. Bush Library, Bush Presidential Records, National Security Council, Presidential Telcon Files, [Memorandum of Telephone Conversations (Telcons) - January 1989-July 1989]: May 1989. Declassified.",https://s3.us-east-1.amazonaws.com/NARAprodstorage/lz/presidential-libraries/bush/gb-nsc/321498139/1989-05-17--Sarney.pdf,https://catalog.archives.gov/id/428082459
3,Brazil,1989-09-25,Memcon,Memorandum of Conversation,Unrestricted,2,Presidential Memcon Files,Monitor,28,"George H. W. Bush; Jose Sarney","Latin America; South America; Brazil; Presidential Memcon Files; Memcon",2,"[Presidential Daily Backup] 9/25/1989; [Presidential Daily Diary] 9/25/1989",0,,1,2,"-7d 1989-09-18 - Nomination of Richard H. Melton To Be United States Ambassador to Brazil; -7d 1989-09-18 - Remarks at the Montana Centennial Celebration in Helena","Check nearby leads/statements as surrounding evidence; OCR-derived leads require page-image confirmation before selection.","Source: George H.W. Bush Library, Bush Presidential Records, National Security Council, Presidential Memcon Files. Access restriction: Unrestricted.",https://s3.us-east-1.amazonaws.com/NARAprodstorage/lz/presidential-libraries/bush/gb-nsc/321498039/1989-09-25--Sarney.pdf,https://catalog.archives.gov/id/428080259
3,Brazil,1990-01-26,Memcon,Memorandum of Conversation,Unrestricted,2,Presidential Memcon Files,Monitor,28,"George H. W. Bush; Fernando Collor de Mello","Latin America; South America; Brazil; Presidential Memcon Files; Memcon",2,"[Presidential Daily Backup] 1/26/1990; [Presidential Daily Diary] 1/26/1990",0,,0,1,+0d 1990-01-26 - Statement by Press Secretary Fitzwater on President Bush's Meeting With President-Elect Fernando Collor de Mello of Brazil,"Check nearby leads/statements as surrounding evidence; OCR-derived leads require page-image confirmation before selection.","Source: George H.W. Bush Library, Bush Presidential Records, National Security Council, Presidential Memcon Files. Access restriction: Unrestricted.",https://s3.us-east-1.amazonaws.com/NARAprodstorage/lz/presidential-libraries/bush/gb-nsc/321498039/1990-01-26--Collor-de-Mello.pdf,https://catalog.archives.gov/id/428080489
3,Brazil,1990-03-23,Telcon,Memorandum of Telephone Conversation,Full,3,Presidential Telcon Files,Monitor,28,"George H. W. Bush; Fernando Collor de Mello","Latin America; South America; Brazil; Bush Library Memcons and Telcons; Telcon",2,"[Presidential Daily Backup] 3/23/1990; [Presidential Daily Diary] 3/23/1990",0,,0,0,,"Check nearby leads/statements as surrounding evidence; OCR-derived leads require page-image confirmation before selection.","Source: George H.W. Bush Library, Bush Presidential Records, National Security Council, Presidential Telcon Files, [Memorandum of Telephone Conversations (Telcons) - January 1990-July 1990]: March 1990. Declassified.",https://s3.us-east-1.amazonaws.com/NARAprodstorage/lz/presidential-libraries/bush/gb-nsc/321498139/1990-03-23--Collor-de-Mello.pdf,https://catalog.archives.gov/id/428080617
3,Brazil,1990-06-06,Telcon,Memorandum of Telephone Conversation,Full,4,Presidential Telcon Files,Monitor,28,"George H. W. Bush; Fernando Collor de Mello","Latin America; South America; Brazil; Bush Library Memcons and Telcons; Telcon",2,"[Presidential Daily Backup] 6/6/1990; [Presidential Daily Diary] 6/6/1990",0,,0,1,"+1d 1990-06-07 - Remarks at a Fundraising Dinner for Gubernatorial Candidate Jim Edgar in Chicago, Illinois","Check nearby leads/statements as surrounding evidence; OCR-derived leads require page-image confirmation before selection.","Source: George H.W. Bush Library, Bush Presidential Records, National Security Council, Presidential Telcon Files, [Memorandum of Telephone Conversations (Telcons) - January 1990-July 1990]: June 1990. Declassified.",https://s3.us-east-1.amazonaws.com/NARAprodstorage/lz/presidential-libraries/bush/gb-nsc/321498139/1990-06-06--Collor-de-Mello.pdf,https://catalog.archives.gov/id/428080767
3,Brazil,1990-06-28,Telcon,Memorandum of Telephone Conversation,Full,3,Presidential Telcon Files,Monitor,28,"George H. W. Bush; Fernando Collor de Mello","Latin America; South America; Brazil; Bush Library Memcons and Telcons; Telcon",2,"[Presidential Daily Backup] 6/28/1990; [Presidential Daily Diary] 6/28/1990",0,,0,0,,"Check nearby leads/statements as surrounding evidence; OCR-derived leads require page-image confirmation before selection.","Source: George H.W. Bush Library, Bush Presidential Records, National Security Council, Presidential Telcon Files, [Memorandum of Telephone Conversations (Telcons) - January 1990-July 1990]: June 1990. Declassified.",https://s3.us-east-1.amazonaws.com/NARAprodstorage/lz/presidential-libraries/bush/gb-nsc/321498139/1990-06-28--Collor-de-Mello.pdf,https://catalog.archives.gov/id/428080813
3,Brazil,1990-10-01,Memcon,Memorandum of Conversation,Full,6,Presidential Memcon Files,Monitor,28,"George H. W. Bush; Fernando Collor de Mello","Latin America; South America; Brazil; Bush Library Memcons and Telcons; Memcon",2,"[Presidential Daily Backup] 10/01/1990; [Presidential Daily Diary] 10/01/1990",0,,0,0,,"Check nearby leads/statements as surrounding evidence; OCR-derived leads require page-image confirmation before selection.","Source: George H.W. Bush Library, Bush Presidential Records, National Security Council, Presidential Memcon Files, [Memorandum of Conversations (Memcons)-July 1990-December 1990]: October 1990. Declassified.",https://s3.us-east-1.amazonaws.com/NARAprodstorage/lz/presidential-libraries/bush/gb-nsc/321498039/1990-10-01--Collor-de-Mello.pdf,https://catalog.archives.gov/id/428081095
3,Brazil,1990-12-03,Memcon,Memorandum of Conversation,Full,7,Presidential Memcon Files,Monitor,28,"George H. W. Bush; Fernando Collor de Mello","Latin America; South America; Brazil; Bush Library Memcons and Telcons; Memcon",2,"[Presidential Daily Backup] 12/3/1990; [Presidential Daily Diary] 12/3/1990 [EMPTY]",1,"+3d December 6, 1990 - Uruguay Round Report",1,11,"+0d 1990-12-03 - Remarks at a Luncheon for the Business Community in Brasilia, Brazil; +0d 1990-12-03 - Remarks to a Joint Session of the Congress in Brasilia, Brazil; +0d 1990-12-03 - Toast at a State Dinner in Brasilia, Brazil; +1d 1990-12-04 - Question-and-Answer Session With Reporters in Montevideo, Uruguay; +1d 1990-12-04 - Remarks to a Joint Session of the Congress in Montevideo, Uruguay; +2d 1990-12-05 - Question-and-Answer Session With Reporters in Buenos Aires, Argentina; +2d 1990-12-05 - Remarks to a Joint Session of the Congress in Buenos Aires, Argentina; -3d 1990-11-30 - Written Responses to Questions Submitted by the South American Press; -4d 1990-11-29 - Statement by Press Secretary Fitzwater on Argentine and Brazilian Compliance With Nuclear Safeguards and Nonproliferation Regimes; +4d 1990-12-07 - Toast at a State Dinner in Caracas, Venezuela","Check nearby leads/statements as surrounding evidence; OCR-derived leads require page-image confirmation before selection.","Source: George H.W. Bush Library, Bush Presidential Records, National Security Council, Presidential Memcon Files, [Memorandum of Conversations (Memcons)-July 1990-December 1990]: December 1990. Declassified.",https://s3.us-east-1.amazonaws.com/NARAprodstorage/lz/presidential-libraries/bush/gb-nsc/321498039/1990-12-03--Collor-de-Mello.pdf,https://catalog.archives.gov/id/428081233
3,Brazil,1991-06-18,Memcon,Memorandum of Conversation,Full,7,Presidential Memcon Files,Monitor,28,"George H. W. Bush; Fernando Collor de Mello","Latin America; South America; Brazil; Bush Library Memcons and Telcons; Memcon",2,"[Presidential Daily Backup] 6/18/1991; [Presidential Daily Diary] 6/18/1991",0,,0,5,"+0d 1991-06-18 - Remarks at the Welcoming Ceremony for President Fernando Collor de Mello of Brazil; +0d 1991-06-18 - Remarks Prior to Discussions With President Fernando Collor de Mello of Brazil; +0d 1991-06-18 - Toasts at the State Dinner for President Fernando Collor de Mello of Brazil; +1d 1991-06-19 - Remarks by President Bush and President Collor of Brazil on Signing an Enterprise for the Americas Initiative Multilateral Trade Agreement; +1d 1991-06-19 - Statement by Press Secretary Fitzwater on the Establishment of the Council on Trade and Investment","Check nearby leads/statements as surrounding evidence; OCR-derived leads require page-image confirmation before selection.","Source: George H.W. Bush Library, Bush Presidential Records, National Security Council, Presidential Memcon Files, [Memorandum of Conversations (Memcons)-January 1991-June 1991]: June 1991. Declassified.",https://s3.us-east-1.amazonaws.com/NARAprodstorage/lz/presidential-libraries/bush/gb-nsc/321498039/1991-06-18--Collor-de-Mello.pdf,https://catalog.archives.gov/id/428081693
3,Brazil,1991-09-23,Memcon,Memorandum of Conversation,Full,6,Presidential Memcon Files,Monitor,28,"George H. W. Bush; Fernando Collor de Mello","Latin America; South America; Brazil; Bush Library Memcons and Telcons; Memcon",2,"[Presidential Daily Backup] 9/23/1991; [Presidential Daily Diary] 9/23/1991",0,,0,2,"+0d 1991-09-23 - Exchange With Reporters in New York City on the Situation in Iraq; +0d 1991-09-23 - Remarks at a Luncheon Hosted by United Nations Secretary- General Javier Perez de Cuellar in New York City","Check nearby leads/statements as surrounding evidence; OCR-derived leads require page-image confirmation before selection.","Source: George H.W. Bush Library, Bush Presidential Records, National Security Council, Presidential Memcon Files, [Memorandum of Conversations (Memcons)-July 1991-December 1991]: September 1991. Declassified.",https://s3.us-east-1.amazonaws.com/NARAprodstorage/lz/presidential-libraries/bush/gb-nsc/321498039/1991-09-23--Collor-de-Mello.pdf,https://catalog.archives.gov/id/428081891
3,Brazil,1992-03-25,Telcon,Memorandum of a Telephone Conversation,Declassified,3,Scowcroft extract,Monitor,28,"George H. W. Bush; Fernando Collor de Mello","Latin America; South America; Brazil; Brent Scowcroft Papers; Head-of-state memcons and telcons",2,"[Presidential Daily Backup] 3/25/1992; [Presidential Daily Diary] 3/25/1992",0,,0,2,"-1d 1992-03-24 - Message to the Congress on Environmental Goals; -3d 1992-03-22 - The President's News Conference With Chancellor Helmut Kohl of Germany","Check nearby leads/statements as surrounding evidence; OCR-derived leads require page-image confirmation before selection.","Source: George H.W. Bush Library, Bush Presidential Records, Brent Scowcroft Collection, Presidential Correspondence Files, Presidential Telcon Files, OA/ID 91113-003, Presidential Telephone Calls - Memorandum of Conversations 1/2/92 - 4/9/92. Declassified.",documents/brazil/1992-03-25-bush-fernando-collor-de-mello-telcon-91113-003-p45-scowcroft.pdf,https://catalog.archives.gov/id/366551703
3,Brazil,1992-05-12,Telcon,Memorandum of Telephone Conversation,Full,3,Presidential Telcon Files,Monitor,28,"George H. W. Bush; Fernando Collor de Mello","Latin America; South America; Brazil; Bush Library Memcons and Telcons; Telcon",2,"[Presidential Daily Backup] 5/12/1992; [Presidential Daily Diary] 5/12/1992",0,,0,3,"+0d 1992-05-12 - Remarks and an Exchange With Reporters Prior to Discussions With United Nations Secretary-General Boutros Boutros-Ghali; +0d 1992-05-12 - Statement on Attending the United Nations Conference on Environment and Development in Rio de Janeiro, Brazil; -4d 1992-05-08 - Nomination of Alexander Fletcher Watson To Be United States Ambassador to Brazil","Check nearby leads/statements as surrounding evidence; OCR-derived leads require page-image confirmation before selection.","Source: George H.W. Bush Library, Bush Presidential Records, National Security Council, Presidential Telcon Files, [Memorandum of Telephone Conversations (Telcons) - January 1992-June 1992]: May 1992. Declassified.",https://s3.us-east-1.amazonaws.com/NARAprodstorage/lz/presidential-libraries/bush/gb-nsc/321498139/1992-05-12--Collor-de-Mello.pdf,https://catalog.archives.gov/id/428082219
3,Brazil,1992-07-10,Telcon,Memorandum of Telephone Conversation,Full,3,Presidential Telcon Files,Monitor,28,"George H. W. Bush; Fernando Collor de Mello","Latin America; South America; Brazil; Bush Library Memcons and Telcons; Telcon",2,"[Presidential Daily Backup] 7/10/1992; [Presidential Daily Diary] 7/10/1992 [EMPTY]",0,,0,0,,"Check nearby leads/statements as surrounding evidence; OCR-derived leads require page-image confirmation before selection.","Source: George H.W. Bush Library, Bush Presidential Records, National Security Council, Presidential Telcon Files, [Memorandum of Telephone Conversations (Telcons) - July 1992-January 1993]: July 1992. Declassified.",https://s3.us-east-1.amazonaws.com/NARAprodstorage/lz/presidential-libraries/bush/gb-nsc/321498139/1992-07-10--Collor-de-Mello.pdf,https://catalog.archives.gov/id/428082309
4,Chile,1990-03-30,Telcon,Memorandum of Telephone Conversation,Full,3,Presidential Telcon Files,Critical,95,"George H. W. Bush; Patricio Aylwin","Latin America; South America; Chile; Bush Library Memcons and Telcons; Telcon",2,"[Presidential Daily Backup] 3/30/1990; [Presidential Daily Diary] 3/30/1990",0,,0,1,"+3d 1990-04-02 - Remarks at a Fundraising Dinner for Gubernatorial Candidate George Voinovich in Cincinnati, Ohio","Check nearby leads/statements as surrounding evidence; OCR-derived leads require page-image confirmation before selection.","Source: George H.W. Bush Library, Bush Presidential Records, National Security Council, Presidential Telcon Files, [Memorandum of Telephone Conversations (Telcons) - January 1990-July 1990]: March 1990. Declassified.",https://s3.us-east-1.amazonaws.com/NARAprodstorage/lz/presidential-libraries/bush/gb-nsc/321498139/1990-03-30--Aylwin.pdf,https://catalog.archives.gov/id/428080659
4,Chile,1990-10-02,Memcon,Memorandum of Conversation,Full,6,Presidential Memcon Files,Critical,95,"George H. W. Bush; Patricio Aylwin","Latin America; South America; Chile; Bush Library Memcons and Telcons; Memcon",2,"[Presidential Daily Backup] 10/2/1990; [Presidential Daily Diary] 10/2/1990",0,,0,1,+0d 1990-10-02 - Statement by Press Secretary Fitzwater on President Bush's Meeting With President Patricio Aylwin Azocar of Chile,"Check nearby leads/statements as surrounding evidence; OCR-derived leads require page-image confirmation before selection.","Source: George H.W. Bush Library, Bush Presidential Records, National Security Council, Presidential Memcon Files, [Memorandum of Conversations (Memcons)-July 1990-December 1990]: October 1990. Declassified.",https://s3.us-east-1.amazonaws.com/NARAprodstorage/lz/presidential-libraries/bush/gb-nsc/321498039/1990-10-02--Aylwin.pdf,https://catalog.archives.gov/id/428081115
4,Chile,1992-05-13,Memcon,Memorandum of Conversation,Partial,7,Presidential Memcon Files,Critical,95,"George H. W. Bush; Patricio Aylwin","Latin America; South America; Chile; Bush Library Memcons and Telcons; Memcon",2,"[Presidential Daily Backup] 5/13/1992; [Presidential Daily Diary] 5/13/1992",0,,0,4,"+0d 1992-05-13 - Remarks at the Arrival Ceremony for President Patricio Aylwin of Chile; +0d 1992-05-13 - Remarks at the State Dinner for President Patricio Aylwin of Chile; +0d 1992-05-13 - Statement by Press Secretary Fitzwater on the President's Meeting With President Patricio Aylwin of Chile; +4d 1992-05-17 - Remarks at the University of Notre Dame Commencement Ceremony in South Bend, Indiana","Check nearby leads/statements as surrounding evidence; OCR-derived leads require page-image confirmation before selection.","Source: George H.W. Bush Library, Bush Presidential Records, National Security Council, Presidential Memcon Files, [Memorandum of Conversations (Memcons)-January 1992-June 1992]: May 1992. Declassified; partial release: Partial.",https://s3.us-east-1.amazonaws.com/NARAprodstorage/lz/presidential-libraries/bush/gb-nsc/321498039/1992-05-13--Azocar.pdf,https://catalog.archives.gov/id/428082199
5,Colombia,1989-03-08,Telcon,Memorandum of Telephone Conversation,Full,2,Presidential Telcon Files,Monitor,26,"George H. W. Bush; Virgilio Barco","Latin America; South America; Colombia; Bush Library Memcons and Telcons; Telcon",2,"[Presidential Daily Backup] 3/8/1989; [Presidential Daily Diary] 3/8/1989",2,"+1d March 9, 1989 - President’s Telephone Call to Colombian President; +1d March 9, 1989 - Presidential Telephone Call to President Barco",3,2,"+1d 1989-03-09 - Remarks to Drug Enforcement Administration Officers in New York, New York; -5d 1989-03-03 - Remarks on Drug Trafficking Prior to a Luncheon With Administration Officials","Check nearby leads/statements as surrounding evidence; OCR-derived leads require page-image confirmation before selection.","Source: George H.W. Bush Library, Bush Presidential Records, National Security Council, Presidential Telcon Files, [Memorandum of Telephone Conversations (Telcons) - January 1989-July 1989]: March 1989. Declassified.",https://s3.us-east-1.amazonaws.com/NARAprodstorage/lz/presidential-libraries/bush/gb-nsc/321498139/1989-03-08--Barco.pdf,https://catalog.archives.gov/id/428079919
5,Colombia,1989-04-14,Telcon,Memorandum of Telephone Conversation,Full,3,Presidential Telcon Files,Monitor,26,"George H. W. Bush; Virgilio Barco","Latin America; South America; Colombia; Bush Library Memcons and Telcons; Telcon",2,"[Presidential Daily Backup] 4/14/1989; [Presidential Daily Diary] 4/14/1989",5,"+0d April 14, 1989 - Telephone Call to President Barco of Colombia; +0d April 14, 1989 - Telephone Call to President Barco of Colombia; +0d April 14, 1989 - Talking Points for Phone Call to President Barco; -3d April 11, 1989 - Request for Announcement of Official Visit of; +5d April 19, 1989 - Determination to Authorize Export-Import Bank",10,0,,"Check nearby leads/statements as surrounding evidence; OCR-derived leads require page-image confirmation before selection.","Source: George H.W. Bush Library, Bush Presidential Records, National Security Council, Presidential Telcon Files, [Memorandum of Telephone Conversations (Telcons) - January 1989-July 1989]: April 1989. Declassified.",https://s3.us-east-1.amazonaws.com/NARAprodstorage/lz/presidential-libraries/bush/gb-nsc/321498139/1989-04-14--Barco.pdf,https://catalog.archives.gov/id/428079963
5,Colombia,1989-05-16,Telcon,Memorandum of Telephone Conversation,Full,4,Presidential Telcon Files,Monitor,26,"George H. W. Bush; Virgilio Barco","Latin America; South America; Colombia; Bush Library Memcons and Telcons; Telcon",2,"[Presidential Daily Backup] 5/16/1989; [Presidential Daily Diary] 5/16/1989",7,"+0d May 16, 1989 - Points to Be Made for the President’s Telephone; +0d May 16, 1989 - Points to Be Made for the President’s Telephone; -1d May 15, 1989 - Panama -- Recommendation That President Bush Telephone; +2d May 18, 1989 - Telephone Conversation Between the President; +2d May 18, 1989 - Telephone Conversation Between the President; -5d May 11, 1989 - Colombian President Virgilio Barco Suggests July 5-7; -5d May 11, 1989 - Colombian President Virgilio Barco Suggests July 5-7",11,0,,"Check nearby leads/statements as surrounding evidence; OCR-derived leads require page-image confirmation before selection.","Source: George H.W. Bush Library, Bush Presidential Records, National Security Council, Presidential Telcon Files, [Memorandum of Telephone Conversations (Telcons) - January 1989-July 1989]: May 1989. Declassified.",https://s3.us-east-1.amazonaws.com/NARAprodstorage/lz/presidential-libraries/bush/gb-nsc/321498139/1989-05-16--Barco.pdf,https://catalog.archives.gov/id/428082453
5,Colombia,1989-05-31,Telcon,Memorandum of a Telephone Conversation,Declassified,3,Scowcroft extract,Monitor,26,"George H. W. Bush; Virgilio Barco","Latin America; South America; Colombia; Brent Scowcroft Papers; Head-of-state memcons and telcons",2,"[Presidential Daily Backup] 5/31/1989; [Presidential Daily Diary] 5/31/1989 [EMPTY]",3,"+13d June 13, 1989 - Presidential Determination on Export-Import; -13d May 18, 1989 - Telephone Conversation Between the President; -13d May 18, 1989 - Telephone Conversation Between the President",3,0,,"Check nearby leads/statements as surrounding evidence; OCR-derived leads require page-image confirmation before selection.","Source: George H.W. Bush Library, Bush Presidential Records, Brent Scowcroft Collection, Presidential Correspondence Files, Presidential Telcon Files, OA/ID 91111-002, Presidential Telephone Calls - Memorandum of Conversations 5/10/89 - 7/27/89. Declassified.",documents/colombia/1989-05-31-bush-virgilio-barco-telcon-91111-002-p38-scowcroft.pdf,https://catalog.archives.gov/id/366551687
5,Colombia,1989-08-21,Telcon,Memorandum of Telephone Conversation,Full,4,Presidential Telcon Files,Monitor,26,"George H. W. Bush; Virgilio Barco","Latin America; South America; Colombia; Bush Library Memcons and Telcons; Telcon",2,"[Presidential Daily Backup] 8/21/1989; [Presidential Daily Diary] 8/21/1989",13,"+0d August 21, 1989 - Telephone Call by the President to President Barco; +0d August 21, 1989 - Phone Call from President Bush to Colombian President; +0d August 21, 1989 - Phone Call from President Bush to Colombian President; +0d August 21, 1989 - Telephone Call by the President to President Barco; +1d August 22, 1989 - Memorandum of Telephone Conversation with; +1d August 22, 1989 - Memorandum of Telephone Conversation with; +2d August 23, 1989 - Colombian Coffee Complaint; +7d August 28, 1989 - PARTICIPANTS:; +7d August 28, 1989 - Telephone Conversation with Virgilio Barco; +8d August 29, 1989 - Memorandum of Telephone Conversation with",27,6,"+0d 1989-08-21 - Statement by Press Secretary Fitzwater on President Bush's Telephone Conversation With President Virgilio Barco Vargas of Colombia; -2d 1989-08-19 - Statement on the Assassination of Luis Carlos Galan and Colombia- United States Relations; +2d 1989-08-23 - The President's News Conference; +4d 1989-08-25 - Statement on United States Emergency Antidrug Assistance for Colombia; -6d 1989-08-15 - The President's News Conference; +7d 1989-08-28 - Remarks and a Question-and-Answer Session With Reporters in Kennebunkport, Maine","Check nearby leads/statements as surrounding evidence; OCR-derived leads require page-image confirmation before selection.","Source: George H.W. Bush Library, Bush Presidential Records, National Security Council, Presidential Telcon Files, [Memorandum of Telephone Conversations (Telcons) - August 1989-December 1989]: August 1989. Declassified.",https://s3.us-east-1.amazonaws.com/NARAprodstorage/lz/presidential-libraries/bush/gb-nsc/321498139/1989-08-21--Barco.pdf,https://catalog.archives.gov/id/428080207
5,Colombia,1989-08-28,Telcon,Memorandum of Telephone Conversation,Full,4,Presidential Telcon Files,Monitor,26,"George H. W. Bush; Virgilio Barco","Latin America; South America; Colombia; Bush Library Memcons and Telcons; Telcon",2,"[Presidential Daily Backup] 8/28/1989; [Presidential Daily Diary] 8/28/1989",14,"+0d August 28, 1989 - PARTICIPANTS:; +0d August 28, 1989 - Telephone Conversation with Virgilio Barco; +1d August 29, 1989 - Memorandum of Telephone Conversation with; +1d August 29, 1989 - Memorandum of Telephone Conversation with; +5d September 2, 1989 - Talking Points on Narcotics Cooperation; -5d August 23, 1989 - Colombian Coffee Complaint; +5d September 2, 1989 - To: BRENT SCOWCROFT 07; ); From: RICHARD LAMAGNA; -6d August 22, 1989 - Memorandum of Telephone Conversation with; -6d August 22, 1989 - Memorandum of Telephone Conversation with; -7d August 21, 1989 - Telephone Call by the President to President Barco",28,6,"+0d 1989-08-28 - Remarks and a Question-and-Answer Session With Reporters in Kennebunkport, Maine; +1d 1989-08-29 - Exchange With Reporters Following a National Drug Control Strategy Meeting in Kennebunkport, Maine; -3d 1989-08-25 - Statement on United States Emergency Antidrug Assistance for Colombia; +3d 1989-08-31 - News Conference of the President and Prime Minister Brian Mulroney of Canada in Kennebunkport, Maine; -5d 1989-08-23 - The President's News Conference; -7d 1989-08-21 - Statement by Press Secretary Fitzwater on President Bush's Telephone Conversation With President Virgilio Barco Vargas of Colombia","Check nearby leads/statements as surrounding evidence; OCR-derived leads require page-image confirmation before selection.","Source: George H.W. Bush Library, Bush Presidential Records, National Security Council, Presidential Telcon Files, [Memorandum of Telephone Conversations (Telcons) - August 1989-December 1989]: August 1989. Declassified.",https://s3.us-east-1.amazonaws.com/NARAprodstorage/lz/presidential-libraries/bush/gb-nsc/321498139/1989-08-28--Barco.pdf,https://catalog.archives.gov/id/428080215
5,Colombia,1989-09-26,Telcon,Memorandum of Telephone Conversation,Full,3,Presidential Telcon Files,Monitor,26,"George H. W. Bush; Virgilio Barco","Latin America; South America; Colombia; Bush Library Memcons and Telcons; Telcon",2,"[Presidential Daily Backup] 9/26/1989; [Presidential Daily Diary] 9/26/1989",11,"+0d September 26, 1989 - Presidential Meeting with Colombian President; +0d September 26, 1989 - Memorandum of Telephone Conversation with; +0d September 26, 1989 - Memorandum of Telephone Conversation with; +1d September 27, 1989 - Press Release Announcing Colombian President; +1d September 27, 1989 - Press Release Announcing Colombian President; +2d September 28, 1989 - Proposed Press Release Announcing Colombian; +7d October 3, 1989 - Guidance: Colombia Extraditions; -8d September 18, 1989 - Request for Meeting with the President for U.S.; -8d September 18, 1989 - Request for Meeting with the President for U.S.; -10d September 16, 1989 - Meeting with President Bush for the Chiefs of Mission",14,4,"-1d 1989-09-25 - Address to the 44th Session of the United Nations General Assembly in New York, New York; +1d 1989-09-27 - Remarks on the Education Summit and a Question-and-Answer Session With Reporters; +2d 1989-09-28 - Statement by Press Secretary Fitzwater on President Bush's Meeting With President Virgilio Barco Vargas of Colombia; -3d 1989-09-23 - Remarks Announcing the Summit Meeting With Soviet President Gorbachev and a Question-and-Answer Session With Reporters","Check nearby leads/statements as surrounding evidence; OCR-derived leads require page-image confirmation before selection.","Source: George H.W. Bush Library, Bush Presidential Records, National Security Council, Presidential Telcon Files, [Memorandum of Telephone Conversations (Telcons) - August 1989-December 1989]: September 1989. Declassified.",https://s3.us-east-1.amazonaws.com/NARAprodstorage/lz/presidential-libraries/bush/gb-nsc/321498139/1989-09-26--Barco.pdf,https://catalog.archives.gov/id/428080265
5,Colombia,1989-09-28,Memcon,Memorandum of Conversation,Full,9,Presidential Memcon Files,Monitor,26,"George H. W. Bush; Virgilio Barco","Latin America; South America; Colombia; Bush Library Memcons and Telcons; Memcon",2,"[Presidential Daily Backup] 9/28/1989; [Presidential Daily Diary] 9/28/1989 [EMPTY]",11,"+0d September 28, 1989 - Proposed Press Release Announcing Colombian; -1d September 27, 1989 - Press Release Announcing Colombian President; -1d September 27, 1989 - Press Release Announcing Colombian President; -2d September 26, 1989 - Presidential Meeting with Colombian President; -2d September 26, 1989 - Memorandum of Telephone Conversation with; -2d September 26, 1989 - Memorandum of Telephone Conversation with; +5d October 3, 1989 - Guidance: Colombia Extraditions; -10d September 18, 1989 - Request for Meeting with the President for U.S.; -10d September 18, 1989 - Request for Meeting with the President for U.S.; -12d September 16, 1989 - Meeting with President Bush for the Chiefs of Mission",14,4,"+0d 1989-09-28 - Statement by Press Secretary Fitzwater on President Bush's Meeting With President Virgilio Barco Vargas of Colombia; -1d 1989-09-27 - Remarks on the Education Summit and a Question-and-Answer Session With Reporters; -3d 1989-09-25 - Address to the 44th Session of the United Nations General Assembly in New York, New York; -5d 1989-09-23 - Remarks Announcing the Summit Meeting With Soviet President Gorbachev and a Question-and-Answer Session With Reporters","Check nearby leads/statements as surrounding evidence; OCR-derived leads require page-image confirmation before selection.","Source: George H.W. Bush Library, Bush Presidential Records, National Security Council, Presidential Memcon Files, [Memorandum of Conversations (Memcons) - June 1989-December 1989]: September 1989. Declassified.",https://s3.us-east-1.amazonaws.com/NARAprodstorage/lz/presidential-libraries/bush/gb-nsc/321498039/1989-09-28--Barco.pdf,https://catalog.archives.gov/id/428080241
5,Colombia,1989-10-30,Telcon,Memorandum of Telephone Conversation,Full,2,Presidential Telcon Files,Monitor,26,"George H. W. Bush; Virgilio Barco","Latin America; South America; Colombia; Bush Library Memcons and Telcons; Telcon",2,"[Presidential Daily Backup] 10/30/1989; [Presidential Daily Diary] 10/30/1989",12,"+0d October 30, 1989 - Telephone Call to Colombian President; +0d October 30, 1989 - Telephone Call to Colombian President; +0d October 30, 1989 - Telephone Conversation with President Barco; +0d October 30, 1989 - Telephone Conversation with President Barco; +2d November 1, 1989 - Deputies Committee Meeting, Thursday,; +2d November 1, 1989 - Colombian Request for Additional Economic; +2d November 1, 1989 - Summary of Main Points in the President’s; +2d November 1, 1989 - Summary of Main Points in the President’s; -5d October 25, 1989 - Andean Trade Package; -12d October 18, 1989 - Draft Repiv from the Presicent to Colomhian Presicert",18,0,,"Check nearby leads/statements as surrounding evidence; OCR-derived leads require page-image confirmation before selection.","Source: George H.W. Bush Library, Bush Presidential Records, National Security Council, Presidential Telcon Files, [Memorandum of Telephone Conversations (Telcons) - August 1989-December 1989]: October 1989. Declassified.",https://s3.us-east-1.amazonaws.com/NARAprodstorage/lz/presidential-libraries/bush/gb-nsc/321498139/1989-10-30--Barco.pdf,https://catalog.archives.gov/id/428080315
5,Colombia,1989-11-27,Telcon,Memorandum of Telephone Conversation,Partial,5,Presidential Telcon Files,Monitor,26,"George H. W. Bush; Virgilio Barco","Latin America; South America; Colombia; Bush Library Memcons and Telcons; Telcon",2,"[Presidential Daily Backup] 11/27/1989; [Presidential Daily Diary] 11/27/1989 [EMPTY]",9,"+1d November 28, 1989 - Memorandum of Telephone Conversation with; +1d November 28, 1989 - Memorandum of Telephone Conversation with; -5d November 22, 1989 - Security Survey of Cartagena, Colombia; -5d November 22, 1989 - Security Survey of Cartagena, Colombia; -5d November 22, 1989 - Telephone Call to Colombian President; +7d December 4, 1989 - Report by Bruce Gelb on His Trip to the Andean; +7d December 4, 1989 - Report by Bruce Gelb on His Trip to the Andean; +7d December 4, 1989 - Proposed U.S.-Andean Public Awareness; +8d December 5, 1989 - Letter Re Candidate for President of Colombia",16,0,,"Check nearby leads/statements as surrounding evidence; OCR-derived leads require page-image confirmation before selection.","Source: George H.W. Bush Library, Bush Presidential Records, National Security Council, Presidential Telcon Files, [Memorandum of Telephone Conversations (Telcons) - August 1989-December 1989]: November 1989. Declassified; partial release: Partial.",https://s3.us-east-1.amazonaws.com/NARAprodstorage/lz/presidential-libraries/bush/gb-nsc/321498139/1989-11-27--Barco.pdf,https://catalog.archives.gov/id/428080357
5,Colombia,1989-12-20,Telcon,Memorandum of Telephone Conversation,Full,3,Presidential Telcon Files,Monitor,26,"George H. W. Bush; Virgilio Barco","Latin America; South America; Colombia; Bush Library Memcons and Telcons; Telcon",2,"[Presidential Daily Backup] 12/20/1989; [Presidential Daily Diary] 12/20/1989 [EMPTY]",10,"+0d December 20, 1989 - Telephone Conversation with President Barco; +0d December 20, 1989 - Telephone Conversation with President Barco; -1d December 19, 1989 - Your Meeting with U.S. Ambassador to Colombia; -1d December 19, 1989 - Your Meeting with U.S. Ambassador to Colombia; +1d December 21, 1989 - Memorandum of Telephone Conversation with; -2d December 18, 1989 - Appointment Request with the President; -5d December 15, 1989 - Request for an Appointment by U.S. to; -5d December 15, 1989 - To: BRENT SCOWCROFT fo; From: WILLIAM T. PRYCE oe am b.; +6d December 26, 1989 - Colombian Confiscation of U.S. Corporate Jets; +7d December 27, 1989 - Andean Summit -- First Good News, Then Bad, Then Good",13,0,,"Check nearby leads/statements as surrounding evidence; OCR-derived leads require page-image confirmation before selection.","Source: George H.W. Bush Library, Bush Presidential Records, National Security Council, Presidential Telcon Files, [Memorandum of Telephone Conversations (Telcons) - August 1989-December 1989]: December 1989. Declassified.",https://s3.us-east-1.amazonaws.com/NARAprodstorage/lz/presidential-libraries/bush/gb-nsc/321498139/1989-12-20--Barco.pdf,https://catalog.archives.gov/id/428080421
5,Colombia,1990-01-28,Telcon,Memorandum of Telephone Conversation,Full,4,Presidential Telcon Files,Monitor,26,"George H. W. Bush; Virgilio Barco","Latin America; South America; Colombia; Bush Library Memcons and Telcons; Telcon",2,"[Presidential Daily Backup] 1/28/1990; [Presidential Daily Diary] 1/28/1990",0,,0,2,"-3d 1990-01-25 - Remarks and a Question-and-Answer Session at a Luncheon for Newspaper Publishers; -4d 1990-01-24 - The President's News Conference","Check nearby leads/statements as surrounding evidence; OCR-derived leads require page-image confirmation before selection.","Source: George H.W. Bush Library, Bush Presidential Records, National Security Council, Presidential Telcon Files, [Memorandum of Telephone Conversations (Telcons) - January 1990-July 1990]: January 1990. Declassified.",https://s3.us-east-1.amazonaws.com/NARAprodstorage/lz/presidential-libraries/bush/gb-nsc/321498139/1990-01-28--Barco.pdf,https://catalog.archives.gov/id/428080509
5,Colombia,1990-04-27,Telcon,Memorandum of Telephone Conversation,Full,3,Presidential Telcon Files,Monitor,26,"George H. W. Bush; Virgilio Barco","Latin America; South America; Colombia; Bush Library Memcons and Telcons; Telcon",2,"[Presidential Daily Backup] 4/27/1990; [Presidential Daily Diary] 4/27/1990",0,,0,1,+6d 1990-05-03 - The President's News Conference,"Check nearby leads/statements as surrounding evidence; OCR-derived leads require page-image confirmation before selection.","Source: George H.W. Bush Library, Bush Presidential Records, National Security Council, Presidential Telcon Files, [Memorandum of Telephone Conversations (Telcons) - January 1990-July 1990]: April 1990. Declassified.",https://s3.us-east-1.amazonaws.com/NARAprodstorage/lz/presidential-libraries/bush/gb-nsc/321498139/1990-04-27--Barco.pdf,https://catalog.archives.gov/id/428080673
5,Colombia,1990-06-05,Memcon,Memorandum of Conversation,Full,8,Presidential Memcon Files,Monitor,26,"George H. W. Bush; Virgillio Barco","Latin America; South America; Colombia; Bush Library Memcons and Telcons; Memcon",2,"[Presidential Daily Backup] 6/5/1990; [Presidential Daily Diary] 6/5/1990",0,,0,0,,"Check nearby leads/statements as surrounding evidence; OCR-derived leads require page-image confirmation before selection.","Source: George H.W. Bush Library, Bush Presidential Records, National Security Council, Presidential Memcon Files, [Memorandum of Conversations (Memcons)-January 1990-June 1990]: June 1990. Declassified.",https://s3.us-east-1.amazonaws.com/NARAprodstorage/lz/presidential-libraries/bush/gb-nsc/321498039/1990-06-05--Barco.pdf,https://catalog.archives.gov/id/428080733
5,Colombia,1990-07-13,Memcon,Memorandum of Conversation,Declassified,6,Scowcroft extract,Monitor,26,"George H. W. Bush; Virgilio Barco","Latin America; South America; Colombia; Brent Scowcroft Papers; Head-of-state memcons and telcons",2,"[Presidential Daily Backup] 7/13/1990; [Presidential Daily Diary] 7/13/1990",0,,0,2,"+0d 1990-07-13 - Statement by Press Secretary Fitzwater on President Bush's Meeting With President-Elect Cesar Gaviria of Colombia; -4d 1990-07-09 - Remarks at the Welcoming Ceremony for the Houston Economic Summit","Check nearby leads/statements as surrounding evidence; OCR-derived leads require page-image confirmation before selection.","Source: George H.W. Bush Library, Bush Presidential Records, Brent Scowcroft Collection, Presidential Correspondence Files, Presidential Memcons Files, OA/ID 91108-001, Presidential Meetings - Memorandum of Conversations 7/5/90 - 9/24/90. Declassified.",documents/colombia/1990-07-13-bush-virgilio-barco-memcon-91108-001-p73-scowcroft.pdf,https://catalog.archives.gov/id/366551670
5,Colombia,1990-07-13,Memcon,Memorandum of Conversation,Full,7,Presidential Memcon Files,Monitor,26,"George H. W. Bush; Cesar Gaviria Trujillo","Latin America; South America; Colombia; Bush Library Memcons and Telcons; Memcon",2,"[Presidential Daily Backup] 7/13/1990; [Presidential Daily Diary] 7/13/1990",0,,0,2,"+0d 1990-07-13 - Statement by Press Secretary Fitzwater on President Bush's Meeting With President-Elect Cesar Gaviria of Colombia; -4d 1990-07-09 - Remarks at the Welcoming Ceremony for the Houston Economic Summit","Check nearby leads/statements as surrounding evidence; OCR-derived leads require page-image confirmation before selection.","Source: George H.W. Bush Library, Bush Presidential Records, National Security Council, Presidential Memcon Files, [Memorandum of Conversations (Memcons)-July 1990-December 1990]: July 1990. Declassified.",https://s3.us-east-1.amazonaws.com/NARAprodstorage/lz/presidential-libraries/bush/gb-nsc/321498039/1990-07-13--Gaviria-Trujillo.pdf,https://catalog.archives.gov/id/428080837
5,Colombia,1990-09-29,Memcon,Memorandum of Conversation,Declassified,6,Scowcroft extract,Monitor,26,"George H. W. Bush; Cesar Gaviria","Latin America; South America; Colombia; Brent Scowcroft Papers; Head-of-state memcons and telcons",2,"[Presidential Daily Backup] 9/29/1990; [Presidential Daily Diary] 9/29/1990",0,,0,4,"+0d 1990-09-29 - Statement by Press Secretary Fitzwater on President Bush's Meeting in New York City With President Cesar Gaviria of Colombia; +3d 1990-10-02 - Statement by Press Secretary Fitzwater on President Bush's Meeting With President Patricio Aylwin Azocar of Chile; +6d 1990-10-05 - Message to the Congress Transmitting Proposed Legislation on Trade Preference for Andean Countries; +6d 1990-10-05 - Remarks on Transmitting to the Congress Proposed Legislation on Trade Preference for Andean Countries","Check nearby leads/statements as surrounding evidence; OCR-derived leads require page-image confirmation before selection.","Source: George H.W. Bush Library, Bush Presidential Records, Brent Scowcroft Collection, Presidential Correspondence Files, Presidential Memcons Files, OA/ID 91108-002, Presidential Meetings - Memorandum of Conversations 9/25/90 - 10/31/90. Declassified.",documents/colombia/1990-09-29-bush-cesar-gaviria-memcon-91108-002-p27-scowcroft.pdf,https://catalog.archives.gov/id/366551671
5,Colombia,1990-09-29,Memcon,Memorandum of Conversation,Full,7,Presidential Memcon Files,Monitor,26,"George H. W. Bush; Cesar Gaviria Trujillo","Latin America; South America; Colombia; Bush Library Memcons and Telcons; Memcon",2,"[Presidential Daily Backup] 9/29/1990; [Presidential Daily Diary] 9/29/1990",0,,0,4,"+0d 1990-09-29 - Statement by Press Secretary Fitzwater on President Bush's Meeting in New York City With President Cesar Gaviria of Colombia; +3d 1990-10-02 - Statement by Press Secretary Fitzwater on President Bush's Meeting With President Patricio Aylwin Azocar of Chile; +6d 1990-10-05 - Message to the Congress Transmitting Proposed Legislation on Trade Preference for Andean Countries; +6d 1990-10-05 - Remarks on Transmitting to the Congress Proposed Legislation on Trade Preference for Andean Countries","Check nearby leads/statements as surrounding evidence; OCR-derived leads require page-image confirmation before selection.","Source: George H.W. Bush Library, Bush Presidential Records, National Security Council, Presidential Memcon Files, [Memorandum of Conversations (Memcons)-July 1990-December 1990]: September 1990. Declassified.",https://s3.us-east-1.amazonaws.com/NARAprodstorage/lz/presidential-libraries/bush/gb-nsc/321498039/1990-09-29--Gaviria-Trujillo.pdf,https://catalog.archives.gov/id/428081077
5,Colombia,1990-11-23,Telcon,Memorandum of a Telephone Conversation,Declassified,4,Scowcroft extract,Monitor,26,"George H. W. Bush; Cesar Gaviria","Latin America; South America; Colombia; Brent Scowcroft Papers; Head-of-state memcons and telcons",2,"[Presidential Daily Backup] 11/23/1990; [Presidential Daily Diary] 11/23/1990 [EMPTY]",0,,0,3,"+4d 1990-11-27 - Toast at the State Luncheon Hosted by President Carlos Salinas de Gortari in Monterrey, Mexico; +7d 1990-11-30 - Remarks Announcing the Nomination of Bob Martinez To Be Director of National Drug Control Policy; +7d 1990-11-30 - Written Responses to Questions Submitted by the South American Press","Check nearby leads/statements as surrounding evidence; OCR-derived leads require page-image confirmation before selection.","Source: George H.W. Bush Library, Bush Presidential Records, Brent Scowcroft Collection, Presidential Correspondence Files, Presidential Telcon Files, OA/ID 91112-003, Presidential Telephone Calls - Memorandum of Conversations 10/11/90 - 12/31/90. Declassified.",documents/colombia/1990-11-23-bush-cesar-gaviria-telcon-91112-003-p63-scowcroft.pdf,https://catalog.archives.gov/id/366551695
5,Colombia,1990-11-23,Telcon,Memorandum of Telephone Conversation,Full,3,Presidential Telcon Files,Monitor,26,"George H. W. Bush; Cesar Gaviria Trujillo","Latin America; South America; Colombia; Bush Library Memcons and Telcons; Telcon",2,"[Presidential Daily Backup] 11/23/1990; [Presidential Daily Diary] 11/23/1990 [EMPTY]",0,,0,3,"+4d 1990-11-27 - Toast at the State Luncheon Hosted by President Carlos Salinas de Gortari in Monterrey, Mexico; +7d 1990-11-30 - Remarks Announcing the Nomination of Bob Martinez To Be Director of National Drug Control Policy; +7d 1990-11-30 - Written Responses to Questions Submitted by the South American Press","Check nearby leads/statements as surrounding evidence; OCR-derived leads require page-image confirmation before selection.","Source: George H.W. Bush Library, Bush Presidential Records, National Security Council, Presidential Telcon Files, [Memorandum of Telephone Conversations (Telcons) - August 1990-December 1990]: November 1990. Declassified.",https://s3.us-east-1.amazonaws.com/NARAprodstorage/lz/presidential-libraries/bush/gb-nsc/321498139/1990-11-23--Gaviria-Trujillo.pdf,https://catalog.archives.gov/id/428081223
5,Colombia,1991-02-26,Memcon,Memorandum of Conversation,Declassified,7,Scowcroft extract,Monitor,26,"George H. W. Bush; Cesar Gaviria","Latin America; South America; Colombia; Brent Scowcroft Papers; Head-of-state memcons and telcons",2,"[Presidential Daily Backup] 2/26/1991; [Presidential Daily Diary] 2/26/1991",0,,0,2,"+0d 1991-02-26 - Remarks Following Discussions With President Cesar Gaviria Trujillo of Colombia; +3d 1991-03-01 - Presidential Determination No. 91-22--Memorandum on Narcotics Control Certification","Check nearby leads/statements as surrounding evidence; OCR-derived leads require page-image confirmation before selection.","Source: George H.W. Bush Library, Bush Presidential Records, Brent Scowcroft Collection, Presidential Correspondence Files, Presidential Memcons Files, OA/ID 91108-004, Presidential Meetings - Memorandum of Conversations 01/14/91 - 03/08/91. Declassified.",documents/colombia/1991-02-26-bush-cesar-gaviria-memcon-91108-004-p33-scowcroft.pdf,https://catalog.archives.gov/id/366551673
5,Colombia,1991-02-26,Memcon,Memorandum of Conversation,Full,8,Presidential Telcon Files,Monitor,26,"George H. W. Bush; Cesar Gaviria Trujillo","Latin America; South America; Colombia; Bush Library Memcons and Telcons; Memcon",2,"[Presidential Daily Backup] 2/26/1991; [Presidential Daily Diary] 2/26/1991",0,,0,2,"+0d 1991-02-26 - Remarks Following Discussions With President Cesar Gaviria Trujillo of Colombia; +3d 1991-03-01 - Presidential Determination No. 91-22--Memorandum on Narcotics Control Certification","Check nearby leads/statements as surrounding evidence; OCR-derived leads require page-image confirmation before selection.","Source: George H.W. Bush Library, Bush Presidential Records, National Security Council, Presidential Telcon Files, [Memorandum of Telephone Conversations (Telcons) - January 1991-April 1991]: February 1991 [2]. Declassified.",https://s3.us-east-1.amazonaws.com/NARAprodstorage/lz/presidential-libraries/bush/gb-nsc/321498039/1991-02-26--Gaviria-Trujillo.pdf,https://catalog.archives.gov/id/428082499
5,Colombia,1991-06-20,Telcon,Memorandum of a Telephone Conversation,Declassified,2,Scowcroft extract,Monitor,26,"George H. W. Bush; Cesar Gaviria","Latin America; South America; Colombia; Brent Scowcroft Papers; Head-of-state memcons and telcons",2,"[Presidential Daily Backup] 6/20/1991; [Presidential Daily Diary] 6/20/1991",0,,0,1,+7d 1991-06-27 - Remarks Commemorating the First Anniversary of the Enterprise for the Americas Initiative and an Exchange With Reporters,"Check nearby leads/statements as surrounding evidence; OCR-derived leads require page-image confirmation before selection.","Source: George H.W. Bush Library, Bush Presidential Records, Brent Scowcroft Collection, Presidential Correspondence Files, Presidential Telcon Files, OA/ID 91112-008, 91112-008. Declassified.",documents/colombia/1991-06-20-bush-cesar-gaviria-telcon-91112-008-p74-scowcroft.pdf,https://catalog.archives.gov/id/366551700
5,Colombia,1991-06-20,Telcon,Memorandum of Telephone Conversation,Full,3,Presidential Telcon Files,Monitor,26,"George H. W. Bush; Cesar Gaviria Trujillo","Latin America; South America; Colombia; Bush Library Memcons and Telcons; Telcon",2,"[Presidential Daily Backup] 6/20/1991; [Presidential Daily Diary] 6/20/1991",0,,0,1,+7d 1991-06-27 - Remarks Commemorating the First Anniversary of the Enterprise for the Americas Initiative and an Exchange With Reporters,"Check nearby leads/statements as surrounding evidence; OCR-derived leads require page-image confirmation before selection.","Source: George H.W. Bush Library, Bush Presidential Records, National Security Council, Presidential Telcon Files, [Memorandum of Telephone Conversations (Telcons) - May 1991-December 1991]: June 1991. Declassified.",https://s3.us-east-1.amazonaws.com/NARAprodstorage/lz/presidential-libraries/bush/gb-nsc/321498139/1991-06-20--Gaviria-Trujillo.pdf,https://catalog.archives.gov/id/428081721
6,Ecuador,1990-07-23,Memcon,Memorandum of Conversation,Full,8,Presidential Memcon Files,High,68,"George H. W. Bush; Rodrigo Borja","Latin America; South America; Ecuador; Bush Library Memcons and Telcons; Memcon",2,"[Presidential Daily Backup] 7/23/1990; [Presidential Daily Diary] 7/23/1990",0,,0,1,+0d 1990-07-23 - Remarks Following Discussions With President Rodrigo Borja Cevallos of Ecuador,"Check nearby leads/statements as surrounding evidence; OCR-derived leads require page-image confirmation before selection.","Source: George H.W. Bush Library, Bush Presidential Records, National Security Council, Presidential Memcon Files, [Memorandum of Conversations (Memcons)-July 1990-December 1990]: July 1990. Declassified.",https://s3.us-east-1.amazonaws.com/NARAprodstorage/lz/presidential-libraries/bush/gb-nsc/321498039/1990-07-23--Borja-1.pdf,https://catalog.archives.gov/id/428080839
6,Ecuador,1990-07-23,Memcon,Memorandum of Conversation,Full,7,Presidential Memcon Files,High,68,"George H. W. Bush; Rodrigo Borja","Latin America; South America; Ecuador; Bush Library Memcons and Telcons; Memcon",2,"[Presidential Daily Backup] 7/23/1990; [Presidential Daily Diary] 7/23/1990",0,,0,1,+0d 1990-07-23 - Remarks Following Discussions With President Rodrigo Borja Cevallos of Ecuador,"Check nearby leads/statements as surrounding evidence; OCR-derived leads require page-image confirmation before selection.","Source: George H.W. Bush Library, Bush Presidential Records, National Security Council, Presidential Memcon Files, [Memorandum of Conversations (Memcons)-July 1990-December 1990]: July 1990. Declassified.",https://s3.us-east-1.amazonaws.com/NARAprodstorage/lz/presidential-libraries/bush/gb-nsc/321498039/1990-07-23--Borja-2.pdf,https://catalog.archives.gov/id/428080841
6,Ecuador,1992-07-28,Memcon,Memorandum of Conversation,Full,5,Presidential Memcon Files,High,68,"George H. W. Bush; Sixto Duran Ballen","Latin America; South America; Ecuador; Bush Library Memcons and Telcons; Memcon",2,"[Presidential Daily Backup] 7/28/1992; [Presidential Daily Diary] 7/28/1992",0,,0,1,+0d 1992-07-28 - Statement by Press Secretary Fitzwater on the President's Meeting With President-Elect Sixto Duran-Ballen of Ecuador,"Check nearby leads/statements as surrounding evidence; OCR-derived leads require page-image confirmation before selection.","Source: George H.W. Bush Library, Bush Presidential Records, National Security Council, Presidential Memcon Files, [Memorandum of Conversations (Memcons)-July 1992-December 1992]: July 1992. Declassified.",https://s3.us-east-1.amazonaws.com/NARAprodstorage/lz/presidential-libraries/bush/gb-nsc/321498039/1992-07-28--Ballen.pdf,https://catalog.archives.gov/id/428082307
7,Guyana,1989-06-19,Memcon,Memorandum of Conversation,Full,5,Presidential Memcon Files,Critical,86,"George H. W. Bush; Desmond Hoyte","Latin America; South America; Guyana; Bush Library Memcons and Telcons; Memcon",2,"[Presidential Daily Backup] 6/19/1989; [Presidential Daily Diary] 6/19/1989",10,"+0d 6/19/89 - President's Meeting with Président Desmond Hoyte of Guyana (4; +0d June 19, 1989 - Meeting with Guyanese President Hugh Desmond; +0d June 19, 1989 - Memorandum of the President’s Conversation with; +0d June 19, 1989 - Memorandum of the President’s Conversation with; +0d June 19, 1989 - Memorandum of the President’s Conversation with; +0d June 19, 1989 - The President’s Meeting with President; +0d June 19, 1989 - The President’s Meeting with President; +0d June 19, 1989 - The President’s Meeting with President |; -3d June 16, 1989 - Background Paper and Points To Be Made for the; -3d June 16, 1989 - Meeting with Guyanese President Hugh Desmond Hoyte,",10,0,,"Check nearby leads/statements as surrounding evidence; OCR-derived leads require page-image confirmation before selection.","Source: George H.W. Bush Library, Bush Presidential Records, National Security Council, Presidential Memcon Files, [Memorandum of Conversations (Memcons) - June 1989-December 1989]: June 1989. Declassified.",https://s3.us-east-1.amazonaws.com/NARAprodstorage/lz/presidential-libraries/bush/gb-nsc/321498039/1989-06-19--Hoyte.pdf,https://catalog.archives.gov/id/428080045
8,Paraguay,1990-06-15,Memcon,Memorandum of Conversation,Unrestricted,2,Presidential Memcon Files,Critical,89,"George H. W. Bush; Andres Rodriguez","Latin America; South America; Paraguay; Presidential Memcon Files; Memcon",2,"[Presidential Daily Backup] 6/15/1990; [Presidential Daily Diary] 6/15/1990",0,,0,1,+0d 1990-06-15 - Statement by Press Secretary Fitzwater on President Bush's Meeting With President Andrés Rodriguez Pedotti of Paraguay,"Check nearby leads/statements as surrounding evidence; OCR-derived leads require page-image confirmation before selection.","Source: George H.W. Bush Library, Bush Presidential Records, National Security Council, Presidential Memcon Files. Access restriction: Unrestricted.",https://s3.us-east-1.amazonaws.com/NARAprodstorage/lz/presidential-libraries/bush/gb-nsc/321498039/1990-06-15--Rodriguez.pdf,https://catalog.archives.gov/id/428080795
8,Paraguay,1991-01-31,Telcon,Memorandum of Telephone Conversation,Full,3,Presidential Telcon Files,Critical,89,"George H. W. Bush; Andres Rodriguez","Latin America; South America; Paraguay; Bush Library Memcons and Telcons; Telcon",2,"[Presidential Daily Backup] 1/31/1991; [Presidential Daily Diary] 1/31/1991",0,,0,2,"+4d 1991-02-04 - Letter to Congressional Leaders on Beneficiary Trade Status for the Central African Republic, Paraguay, and Namibia; +4d 1991-02-04 - Statement by Press Secretary Fitzwater on Beneficiary Trade Status for the Central African Republic, Chile, Namibia, and Paraguay","Check nearby leads/statements as surrounding evidence; OCR-derived leads require page-image confirmation before selection.","Source: George H.W. Bush Library, Bush Presidential Records, National Security Council, Presidential Telcon Files, [Memorandum of Telephone Conversations (Telcons) - January 1991-April 1991]: January 1991. Declassified.",https://s3.us-east-1.amazonaws.com/NARAprodstorage/lz/presidential-libraries/bush/gb-nsc/321498139/1991-01-31--Rodriguez.pdf,https://catalog.archives.gov/id/428081403
9,Peru,1989-05-13,Telcon,Memorandum of Telephone Conversation,Full,5,Presidential Telcon Files,Critical,87,"George H. W. Bush; Alan Garcia","Latin America; South America; Peru; Bush Library Memcons and Telcons; Telcon",2,"[Presidential Daily Backup] 5/13/1989; [Presidential Daily Diary] 5/13/1989",4,"+2d May 15, 1989 - Transmittal of the Memorandum of Conversation of; +7d May 20, 1989 - Letters to Families of Peru Victims and Phone Call; +9d May 22, 1989 - Possible Call to the President from Peruvian; +9d May 22, 1989 - Possible Call to the President from Peruvian",8,1,-4d 1989-05-09 - Interview With Members of the White House Press Corps,"Check nearby leads/statements as surrounding evidence; OCR-derived leads require page-image confirmation before selection.","Source: George H.W. Bush Library, Bush Presidential Records, National Security Council, Presidential Telcon Files, [Memorandum of Telephone Conversations (Telcons) - January 1989-July 1989]: May 1989. Declassified.",https://s3.us-east-1.amazonaws.com/NARAprodstorage/lz/presidential-libraries/bush/gb-nsc/321498139/1989-05-13--Garcia.pdf,https://catalog.archives.gov/id/428080015
9,Peru,1991-09-17,Memcon,Memorandum of Conversation,Full,7,Presidential Memcon Files,Critical,87,"George H. W. Bush; Alberto Fujimori","Latin America; South America; Peru; Bush Library Memcons and Telcons; Memcon",2,"[Presidential Daily Backup] 9/17/1991; [Presidential Daily Diary] 9/17/1991",0,,0,3,"+0d 1991-09-17 - Remarks Following Discussions With President Alberto Fujimori of Peru; +3d 1991-09-20 - Statement by Press Secretary Fitzwater on Peru's Drug Interdiction Efforts; +6d 1991-09-23 - Remarks at a Luncheon Hosted by United Nations Secretary- General Javier Perez de Cuellar in New York City","Check nearby leads/statements as surrounding evidence; OCR-derived leads require page-image confirmation before selection.","Source: George H.W. Bush Library, Bush Presidential Records, National Security Council, Presidential Memcon Files, [Memorandum of Conversations (Memcons)-July 1991-December 1991]: September 1991. Declassified.",https://s3.us-east-1.amazonaws.com/NARAprodstorage/lz/presidential-libraries/bush/gb-nsc/321498039/1991-09-17--Fujimori-2.pdf,https://catalog.archives.gov/id/428081889
9,Peru,1991-09-17,Memcon,Memorandum of Conversation,Full,7,Presidential Memcon Files,Critical,87,"George H. W. Bush; Alberto Fujimori","Latin America; South America; Peru; Bush Library Memcons and Telcons; Memcon",2,"[Presidential Daily Backup] 9/17/1991; [Presidential Daily Diary] 9/17/1991",0,,0,3,"+0d 1991-09-17 - Remarks Following Discussions With President Alberto Fujimori of Peru; +3d 1991-09-20 - Statement by Press Secretary Fitzwater on Peru's Drug Interdiction Efforts; +6d 1991-09-23 - Remarks at a Luncheon Hosted by United Nations Secretary- General Javier Perez de Cuellar in New York City","Check nearby leads/statements as surrounding evidence; OCR-derived leads require page-image confirmation before selection.","Source: George H.W. Bush Library, Bush Presidential Records, National Security Council, Presidential Memcon Files, [Memorandum of Conversations (Memcons)-July 1991-December 1991]: September 1991. Declassified.",https://s3.us-east-1.amazonaws.com/NARAprodstorage/lz/presidential-libraries/bush/gb-nsc/321498039/1991-09-17--Fujimori-1.pdf,https://catalog.archives.gov/id/428081887
9,Peru,1992-04-20,Telcon,Memorandum of Telephone Conversation,Full,5,Presidential Telcon Files,Critical,87,"George H. W. Bush; Alberto Fujimori","Latin America; South America; Peru; Bush Library Memcons and Telcons; Telcon",2,"[Presidential Daily Backup] 4/20/1992; [Presidential Daily Diary] 4/20/1992",0,,0,3,"+3d 1992-04-23 - Remarks to the Forum of the Americas; +4d 1992-04-24 - Teleconference Remarks to the National Association of Hispanic Journalists; +7d 1992-04-27 - Remarks on Legislative Goals and an Exchange With Reporters","Check nearby leads/statements as surrounding evidence; OCR-derived leads require page-image confirmation before selection.","Source: George H.W. Bush Library, Bush Presidential Records, National Security Council, Presidential Telcon Files, [Memorandum of Telephone Conversations (Telcons) - January 1992-June 1992]: April 1992. Declassified.",https://s3.us-east-1.amazonaws.com/NARAprodstorage/lz/presidential-libraries/bush/gb-nsc/321498139/1992-04-20--Fujimori.pdf,https://catalog.archives.gov/id/428082203
11,Uruguay,1989-05-13,Telcon,Memorandum of Telephone Conversation,Full,3,Presidential Telcon Files,Medium,32,"George H. W. Bush; Julio Maria; Garcia Alan; Afonsin Raul Sanguinetti","Latin America; South America; Uruguay; Bush Library Memcons and Telcons; Telcon",2,"[Presidential Daily Backup] 5/13/1989; [Presidential Daily Diary] 5/13/1989",3,"+2d May 15, 1989 - The President's Telephone Conversation with; +2d May 15, 1989 - The President’s Telephone Conversation with; +2d May 15, 1989 - Transmittal of the Memorandum of Conversation of",11,0,,"Check nearby leads/statements as surrounding evidence; OCR-derived leads require page-image confirmation before selection.","Source: George H.W. Bush Library, Bush Presidential Records, National Security Council, Presidential Telcon Files, [Memorandum of Telephone Conversations (Telcons) - January 1989-July 1989]: May 1989. Declassified.",https://s3.us-east-1.amazonaws.com/NARAprodstorage/lz/presidential-libraries/bush/gb-nsc/321498139/1989-05-13--Sanguinetti-2.pdf,https://catalog.archives.gov/id/428080019
11,Uruguay,1989-05-13,Telcon,Memorandum of Telephone Conversation,Full,4,Presidential Telcon Files,Medium,32,"George H. W. Bush; Julio Maria Sanguinetti","Latin America; South America; Uruguay; Bush Library Memcons and Telcons; Telcon",2,"[Presidential Daily Backup] 5/13/1989; [Presidential Daily Diary] 5/13/1989",3,"+2d May 15, 1989 - The President's Telephone Conversation with; +2d May 15, 1989 - The President’s Telephone Conversation with; +2d May 15, 1989 - Transmittal of the Memorandum of Conversation of",11,0,,"Check nearby leads/statements as surrounding evidence; OCR-derived leads require page-image confirmation before selection.","Source: George H.W. Bush Library, Bush Presidential Records, National Security Council, Presidential Telcon Files, [Memorandum of Telephone Conversations (Telcons) - January 1989-July 1989]: May 1989. Declassified.",https://s3.us-east-1.amazonaws.com/NARAprodstorage/lz/presidential-libraries/bush/gb-nsc/321498139/1989-05-13--Sanguinetti-1.pdf,https://catalog.archives.gov/id/428080017
11,Uruguay,1989-09-15,Memcon,Memorandum of Conversation,Full,7,Presidential Memcon Files,Medium,32,"George H. W. Bush; Julio Maria Sanguinetti","Latin America; South America; Uruguay; Bush Library Memcons and Telcons; Memcon",2,"[Presidential Daily Backup] 9/15/1989; [Presidential Daily Diary] 9/15/1989",7,"+0d September 15, 1989 - Presidential Meeting with Uruguayan President; +0d September 15, 1989 - Meeting with Uruguayan President Julio Maria; -2d September 13, 1989 - Presidential Meeting with Uruguayan President; -2d September 13, 1989 - Presidential Meeting with Uruguayan President; -3d September 12, 1989 - Briefing Materials for the President's Meeting; -3d September 12, 1989 - Briefing Materials for the President's Meeting 1; +3d September 18, 1989 - Memorandum of Conversation with Uruguayan",7,0,,"Check nearby leads/statements as surrounding evidence; OCR-derived leads require page-image confirmation before selection.","Source: George H.W. Bush Library, Bush Presidential Records, National Security Council, Presidential Memcon Files, [Memorandum of Conversations (Memcons) - June 1989-December 1989]: September 1989. Declassified.",https://s3.us-east-1.amazonaws.com/NARAprodstorage/lz/presidential-libraries/bush/gb-nsc/321498039/1989-09-15--Sanguinetti.pdf,https://catalog.archives.gov/id/428080181
11,Uruguay,1990-02-05,Memcon,Memorandum of Conversation,Full,6,Presidential Memcon Files,Medium,32,"George H. W. Bush; Luis Alberto Lacalle","Latin America; South America; Uruguay; Bush Library Memcons and Telcons; Memcon",2,"[Presidential Daily Backup] 2/5/1990; [Presidential Daily Diary] 2/5/1990",3,"-3d February 2, 1990 - Briefing Materials for the President's Meeting with; -3d February 2, 1990 - President’s Meeting with President-Elect; -4d February 1, 1990 - President’s Meeting with President-Elect",3,1,+0d 1990-02-05 - Statement by Press Secretary Fitzwater on President Bush's Meeting With President-Elect Luis Alberto Lacalle of Uruguay,"Check nearby leads/statements as surrounding evidence; OCR-derived leads require page-image confirmation before selection.","Source: George H.W. Bush Library, Bush Presidential Records, National Security Council, Presidential Memcon Files, [Memorandum of Conversations (Memcons)-January 1990-June 1990]: February 1990. Declassified.",https://s3.us-east-1.amazonaws.com/NARAprodstorage/lz/presidential-libraries/bush/gb-nsc/321498039/1990-02-05--Lacalle.pdf,https://catalog.archives.gov/id/428080481
11,Uruguay,1990-06-28,Telcon,Memorandum of Telephone Conversation,Full,3,Presidential Telcon Files,Medium,32,"George H. W. Bush; Luis Alberto Lacalle","Latin America; South America; Uruguay; Bush Library Memcons and Telcons; Telcon",2,"[Presidential Daily Backup] 6/28/1990; [Presidential Daily Diary] 6/28/1990",0,,0,0,,"Check nearby leads/statements as surrounding evidence; OCR-derived leads require page-image confirmation before selection.","Source: George H.W. Bush Library, Bush Presidential Records, National Security Council, Presidential Telcon Files, [Memorandum of Telephone Conversations (Telcons) - January 1990-July 1990]: June 1990. Declassified.",https://s3.us-east-1.amazonaws.com/NARAprodstorage/lz/presidential-libraries/bush/gb-nsc/321498139/1990-06-28--Lacalle.pdf,https://catalog.archives.gov/id/428080815
11,Uruguay,1990-10-01,Memcon,Memorandum of Conversation,Full,5,Presidential Memcon Files,Medium,32,"George H. W. Bush; Luis Alberto Lacalle","Latin America; South America; Uruguay; Bush Library Memcons and Telcons; Memcon",2,"[Presidential Daily Backup] 10/01/1990; [Presidential Daily Diary] 10/01/1990",0,,0,0,,"Check nearby leads/statements as surrounding evidence; OCR-derived leads require page-image confirmation before selection.","Source: George H.W. Bush Library, Bush Presidential Records, National Security Council, Presidential Memcon Files, [Memorandum of Conversations (Memcons)-July 1990-December 1990]: October 1990. Declassified.",https://s3.us-east-1.amazonaws.com/NARAprodstorage/lz/presidential-libraries/bush/gb-nsc/321498039/1990-10-01--Lacalle.pdf,https://catalog.archives.gov/id/428081103
11,Uruguay,1990-12-04,Memcon,Memorandum of Conversation,Full,4,Presidential Memcon Files,Medium,32,"George H. W. Bush; Luis Alberto Lacalle","Latin America; South America; Uruguay; Bush Library Memcons and Telcons; Memcon",2,"[Presidential Daily Backup] 12/4/1990; [Presidential Daily Diary] 12/4/1990 [EMPTY]",0,,0,9,"+0d 1990-12-04 - Question-and-Answer Session With Reporters in Montevideo, Uruguay; +0d 1990-12-04 - Remarks to a Joint Session of the Congress in Montevideo, Uruguay; -1d 1990-12-03 - Remarks at a Luncheon for the Business Community in Brasilia, Brazil; +1d 1990-12-05 - Question-and-Answer Session With Reporters in Buenos Aires, Argentina; +1d 1990-12-05 - Remarks to a Joint Session of the Congress in Buenos Aires, Argentina; +2d 1990-12-06 - Remarks to a Joint Session of the Congress in Valparaiso, Chile; +3d 1990-12-07 - Toast at a State Dinner in Caracas, Venezuela; -4d 1990-11-30 - Written Responses to Questions Submitted by the South American Press; +4d 1990-12-08 - Remarks at a Luncheon Hosted by the Venezuelan-American Chambers of Commerce in Caracas, Venezuela","Check nearby leads/statements as surrounding evidence; OCR-derived leads require page-image confirmation before selection.","Source: George H.W. Bush Library, Bush Presidential Records, National Security Council, Presidential Memcon Files, [Memorandum of Conversations (Memcons)-July 1990-December 1990]: December 1990. Declassified.",https://s3.us-east-1.amazonaws.com/NARAprodstorage/lz/presidential-libraries/bush/gb-nsc/321498039/1990-12-04--Lacalle.pdf,https://catalog.archives.gov/id/428081235
11,Uruguay,1991-01-16,Telcon,Memorandum of Telephone Conversation,Full,2,Presidential Telcon Files,Medium,32,"George H. W. Bush; Luis Alberto Lacalle","Latin America; South America; Uruguay; Bush Library Memcons and Telcons; Telcon",2,"[Presidential Daily Backup] 1/16/1991; [Presidential Daily Diary] 1/16/1991",0,,0,0,,"Check nearby leads/statements as surrounding evidence; OCR-derived leads require page-image confirmation before selection.","Source: George H.W. Bush Library, Bush Presidential Records, National Security Council, Presidential Telcon Files, [Memorandum of Telephone Conversations (Telcons) - January 1991-April 1991]: January 1991. Declassified.",https://s3.us-east-1.amazonaws.com/NARAprodstorage/lz/presidential-libraries/bush/gb-nsc/321498139/1991-01-16--Lacalle.pdf,https://catalog.archives.gov/id/428081349
11,Uruguay,1991-05-21,Memcon,Memorandum of Conversation,Full,7,Presidential Memcon Files,Medium,32,"George H. W. Bush; Luis Alberto Lacalle","Latin America; South America; Uruguay; Bush Library Memcons and Telcons; Memcon",2,"[Presidential Daily Backup] 5/21/1991; [Presidential Daily Diary] 5/21/1991",0,,0,3,"+0d 1991-05-21 - Exchange With Reporters Prior to a Meeting With President Luis Alberto Lacalle of Uruguay; +0d 1991-05-21 - Statement by Deputy Press Secretary Popadiuk on President Bush's Meeting With President Luis Alberto Lacalle of Uruguay; +2d 1991-05-23 - Remarks to the National Retail Federation","Check nearby leads/statements as surrounding evidence; OCR-derived leads require page-image confirmation before selection.","Source: George H.W. Bush Library, Bush Presidential Records, National Security Council, Presidential Memcon Files, [Memorandum of Conversations (Memcons)-January 1991-June 1991]: May 1991. Declassified.",https://s3.us-east-1.amazonaws.com/NARAprodstorage/lz/presidential-libraries/bush/gb-nsc/321498039/1991-05-21--Lacalle.pdf,https://catalog.archives.gov/id/428081675
12,Venezuela,1989-01-24,Telcon,Memorandum of Telephone Conversation,Full,3,Presidential Telcon Files,Monitor,18,"George H. W. Bush; Carlos Andres Perez","Latin America; South America; Venezuela; Bush Library Memcons and Telcons; Telcon",2,"[Presidential Daily Backup] 1/24/1989; [Presidential Daily Diary] 1/24/1989",11,"+1d January 25, 1989 - Memorandum of Conversation Between the President; +1d January 25, 1989 - Memorandum of Conversation Between the President; +4d January 28, 1989 - Letters from the President to Jaime Lusinchi and; +4d January 28, 1989 - Letters from the President to Jaime Lusinchi and; +6d January 30, 1989 - BRENT SCOWCROFT (@); +6d January 30, 1989 - Presidential Letters for Vice President Quayle to; +6d January 30, 1989 - Presidential Letters for Vice President Quayle to; +7d January 31, 1989 - Request for Travel Orders; +8d February 1, 1989 - Presidential Letters for Vice President Quayle; +13d February 6, 1989 - -"" - Memorandum of Conversation between Vice President",15,0,,"Check nearby leads/statements as surrounding evidence; OCR-derived leads require page-image confirmation before selection.","Source: George H.W. Bush Library, Bush Presidential Records, National Security Council, Presidential Telcon Files, [Memorandum of Telephone Conversations (Telcons) - January 1989-July 1989]: January 1989. Declassified.",https://s3.us-east-1.amazonaws.com/NARAprodstorage/lz/presidential-libraries/bush/gb-nsc/321498139/1989-01-24--Perez.pdf,https://catalog.archives.gov/id/428079799
12,Venezuela,1989-03-03,Telcon,Memorandum of Telephone Conversation,Full,4,Presidential Telcon Files,Monitor,18,"George H. W. Bush; Carlos Andres Perez","Latin America; South America; Venezuela; Bush Library Memcons and Telcons; Telcon",2,"[Presidential Daily Backup] 3/3/1989; [Presidential Daily Diary] 3/3/1989",13,"+0d March 3, 1989 - Additiondl Talking Points for Presidential Call; +0d March 3, 1989 - Additiondl Talking Points for Presidential Call; +0d March 3, 1989 - Instructions from the President to Convey to; +0d March 3, 1989 - Instructions from the President to Convey to; +0d March 3, 1989 - Memorandum of Conversation between the President; +0d March 3, 1989 - Transmittal of Memorandum of Conversation to; +0d March 3, 1989 - Transmittal to the State Department of the; +0d March 3, 1989 - Transmittal to the State Department of the; -1d March 2, 1989 - Presidential Telephone Call to Venezuelan; -1d March 2, 1989 - Presidential Telephone Call to Venezuelan",26,0,,"Check nearby leads/statements as surrounding evidence; OCR-derived leads require page-image confirmation before selection.","Source: George H.W. Bush Library, Bush Presidential Records, National Security Council, Presidential Telcon Files, [Memorandum of Telephone Conversations (Telcons) - January 1989-July 1989]: March 1989. Declassified.",https://s3.us-east-1.amazonaws.com/NARAprodstorage/lz/presidential-libraries/bush/gb-nsc/321498139/1989-03-03--Perez.pdf,https://catalog.archives.gov/id/428079917
12,Venezuela,1989-04-01,Memcon,Memorandum of Conversation,Full,7,Presidential Memcon Files,Monitor,18,"George H. W. Bush; Carlos Andres Perez","Latin America; South America; Venezuela; Bush Library Memcons and Telcons; Memcon",2,"[Presidential Daily Backup] 4/1/1989; [Presidential Daily Diary] 4/1/1989",20,"+0d April 1, 1989 - Meeting with President Carlos Andres Perez of; +0d April 1, 1989 - Meeting with President Carlos Andres Perez of; +0d April 1, 1989 - Meeting with President Carlos Perez of; +0d April 1, 1989 - Meeting with President Carlos Perez of; +0d April 1, 1989 - Meeting with President Carlos Perez of; +0d April 1, 1989 - Transmittal of Memcon to the Department of; -2d March 30, 1989 - Guest List for Presidential Breakfast with; +3d April 4, 1989 - Transmittal of Memcon to the Department of; -4d March 28, 1989 - Proposed Response to Venezuelan President; +4d April 5, 1989 - Memorandim of Conversation between President Bush",26,1,+0d 1989-04-01 - Statement by Press Secretary Fitzwater on President Bush's Meeting With President Carlos Andres Perez of Venezuela,"Check nearby leads/statements as surrounding evidence; OCR-derived leads require page-image confirmation before selection.","Source: George H.W. Bush Library, Bush Presidential Records, National Security Council, Presidential Memcon Files, [Memorandum of Conversations (Memcons) - January 1989-May 1989]: April 1989. Declassified.",https://s3.us-east-1.amazonaws.com/NARAprodstorage/lz/presidential-libraries/bush/gb-nsc/321498039/1989-04-01--Perez.pdf,https://catalog.archives.gov/id/428079937
12,Venezuela,1989-05-10,Telcon,Memorandum of Telephone Conversation,Full,4,Presidential Telcon Files,Monitor,18,"George H. W. Bush; Carlos Andres Perez","Latin America; South America; Venezuela; Bush Library Memcons and Telcons; Telcon",2,"[Presidential Daily Backup] 5/10/1989; [Presidential Daily Diary] 5/10/1989",7,"+0d May 10, 1989 - Telephone Call with Carlos Andres Perez of; +8d May 18, 1989 - Telephone call to Venezuelan President Carlos; +8d May 18, 1989 - Telephone call to Venezuelan President Carlos; -12d April 28, 1989 - Transmittal to the State Department of the; -12d April 28, 1989 - Transmittal to the State Department of the; +13d May 23, 1989 - Recommended Presidential Telephone Call to; +13d May 23, 1989 - Recommended Presidential Telephone Call to",7,2,"-1d 1989-05-09 - Interview With Members of the White House Press Corps; +3d 1989-05-13 - Interview With Members of the White House Press Corps on the Situation in Panama","Check nearby leads/statements as surrounding evidence; OCR-derived leads require page-image confirmation before selection.","Source: George H.W. Bush Library, Bush Presidential Records, National Security Council, Presidential Telcon Files, [Memorandum of Telephone Conversations (Telcons) - January 1989-July 1989]: May 1989. Declassified.",https://s3.us-east-1.amazonaws.com/NARAprodstorage/lz/presidential-libraries/bush/gb-nsc/321498139/1989-05-10--Perez.pdf,https://catalog.archives.gov/id/428080003
12,Venezuela,1989-06-23,Telcon,Memorandum of Telephone Conversation,Full,4,Presidential Telcon Files,Monitor,18,"George H. W. Bush; Carlos Andres Perez","Latin America; South America; Venezuela; Bush Library Memcons and Telcons; Telcon",2,"[Presidential Daily Backup] 6/23/1989; [Presidential Daily Diary] 6/23/1989",6,"+0d June 23, 1989 - The President’s Telephone Conversation with; -1d June 22, 1989 - Proposed Telephone Call by the President to; -1d June 22, 1989 - Proposed Telephone Call by the President to; -2d June 21, 1989 - Nicaragua -- Recommendation that President; -2d June 21, 1989 - Nicaragua -- Recommendation that President; -6d June 17, 1989 - Panama -~ Recommendation that President Bush",9,0,,"Check nearby leads/statements as surrounding evidence; OCR-derived leads require page-image confirmation before selection.","Source: George H.W. Bush Library, Bush Presidential Records, National Security Council, Presidential Telcon Files, [Memorandum of Telephone Conversations (Telcons) - January 1989-July 1989]: June 1989. Declassified.",https://s3.us-east-1.amazonaws.com/NARAprodstorage/lz/presidential-libraries/bush/gb-nsc/321498139/1989-06-23--Perez.pdf,https://catalog.archives.gov/id/428080073
12,Venezuela,1989-08-22,Telcon,Memorandum of Telephone Conversation,Full,4,Presidential Telcon Files,Monitor,18,"George H. W. Bush; Carlos Andres Perez","Latin America; South America; Venezuela; Bush Library Memcons and Telcons; Telcon",2,"[Presidential Daily Backup] 8/22/1989; [Presidential Daily Diary] 8/22/1989",5,"+0d August 22, 1989 - Telephone Conversation with Carlos; +0d August 22, 1989 - Telephone Conversation with Carlos; +0d August 22, 1989 - Message from President to Prime Minister Manley; +0d August 22, 1989 - Talking Points for Telephone Conversations with; +0d August 22, 1989 - Telephone Calls to President Carlos Andres Perez",8,0,,"Check nearby leads/statements as surrounding evidence; OCR-derived leads require page-image confirmation before selection.","Source: George H.W. Bush Library, Bush Presidential Records, National Security Council, Presidential Telcon Files, [Memorandum of Telephone Conversations (Telcons) - August 1989-December 1989]: August 1989. Declassified.",https://s3.us-east-1.amazonaws.com/NARAprodstorage/lz/presidential-libraries/bush/gb-nsc/321498139/1989-08-22--Perez.pdf,https://catalog.archives.gov/id/428080211
12,Venezuela,1989-09-25,Memcon,Memorandum of Conversation,Full,5,Presidential Memcon Files,Monitor,18,"George H. W. Bush; Carlos Andres Perez","Latin America; South America; Venezuela; Bush Library Memcons and Telcons; Memcon",2,"[Presidential Daily Backup] 9/25/1989; [Presidential Daily Diary] 9/25/1989",6,"+0d September 25, 1989 - Meeting with Venezuelan President Carlos; +0d September 25, 1989 - Meeting with Venezuelan President Carlos; -5d September 20, 1989 - State Department Proposed Presidential Letter to; +5d September 30, 1989 - Your Meeting with Venezuelan Foreign Minister; -6d September 19, 1989 - Letter to Venezuelan President on Nicaragua; +7d October 2, 1989 - Memorandum of Conversation with Reinaldo",10,1,"+0d 1989-09-25 - Address to the 44th Session of the United Nations General Assembly in New York, New York","Check nearby leads/statements as surrounding evidence; OCR-derived leads require page-image confirmation before selection.","Source: George H.W. Bush Library, Bush Presidential Records, National Security Council, Presidential Memcon Files, [Memorandum of Conversations (Memcons) - June 1989-December 1989]: September 1989. Declassified.",https://s3.us-east-1.amazonaws.com/NARAprodstorage/lz/presidential-libraries/bush/gb-nsc/321498039/1989-09-25--Perez.pdf,https://catalog.archives.gov/id/428080229
12,Venezuela,1989-11-01,Telcon,Memorandum of Telephone Conversation,Full,4,Presidential Telcon Files,Monitor,18,"George H. W. Bush; Carlos Andres Perez","Latin America; South America; Venezuela; Bush Library Memcons and Telcons; Telcon",2,"[Presidential Daily Backup] 11/1/1989; [Presidential Daily Diary] 11/1/1989",9,"+0d November 1, 1989 - Memorandum of Telephone Conversation with; +0d November 1, 1989 - Telephone Conversation with Venezuelan; +0d November 1, 1989 - Telephone Conversation with Venezuelan; +2d November 3, 1989 - Memorandum of Telephone Conversation with; +2d November 3, 1989 - Memorandum of Telephone Conversation with; -9d October 23, 1989 - President Perez' Letter to President Bush; -9d October 23, 1989 - Memorandum of Conversation with Venezuelan; -9d October 23, 1989 - Memorandum of Conversation with Venezuelan; -9d October 23, 1989 - Request that Mrs. Bush Meet with Asociacion de",12,0,,"Check nearby leads/statements as surrounding evidence; OCR-derived leads require page-image confirmation before selection.","Source: George H.W. Bush Library, Bush Presidential Records, National Security Council, Presidential Telcon Files, [Memorandum of Telephone Conversations (Telcons) - August 1989-December 1989]: November 1989. Declassified.",https://s3.us-east-1.amazonaws.com/NARAprodstorage/lz/presidential-libraries/bush/gb-nsc/321498139/1989-11-01--Perez.pdf,https://catalog.archives.gov/id/428080319
12,Venezuela,1989-12-20,Telcon,Memorandum of Telephone Conversation,Full,4,Presidential Telcon Files,Monitor,18,"George H. W. Bush; Carlos Andres Perez","Latin America; South America; Venezuela; Bush Library Memcons and Telcons; Telcon",2,"[Presidential Daily Backup] 12/20/1989; [Presidential Daily Diary] 12/20/1989 [EMPTY]",1,"+1d December 21, 1989 - Memorandum of Telephone Conversation with",6,0,,"Check nearby leads/statements as surrounding evidence; OCR-derived leads require page-image confirmation before selection.","Source: George H.W. Bush Library, Bush Presidential Records, National Security Council, Presidential Telcon Files, [Memorandum of Telephone Conversations (Telcons) - August 1989-December 1989]: December 1989. Declassified.",https://s3.us-east-1.amazonaws.com/NARAprodstorage/lz/presidential-libraries/bush/gb-nsc/321498139/1989-12-20--Perez.pdf,https://catalog.archives.gov/id/428080461
12,Venezuela,1990-02-26,Telcon,Memorandum of Telephone Conversation,Full,4,Presidential Telcon Files,Monitor,18,"George H. W. Bush; Carlos Andres Perez","Latin America; South America; Venezuela; Bush Library Memcons and Telcons; Telcon",2,"[Presidential Daily Backup] 2/26/1990; [Presidential Daily Diary] 2/26/1990",0,,0,2,"+0d 1990-02-26 - Remarks to Members of the National Governors' Association; +0d 1990-02-26 - Statement on the Election of Violeta Chamorro as President of Nicaragua","Check nearby leads/statements as surrounding evidence; OCR-derived leads require page-image confirmation before selection.","Source: George H.W. Bush Library, Bush Presidential Records, National Security Council, Presidential Telcon Files, [Memorandum of Telephone Conversations (Telcons) - January 1990-July 1990]: February 1990. Declassified.",https://s3.us-east-1.amazonaws.com/NARAprodstorage/lz/presidential-libraries/bush/gb-nsc/321498139/1990-02-26--Perez.pdf,https://catalog.archives.gov/id/428080569
12,Venezuela,1990-03-21,Telcon,Memorandum of Telephone Conversation,Full,5,Presidential Telcon Files,Monitor,18,"George H. W. Bush; Carlos Andres Perez","Latin America; South America; Venezuela; Bush Library Memcons and Telcons; Telcon",2,"[Presidential Daily Backup] 3/21/1990; [Presidential Daily Diary] 3/21/1990",0,,0,0,,"Check nearby leads/statements as surrounding evidence; OCR-derived leads require page-image confirmation before selection.","Source: George H.W. Bush Library, Bush Presidential Records, National Security Council, Presidential Telcon Files, [Memorandum of Telephone Conversations (Telcons) - January 1990-July 1990]: March 1990. Declassified.",https://s3.us-east-1.amazonaws.com/NARAprodstorage/lz/presidential-libraries/bush/gb-nsc/321498139/1990-03-21--Perez.pdf,https://catalog.archives.gov/id/428080615
12,Venezuela,1990-04-26,Memcon,Memorandum of Conversation,Unrestricted,2,Presidential Memcon Files,Monitor,18,"George H. W. Bush; Carlos Andres Perez","Latin America; South America; Venezuela; Presidential Memcon Files; Memcon",2,"[Presidential Daily Backup] 4/26/1990; [Presidential Daily Diary] 4/26/1990",0,,0,1,+0d 1990-04-26 - Remarks at the Welcoming Ceremony for President Carlos Andres Pérez of Venezuela,"Check nearby leads/statements as surrounding evidence; OCR-derived leads require page-image confirmation before selection.","Source: George H.W. Bush Library, Bush Presidential Records, National Security Council, Presidential Memcon Files. Access restriction: Unrestricted.",https://s3.us-east-1.amazonaws.com/NARAprodstorage/lz/presidential-libraries/bush/gb-nsc/321498039/1990-04-26--Perez.pdf,https://catalog.archives.gov/id/428080655
12,Venezuela,1990-08-13,Telcon,Memorandum of Telephone Conversation,Full,4,Presidential Telcon Files,Monitor,18,"George H. W. Bush; Carlos Andres Perez","Latin America; South America; Venezuela; Bush Library Memcons and Telcons; Telcon",2,"[Presidential Daily Backup] 8/13/1990; [Presidential Daily Diary] 8/13/1990",0,,0,1,+1d 1990-08-14 - The President's News Conference,"Check nearby leads/statements as surrounding evidence; OCR-derived leads require page-image confirmation before selection.","Source: George H.W. Bush Library, Bush Presidential Records, National Security Council, Presidential Telcon Files, [Memorandum of Telephone Conversations (Telcons) - August 1990-December 1990]: August 1990 [2]. Declassified.",https://s3.us-east-1.amazonaws.com/NARAprodstorage/lz/presidential-libraries/bush/gb-nsc/321498139/1990-08-13--Perez.pdf,https://catalog.archives.gov/id/428080951
12,Venezuela,1990-10-01,Memcon,Memorandum of Conversation,Full,6,Presidential Memcon Files,Monitor,18,"George H. W. Bush; Carlos Andres Perez","Latin America; South America; Venezuela; Bush Library Memcons and Telcons; Memcon",2,"[Presidential Daily Backup] 10/01/1990; [Presidential Daily Diary] 10/01/1990",0,,0,1,"+0d 1990-10-01 - Remarks on Signing a Resolution Providing Funding for Continued Government Operation and a Question-and-Answer Session With Reporters in New York, New York","Check nearby leads/statements as surrounding evidence; OCR-derived leads require page-image confirmation before selection.","Source: George H.W. Bush Library, Bush Presidential Records, National Security Council, Presidential Memcon Files, [Memorandum of Conversations (Memcons)-July 1990-December 1990]: October 1990. Declassified.",https://s3.us-east-1.amazonaws.com/NARAprodstorage/lz/presidential-libraries/bush/gb-nsc/321498039/1990-10-01--Perez.pdf,https://catalog.archives.gov/id/428081109
12,Venezuela,1990-12-08,Memcon,Memorandum of Conversation,Full,9,Presidential Memcon Files,Monitor,18,"George H. W. Bush; Carlos Andres Perez","Latin America; South America; Venezuela; Bush Library Memcons and Telcons; Memcon",2,"[Presidential Daily Backup] 12/8/1990; [Presidential Daily Diary] 12/8/1990 [EMPTY]",0,,0,5,"+0d 1990-12-08 - Question-and-Answer Session With Reporters in Caracas, Venezuela; +0d 1990-12-08 - Remarks at a Luncheon Hosted by the Venezuelan-American Chambers of Commerce in Caracas, Venezuela; -1d 1990-12-07 - Toast at a State Dinner in Caracas, Venezuela; -3d 1990-12-05 - Question-and-Answer Session With Reporters in Buenos Aires, Argentina; -3d 1990-12-05 - Remarks to a Joint Session of the Congress in Buenos Aires, Argentina","Check nearby leads/statements as surrounding evidence; OCR-derived leads require page-image confirmation before selection.","Source: George H.W. Bush Library, Bush Presidential Records, National Security Council, Presidential Memcon Files, [Memorandum of Conversations (Memcons)-July 1990-December 1990]: December 1990. Declassified.",https://s3.us-east-1.amazonaws.com/NARAprodstorage/lz/presidential-libraries/bush/gb-nsc/321498039/1990-12-08--Perez.pdf,https://catalog.archives.gov/id/428081239
12,Venezuela,1991-02-08,Telcon,Memorandum of Telephone Conversation,Full,8,Presidential Telcon Files,Monitor,18,"George H. W. Bush; Carlos Andres Perez","Latin America; South America; Venezuela; Bush Library Memcons and Telcons; Telcon",2,"[Presidential Daily Backup] 2/8/1991; [Presidential Daily Diary] 2/8/1991",0,,0,0,,"Check nearby leads/statements as surrounding evidence; OCR-derived leads require page-image confirmation before selection.","Source: George H.W. Bush Library, Bush Presidential Records, National Security Council, Presidential Telcon Files, [Memorandum of Telephone Conversations (Telcons) - January 1991-April 1991]: February 1991 [1]. Declassified.",https://s3.us-east-1.amazonaws.com/NARAprodstorage/lz/presidential-libraries/bush/gb-nsc/321498139/1991-02-08--Perez.pdf,https://catalog.archives.gov/id/428081439
12,Venezuela,1991-04-09,Telcon,Memorandum of Telephone Conversation,Full,6,Presidential Telcon Files,Monitor,18,"George H. W. Bush; Carlos Andres Perez","Latin America; South America; Venezuela; Bush Library Memcons and Telcons; Telcon",2,"[Presidential Daily Backup] 4/9/1991; [Presidential Daily Diary] 4/9/1991",0,,0,0,,"Check nearby leads/statements as surrounding evidence; OCR-derived leads require page-image confirmation before selection.","Source: George H.W. Bush Library, Bush Presidential Records, National Security Council, Presidential Telcon Files, [Memorandum of Telephone Conversations (Telcons) - January 1991-April 1991]: April 1991. Declassified.",https://s3.us-east-1.amazonaws.com/NARAprodstorage/lz/presidential-libraries/bush/gb-nsc/321498139/1991-04-09--Perez.pdf,https://catalog.archives.gov/id/428081595
12,Venezuela,1991-04-20,Telcon,Memorandum of Telephone Conversation,Full,4,Presidential Telcon Files,Monitor,18,"George H. W. Bush; Carlos Andres Perez","Latin America; South America; Venezuela; Bush Library Memcons and Telcons; Telcon",2,"[Presidential Daily Backup] 4/20/1991; [Presidential Daily Diary] 4/20/1991",0,,0,0,,"Check nearby leads/statements as surrounding evidence; OCR-derived leads require page-image confirmation before selection.","Source: George H.W. Bush Library, Bush Presidential Records, National Security Council, Presidential Telcon Files, [Memorandum of Telephone Conversations (Telcons) - January 1991-April 1991]: April 1991. Declassified.",https://s3.us-east-1.amazonaws.com/NARAprodstorage/lz/presidential-libraries/bush/gb-nsc/321498139/1991-04-20--Perez.pdf,https://catalog.archives.gov/id/428081653
12,Venezuela,1991-05-03,Memcon,Memorandum of Conversation,Full,9,Presidential Memcon Files,Monitor,18,"George H. W. Bush; Carlos Andres Perez","Latin America; South America; Venezuela; Bush Library Memcons and Telcons; Memcon",2,"[Presidential Daily Backup] 5/3/1991; [Presidential Daily Diary] 5/3/1991",0,,0,3,"+0d 1991-05-03 - Exchange With Reporters on Reports of a 1980 Hostage Agreement; +0d 1991-05-03 - Statement by Press Secretary Fitzwater on President Bush's Meeting With President Carlos Andres Perez of Venezuela; +6d 1991-05-09 - Remarks to the Hispanic Alliance for Free Trade","Check nearby leads/statements as surrounding evidence; OCR-derived leads require page-image confirmation before selection.","Source: George H.W. Bush Library, Bush Presidential Records, National Security Council, Presidential Memcon Files, [Memorandum of Conversations (Memcons)-January 1991-June 1991]: May 1991. Declassified.",https://s3.us-east-1.amazonaws.com/NARAprodstorage/lz/presidential-libraries/bush/gb-nsc/321498039/1991-05-03--Perez.pdf,https://catalog.archives.gov/id/428081627
12,Venezuela,1991-09-05,Telcon,Memorandum of Telephone Conversation,Full,4,Presidential Telcon Files,Monitor,18,"George H. W. Bush; Carlos Andres Perez","Latin America; South America; Venezuela; Bush Library Memcons and Telcons; Telcon",2,"[Presidential Daily Backup] 9/5/1991; [Presidential Daily Diary] 9/5/1991",0,,0,0,,"Check nearby leads/statements as surrounding evidence; OCR-derived leads require page-image confirmation before selection.","Source: George H.W. Bush Library, Bush Presidential Records, National Security Council, Presidential Telcon Files, [Memorandum of Telephone Conversations (Telcons) - May 1991-December 1991]: September 1991. Declassified.",https://s3.us-east-1.amazonaws.com/NARAprodstorage/lz/presidential-libraries/bush/gb-nsc/321498139/1991-09-05--Perez.pdf,https://catalog.archives.gov/id/428081909
12,Venezuela,1991-09-24,Memcon,Memorandum of Conversation,Full,9,Presidential Memcon Files,Monitor,18,"George H. W. Bush; Carlos Andres Perez","Latin America; South America; Venezuela; Bush Library Memcons and Telcons; Memcon",2,"[Presidential Daily Backup] 9/24/1991; [Presidential Daily Diary] 9/24/1991",0,,0,1,+0d 1991-09-24 - Exchange With Reporters in New York City Following Discussions With President Carlos Perez of Venezuela,"Check nearby leads/statements as surrounding evidence; OCR-derived leads require page-image confirmation before selection.","Source: George H.W. Bush Library, Bush Presidential Records, National Security Council, Presidential Memcon Files, [Memorandum of Conversations (Memcons)-July 1991-December 1991]: September 1991. Declassified.",https://s3.us-east-1.amazonaws.com/NARAprodstorage/lz/presidential-libraries/bush/gb-nsc/321498039/1991-09-24--Perez.pdf,https://catalog.archives.gov/id/428081905
12,Venezuela,1991-09-30,Telcon,Memorandum of Telephone Conversation,Full,3,Presidential Telcon Files,Monitor,18,"George H. W. Bush; Carlos Andres Perez","Latin America; South America; Venezuela; Bush Library Memcons and Telcons; Telcon",2,"[Presidential Daily Backup] 9/30/1991; [Presidential Daily Diary] 9/30/1991",0,,0,1,-6d 1991-09-24 - Exchange With Reporters in New York City Following Discussions With President Carlos Perez of Venezuela,"Check nearby leads/statements as surrounding evidence; OCR-derived leads require page-image confirmation before selection.","Source: George H.W. Bush Library, Bush Presidential Records, National Security Council, Presidential Telcon Files, [Memorandum of Telephone Conversations (Telcons) - May 1991-December 1991]: September 1991. Declassified.",https://s3.us-east-1.amazonaws.com/NARAprodstorage/lz/presidential-libraries/bush/gb-nsc/321498139/1991-09-30--Perez.pdf,https://catalog.archives.gov/id/428081963
12,Venezuela,1991-10-01,Telcon,Memorandum of Telephone Conversation,Full,3,Presidential Telcon Files,Monitor,18,"George H. W. Bush; Carlos Andres Perez","Latin America; South America; Venezuela; Bush Library Memcons and Telcons; Telcon",2,"[Presidential Daily Backup] 10/1/1991; [Presidential Daily Diary] 10/1/1991",0,,0,1,-7d 1991-09-24 - Exchange With Reporters in New York City Following Discussions With President Carlos Perez of Venezuela,"Check nearby leads/statements as surrounding evidence; OCR-derived leads require page-image confirmation before selection.","Source: George H.W. Bush Library, Bush Presidential Records, National Security Council, Presidential Telcon Files, [Memorandum of Telephone Conversations (Telcons) - May 1991-December 1991]: October 1991. Declassified.",https://s3.us-east-1.amazonaws.com/NARAprodstorage/lz/presidential-libraries/bush/gb-nsc/321498139/1991-10-01--Perez.pdf,https://catalog.archives.gov/id/428081965
12,Venezuela,1991-10-10,Telcon,Memorandum of Telephone Conversation,Full,4,Presidential Telcon Files,Monitor,18,"George H. W. Bush; Carlos Andres Perez","Latin America; South America; Venezuela; Bush Library Memcons and Telcons; Telcon",2,"[Presidential Daily Backup] 10/10/1991; [Presidential Daily Diary] 10/10/1991",0,,0,0,,"Check nearby leads/statements as surrounding evidence; OCR-derived leads require page-image confirmation before selection.","Source: George H.W. Bush Library, Bush Presidential Records, National Security Council, Presidential Telcon Files, [Memorandum of Telephone Conversations (Telcons) - May 1991-December 1991]: October 1991. Declassified.",https://s3.us-east-1.amazonaws.com/NARAprodstorage/lz/presidential-libraries/bush/gb-nsc/321498139/1991-10-10--Perez.pdf,https://catalog.archives.gov/id/428082007
12,Venezuela,1991-11-15,Telcon,Memorandum of Telephone Conversation,Full,4,Presidential Telcon Files,Monitor,18,"George H. W. Bush; Carlos Andres Perez","Latin America; South America; Venezuela; Bush Library Memcons and Telcons; Telcon",2,"[Presidential Daily Backup] 11/15/1991; [Presidential Daily Diary] 11/15/1991",0,,0,0,,"Check nearby leads/statements as surrounding evidence; OCR-derived leads require page-image confirmation before selection.","Source: George H.W. Bush Library, Bush Presidential Records, National Security Council, Presidential Telcon Files, [Memorandum of Telephone Conversations (Telcons) - May 1991-December 1991]: November 1991. Declassified.",https://s3.us-east-1.amazonaws.com/NARAprodstorage/lz/presidential-libraries/bush/gb-nsc/321498139/1991-11-15--Perez.pdf,https://catalog.archives.gov/id/428082045
12,Venezuela,1991-12-17,Telcon,Memorandum of Telephone Conversation,Full,6,Presidential Telcon Files,Monitor,18,"George H. W. Bush; Carlos Andres Perez","Latin America; South America; Venezuela; Bush Library Memcons and Telcons; Telcon",2,"[Presidential Daily Backup] 12/17/1991; [Presidential Daily Diary] 12/17/1991",0,,0,2,"+2d 1991-12-19 - Statement by Press Secretary Fitzwater on the President's Telephone Conversation With Prime Minister Mulroney of Canada and President Perez of Venezuela; +2d 1991-12-19 - The President's News Conference With Foreign Correspondents","Check nearby leads/statements as surrounding evidence; OCR-derived leads require page-image confirmation before selection.","Source: George H.W. Bush Library, Bush Presidential Records, National Security Council, Presidential Telcon Files, [Memorandum of Telephone Conversations (Telcons) - May 1991-December 1991]: December 1991. Declassified.",https://s3.us-east-1.amazonaws.com/NARAprodstorage/lz/presidential-libraries/bush/gb-nsc/321498139/1991-12-17--Perez.pdf,https://catalog.archives.gov/id/428082109
12,Venezuela,1992-04-09,Telcon,Memorandum of a Telephone Conversation,Declassified,3,Scowcroft extract,Monitor,18,"George H. W. Bush; Carlos Andres Perez","Latin America; South America; Venezuela; Brent Scowcroft Papers; Head-of-state memcons and telcons",2,"[Presidential Daily Backup] 4/9/1992; [Presidential Daily Diary] 4/9/1992",0,,0,1,+1d 1992-04-10 - The President's News Conference,"Check nearby leads/statements as surrounding evidence; OCR-derived leads require page-image confirmation before selection.","Source: George H.W. Bush Library, Bush Presidential Records, Brent Scowcroft Collection, Presidential Correspondence Files, Presidential Telcon Files, OA/ID 91113-003, Presidential Telephone Calls - Memorandum of Conversations 1/2/92 - 4/9/92. Declassified.",documents/venezuela/1992-04-09-bush-carlos-andres-perez-telcon-91113-003-p61-scowcroft.pdf,https://catalog.archives.gov/id/366551703
12,Venezuela,1992-06-20,Telcon,Memorandum of Telephone Conversation,Full,4,Presidential Telcon Files,Monitor,18,"George H. W. Bush; Carlos Andres Perez","Latin America; South America; Venezuela; Bush Library Memcons and Telcons; Telcon",2,"[Presidential Daily Backup] 6/20/1992; [Presidential Daily Diary] 6/20/1992",0,,0,0,,"Check nearby leads/statements as surrounding evidence; OCR-derived leads require page-image confirmation before selection.","Source: George H.W. Bush Library, Bush Presidential Records, National Security Council, Presidential Telcon Files, [Memorandum of Telephone Conversations (Telcons) - January 1992-June 1992]: June 1992. Declassified.",https://s3.us-east-1.amazonaws.com/NARAprodstorage/lz/presidential-libraries/bush/gb-nsc/321498139/1992-06-20--Perez.pdf,https://catalog.archives.gov/id/428082247
12,Venezuela,1992-11-27,Telcon,Memorandum of a Telephone Conversation,Declassified,3,Scowcroft extract,Monitor,18,"George H. W. Bush; Carlos Andres Perez","Latin America; South America; Venezuela; Brent Scowcroft Papers; Head-of-state memcons and telcons",2,"[Presidential Daily Backup] 11/27/1992; [Presidential Daily Diary] 11/27/1992",0,,0,0,,"Check nearby leads/statements as surrounding evidence; OCR-derived leads require page-image confirmation before selection.","Source: George H.W. Bush Library, Bush Presidential Records, Brent Scowcroft Collection, Presidential Correspondence Files, Presidential Memcons Files, OA/ID 91110-002, Presidential Meetings - Memorandum of Conversations 7/9/92 - 12/22/92. Declassified.",documents/venezuela/1992-11-27-bush-carlos-andres-perez-telcon-91110-002-p65-scowcroft.pdf,https://catalog.archives.gov/id/366551685
12,Venezuela,1992-11-27,Memcon,Memorandum of Conversation,Full,1,Presidential Memcon Files,Monitor,18,"George H. W. Bush; Carlos Andres Perez","Latin America; South America; Venezuela; Bush Library Memcons and Telcons; Memcon",2,"[Presidential Daily Backup] 11/27/1992; [Presidential Daily Diary] 11/27/1992",0,,0,0,,"Check nearby leads/statements as surrounding evidence; OCR-derived leads require page-image confirmation before selection.","Source: George H.W. Bush Library, Bush Presidential Records, National Security Council, Presidential Memcon Files, [Memorandum of Conversations (Memcons)-July 1992-December 1992]: November 1992. Declassified.",https://s3.us-east-1.amazonaws.com/NARAprodstorage/lz/presidential-libraries/bush/gb-nsc/321498039/1992-11-27--Perez-1.pdf,https://catalog.archives.gov/id/428082369
12,Venezuela,1992-11-27,Memcon,Memorandum of Conversation,Full,3,Presidential Memcon Files,Monitor,18,"George H. W. Bush; Carlos Andres Perez","Latin America; South America; Venezuela; Bush Library Memcons and Telcons; Memcon",2,"[Presidential Daily Backup] 11/27/1992; [Presidential Daily Diary] 11/27/1992",0,,0,0,,"Check nearby leads/statements as surrounding evidence; OCR-derived leads require page-image confirmation before selection.","Source: George H.W. Bush Library, Bush Presidential Records, National Security Council, Presidential Memcon Files, [Memorandum of Conversations (Memcons)-July 1992-December 1992]: November 1992. Declassified.",https://s3.us-east-1.amazonaws.com/NARAprodstorage/lz/presidential-libraries/bush/gb-nsc/321498039/1992-11-27--Perez-2.pdf,https://catalog.archives.gov/id/428082371
