person_name,description,included_reasons,authority_name_collision_count,authority_name_collisions,match_caution,has_site_evidence,site_evidence_total,verified_participant_record_count,print_candidate_mention_count,public_statement_mention_count,daily_diary_reference_mention_count,countries,first_verified_record_date,latest_verified_record_date,verified_record_titles,print_candidate_mentions,public_statement_mentions,daily_diary_reference_mentions,name_variants_used,source_entry,person_id
"Acosta, Luis E.","Economic and Commercial Counselor, U.S. Embassy in Asuncion [1992]",South America country or capital in name authority entry,0,,,no,0,0,0,0,0,,,,,,,,"acosta luis e; luis acosta; luis e acosta","Acosta, Luis E., Economic and Commercial Counselor, U.S. Embassy in Asuncion [1992]",acosta-luis-e
"Ades, Richard R.","Commercial Counselor, U.S. Embassy in Santiago [1989]; Commercial Counselor, U.S. Consulate at Sao Paulo [1992]",South America country or capital in name authority entry,0,,,no,0,0,0,0,0,,,,,,,,"ades richard r; richard ades; richard r ades","Ades, Richard R., Commercial Counselor, U.S. Embassy in Santiago [1989]; Commercial Counselor, U.S. Consulate at Sao Paulo [1992]",ades-richard-r
"Alfonsin, Raul","President of Argentina until July 8, 1989","South America country or capital in name authority entry; Name appears in site record metadata or OCR candidate text",0,,,yes,8,2,6,0,0,Argentina,1989-01-23,1989-05-13,"1989-01-23 - Telcon - Telephone Call from the President to President Alfonsin of Argentina, January 23, 1989; 1989-05-13 - Telcon - The President's Telephone Conversation with Argentine President Raul Alfonsin, May 13, 1989","January 23, 1989 - Medium - Telephone Call from the President to; May 13, 1989 - Medium - The President’s Telephone Conversation with; May 13, 1989 - Medium - The President’s Telephone Conversation with; May 16, 1989 - High - Memorandum of Conversation: President’s Telephone; May 16, 1989 - High - Memorandum of Conversation: President’s Telephone; Medium - Telephone Call from the President to",,,"alfonsin raul; raul alfonsin","Alfonsin, Raul, President of Argentina until July 8, 1989",alfonsin-raul
"Alois, Peter B.","Commercial Counselor, U.S. Embassy in Quito [1989, 1990]; Commercial Counselor, U.S. Consulate at Milan [1990-1992]",South America country or capital in name authority entry,0,,,no,0,0,0,0,0,,,,,,,,"alois peter b; peter alois; peter b alois","Alois, Peter B., Commercial Counselor, U.S. Embassy in Quito [1989, 1990]; Commercial Counselor, U.S. Consulate at Milan [1990-1992]",alois-peter-b
"Ames, Marjorie Ann","Consul, U.S. Embassy in Paramaribo [1992]",South America country or capital in name authority entry,0,,,no,0,0,0,0,0,,,,,,,,"ames marjorie ann; marjorie ames; marjorie ann ames","Ames, Marjorie Ann, Consul, U.S. Embassy in Paramaribo [1992]",ames-marjorie-ann
"Amselem, W. Lewis","Political Counselor, U.S. Embassy in La Paz [1992]",South America country or capital in name authority entry,0,,,no,0,0,0,0,0,,,,,,,,"amselem w lewis; w amselem; w lewis amselem","Amselem, W. Lewis, Political Counselor, U.S. Embassy in La Paz [1992]",amselem-w-lewis
"Anderson, Edward E.","Administrative Counselor, U.S. Embassy in Georgetown [1989, 1990]; Administrative and Management Information Services Division, Office of Resource Management, Office of the Deputy Assistant Secretary for Resource Management, Bureau of Diplomatic Security [1992]",South America country or capital in name authority entry,0,,,no,0,0,0,0,0,,,,,,,,"anderson edward e; edward anderson; edward e anderson","Anderson, Edward E., Administrative Counselor, U.S. Embassy in Georgetown [1989, 1990]; Administrative and Management Information Services Division, Office of Resource Management, Office of the Deputy Assistant Secretary for Resource Management, Bureau of Diplomatic Security [1992]",anderson-edward-e
"Andrews, Theodore H.","Political Counselor, U.S. Embassy in Paramaribo [1989-1991]",South America country or capital in name authority entry,0,,,no,0,0,0,0,0,,,,,,,,"andrews theodore h; theodore andrews; theodore h andrews","Andrews, Theodore H., Political Counselor, U.S. Embassy in Paramaribo [1989-1991]",andrews-theodore-h
"Arias, Tony","Regional Officer, Eastern Europe and South America, Office of Bilateral Affairs, Bureau of Human Rights and Humanitarian Affairs, Department of State [1990, 1991]",South America country or capital in name authority entry,0,,,no,0,0,0,0,0,,,,,,,,"arias tony; tony arias","Arias, Tony, Regional Officer, Eastern Europe and South America, Office of Bilateral Affairs, Bureau of Human Rights and Humanitarian Affairs, Department of State [1990, 1991]",arias-tony
"Aronson, Bernard W.","Assistant Secretary of State for Inter-American Affairs from June 16, 1989","Senior regional-policy role; Name appears in site record metadata or OCR candidate text",0,,,yes,11,0,11,0,0,"Argentina; Venezuela",,,,"April 1, 1989 - High - Meeting with President Carlos Andres Perez of; April 1, 1989 - High - Meeting with President Carlos Andres Perez of; April 1, 1989 - High - Meeting with President Carlos Perez of; April 1, 1989 - High - Meeting with President Carlos Perez of; September 25, 1989 - High - Meeting with Venezuelan President Carlos; September 25, 1989 - High - Meeting with Venezuelan President Carlos; December 22, 1989 - Medium - Transmittal of Memorandum of Conversation of the; High - Re: PCC Conclusions To: Policy Coordinating Committee From:; High - To: PCC From:; High - To: PCC From:; High - To: Policy Coordinating Committee From:",,,"aronson bernard w; bernard aronson; bernard w aronson","Aronson, Bernard W., Assistant Secretary of State for Inter-American Affairs from June 16, 1989",aronson-bernard-w
"Austin, Robert J.","Commercial and Economic Counselor, U.S. Embassy in Paramaribo [1989]; Administrative Counselor, U.S. Embassy in Brasilia [1992]",South America country or capital in name authority entry,0,,,no,0,0,0,0,0,,,,,,,,"austin robert j; robert austin; robert j austin","Austin, Robert J., Commercial and Economic Counselor, U.S. Embassy in Paramaribo [1989]; Administrative Counselor, U.S. Embassy in Brasilia [1992]",austin-robert-j
"Aylwin, Patricio","President of Chile from March 11, 1990","South America country or capital in name authority entry; Name appears in site record metadata or OCR candidate text",0,,,yes,8,3,1,4,0,"Chile; Colombia; Peru; Venezuela",1990-03-30,1992-05-13,"1990-03-30 - Telcon - PRESIDENT BUSH'S TELEPHONE CALL TO PRESIDENT AYLWIN, March 30, 1990; 1990-10-02 - Memcon - Memorandum of Conversation with President Patricio Aylwin of Chile, October 2, 1990; 1992-05-13 - Memcon - Meeting with Patricio Aylwin Azocar, President of the Republic of Chile, May 13, 1992","January 6, 1990 - Medium - Presidential Delegation to the Chilean Presidential","1990-10-02 - Statement by Press Secretary Fitzwater on President Bush's Meeting With President Patricio Aylwin Azocar of Chile; 1992-05-13 - Remarks at the Arrival Ceremony for President Patricio Aylwin of Chile; 1992-05-13 - Remarks at the State Dinner for President Patricio Aylwin of Chile; 1992-05-13 - Statement by Press Secretary Fitzwater on the President's Meeting With President Patricio Aylwin of Chile",,"aylwin patricio; patricio aylwin","Aylwin, Patricio, President of Chile from March 11, 1990",aylwin-patricio
"Baca, John R.","Administrative Counselor, U.S. Embassy in Montevideo [1991, 1992]",South America country or capital in name authority entry,0,,,no,0,0,0,0,0,,,,,,,,"baca john r; john baca; john r baca","Baca, John R., Administrative Counselor, U.S. Embassy in Montevideo [1991, 1992]",baca-john-r
"Baena Soares, Joao Clemente","Director General, Organization of American States","Senior regional-policy role; Name appears in site record metadata or OCR candidate text",0,,,yes,5,0,5,0,0,Brazil,,,,"January 31, 1989 - High - Memorandum of Conversation Between the; February 2, 1989 - High - Transmittal to the State Department of a; February 16, 1989 - Medium - Letter from President Bush thanking OAS; February 17, 1989 - High - Letter to OAS Secretary General Baena Soares; Medium - Secretary General of the OAS Meeting",,,"baena soares joao clemente; joao baena soares; joao clemente baena soares","Baena Soares, Joao Clemente, Director General, Organization of American States",baena-soares-joao-clemente
"Baez, Eduardo J.","Labor Attache, U.S. Embassy in Bogota [1989, 1990]",South America country or capital in name authority entry,0,,,no,0,0,0,0,0,,,,,,,,"baez eduardo j; eduardo baez; eduardo j baez","Baez, Eduardo J., Labor Attache, U.S. Embassy in Bogota [1989, 1990]",baez-eduardo-j
"Baker, James Addison, III","Secretary of State from January 25, 1989, until August 23, 1992; White House Chief of Staff from August 24, 1992, until January 20, 1993","Core U.S. principal for Bush 41 South America records; Name appears in site record metadata or OCR candidate text",0,,,yes,8,0,7,1,0,"Brazil; Venezuela",,,,"February 25, 1989 - High - President's Meeting with President; March 2, 1989 - High - Meeting with President Vinicio Cerezo of Guatemala; April 1, 1989 - High - Meeting with President Carlos Andres Perez of; April 1, 1989 - High - Meeting with President Carlos Andres Perez of; April 1, 1989 - High - Meeting with President Carlos Perez of; April 1, 1989 - High - Meeting with President Carlos Perez of; April 1, 1989 - High - Meeting with President Carlos Perez of",1989-04-01 - Statement by Press Secretary Fitzwater on President Bush's Meeting With President Carlos Andres Perez of Venezuela,,"baker james addison iii; james addison baker; james baker","Baker, James Addison, III, Secretary of State from January 25, 1989, until August 23, 1992; White House Chief of Staff from August 24, 1992, until January 20, 1993",baker-james-addison-iii
"Bakota, Carlos","Public Affairs Officer, U.S. Embassy in Paramaribo [1989-1991]; Country Officer, Office of American Republics Affairs, United States Information Agency [1992]",South America country or capital in name authority entry,0,,,no,0,0,0,0,0,,,,,,,,"bakota carlos; carlos bakota","Bakota, Carlos, Public Affairs Officer, U.S. Embassy in Paramaribo [1989-1991]; Country Officer, Office of American Republics Affairs, United States Information Agency [1992]",bakota-carlos
"Barco Vargas, Virgilio","President of Colombia until August 7, 1990","South America country or capital in name authority entry; Name appears in site record metadata or OCR candidate text",0,,,yes,15,0,12,3,0,"Bolivia; Colombia; Peru",,,,"August 21, 1989 - Medium - Telephone Conversation with Virgilio Barco; August 21, 1989 - Medium - Telephone Conversation with Virgilio Barco; August 28, 1989 - High - PARTICIPANTS:; August 28, 1989 - High - Telephone Conversation with Virgilio Barco; September 15, 1989 - High - Request for the President to Meet with; September 26, 1989 - High - Memorandum of Telephone Conversation with; September 26, 1989 - High - Memorandum of Telephone Conversation with; October 30, 1989 - High - Telephone Call to Colombian President; October 30, 1989 - High - Telephone Call to Colombian President; November 20, 1989 - Medium - Memorandum of Telephone Conversation with; November 22, 1989 - High - Telephone Call to Colombian President; Medium - Memorandum of Telephone Conversation with","1989-08-21 - Statement by Press Secretary Fitzwater on President Bush's Telephone Conversation With President Virgilio Barco Vargas of Colombia; 1989-09-28 - Statement by Press Secretary Fitzwater on President Bush's Meeting With President Virgilio Barco Vargas of Colombia; 1990-01-10 - Statement by Deputy Press Secretary Popadiuk on President Bush's Telephone Conversation With President Virgilio Barco Vargas of Colombia",,"barco vargas virgilio; virgilio barco vargas","Barco Vargas, Virgilio, President of Colombia until August 7, 1990",barco-vargas-virgilio
"Barkell, William H.","Consul, U.S. Embassy in Santiago [1989]; Office of International Development Assistance, Office of the Deputy Assistant Secretary for International Development and Technical Specialized Agency Affairs, Bureau of International Organization Affairs, Department of State [1990]; Chief for International Affairs, Office of Freely Associated State Affairs, Bureau of East Asian and Pacific Affairs, Department of State [1992]",South America country or capital in name authority entry,0,,,no,0,0,0,0,0,,,,,,,,"barkell william h; william barkell; william h barkell","Barkell, William H., Consul, U.S. Embassy in Santiago [1989]; Office of International Development Assistance, Office of the Deputy Assistant Secretary for International Development and Technical Specialized Agency Affairs, Bureau of International Organization Affairs, Department of State [1990]; Chief for International Affairs, Office of Freely Associated State Affairs, Bureau of East Asian and Pacific Affairs, Department of State [1992]",barkell-william-h
"Barmon, Kathleen W.","Labor Attache, U.S. Embassy in Tegucigalpa [1989-1992]; Labor Attache, U.S. Embassy in Bogota [1992]",South America country or capital in name authority entry,0,,,no,0,0,0,0,0,,,,,,,,"barmon kathleen w; kathleen barmon; kathleen w barmon","Barmon, Kathleen W., Labor Attache, U.S. Embassy in Tegucigalpa [1989-1992]; Labor Attache, U.S. Embassy in Bogota [1992]",barmon-kathleen-w
"Barrera, Manuel","Deputy Director, Office of Regional and Multilateral Force and Observers Affairs, Bureau of Near Eastern and South Asian Affairs, Department of State [1989, 1990]; Division Chief, Office of Energy-Consumer Affairs, (Energy, Resources, and Food Policy), Bureau of Economic and Business Affairs, Department of State [1990, 1991]; Division Chief, Office of Energy-Producer Country Affairs, (Energy, Resources, and Food Policy), Bureau of Economic and Business Affairs, Department of State [1992]; Deputy Chief of Mission, U.S. Embassy in Georgetown [1992]",South America country or capital in name authority entry,0,,,no,0,0,0,0,0,,,,,,,,"barrera manuel; manuel barrera","Barrera, Manuel, Deputy Director, Office of Regional and Multilateral Force and Observers Affairs, Bureau of Near Eastern and South Asian Affairs, Department of State [1989, 1990]; Division Chief, Office of Energy-Consumer Affairs, (Energy, Resources, and Food Policy), Bureau of Economic and Business Affairs, Department of State [1990, 1991]; Division Chief, Office of Energy-Producer Country Affairs, (Energy, Resources, and Food Policy), Bureau of Economic and Business Affairs, Department of State [1992]; Deputy Chief of Mission, U.S. Embassy in Georgetown [1992]",barrera-manuel
"Beall, David R.","Director, Office of Brazilian Affairs, Bureau of Inter-American Affairs, Department of State [1989]; Deputy Chief of Mission, U.S. Embassy in Panama City [1990-1992]",South America country or capital in name authority entry,0,,,no,0,0,0,0,0,,,,,,,,"beall david r; david beall; david r beall","Beall, David R., Director, Office of Brazilian Affairs, Bureau of Inter-American Affairs, Department of State [1989]; Deputy Chief of Mission, U.S. Embassy in Panama City [1990-1992]",beall-david-r
"Becker, David C.","Political, Economic, and Commercial Counselor, U.S. Embassy in Ouagadougou [1989, 1990]; Office of Andean Affairs, Bureau of Inter-American Affairs, Department of State [1990-1992]",South America country or capital in name authority entry,0,,,no,0,0,0,0,0,,,,,,,,"becker david c; david becker; david c becker","Becker, David C., Political, Economic, and Commercial Counselor, U.S. Embassy in Ouagadougou [1989, 1990]; Office of Andean Affairs, Bureau of Inter-American Affairs, Department of State [1990-1992]",becker-david-c
"Beffel, Edwin L.","Consul, U.S. Embassy in Brasilia [1989-1991]; Consul, U.S. Consulate at Tijuana [1992]",South America country or capital in name authority entry,0,,,no,0,0,0,0,0,,,,,,,,"beffel edwin l; edwin beffel; edwin l beffel","Beffel, Edwin L., Consul, U.S. Embassy in Brasilia [1989-1991]; Consul, U.S. Consulate at Tijuana [1992]",beffel-edwin-l
"Behrend, Richard W.","Economic Counselor, U.S. Embassy in Santiago [1991, 1992]",South America country or capital in name authority entry,0,,,no,0,0,0,0,0,,,,,,,,"behrend richard w; richard behrend; richard w behrend","Behrend, Richard W., Economic Counselor, U.S. Embassy in Santiago [1991, 1992]",behrend-richard-w
"Bennett, William J.","Director, Office of National Drug Control Policy from March 13, 1989, until November 1990","Core U.S. principal for Bush 41 South America records; Name appears in site record metadata or OCR candidate text",0,,,yes,3,0,1,2,0,"Bolivia; Colombia; Peru",,,,High - Re: Counternarcotics To:,"1989-02-08 - Remarks and a Question-and-Answer Session With Reporters Prior to a Meeting With William J. Bennett; 1989-03-03 - Remarks on Drug Trafficking Prior to a Luncheon With Administration Officials",,"bennett william j; william bennett; william j bennett","Bennett, William J., Director, Office of National Drug Control Policy from March 13, 1989, until November 1990",bennett-william-j
"Benson, James H.","Southern Europe Division, Office of Analysis for Western Europe and Canada, Bureau of Intelligence and Research, Department of State [1990]; Labor Attache, U.S. Embassy in Quito [1992]",South America country or capital in name authority entry,0,,,no,0,0,0,0,0,,,,,,,,"benson james h; james benson; james h benson","Benson, James H., Southern Europe Division, Office of Analysis for Western Europe and Canada, Bureau of Intelligence and Research, Department of State [1990]; Labor Attache, U.S. Embassy in Quito [1992]",benson-james-h
"Berry, Gregory L.","Labor Attache, U.S. Embassy in La Paz [1989, 1990]",South America country or capital in name authority entry,0,,,no,0,0,0,0,0,,,,,,,,"berry gregory l; gregory berry; gregory l berry","Berry, Gregory L., Labor Attache, U.S. Embassy in La Paz [1989, 1990]",berry-gregory-l
"Boland, Denise","South America Division, Office of Analysis for Inter-American Republics, Bureau of Intelligence and Research, Department of State [1991, 1992]; Consul, U.S. Embassy in Asuncion [1992]",South America country or capital in name authority entry,0,,,no,0,0,0,0,0,,,,,,,,"boland denise; denise boland","Boland, Denise, South America Division, Office of Analysis for Inter-American Republics, Bureau of Intelligence and Research, Department of State [1991, 1992]; Consul, U.S. Embassy in Asuncion [1992]",boland-denise
"Boorstein, Michael A.","Administrative Counselor, U.S. Embassy in Caracas [1989, 1990]",South America country or capital in name authority entry,0,,,no,0,0,0,0,0,,,,,,,,"boorstein michael a; michael a boorstein; michael boorstein","Boorstein, Michael A., Administrative Counselor, U.S. Embassy in Caracas [1989, 1990]",boorstein-michael-a
"Borja Cevallos, Rodrigo","President of Ecuador until August 10, 1992","South America country or capital in name authority entry; Name appears in site record metadata or OCR candidate text",0,,,yes,1,0,0,1,0,"Bolivia; Colombia; Ecuador; Peru",,,,,1990-07-23 - Remarks Following Discussions With President Rodrigo Borja Cevallos of Ecuador,,"borja cevallos rodrigo; rodrigo borja cevallos","Borja Cevallos, Rodrigo, President of Ecuador until August 10, 1992",borja-cevallos-rodrigo
"Bowers, Charles R.","Executive Assistant to the Under Secretary of State for Management [1990, 1991]; U.S. Ambassador to Bolivia from August 23, 1991",South America country or capital in name authority entry,0,,,yes,1,0,0,1,0,Bolivia,,,,,1991-04-12 - Nomination of Charles R. Bowers To Be United States Ambassador to Bolivia,,"bowers charles r; charles bowers; charles r bowers","Bowers, Charles R., Executive Assistant to the Under Secretary of State for Management [1990, 1991]; U.S. Ambassador to Bolivia from August 23, 1991",bowers-charles-r
"Bowman, Francine L.","Administrative Counselor, U.S. Embassy in Asuncion [1989, 1990]",South America country or capital in name authority entry,0,,,no,0,0,0,0,0,,,,,,,,"bowman francine l; francine bowman; francine l bowman","Bowman, Francine L., Administrative Counselor, U.S. Embassy in Asuncion [1989, 1990]",bowman-francine-l
"Brady, Nicholas Frederick","Secretary of the Treasury until January 17, 1993","Core U.S. principal for Bush 41 South America records; Name appears in site record metadata or OCR candidate text",0,,,yes,11,0,10,1,0,"Argentina; Venezuela",,,,"April 1, 1989 - High - Meeting with President Carlos Andres Perez of; April 1, 1989 - High - Meeting with President Carlos Andres Perez of; April 1, 1989 - High - Meeting with President Carlos Perez of; April 1, 1989 - High - Meeting with President Carlos Perez of; April 1, 1989 - High - Meeting with President Carlos Perez of; September 27, 1989 - High - Meeting with President Carlos Menem of; September 27, 1989 - High - Meeting with President Carlos Menem of; 6/11/90 - High - From Meg Lundsager to Brent Scowcroft Re: Briefing Memo on Debt for the President; 6/14/90 - High - From Nicholas Brady to POTUS Re: The Role of Official Debt Relief in an Economic Initiative for Latin America; High - From Nicholas Brady to POTUS Re: Latin America Debt Reduction Proposal",1989-04-01 - Statement by Press Secretary Fitzwater on President Bush's Meeting With President Carlos Andres Perez of Venezuela,,"brady nicholas frederick; nicholas brady; nicholas frederick brady","Brady, Nicholas Frederick, Secretary of the Treasury until January 17, 1993",brady-nicholas-frederick
"Brayshaw, Charles H.","Deputy Chief of Mission, U.S. Embassy in Algiers [1989, 1990]; Deputy Chief of Mission, U.S. Embassy in Beirut [1990, 1991]; Deputy Chief of Mission, U.S. Embassy in Lima [1991, 1992]; Charge d’Affaires ad interim in Lima from September 1, 1992",South America country or capital in name authority entry,0,,,no,0,0,0,0,0,,,,,,,,"brayshaw charles h; charles brayshaw; charles h brayshaw","Brayshaw, Charles H., Deputy Chief of Mission, U.S. Embassy in Algiers [1989, 1990]; Deputy Chief of Mission, U.S. Embassy in Beirut [1990, 1991]; Deputy Chief of Mission, U.S. Embassy in Lima [1991, 1992]; Charge d’Affaires ad interim in Lima from September 1, 1992",brayshaw-charles-h
"Brennan, Kevin C.","Commercial Counselor, U.S. Embassy in Brasilia [1989-1992]; Commercial Counselor, U.S. Embassy in Riyadh [1992]",South America country or capital in name authority entry,0,,,no,0,0,0,0,0,,,,,,,,"brennan kevin c; kevin brennan; kevin c brennan","Brennan, Kevin C., Commercial Counselor, U.S. Embassy in Brasilia [1989-1992]; Commercial Counselor, U.S. Embassy in Riyadh [1992]",brennan-kevin-c
"Brock, Samuel V.","Administrative Counselor, U.S. Embassy in Praia [1989]; Political Adviser, U.S. Mission to the Organization of American States, Bureau of Inter-American Affairs, Department of State [1989]; Office of UN Political Affairs, Office of the Deputy Assistant Secretary for UN Political Affairs, Bureau of International Organization Affairs, Department of State [1991]; Administrative Counselor, U.S. Embassy in Algiers [1992]",Senior regional-policy role,0,,,no,0,0,0,0,0,,,,,,,,"brock samuel v; samuel brock; samuel v brock","Brock, Samuel V., Administrative Counselor, U.S. Embassy in Praia [1989]; Political Adviser, U.S. Mission to the Organization of American States, Bureau of Inter-American Affairs, Department of State [1989]; Office of UN Political Affairs, Office of the Deputy Assistant Secretary for UN Political Affairs, Bureau of International Organization Affairs, Department of State [1991]; Administrative Counselor, U.S. Embassy in Algiers [1992]",brock-samuel-v
"Brown, Richard C.","Deputy Assistant Secretary of Defense for Inter-American Affairs from 1989 until 1990; Special Adviser for International Security Affairs, Department of Defense during 1990; U.S. Ambassador to Uruguay from November 19, 1990","South America country or capital in name authority entry; Senior regional-policy role",0,,,yes,1,0,0,1,0,Uruguay,,,,,1990-06-13 - Nomination of Richard C. Brown To Be United States Ambassador to Uruguay,,"brown richard c; richard brown; richard c brown","Brown, Richard C., Deputy Assistant Secretary of Defense for Inter-American Affairs from 1989 until 1990; Special Adviser for International Security Affairs, Department of Defense during 1990; U.S. Ambassador to Uruguay from November 19, 1990",brown-richard-c
"Buelow, Judy M.","South America Division, Office of Analysis for Inter-American Affairs, Bureau of Intelligence and Research, Department of State [1989-1990]; Political Counselor, U.S. Embassy in Maputo [1990, 1991]; Labor Attache, U.S. Embassy in Montevideo [1991, 1992]",South America country or capital in name authority entry,0,,,no,0,0,0,0,0,,,,,,,,"buelow judy m; judy buelow; judy m buelow","Buelow, Judy M., South America Division, Office of Analysis for Inter-American Affairs, Bureau of Intelligence and Research, Department of State [1989-1990]; Political Counselor, U.S. Embassy in Maputo [1990, 1991]; Labor Attache, U.S. Embassy in Montevideo [1991, 1992]",buelow-judy-m
"Burns, James D.","Public Affairs Officer, U.S. Embassy in Georgetown [1989-1991]",South America country or capital in name authority entry,0,,,no,0,0,0,0,0,,,,,,,,"burns james d; james burns; james d burns","Burns, James D., Public Affairs Officer, U.S. Embassy in Georgetown [1989-1991]",burns-james-d
"Burton, Guy","Branch Public Affairs Officer, U.S. Consulate at Barcelona [1989-1992]; Public Affairs Officer, U.S. Embassy in Quito [1992]",South America country or capital in name authority entry,0,,,no,0,0,0,0,0,,,,,,,,"burton guy; guy burton","Burton, Guy, Branch Public Affairs Officer, U.S. Consulate at Barcelona [1989-1992]; Public Affairs Officer, U.S. Embassy in Quito [1992]",burton-guy
"Busby, Morris D.","Special Envoy for Central America until April 1989; Coordinator for Counter-Terrorism, Department of State, from May 1, 1989, until July 24, 1991; U.S. Ambassador to Colombia from September 18, 1991",South America country or capital in name authority entry,0,,,yes,1,0,0,1,0,Colombia,,,,,1991-05-15 - Nomination of Morris D. Busby To Be United States Ambassador to Colombia,,"busby morris d; morris busby; morris d busby","Busby, Morris D., Special Envoy for Central America until April 1989; Coordinator for Counter-Terrorism, Department of State, from May 1, 1989, until July 24, 1991; U.S. Ambassador to Colombia from September 18, 1991",busby-morris-d
"Bush, George Herbert Walker","President of the United States from January 20, 1989, until January 20, 1993","Core U.S. principal for Bush 41 South America records; Name appears in site record metadata or OCR candidate text",0,,,yes,303,126,102,75,0,"Argentina; Bolivia; Brazil; Chile; Colombia; Ecuador; Guyana; Paraguay; Peru; Suriname; Uruguay; Venezuela",1989-01-23,1992-12-01,"1989-01-23 - Telcon - Telephone Call from the President to President Alfonsin of Argentina, January 23, 1989; 1989-01-24 - Telcon - Memorandum of Conversation Between the President and President-Elect Carlos Andres Perez of Venezuela, January 24, 1989; 1989-02-25 - Memcon - President's Meeting with President Jose Sarney of Brazil, February 25, 1989; 1989-03-03 - Telcon - The President's Telephone Conversation with President Carlos Andres Perez of Venezuela on March 3, 1989; 1989-03-08 - Telcon - President's Telephone Call to Colombian President Barco, March 8, 1989; 1989-04-01 - Memcon - Meeting with President Carlos Andres Perez of Venezuela, April 1, 1989; 1989-04-14 - Telcon - The President's Telephone Conversation with President Barco of Colombia, April 14, 1989; 1989-05-10 - Telcon - Telephone Call with Carlos Andres Perez of Venezuela, May 10, 1989; 1989-05-13 - Telcon - Presidential Telephone Calls to Presidents Sanguinetti, Alfonsin, and Garcia on May 13 (2 of 2); 1989-05-13 - Telcon - Telephone Conversation with President Alan Garcia of Peru, May 13, 1989; 1989-05-13 - Telcon - The President's Telephone Conversation with Argentine President Raul Alfonsin, May 13, 1989; 1989-05-13 - Telcon - The President's Telephone Conversation with President Sanguinetti of Uruguay, May 13, 1989 (1 of 2); 1989-05-16 - Telcon - Telcon with President Barco of Colombia, May 16, 1989; 1989-05-17 - Telcon - Telcon with President Sarney of Brazil, May 17, 1989; 1989-05-31 - Telcon - Telephone Conversation Between the President and President Barco of Colombia; 1989-06-19 - Memcon - The President's Meeting with President Desmond Hoyte of Guyana, June 19, 1989; 1989-06-23 - Telcon - The President's Telephone Conversation with President Carlos Andres Perez of Venezuela, June 23, 1989; 1989-07-07 - Telcon - Telephone Conversation with Victor Paz Estenssoro of Bolivia, July 7, 1989; 1989-08-21 - Telcon - Telephone Conversation with Virgilio Barco Vargas, President of Colombia; 1989-08-22 - Telcon - Telephone Conversation with Carlos Andres Perez, President of Venezuela; 1989-08-28 - Telcon - Telephone Conversation with Virgilio Barco Vargas, President of Colombia; 1989-09-15 - Memcon - Meeting with Uruguayan President Julio Maria Sanguinetti, September 15, 1989; 1989-09-25 - Memcon - Meeting with Jose Sarney, September 25, 1989; 1989-09-25 - Memcon - Meeting with Venezuelan President Carlos Andres Perez, September 25, 1989; 1989-09-26 - Telcon - Telephone Conversation with President Virgilio Barco of Colombia, September 26, 1989; 1989-09-27 - Memcon - Meeting with President Carlos Menem of Argentina; 1989-09-27 - Memcon - Meeting with President Carlos Menem of Argentina, September 27, 1989; 1989-09-28 - Memcon - Meeting with President Virgilio Barco of Colombia, September 28, 1989; 1989-10-30 - Telcon - Telephone Conversation with President Barco of Colombia, October 30, 1989; 1989-11-01 - Telcon - Telephone Conversation with Venezuelan President Carlos Andres Perez, November 1, 1989; 1989-11-27 - Telcon - Telephone Conversation with President Barco of Colombia, November 27, 1989; 1989-12-20 - Telcon - Telephone Conversation with President Barco of Colombia, December 20, 1989; 1989-12-20 - Telcon - Telephone Conversation with President Menem of Argentina, December 20, 1989; 1989-12-20 - Telcon - Telephone Conversation with President Perez of Venezuela, December 20, 1989; 1990-01-26 - Memcon - Meeting with Fernando Collor de Mello of Brazil, January 26, 1990; 1990-01-28 - Telcon - Telephone Conversation with President Barco of Colombia, January 28, 1990; 1990-02-05 - Memcon - Meeting with President-elect Luis Alberto Lacalle of Uruguay, February 5, 1990; 1990-02-15 - Memcon - Cartagena Drug Summit; 1990-02-26 - Telcon - Telephone conversation with President Carlos Andres Perez of Venezuela, February 26, 1990; 1990-03-01 - Telcon - Telephone conversation with President Carlos Menem of Argentina (U); 1990-03-01 - Telcon - Telephone conversation with President Carlos Menem of Argentina, March 1, 1990; 1990-03-21 - Telcon - Telephone conversation with President Carlos Andres Perez of Venezuela, March 21, 1990; 1990-03-23 - Telcon - Telephone conversation with President Fernando Collor of Brazil, March 23, 1990; 1990-03-30 - Telcon - PRESIDENT BUSH'S TELEPHONE CALL TO PRESIDENT AYLWIN, March 30, 1990; 1990-04-26 - Memcon - Meeting with Carlos Andres Perez of Venezuela, April 26, 1990; 1990-04-27 - Telcon - Telephone Conversation with President Virgilio Barco of Colombia, April 27, 1990; 1990-05-08 - Memcon - Meetihg with President Jaime Paz Zamora of Bolivia, May 8, 1990 (2 of 2); 1990-05-08 - Memcon - Meeting with President Jaime Paz Zamora of Bolivia, May 8, 1990 (1 of 2); 1990-06-05 - Memcon - Memorandum of Conversation with President Virgilio Barco of Colombia, June 5, 1990; 1990-06-06 - Telcon - Telephone Conversation with President Fernando Collor de Mello of Brazil, June 6, 1990; 1990-06-15 - Memcon - Meeting with Andres Rodriguez of Paraguay, June 15, 1990; 1990-06-28 - Telcon - Telephone Conversation with President Carlos Sail Menem of Argentina (VU); 1990-06-28 - Telcon - Telephone Conversation with President Carlos Saul Menem of Argentina, June 28, 1990; 1990-06-28 - Telcon - Telephone Conversation with President Fernando Collor de Mello of Brazil, June 28, 1990; 1990-06-28 - Telcon - Telephone Conversation with President Luis Alberto Lacalle of Uruguay, June 28, 1990; 1990-07-13 - Memcon - Meeting with President-Elect Gaviria of Colombia (U); 1990-07-13 - Memcon - Meeting with President-Elect Gaviria of Colombia, July 13, 1990; 1990-07-23 - Memcon - Meeting with President Rodrigo Borja of Ecuador, July 23, 1990 (1 of 2); 1990-07-23 - Memcon - Meeting with President Rodrigo Borja of Ecuador, July 23, 1990 (2 of 2); 1990-08-13 - Telcon - Telephone Conversation with President Carlos Andres Perez of Venezuela, August 13, 1990; 1990-09-29 - Memcon - Memorandum of Conversation with President Cesar Gaviria Trujillo of Colombia (UV); 1990-09-29 - Memcon - Memorandum of Conversation with President Cesar Gaviria Trujillo of Colombia, September 29, 1990; 1990-10-01 - Memcon - Meeting with President Carlos Andres Perez of Venezuela, October 1, 1990; 1990-10-01 - Memcon - Meeting with President Carlos Saul Menem of Argentina, October 1, 1990; 1990-10-01 - Memcon - Meeting with President Luis Alberto Lacalle of Uruguay, October 1, 1990; 1990-10-01 - Memcon - Memorandum of Conversation with President Collor of Brazil, October 1, 1990; 1990-10-02 - Memcon - Memorandum of Conversation with President Patricio Aylwin of Chile, October 2, 1990; 1990-11-23 - Telcon - Telephone Conversation -with President Gaviria of Colombia, November 23, 1990; 1990-11-23 - Telcon - Telephone Conversation with President Gaviria of Colombia (U); 1990-12-03 - Memcon - Meeting with President Fernando Col lor de Mello of Brazil, December 3, 1990; 1990-12-04 - Memcon - Meeting with Luis Alberto Lacalle of Uruguay, December 4, 1990; 1990-12-05 - Memcon - Luncheon with President Carlos Saul Menem of Argentina (U); 1990-12-05 - Memcon - Luncheon with President Carlos Saul Menem of Argentina, December 5, 1990; 1990-12-08 - Memcon - Memorandum of Conversation of Expanded Bilateral Meeting with President Carlos Andres Perez of Venezuela, December 8, 1990; 1991-01-14 - Telcon - Telephone conversation with President Carlos Menem of Argentina (U); 1991-01-14 - Telcon - Telephone conversation with President Carlos Menem of Argentina, January 14, 1991; 1991-01-16 - Telcon - Telephone Conversation with President Luis Alberto Lacalle of Uruguay, January 16, 1991; 1991-01-19 - Telcon - Telephone conversation with President Carlos Menem of Argentina (U); 1991-01-19 - Telcon - Telephone Conversation with President Carlos Menem of Argentina, January 19, 1991; 1991-01-31 - Telcon - Telephone ccmversation with President Andres Rodriguez of Paraguay, January 31, 1991; 1991-02-08 - Memcon - Meeting with Foreign Minister Guido Di Tella of Argentina, February 8, 1991; 1991-02-08 - Telcon - Telephone conversation with President Carlos Andres Perez of Venezuela, February 8, 1991; 1991-02-08 - Telcon - Telephone conversation with President Carlos Menem of Argentina (U); 1991-02-08 - Telcon - Telephone Conversation with President Carlos Menem of Argentina, February 8, 1991; 1991-02-26 - Memcon - Meeting with President Cesar Gaviria of Colombia (U); 1991-02-26 - Memcon - Meeting with President Cesar Gaviria of Colombia, February 26, 1991; 1991-03-04 - Telcon - Telephone conversation with President Menem of Argentina (U); 1991-03-04 - Telcon - Telephone Conversation with President Menem of Argentina, March 4, 1991; 1991-04-09 - Telcon - Telephone Conversation with President Carlos Andres Perez of Venezuela, April 9, 1991; 1991-04-20 - Telcon - Telcon with Carlos Andres Perez, President of Venezuela on April 20, 1991; 1991-05-03 - Memcon - Meeting with President Carlos Andres Perez of Venezuela, May 3, 1991; 1991-05-21 - Memcon - Meeting with President Luis Alberto Lacalle of Uruguay, May 21, 1991; 1991-06-18 - Memcon - Meeting with Fernando Collor de Mello, President of Brazil, June 18, 1991; 1991-06-20 - Telcon - Telcon with Cesar Gaviria Trujillo, President of Colombia, June 20, 1991; 1991-06-20 - Telcon - Telcon with Cesar Gaviria Trujillo, President of Colombia, June 20, 1991; 1991-08-20 - Telcon - Telcon with President Carlos Menem of Argentina on August 20, 1991; 1991-08-20 - Telcon - Telcon with President Carlos Menem of Argentina on August 20, 1991 (JU); 1991-09-05 - Telcon - Telcon with President Carlos Andres Perez of Venezuela on september 5, 1991; 1991-09-17 - Memcon - Luncheon with Alberto Fujimori, President of Peru, September 17, 1991 (2 of 2); 1991-09-17 - Memcon - Meeting with Alberto Fujimori, President of Peru, September 17, 1991 (1 of 2); 1991-09-23 - Memcon - Meeting with Fernando Collor de Mello, President of the Federative Republic of Brazil at UNGA, Waldorf Astoria Hotel, New York; 1991-09-24 - Memcon - Meeting with Carlos Andres Perez, President of the Republic of Venezuela at UNGA, Waldorf Astoria Hotel, New York; 1991-09-30 - Telcon - Telephone Conversation with President Carlos Andres Perez of Venezuela, September 30, 1991; 1991-10-01 - Telcon - Telephone Conversation with President Carlos Andres Perez of Venezuela, October 1, 1991; 1991-10-10 - Telcon - Telcon with President Carlos Andres Perez President of Venezuela on October 10, 1991; 1991-11-14 - Memcon - Meeting with Carlos Menem, President of Argentina, November 14, 1991; 1991-11-15 - Telcon - Telephone Conversation with Carlos Andres Perez, President of Venezuela on November 15, 1991; 1991-12-17 - Telcon - Telephone Conversation with Carlos Andres Perez, December 18, 1991; 1992-01-16 - Telcon - Telcon with President Carlos Saul Menem of Argentina on January 16, 1992; 1992-03-25 - Telcon - Telcon with Fernando Collor of Brazil on March 25, 1992 (U); 1992-04-07 - Telcon - Telcon with President Carlos Menem of Argentina on April 71 1992, April 7, 1992; 1992-04-09 - Telcon - Telcon with Carlos Andres Perez of Venezuela on April 9, 1992 (&; 1992-04-20 - Telcon - Telcon with Alberto Fujimori of Peru on April 20, 1992; 1992-05-12 - Telcon - Telcon with Fernando Coller, President of Brazil, May 12, 1992; 1992-05-13 - Memcon - Meeting with Patricio Aylwin Azocar, President of the Republic of Chile, May 13, 1992; 1992-06-20 - Telcon - Telcon with Carlos Andres Perez, President of Venezuela, on June 20, 1992; 1992-07-10 - Telcon - Telcon with Fernando Collor, President of Brazil, on July 10, 1992; 1992-07-28 - Memcon - Meeting with Sixto Duran Ballen, PresidentElect of Ecuador, Julyu 28, 1992; 1992-10-31 - Telcon - Telcon with Carlos Menem President of Argentina on October 31, 1992 (); 1992-11-05 - Telcon - Telcon with Carlos Saul Menem of Argentina on November 5, 1992; 1992-11-05 - Telcon - Telcon with Carlos Saul Menem of Argentina on November 5, 1992; 1992-11-27 - Memcon - Telcon with Carlos Andres Perez, President of Venezuela on November 27, 1992 (1 of 2); 1992-11-27 - Memcon - Telcon with Carlos Andres Perez, President of Venezuela on November 27, 1992 (2 of 2); 1992-11-27 - Telcon - Telcon with Carlos Andres Perez, President of Venezuela on November 27, 1992 (U); 1992-12-01 - Telcon - Telcon with President Carlos Menem of Argentina on December 1, 1992; 1992-12-01 - Telcon - Telcon with President Carlos Menem of Argentina on December 1, 1992 (D)","February 6, 1989 - Medium - Alerting NSCS on Presidential; February 16, 1989 - Medium - Letter from President Bush thanking OAS; February 17, 1989 - High - Letter to OAS Secretary General Baena Soares; March 3, 1989 - High - Additiondl Talking Points for Presidential Call; March 3, 1989 - High - Additiondl Talking Points for Presidential Call; March 6, 1989 - Medium - Acting Executive Secretary; March 6, 1989 - Medium - Letter to President Bush from Venezuelan President; MARCH 10, 1989 - High - WRITES REGARDING DISCUSSIONS WITH JAPANESE; March 27, 1989 - Medium - Draft Response from President Bush to Venezuelan; April 5, 1989 - High - Memorandim of Conversation between President Bush; April 5, 1989 - Medium - Memorandtim of Conversation between President Bush; April 7, 1989 - Medium - Presidential Lettér to National Wildlife; April 11, 1989 - High - Request for Announcement of Official Visit of; May 10, 1989 - High - Telephone Call with Carlos Andres Perez of; May 11, 1989 - Medium - Alerting NSCS on Presidential; May 11, 1989 - Medium - Alerting NSCS on Presidential; May 11, 1989 - High - Colombian President Virgilio Barco Suggests July 5-7; May 11, 1989 - High - Colombian President Virgilio Barco Suggests July 5-7; May 11, 1989 - High - Recommendation for Telephone Call by the; May 13, 1989 - High - Photo Opportunity with the President for Guyanese","1989-04-01 - Statement by Press Secretary Fitzwater on President Bush's Meeting With President Carlos Andres Perez of Venezuela; 1989-04-24 - Remarks at the Associated Press Business Luncheon in Chicago, Illinois; 1989-08-21 - Statement by Press Secretary Fitzwater on President Bush's Telephone Conversation With President Virgilio Barco Vargas of Colombia; 1989-08-29 - Exchange With Reporters Following a National Drug Control Strategy Meeting in Kennebunkport, Maine; 1989-09-07 - Remarks at the American Legion Annual Convention in Baltimore, Maryland; 1989-09-18 - The President's News Conference in Helena, Montana; 1989-09-27 - Statement by Press Secretary Fitzwater on President Bush's Meeting With President Carlos Saul Menem of Argentina; 1989-09-28 - Statement by Press Secretary Fitzwater on President Bush's Meeting With President Virgilio Barco Vargas of Colombia; 1989-10-19 - Remarks Following Discussions With Prime Minister Felipe Gonzalez Marquez of Spain; 1990-01-02 - Remarks to the Republican National Committee; 1990-01-10 - Statement by Deputy Press Secretary Popadiuk on President Bush's Telephone Conversation With President Virgilio Barco Vargas of Colombia; 1990-01-11 - Remarks Following Discussions With Prime Minister Anibal Cavaco Silva of Portugal; 1990-01-22 - Statement by Press Secretary Fitzwater on the Overseas Private Investment Corporation Mission to Panama; 1990-01-26 - Statement by Press Secretary Fitzwater on President Bush's Meeting With President-Elect Fernando Collor de Mello of Brazil; 1990-02-05 - Statement by Press Secretary Fitzwater on President Bush's Meeting With President-Elect Luis Alberto Lacalle of Uruguay; 1990-03-21 - Statement on Namibian Independence; 1990-04-19 - News Conference of President Bush and President Frangois Mitterrand of France in Key Largo, Florida; 1990-04-26 - Remarks at the Welcoming Ceremony for President Carlos Andres Pérez of Venezuela; 1990-05-08 - Remarks Following Discussions With President Jaime Paz Zamora of Bolivia; 1990-06-13 - Nomination of Richard C. Brown To Be United States Ambassador to Uruguay",,"bush george herbert walker; george bush; george h w bush; george herbert walker bush; president bush","Bush, George Herbert Walker, President of the United States from January 20, 1989, until January 20, 1993",bush-george-herbert-walker
"Callahan, Robert J.","Public Affairs Officer, U.S. Embassy in La Paz [1990-1992]",South America country or capital in name authority entry,0,,,no,0,0,0,0,0,,,,,,,,"callahan robert j; robert callahan; robert j callahan","Callahan, Robert J., Public Affairs Officer, U.S. Embassy in La Paz [1990-1992]",callahan-robert-j
"Canning, Michael P.","Public Affairs Officer, U.S. Embassy in Buenos Aires [1990, 1991]",South America country or capital in name authority entry,0,,,no,0,0,0,0,0,,,,,,,,"canning michael p; michael canning; michael p canning","Canning, Michael P., Public Affairs Officer, U.S. Embassy in Buenos Aires [1990, 1991]",canning-michael-p
"Card, Andrew H., Jr.","Assistant to the President and Deputy to the Chief of Staff from January 21, 1989, until March 3, 1991; Assistant to the President and Deputy Chief of Staff from March 3, 1991, until February 24, 1992; Secretary of Transportation from March 11, 1992","Core U.S. principal for Bush 41 South America records; Name appears in site record metadata or OCR candidate text",0,,,yes,6,0,6,0,0,,,,,"February 24, 1989 - High - From: JOSEPH W. HAGIN II; May 16, 1989 - High - From: JOSEPH W. HAGIN II; howaney 24, 1989 - High - From: JOSEPH W. HAGIN II; fepruary 24, 1989 - High - From: JOSEPH W. HAGIN II; pepruary 24, 1989 - High - From: JOSEPH W. HAGIN II; . Open.. - High - From:; "" JOSEPH W. 'HAGIN I",,,"andrew card; andrew h card; card andrew h jr","Card, Andrew H., Jr., Assistant to the President and Deputy to the Chief of Staff from January 21, 1989, until March 3, 1991; Assistant to the President and Deputy Chief of Staff from March 3, 1991, until February 24, 1992; Secretary of Transportation from March 11, 1992",card-andrew-h-jr
"Cason, James C.","Political Counselor, U.S. Embassy in La Paz [1989, 1990]; Deputy Chief of Mission, U.S. Embassy in Tegucigalpa [1991, 1992]",South America country or capital in name authority entry,0,,,no,0,0,0,0,0,,,,,,,,"cason james c; james c cason; james cason","Cason, James C., Political Counselor, U.S. Embassy in La Paz [1989, 1990]; Deputy Chief of Mission, U.S. Embassy in Tegucigalpa [1991, 1992]",cason-james-c
"Cassidy, Joseph","acting Public Affairs Officer, U.S. Embassy in Georgetown [1991]",South America country or capital in name authority entry,0,,,no,0,0,0,0,0,,,,,,,,"cassidy joseph; joseph cassidy","Cassidy, Joseph, acting Public Affairs Officer, U.S. Embassy in Georgetown [1991]",cassidy-joseph
"Cassman, Joel F.","Economic Counselor, U.S. Embassy in Managua [1989, 1990]; Office of Southern Cone Affairs, Bureau of Inter-American Affairs, Department of State [1990]; Economic Counselor, U.S. Embassy in Bogota [1991, 1992]",South America country or capital in name authority entry,0,,,no,0,0,0,0,0,,,,,,,,"cassman joel f; joel cassman; joel f cassman","Cassman, Joel F., Economic Counselor, U.S. Embassy in Managua [1989, 1990]; Office of Southern Cone Affairs, Bureau of Inter-American Affairs, Department of State [1990]; Economic Counselor, U.S. Embassy in Bogota [1991, 1992]",cassman-joel-f
"Castro, Emil","Economic Counselor, U.S. Embassy in Buenos Aires [1989-1991], Economic Counselor, U.S. Embassy in Madrid [1991, 1992]",South America country or capital in name authority entry,0,,,no,0,0,0,0,0,,,,,,,,"castro emil; emil castro","Castro, Emil, Economic Counselor, U.S. Embassy in Buenos Aires [1989-1991], Economic Counselor, U.S. Embassy in Madrid [1991, 1992]",castro-emil
"Caulfield, John P.","Fraud Protection Program, Bureau of Consular Affairs, Department of State [1990, 1991]; Deputy Director, Office of Brazilian Affairs, Bureau of Inter-American Affairs, Department of State [1992]",South America country or capital in name authority entry,0,,,no,0,0,0,0,0,,,,,,,,"caulfield john p; john caulfield; john p caulfield","Caulfield, John P., Fraud Protection Program, Bureau of Consular Affairs, Department of State [1990, 1991]; Deputy Director, Office of Brazilian Affairs, Bureau of Inter-American Affairs, Department of State [1992]",caulfield-john-p
"Chacon, Arnold A.","Labor Attache, U.S. Embassy in Santiago [1991]",South America country or capital in name authority entry,0,,,no,0,0,0,0,0,,,,,,,,"arnold a chacon; arnold chacon; chacon arnold a","Chacon, Arnold A., Labor Attache, U.S. Embassy in Santiago [1991]",chacon-arnold-a
"Chaplin, Stephen M.","Public Affairs Officer, U.S. Embassy in Caracas [1990-1992]",South America country or capital in name authority entry,0,,,no,0,0,0,0,0,,,,,,,,"chaplin stephen m; stephen chaplin; stephen m chaplin","Chaplin, Stephen M., Public Affairs Officer, U.S. Embassy in Caracas [1990-1992]",chaplin-stephen-m
"Christensen, Casey H.","Labor Attache, U.S. Embassy in La Paz [1992]",South America country or capital in name authority entry,0,,,no,0,0,0,0,0,,,,,,,,"casey christensen; casey h christensen; christensen casey h","Christensen, Casey H., Labor Attache, U.S. Embassy in La Paz [1992]",christensen-casey-h
"Coffey, Frederick A.","Public Affairs Officer, U.S. Embassy in Buenos Aires [1989]",South America country or capital in name authority entry,0,,,no,0,0,0,0,0,,,,,,,,"coffey frederick a; frederick a coffey; frederick coffey","Coffey, Frederick A., Public Affairs Officer, U.S. Embassy in Buenos Aires [1989]",coffey-frederick-a
"Collor de Mello, Fernando","President of Brazil from March 15, 1990","South America country or capital in name authority entry; Name appears in site record metadata or OCR candidate text",0,,,yes,20,11,5,4,0,"Argentina; Brazil; Paraguay; Uruguay",1990-01-26,1992-07-10,"1990-01-26 - Memcon - Meeting with Fernando Collor de Mello of Brazil, January 26, 1990; 1990-03-23 - Telcon - Telephone conversation with President Fernando Collor of Brazil, March 23, 1990; 1990-06-06 - Telcon - Telephone Conversation with President Fernando Collor de Mello of Brazil, June 6, 1990; 1990-06-28 - Telcon - Telephone Conversation with President Fernando Collor de Mello of Brazil, June 28, 1990; 1990-10-01 - Memcon - Memorandum of Conversation with President Collor of Brazil, October 1, 1990; 1990-12-03 - Memcon - Meeting with President Fernando Col lor de Mello of Brazil, December 3, 1990; 1991-06-18 - Memcon - Meeting with Fernando Collor de Mello, President of Brazil, June 18, 1991; 1991-09-23 - Memcon - Meeting with Fernando Collor de Mello, President of the Federative Republic of Brazil at UNGA, Waldorf Astoria Hotel, New York; 1992-03-25 - Telcon - Telcon with Fernando Collor of Brazil on March 25, 1992 (U); 1992-05-12 - Telcon - Telcon with Fernando Coller, President of Brazil, May 12, 1992; 1992-07-10 - Telcon - Telcon with Fernando Collor, President of Brazil, on July 10, 1992","December 20, 1989 - High - Congratulatory Telephone Call by the President to; High - CONGRATULATORY CALL fO BRAZILIAN PRESIDENT-ELECT FERNANDO COLLOR DE MELLO; High - CONGRATULATORY CALL TO BRAZILIAN PRESIDENT-ELECT FERNANDO COLLOR DE MELLO; High - Congratulatory Telephone Call by the President to; Medium - From J. Stapleton Roy to","1990-01-26 - Statement by Press Secretary Fitzwater on President Bush's Meeting With President-Elect Fernando Collor de Mello of Brazil; 1991-06-18 - Remarks at the Welcoming Ceremony for President Fernando Collor de Mello of Brazil; 1991-06-18 - Remarks Prior to Discussions With President Fernando Collor de Mello of Brazil; 1991-06-18 - Toasts at the State Dinner for President Fernando Collor de Mello of Brazil",,"collor de mello fernando; fernando collor de mello","Collor de Mello, Fernando, President of Brazil from March 15, 1990",collor-de-mello-fernando
"Colloton, Carol","Office of International Development Assistance, Office of the Deputy Assistant Secretary for International Development and Technical Specialized Agency Affairs, Bureau of International Organization Affairs, Department of State [1990]; Office of Southern Cone Affairs, Bureau of Inter-American Affairs, Department of State [1991]; Special Assistant, Bureau of Intelligence and Research, Department of State [1992]","South America country or capital in name authority entry; Senior regional-policy role",0,,,no,0,0,0,0,0,,,,,,,,"carol colloton; colloton carol","Colloton, Carol, Office of International Development Assistance, Office of the Deputy Assistant Secretary for International Development and Technical Specialized Agency Affairs, Bureau of International Organization Affairs, Department of State [1990]; Office of Southern Cone Affairs, Bureau of Inter-American Affairs, Department of State [1991]; Special Assistant, Bureau of Intelligence and Research, Department of State [1992]",colloton-carol
"Colson, David A.","Assistant Legal Adviser for Inter-American Affairs, Office of the Legal Adviser, Department of State [1990]; Deputy Assistant Secretary for Oceans and Fisheries Affairs, Bureau of Oceans and International Environmental and Scientific Affairs, Department of State [1991, 1992]",Senior regional-policy role,0,,,no,0,0,0,0,0,,,,,,,,"colson david a; david a colson; david colson","Colson, David A., Assistant Legal Adviser for Inter-American Affairs, Office of the Legal Adviser, Department of State [1990]; Deputy Assistant Secretary for Oceans and Fisheries Affairs, Bureau of Oceans and International Environmental and Scientific Affairs, Department of State [1991, 1992]",colson-david-a
"Cordovez, Diego",Ecuadorian Foreign Minister and Personal Representative of the Secretary General of the United Nations for Afghan Negotiations,South America country or capital in name authority entry,0,,,no,0,0,0,0,0,,,,,,,,"cordovez diego; diego cordovez","Cordovez, Diego, Ecuadorian Foreign Minister and Personal Representative of the Secretary General of the United Nations for Afghan Negotiations",cordovez-diego
"Craft, Andrew D.","acting Public Affairs Officer, U.S. Embassy in Georgetown [1992]",South America country or capital in name authority entry,0,,,no,0,0,0,0,0,,,,,,,,"andrew craft; andrew d craft; craft andrew d","Craft, Andrew D., acting Public Affairs Officer, U.S. Embassy in Georgetown [1992]",craft-andrew-d
"Craig, John B.","Deputy Chief of Mission, U.S. Embassy in Damascus [1989-1992]; Deputy Chief of Mission, U.S. Embassy in Bogota [1992]",South America country or capital in name authority entry,0,,,no,0,0,0,0,0,,,,,,,,"craig john b; john b craig; john craig","Craig, John B., Deputy Chief of Mission, U.S. Embassy in Damascus [1989-1992]; Deputy Chief of Mission, U.S. Embassy in Bogota [1992]",craig-john-b
"Crist, Janet L.","Political Counselor, U.S. Embassy in Montevideo [1989, 1990]; Political Counselor, U.S. Embassy in Bogota [1991, 1992]",South America country or capital in name authority entry,0,,,no,0,0,0,0,0,,,,,,,,"crist janet l; janet crist; janet l crist","Crist, Janet L., Political Counselor, U.S. Embassy in Montevideo [1989, 1990]; Political Counselor, U.S. Embassy in Bogota [1991, 1992]",crist-janet-l
"Croom, Kathleen J.","Public Affairs Officer, U.S. Embassy in Lima [1991, 1992]; Labor Attache, U.S. Embassy in Tegucigalpa [1992]",South America country or capital in name authority entry,0,,,no,0,0,0,0,0,,,,,,,,"croom kathleen j; kathleen croom; kathleen j croom","Croom, Kathleen J., Public Affairs Officer, U.S. Embassy in Lima [1991, 1992]; Labor Attache, U.S. Embassy in Tegucigalpa [1992]",croom-kathleen-j
"Cubbison, Edwin P.","Deputy Principal Officer, U.S. Consulate at Jerusalem [1989]; Consul, U.S. Embassy in Bogota [1990, 1991]; Consul General, U.S. Consulate at Tijuana [1992]",South America country or capital in name authority entry,0,,,no,0,0,0,0,0,,,,,,,,"cubbison edwin p; edwin cubbison; edwin p cubbison","Cubbison, Edwin P., Deputy Principal Officer, U.S. Consulate at Jerusalem [1989]; Consul, U.S. Embassy in Bogota [1990, 1991]; Consul General, U.S. Consulate at Tijuana [1992]",cubbison-edwin-p
"Dabbs, Jere M.","Commercial Counselor, U.S. Embassy in Quito [1990-1992]; Commercial Counselor, U.S. Consulate at Vancouver [1992]",South America country or capital in name authority entry,0,,,no,0,0,0,0,0,,,,,,,,"dabbs jere m; jere dabbs; jere m dabbs","Dabbs, Jere M., Commercial Counselor, U.S. Embassy in Quito [1990-1992]; Commercial Counselor, U.S. Consulate at Vancouver [1992]",dabbs-jere-m
"Daley, Roger J.","Consul, U.S. Embassy in La Paz [1989-1991]; Consul, U.S. Consulate at Istanbul [1991, 1992]",South America country or capital in name authority entry,0,,,no,0,0,0,0,0,,,,,,,,"daley roger j; roger daley; roger j daley","Daley, Roger J., Consul, U.S. Embassy in La Paz [1989-1991]; Consul, U.S. Consulate at Istanbul [1991, 1992]",daley-roger-j
"Dandridge, James T.L., II","Public Affairs Officer, U.S. Embassy in La Paz [1989]; Public Affairs Officer, U.S. Embassy in Santiago [1989-1992]",South America country or capital in name authority entry,0,,,no,0,0,0,0,0,,,,,,,,"dandridge james t l ii; james dandridge; james t l dandridge","Dandridge, James T.L., II, Public Affairs Officer, U.S. Embassy in La Paz [1989]; Public Affairs Officer, U.S. Embassy in Santiago [1989-1992]",dandridge-james-t-l-ii
"Darman, Richard G.","Director, Office of Management and Budget, from January 27, 1989",Core U.S. principal for Bush 41 South America records,0,,,no,0,0,0,0,0,,,,,,,,"darman richard g; richard darman; richard g darman","Darman, Richard G., Director, Office of Management and Budget, from January 27, 1989",darman-richard-g
"Deal, Timothy E.","Deputy U.S. Representative to the Organization of Economic Cooperation and Development; Director, Office of Eastern European and Yugoslav Affairs, Bureau of European and Canadian Affairs, Department of State [1989]; Acting Special Assistant to the President for National Security Affairs and Senior Director for International Economic Affairs, National Security Council staff from March 1989 until December 1989; Director for International Economic Affairs from November 1989 until May 1990; Special Assistant to the President for National Security Affairs and Senior Director for International Economic Affairs from May 1990 until April 1992; Deputy Chief of Mission, U.S. Embassy in London [1992]","Core U.S. principal for Bush 41 South America records; Name appears in site record metadata or OCR candidate text",0,,,yes,9,0,9,0,0,"Argentina; Colombia; Peru; Venezuela",,,,"March 28, 1989 - High - Proposed Response to Venezuelan President; April 27, 1989 - High - Your Meeting with Rodolfo Terragano and Felix; May 8, 1989 - High - PCC Meeting on Argentina; July 20, 1989 - High - Your Meeting with New Argentine Foreign Minister; July 20, 1989 - High - Your Meeting with New Argentine Foreign Minister; 8/5/89 - Medium - 051609z Aug 89; High - Colombian Arms Deal; High - David A. Pacelli and Timothy Deal to; Medium - Timothy E. Deal to",,,"deal timothy e; timothy deal; timothy e deal","Deal, Timothy E., Deputy U.S. Representative to the Organization of Economic Cooperation and Development; Director, Office of Eastern European and Yugoslav Affairs, Bureau of European and Canadian Affairs, Department of State [1989]; Acting Special Assistant to the President for National Security Affairs and Senior Director for International Economic Affairs, National Security Council staff from March 1989 until December 1989; Director for International Economic Affairs from November 1989 until May 1990; Special Assistant to the President for National Security Affairs and Senior Director for International Economic Affairs from May 1990 until April 1992; Deputy Chief of Mission, U.S. Embassy in London [1992]",deal-timothy-e
"Demarest, David F., Jr.","Assistant to the President for Communications from January 21, 1989, until August 23, 1992; thereafter Assistant to the President for Public Liaison and Intergovernmental Affairs","Core U.S. principal for Bush 41 South America records; Name appears in site record metadata or OCR candidate text",0,,,yes,7,0,7,0,0,,,,,"February 24, 1989 - High - From: JOSEPH W. HAGIN II; May 16, 1989 - High - From: JOSEPH W. HAGIN II; August 24, 1989 - Medium - (Draft Proclamation); howaney 24, 1989 - High - From: JOSEPH W. HAGIN II; fepruary 24, 1989 - High - From: JOSEPH W. HAGIN II; pepruary 24, 1989 - High - From: JOSEPH W. HAGIN II; . Open.. - High - From:; "" JOSEPH W. 'HAGIN I",,,"david demarest; david f demarest; demarest david f jr","Demarest, David F., Jr., Assistant to the President for Communications from January 21, 1989, until August 23, 1992; thereafter Assistant to the President for Public Liaison and Intergovernmental Affairs",demarest-david-f-jr
"Dempsey, George T.","Political Counselor, U.S. Embassy in Dublin [1989-1992]; Labor Attache, U.S. Embassy in Caracas [1992]",South America country or capital in name authority entry,0,,,no,0,0,0,0,0,,,,,,,,"dempsey george t; george dempsey; george t dempsey","Dempsey, George T., Political Counselor, U.S. Embassy in Dublin [1989-1992]; Labor Attache, U.S. Embassy in Caracas [1992]",dempsey-george-t
"DeRaat, Jacob","Consul, U.S. Embassy in Paramaribo [1989, 1990]; Commercial Counselor, U.S. Embassy in Paramaribo [1991]",South America country or capital in name authority entry,0,,,no,0,0,0,0,0,,,,,,,,"deraat jacob; jacob deraat","DeRaat, Jacob, Consul, U.S. Embassy in Paramaribo [1989, 1990]; Commercial Counselor, U.S. Embassy in Paramaribo [1991]",deraat-jacob
"Derham, James M.","Economic Counselor, U.S. Embassy in Buenos Aires [1992]; Office of Bilateral Trade Affairs, (Trade and Commercial Affairs), Bureau of Economic and Business Affairs, Department of State [1992]",South America country or capital in name authority entry,0,,,no,0,0,0,0,0,,,,,,,,"derham james m; james derham; james m derham","Derham, James M., Economic Counselor, U.S. Embassy in Buenos Aires [1992]; Office of Bilateral Trade Affairs, (Trade and Commercial Affairs), Bureau of Economic and Business Affairs, Department of State [1992]",derham-james-m
"Di Tella, Guido",Argentine Foreign Minister,"South America country or capital in name authority entry; Name appears in site record metadata or OCR candidate text",0,,,yes,6,1,3,2,0,"Argentina; Brazil; Chile; Paraguay; Uruguay",1991-02-08,1991-02-08,"1991-02-08 - Memcon - Meeting with Foreign Minister Guido Di Tella of Argentina, February 8, 1991","November 15, 1989 - Medium - Request for Appointment; December 15, 1989 - High - Meeting with Argentine Ambassador Guido di Tella,; December 15, 1989 - High - Meeting with Argentine Ambassador Guido di Tella,","1991-02-08 - Exchange With Reporters on the Persian Gulf Conflict; 1991-06-19 - Statement by Press Secretary Fitzwater on the Establishment of the Council on Trade and Investment",,"di tella guido; guido di tella","Di Tella, Guido, Argentine Foreign Minister",di-tella-guido
"Dion, Jerrold Mark","Deputy Assistant Secretary of State for International Narcotics Matters [1989]; Deputy Chief of Mission, U.S. Embassy in Lima [1990, 1991]; Consul General, U.S. Consulate at Istanbul [1992]",South America country or capital in name authority entry,0,,,no,0,0,0,0,0,,,,,,,,"dion jerrold mark; jerrold dion; jerrold mark dion","Dion, Jerrold Mark, Deputy Assistant Secretary of State for International Narcotics Matters [1989]; Deputy Chief of Mission, U.S. Embassy in Lima [1990, 1991]; Consul General, U.S. Consulate at Istanbul [1992]",dion-jerrold-mark
"Dlouhy, David B.","Deputy Chief of Mission, U.S. Embassy in San Salvador [1989]; Deputy Chief of Mission, U.S. Embassy in Luxembourg City [1989-1992]; Deputy Chief of Mission, U.S. Embassy in La Paz [1992]",South America country or capital in name authority entry,0,,,no,0,0,0,0,0,,,,,,,,"david b dlouhy; david dlouhy; dlouhy david b","Dlouhy, David B., Deputy Chief of Mission, U.S. Embassy in San Salvador [1989]; Deputy Chief of Mission, U.S. Embassy in Luxembourg City [1989-1992]; Deputy Chief of Mission, U.S. Embassy in La Paz [1992]",dlouhy-david-b
"Doherty, Paul M.","Legislative Management Officer, Bureau of Legislative Affairs, Department of State [1989, 1990]; Consul, U.S. Embassy in Montevideo [1991, 1992]",South America country or capital in name authority entry,0,,,no,0,0,0,0,0,,,,,,,,"doherty paul m; paul doherty; paul m doherty","Doherty, Paul M., Legislative Management Officer, Bureau of Legislative Affairs, Department of State [1989, 1990]; Consul, U.S. Embassy in Montevideo [1991, 1992]",doherty-paul-m
"Dorn, Nancy P.","Special Assistant to the President for Legislative Affairs from January 31, 1989; Deputy Assistant Secretary of Defense for Inter-American Affairs from 1990",Senior regional-policy role,0,,,no,0,0,0,0,0,,,,,,,,"dorn nancy p; nancy dorn; nancy p dorn","Dorn, Nancy P., Special Assistant to the President for Legislative Affairs from January 31, 1989; Deputy Assistant Secretary of Defense for Inter-American Affairs from 1990",dorn-nancy-p
"Drucker, Milton K.","Office of Andean Affairs, Bureau of Inter-American Affairs, Department of State [1990]; Office of International Commodities, (Energy, Resources, and Food Policy), Bureau of Economic and Business Affairs, Department of State [1991]; Deputy Director, Office of International Commodities, (Energy, Resources, and Food Policy), Bureau of Economic and Business Affairs, Department of State [1992]",South America country or capital in name authority entry,0,,,no,0,0,0,0,0,,,,,,,,"drucker milton k; milton drucker; milton k drucker","Drucker, Milton K., Office of Andean Affairs, Bureau of Inter-American Affairs, Department of State [1990]; Office of International Commodities, (Energy, Resources, and Food Policy), Bureau of Economic and Business Affairs, Department of State [1991]; Deputy Director, Office of International Commodities, (Energy, Resources, and Food Policy), Bureau of Economic and Business Affairs, Department of State [1992]",drucker-milton-k
"Duddy, Patrick D.","Cultural Affairs Officer, U.S. Embassy in San Jose [1989, 1990]; Public Affairs Officer, U.S. Embassy in Asuncion [1991, 1992]",South America country or capital in name authority entry,0,,,no,0,0,0,0,0,,,,,,,,"duddy patrick d; patrick d duddy; patrick duddy","Duddy, Patrick D., Cultural Affairs Officer, U.S. Embassy in San Jose [1989, 1990]; Public Affairs Officer, U.S. Embassy in Asuncion [1991, 1992]",duddy-patrick-d
"Dudley, James L.","Economic and Commercial Counselor, U.S. Embassy in Georgetown [1989-1991]; Southern Europe Division, Office of Analysis for Western Europe and Canada, Bureau of Intelligence and Research, Department of State [1991, 1992]",South America country or capital in name authority entry,0,,,no,0,0,0,0,0,,,,,,,,"dudley james l; james dudley; james l dudley","Dudley, James L., Economic and Commercial Counselor, U.S. Embassy in Georgetown [1989-1991]; Southern Europe Division, Office of Analysis for Western Europe and Canada, Bureau of Intelligence and Research, Department of State [1991, 1992]",dudley-james-l
"Dugan, J. Gordon","Economic and Commercial Counselor, U.S. Embassy in Port-au-Prince [1989, 1990]; Officer-in-charge of Industrial and Communications Programs, Office of Technical Specialized Agencies, Office of the Deputy Assistant Secretary for International Development and Technical Specialized Agency Affairs, Bureau of International Organization Affairs, Department of State [1990, 1991]; Asia, Africa, and Latin America Division, Office of Economic Analysis, Bureau of Intelligence and Research, Department of State [1992]",Senior regional-policy role,0,,,no,0,0,0,0,0,,,,,,,,"dugan j gordon; j dugan; j gordon dugan","Dugan, J. Gordon, Economic and Commercial Counselor, U.S. Embassy in Port-au-Prince [1989, 1990]; Officer-in-charge of Industrial and Communications Programs, Office of Technical Specialized Agencies, Office of the Deputy Assistant Secretary for International Development and Technical Specialized Agency Affairs, Bureau of International Organization Affairs, Department of State [1990, 1991]; Asia, Africa, and Latin America Division, Office of Economic Analysis, Bureau of Intelligence and Research, Department of State [1992]",dugan-j-gordon
"Dunn, Timothy J.","Political Counselor, U.S. Embassy in Buenos Aires [1992]",South America country or capital in name authority entry,0,,,no,0,0,0,0,0,,,,,,,,"dunn timothy j; timothy dunn; timothy j dunn","Dunn, Timothy J., Political Counselor, U.S. Embassy in Buenos Aires [1992]",dunn-timothy-j
"Duran Ballen, Sixto","President of Ecuador from August 10, 1992","South America country or capital in name authority entry; Name appears in site record metadata or OCR candidate text",0,,,yes,2,1,0,1,0,Ecuador,1992-07-28,1992-07-28,"1992-07-28 - Memcon - Meeting with Sixto Duran Ballen, PresidentElect of Ecuador, Julyu 28, 1992",,1992-07-28 - Statement by Press Secretary Fitzwater on the President's Meeting With President-Elect Sixto Duran-Ballen of Ecuador,,"duran ballen sixto; sixto duran ballen","Duran Ballen, Sixto, President of Ecuador from August 10, 1992",duran-ballen-sixto
"Dworkin, David M.","Special Assistant for Policy, Bureau of Inter-American Affairs, Department of State [1990, 1991]; acting Deputy Assistant Secretary of State for Legislative Affairs (House) and Legislative Management Officer, Office of Legislative Management, Bureau of Legislative Affairs, Department of State [1991, 1992]",Senior regional-policy role,0,,,no,0,0,0,0,0,,,,,,,,"david dworkin; david m dworkin; dworkin david m","Dworkin, David M., Special Assistant for Policy, Bureau of Inter-American Affairs, Department of State [1990, 1991]; acting Deputy Assistant Secretary of State for Legislative Affairs (House) and Legislative Management Officer, Office of Legislative Management, Bureau of Legislative Affairs, Department of State [1991, 1992]",dworkin-david-m
"Eagleburger, Lawrence Sidney","Secretary of State from December 8, 1992, until January 20, 1993; Acting Secretary of State from August 23, 1992, until December 8, 1992; Deputy Secretary of State from March 20, 1989, until December 8, 1992","Core U.S. principal for Bush 41 South America records; Name appears in site record metadata or OCR candidate text",0,,,yes,6,0,6,0,0,"Argentina; Guyana; Uruguay",,,,"June 19, 1989 - High - The President’s Meeting with President; June 19, 1989 - High - The President’s Meeting with President; June 19, 1989 - High - The President’s Meeting with President |; September 15, 1989 - High - Meeting with Uruguayan President Julio Maria; September 27, 1989 - High - Meeting with President Carlos Menem of; September 27, 1989 - High - Meeting with President Carlos Menem of",,,"eagleburger lawrence sidney; lawrence eagleburger; lawrence sidney eagleburger","Eagleburger, Lawrence Sidney, Secretary of State from December 8, 1992, until January 20, 1993; Acting Secretary of State from August 23, 1992, until December 8, 1992; Deputy Secretary of State from March 20, 1989, until December 8, 1992",eagleburger-lawrence-sidney
"Einaudi, Luigi R.","Director, Office of Policy Planning Coordination, Bureau of Inter-American Affairs, Department of State [1989]; U.S. Permanent Representative to the Organization of American States from November 6, 1989; also Director, Office of Policy Planning Coordination, Bureau of Inter-American Affairs, Department of State [1991]",Senior regional-policy role,0,,,no,0,0,0,0,0,,,,,,,,"einaudi luigi r; luigi einaudi; luigi r einaudi","Einaudi, Luigi R., Director, Office of Policy Planning Coordination, Bureau of Inter-American Affairs, Department of State [1989]; U.S. Permanent Representative to the Organization of American States from November 6, 1989; also Director, Office of Policy Planning Coordination, Bureau of Inter-American Affairs, Department of State [1991]",einaudi-luigi-r
"Eisner, Adolph H.","(Hal), Deputy Chief of Mission, Charge, U.S. Embassy in Quito [1989-1991]; Director, Office of Intelligence Liaison, Bureau for Intelligence and Research, Department of State [1992]",South America country or capital in name authority entry,0,,,no,0,0,0,0,0,,,,,,,,"adolph eisner; adolph h eisner; eisner adolph h","Eisner, Adolph H., (Hal), Deputy Chief of Mission, Charge, U.S. Embassy in Quito [1989-1991]; Director, Office of Intelligence Liaison, Bureau for Intelligence and Research, Department of State [1992]",eisner-adolph-h
"Ellam, Katherine T.","Political Counselor, U.S. Embassy in Paramaribo [1992]",South America country or capital in name authority entry,0,,,no,0,0,0,0,0,,,,,,,,"ellam katherine t; katherine ellam; katherine t ellam","Ellam, Katherine T., Political Counselor, U.S. Embassy in Paramaribo [1992]",ellam-katherine-t
"Embrey, Edgar L.","Political and Economic Counselor, U.S. Embassy in Malabo [1990-1992]; Political Counselor, U.S. Embassy in Georgetown [1992]",South America country or capital in name authority entry,0,,,no,0,0,0,0,0,,,,,,,,"edgar embrey; edgar l embrey; embrey edgar l","Embrey, Edgar L., Political and Economic Counselor, U.S. Embassy in Malabo [1990-1992]; Political Counselor, U.S. Embassy in Georgetown [1992]",embrey-edgar-l
"Errazuriz, Hernan Felipe",Chilean Foreign Minister,"South America country or capital in name authority entry; Name appears in site record metadata or OCR candidate text",0,,,yes,4,0,4,0,0,Chile,,,,"November 14, 1989 - High - Meeting with Chilean Foreign Minister; November 14, 1989 - High - Meeting with Chilean Foreign Minister; High - TALKING POINTS TO BE MADE WITH CHILBAN FOREIGN MINISTER HERNAN FELIPE ERRAZURIZ CORREA -- We have a keen interest that the upcoming elections in Chile; High - TALKING POINTS TO BE MADE WITH CHTLEAN FOREIGN MINISTER HERNAN FELIPE ERRAZURIZ CORREA We have a keen interest that the upcoming elections in Chile",,,"errazuriz hernan felipe; hernan errazuriz; hernan felipe errazuriz","Errazuriz, Hernan Felipe, Chilean Foreign Minister",errazuriz-hernan-felipe
"Evans, Charles W.","Labor Attache, U.S. Embassy in Montevideo [1989-1991]; Office of Arms Control Policy for Compliance and Implementation, Bureau of Politico-Military Affairs, Department of State [1992]",South America country or capital in name authority entry,0,,,no,0,0,0,0,0,,,,,,,,"charles evans; charles w evans; evans charles w","Evans, Charles W., Labor Attache, U.S. Embassy in Montevideo [1989-1991]; Office of Arms Control Policy for Compliance and Implementation, Bureau of Politico-Military Affairs, Department of State [1992]",evans-charles-w
"Ewing, Elizabeth A.","Consul, U.S. Embassy in Paramaribo [1989]; Commercial and Economic Counselor, U.S. Embassy in Paramaribo [1990]; Commercial Counselor and Labor Attache, U.S. Embassy in Colombo [1991, 1992]",South America country or capital in name authority entry,0,,,no,0,0,0,0,0,,,,,,,,"elizabeth a ewing; elizabeth ewing; ewing elizabeth a","Ewing, Elizabeth A., Consul, U.S. Embassy in Paramaribo [1989]; Commercial and Economic Counselor, U.S. Embassy in Paramaribo [1990]; Commercial Counselor and Labor Attache, U.S. Embassy in Colombo [1991, 1992]",ewing-elizabeth-a
"Falino, Louis P.","Public Affairs Officer, U.S. Embassy in Managua [1989, 1990]; Public Affairs Officer, U.S. Embassy in Bogota [1990-1992]",South America country or capital in name authority entry,0,,,no,0,0,0,0,0,,,,,,,,"falino louis p; louis falino; louis p falino","Falino, Louis P., Public Affairs Officer, U.S. Embassy in Managua [1989, 1990]; Public Affairs Officer, U.S. Embassy in Bogota [1990-1992]",falino-louis-p
"Farmer, Guy W.","Public Affairs Officer, U.S. Embassy in Caracas [1989, 1990]; Policy Officer, Press and Publications Service, Bureau of Policy and Programs, United States Information Agency [1992]; Public Affairs Officer, U.S. Embassy in Canberra [1992]",South America country or capital in name authority entry,0,,,no,0,0,0,0,0,,,,,,,,"farmer guy w; guy farmer; guy w farmer","Farmer, Guy W., Public Affairs Officer, U.S. Embassy in Caracas [1989, 1990]; Policy Officer, Press and Publications Service, Bureau of Policy and Programs, United States Information Agency [1992]; Public Affairs Officer, U.S. Embassy in Canberra [1992]",farmer-guy-w
"Farrar, Jonathan D.","Economic and Commercial Counselor, U.S. Embassy in Asuncion [1989-1992]",South America country or capital in name authority entry,0,,,no,0,0,0,0,0,,,,,,,,"farrar jonathan d; jonathan d farrar; jonathan farrar","Farrar, Jonathan D., Economic and Commercial Counselor, U.S. Embassy in Asuncion [1989-1992]",farrar-jonathan-d
"Featherstone, Robert J.","Labor Attache, U.S. Embassy in La Paz [1990-1992]; Office of Technical Specialized Agencies, Office of the Deputy Assistant Secretary for International Development and Technical Specialized Agency Affairs, Bureau of International Organization Affairs, Department of State [1992]",South America country or capital in name authority entry,0,,,no,0,0,0,0,0,,,,,,,,"featherstone robert j; robert featherstone; robert j featherstone","Featherstone, Robert J., Labor Attache, U.S. Embassy in La Paz [1990-1992]; Office of Technical Specialized Agencies, Office of the Deputy Assistant Secretary for International Development and Technical Specialized Agency Affairs, Bureau of International Organization Affairs, Department of State [1992]",featherstone-robert-j
"Felder, Robert C.","Political Counselor, U.S. Embassy in Buenos Aires [1989]; Deputy Chief of Mission, U.S. Embassy in Caracas [1991, 1992]",South America country or capital in name authority entry,0,,,no,0,0,0,0,0,,,,,,,,"felder robert c; robert c felder; robert felder","Felder, Robert C., Political Counselor, U.S. Embassy in Buenos Aires [1989]; Deputy Chief of Mission, U.S. Embassy in Caracas [1991, 1992]",felder-robert-c
"Fermoselle, Rafael","Commercial Counselor, U.S. Embassy in Buenos Aires [1989-1992]",South America country or capital in name authority entry,0,,,no,0,0,0,0,0,,,,,,,,"fermoselle rafael; rafael fermoselle","Fermoselle, Rafael, Commercial Counselor, U.S. Embassy in Buenos Aires [1989-1992]",fermoselle-rafael
"Ferrer, James, Jr.","Deputy Chief of Mission, U.S. Embassy in Brasilia [1989, 1990]",South America country or capital in name authority entry,0,,,no,0,0,0,0,0,,,,,,,,"ferrer james jr; james ferrer","Ferrer, James, Jr., Deputy Chief of Mission, U.S. Embassy in Brasilia [1989, 1990]",ferrer-james-jr
"Fichte, Royce J.","Director, Office of Field Support Liaison, Visa Services, Bureau of Consular Affairs, Department of State [1989]; Consul, U.S. Embassy in Lima [1992]",South America country or capital in name authority entry,0,,,no,0,0,0,0,0,,,,,,,,"fichte royce j; royce fichte; royce j fichte","Fichte, Royce J., Director, Office of Field Support Liaison, Visa Services, Bureau of Consular Affairs, Department of State [1989]; Consul, U.S. Embassy in Lima [1992]",fichte-royce-j
"Fitzpatrick, Thomas J.","Administrative Counselor, U.S. Embassy in Brasilia [1989]; Administrative Counselor, U.S. Embassy in Mexico City [1990, 1992]",South America country or capital in name authority entry,0,,,no,0,0,0,0,0,,,,,,,,"fitzpatrick thomas j; thomas fitzpatrick; thomas j fitzpatrick","Fitzpatrick, Thomas J., Administrative Counselor, U.S. Embassy in Brasilia [1989]; Administrative Counselor, U.S. Embassy in Mexico City [1990, 1992]",fitzpatrick-thomas-j
"Fitzwater, M. Marlin","Assistant to the President for Press Relations until January 23, 1989; thereafter Assistant to the President and Press Secretary","Core U.S. principal for Bush 41 South America records; Name appears in site record metadata or OCR candidate text",0,,,no,0,0,0,0,0,,,,,,,,"fitzwater m marlin; m fitzwater; m marlin fitzwater","Fitzwater, M. Marlin, Assistant to the President for Press Relations until January 23, 1989; thereafter Assistant to the President and Press Secretary",fitzwater-m-marlin
"Forbord, Thomas A.","Deputy Chief of Mission, U.S. Embassy in Buenos Aires [1989-1991]",South America country or capital in name authority entry,0,,,no,0,0,0,0,0,,,,,,,,"forbord thomas a; thomas a forbord; thomas forbord","Forbord, Thomas A., Deputy Chief of Mission, U.S. Embassy in Buenos Aires [1989-1991]",forbord-thomas-a
"Fujimori, Alberto K.","President of Peru from July 28, 1990","South America country or capital in name authority entry; Name appears in site record metadata or OCR candidate text",0,,,yes,4,3,0,1,0,Peru,1991-09-17,1992-04-20,"1991-09-17 - Memcon - Luncheon with Alberto Fujimori, President of Peru, September 17, 1991 (2 of 2); 1991-09-17 - Memcon - Meeting with Alberto Fujimori, President of Peru, September 17, 1991 (1 of 2); 1992-04-20 - Telcon - Telcon with Alberto Fujimori of Peru on April 20, 1992",,1991-09-17 - Remarks Following Discussions With President Alberto Fujimori of Peru,,"alberto fujimori; alberto k fujimori; fujimori alberto k","Fujimori, Alberto K., President of Peru from July 28, 1990",fujimori-alberto-k
"Fulton, Edgar D.","Commercial Counselor, U.S. Embassy in Warsaw [1989-1991]; Commercial Counselor, U.S. Embassy in Caracas [1992]",South America country or capital in name authority entry,0,,,no,0,0,0,0,0,,,,,,,,"edgar d fulton; edgar fulton; fulton edgar d","Fulton, Edgar D., Commercial Counselor, U.S. Embassy in Warsaw [1989-1991]; Commercial Counselor, U.S. Embassy in Caracas [1992]",fulton-edgar-d
"Furness, Brian R.","Economic Counselor, U.S. Embassy in Brasilia [1989]",South America country or capital in name authority entry,0,,,no,0,0,0,0,0,,,,,,,,"brian furness; brian r furness; furness brian r","Furness, Brian R., Economic Counselor, U.S. Embassy in Brasilia [1989]",furness-brian-r
"Gallucci, Gerald M.","Political Counselor, U.S. Embassy in Harare [1989, 1990]; Office of Southern African Affairs, Bureau of African Affairs, Department of State [1990, 1991]; Deputy Director, Office of Southern Cone Affairs, Bureau of Inter-American Affairs, Department of State [1992]",South America country or capital in name authority entry,0,,,no,0,0,0,0,0,,,,,,,,"gallucci gerald m; gerald gallucci; gerald m gallucci","Gallucci, Gerald M., Political Counselor, U.S. Embassy in Harare [1989, 1990]; Office of Southern African Affairs, Bureau of African Affairs, Department of State [1990, 1991]; Deputy Director, Office of Southern Cone Affairs, Bureau of Inter-American Affairs, Department of State [1992]",gallucci-gerald-m
"Garcia Perez, Alan","President of Peru until July 28, 1990","South America country or capital in name authority entry; Name appears in site record metadata or OCR candidate text",0,,,yes,1,0,1,0,0,"Peru; Venezuela",,,,"July 11, 1989 - Medium - Alerting NSCS on Presidential",,,"alan garcia perez; garcia perez alan","Garcia Perez, Alan, President of Peru until July 28, 1990",garcia-perez-alan
"Gates, Robert M.","Deputy Director of Central Intelligence until March 1989; Deputy Assistant to the President for National Security Affairs from March 1989 until August 3, 1989; Assistant to the President and Deputy for National Security Affairs from August 3, 1989, until August 1991; Director of Central Intelligence from August 1991","Core U.S. principal for Bush 41 South America records; Name appears in site record metadata or OCR candidate text",0,,,yes,42,0,41,1,0,"Argentina; Bolivia; Brazil; Chile; Colombia; Guyana; Uruguay",,,,"March 1, 1989 - High - Meeting with U.S. Ambassador to Bolivia, Robert; March 1, 1989 - High - Meeting with U.S. Ambassador to Bolivia, Robert; April 7, 1989 - Reference - Chilean Personages; April 27, 1989 - High - Two Requests for Meetings with the President; May 1, 1989 - High - © EPC Meeting, Tuesday, May 2, 2 P.M.,; 5/1/89 - Medium - To: Robert Gates From: Eric Melby; 5/4/89 - Medium - For the Record; May 30, 1989 - High - U.S. Ambassador to Argentina Requests Appointment; May 30, 1989 - High - U.S. Ambassador to Argentina Requests Appointment; June 9, 1989 - High - — Request by U.S. Ambassador to Chile Charles; June 15, 1989 - High - Presidential Response to a Letter on Panama from; June 15, 1989 - High - Presidential Response to a Letter on Panama from; June 15, 1989 - High - Reply to Letter from The Columbus Group Inc.; June 16, 1989 - High - Reply to Letter from G. Evan Bybee Expressing; June 16, 1989 - High - Reply to Letter from G. Evan Bybee Expressing; June 19, 1989 - High - The President’s Meeting with President; June 19, 1989 - High - The President’s Meeting with President; June 19, 1989 - High - The President’s Meeting with President |; June 23, 1989 - Medium - Additional Threats Against Chilean Fruit; June 23, 1989 - Medium - Additional Threats Against Chilean. Fruit",1991-07-16 - Statement by Press Secretary Fitzwater on the Senate Confirmation Hearings for Central Intelligence Agency Director Nominee Robert M. Gates,,"gates robert m; robert gates; robert m gates","Gates, Robert M., Deputy Director of Central Intelligence until March 1989; Deputy Assistant to the President for National Security Affairs from March 1989 until August 3, 1989; Assistant to the President and Deputy for National Security Affairs from August 3, 1989, until August 1991; Director of Central Intelligence from August 1991",gates-robert-m
"Gaviria Trujillo, Cesar","President of Colombia from August 7, 1990","South America country or capital in name authority entry; Name appears in site record metadata or OCR candidate text",0,,,yes,6,5,0,1,0,Colombia,1990-07-13,1991-06-20,"1990-07-13 - Memcon - Meeting with President-Elect Gaviria of Colombia, July 13, 1990; 1990-09-29 - Memcon - Memorandum of Conversation with President Cesar Gaviria Trujillo of Colombia, September 29, 1990; 1990-11-23 - Telcon - Telephone Conversation -with President Gaviria of Colombia, November 23, 1990; 1991-02-26 - Memcon - Meeting with President Cesar Gaviria of Colombia, February 26, 1991; 1991-06-20 - Telcon - Telcon with Cesar Gaviria Trujillo, President of Colombia, June 20, 1991",,1991-02-26 - Remarks Following Discussions With President Cesar Gaviria Trujillo of Colombia,,"cesar gaviria trujillo; gaviria trujillo cesar","Gaviria Trujillo, Cesar, President of Colombia from August 7, 1990",gaviria-trujillo-cesar
"Geis, Stephen, III","Political Counselor, U.S. Embassy in Asuncion [1992]",South America country or capital in name authority entry,0,,,no,0,0,0,0,0,,,,,,,,"geis stephen iii; stephen geis","Geis, Stephen, III, Political Counselor, U.S. Embassy in Asuncion [1992]",geis-stephen-iii
"Gelbard, Robert S.","U.S. Ambassador to Bolivia until July 20, 1991; Principal Deputy Assistant Secretary of State for Inter-American Affairs from 1991","South America country or capital in name authority entry; Senior regional-policy role; Name appears in site record metadata or OCR candidate text",0,,,yes,2,0,2,0,0,Bolivia,,,,"March 1, 1989 - High - Meeting with U.S. Ambassador to Bolivia, Robert; March 1, 1989 - High - Meeting with U.S. Ambassador to Bolivia, Robert",,,"gelbard robert s; robert gelbard; robert s gelbard","Gelbard, Robert S., U.S. Ambassador to Bolivia until July 20, 1991; Principal Deputy Assistant Secretary of State for Inter-American Affairs from 1991",gelbard-robert-s
"Gildred, Theodore E.","U.S. Ambassador to Argentina until May 31, 1989","South America country or capital in name authority entry; Name appears in site record metadata or OCR candidate text",0,,,yes,6,0,6,0,0,Argentina,,,,"June 6, 1989 - High - Request for Meeting between the President and; June 7, 1989 - High - Request for Meeting with you by Outgoing; June 7, 1989 - High - Request for Meeting with you by Outgoing; June 8, 1989 - High - Proposed Meeting Between the President and; June 8, 1989 - High - Proposed Meeting Between the President and; High - Request by Ambassador Gildred to Meer with",,,"gildred theodore e; theodore e gildred; theodore gildred","Gildred, Theodore E., U.S. Ambassador to Argentina until May 31, 1989",gildred-theodore-e
"Gillespie, Charles A., Jr.","U.S. Ambassador to Chile until December 10, 1991; Special Assistant to the President for National Security Affairs and Senior Director for Latin America and the Caribbean, National Security Council staff from August 6, 1992, until YY","South America country or capital in name authority entry; Senior regional-policy role; Name appears in site record metadata or OCR candidate text",0,,,yes,4,0,4,0,0,Chile,,,,"May 3, 1989 - High - Request by Ambassador Gillespie for Meeting With; May 3, 1989 - High - Request by Ambassador Gillespie for Meeting With; June 9, 1989 - High - — Request by U.S. Ambassador to Chile Charles; High - Request by U.S. Ambassador to Chile Charles",,,"charles a gillespie; charles gillespie; gillespie charles a jr","Gillespie, Charles A., Jr., U.S. Ambassador to Chile until December 10, 1991; Special Assistant to the President for National Security Affairs and Senior Director for Latin America and the Caribbean, National Security Council staff from August 6, 1992, until YY",gillespie-charles-a-jr
"Glassman, Jon D.","Charge d’Affaires, U.S. Embassy in Kabul until January 1, 1989; Deputy Assistant for National Security Affairs from 1989 until 1991; also Assistant to the Vice President from 1990 until 1991; U.S. Ambassador to Paraguay from August 8, 1991",South America country or capital in name authority entry,0,,,yes,1,0,0,1,0,Paraguay,,,,,1991-01-10 - Nomination of Jon D. Glassman To Be United States Ambassador to Paraguay,,"glassman jon d; jon d glassman; jon glassman","Glassman, Jon D., Charge d’Affaires, U.S. Embassy in Kabul until January 1, 1989; Deputy Assistant for National Security Affairs from 1989 until 1991; also Assistant to the Vice President from 1990 until 1991; U.S. Ambassador to Paraguay from August 8, 1991",glassman-jon-d
"Godard, Ronald D.","Political Counselor, U.S. Embassy in Santiago [1989, 1990]; Deputy Chief of Mission, U.S. Embassy in Managua [1991]; Charge d’Affaires ad interim, U.S. Embassy in Managua from March 1, 1992",South America country or capital in name authority entry,0,,,no,0,0,0,0,0,,,,,,,,"godard ronald d; ronald d godard; ronald godard","Godard, Ronald D., Political Counselor, U.S. Embassy in Santiago [1989, 1990]; Deputy Chief of Mission, U.S. Embassy in Managua [1991]; Charge d’Affaires ad interim, U.S. Embassy in Managua from March 1, 1992",godard-ronald-d
"Graham, Russell","Economic Counselor, U.S. Embassy in Lima [1989, 1990]",South America country or capital in name authority entry,0,,,no,0,0,0,0,0,,,,,,,,"graham russell; russell graham","Graham, Russell, Economic Counselor, U.S. Embassy in Lima [1989, 1990]",graham-russell
"Greenlee, David N.","Deputy Chief of Mission, U.S. Embassy in La Paz [1989]; Deputy Chief of Mission, U.S. Embassy in Santiago [1989-1992]",South America country or capital in name authority entry,0,,,no,0,0,0,0,0,,,,,,,,"david greenlee; david n greenlee; greenlee david n","Greenlee, David N., Deputy Chief of Mission, U.S. Embassy in La Paz [1989]; Deputy Chief of Mission, U.S. Embassy in Santiago [1989-1992]",greenlee-david-n
"Griffith, Wayne","Consul, U.S. Embassy in Managua [1989, 1990]; Consul, U.S. Embassy in Lima [1991]; Bureau of Consular Affairs, Department of State [1992]",South America country or capital in name authority entry,0,,,no,0,0,0,0,0,,,,,,,,"griffith wayne; wayne griffith","Griffith, Wayne, Consul, U.S. Embassy in Managua [1989, 1990]; Consul, U.S. Embassy in Lima [1991]; Bureau of Consular Affairs, Department of State [1992]",griffith-wayne
"Haass, Richard N.","Special Assistant to the President for National Security Affairs and Senior Director for Near East and South Asian Affairs, from March 13, 1989, until November 1992","Core U.S. principal for Bush 41 South America records; Name appears in site record metadata or OCR candidate text",0,,,yes,2,0,2,0,0,Brazil,,,,"Medium - Super 301 Actions; High - The President's Drug Certifications",,,"haass richard n; richard haass; richard n haass","Haass, Richard N., Special Assistant to the President for National Security Affairs and Senior Director for Near East and South Asian Affairs, from March 13, 1989, until November 1992",haass-richard-n
"Hamilton, Donald R. (Don)","Public Affairs Officer, U.S. Embassy in Lima [1990-1992]",South America country or capital in name authority entry,0,,,no,0,0,0,0,0,,,,,,,,"donald hamilton; donald r hamilton; hamilton donald r don","Hamilton, Donald R. (Don), Public Affairs Officer, U.S. Embassy in Lima [1990-1992]",hamilton-donald-r-don
"Hamilton, Donna J.","Consul, U.S. Embassy in Lima [1989]; Consul, U.S. Embassy in San Jose [1989-1992]; Deputy Executive Director, Bureau of Consular Affairs, Department of State [1992]",South America country or capital in name authority entry,0,,,no,0,0,0,0,0,,,,,,,,"donna hamilton; donna j hamilton; hamilton donna j","Hamilton, Donna J., Consul, U.S. Embassy in Lima [1989]; Consul, U.S. Embassy in San Jose [1989-1992]; Deputy Executive Director, Bureau of Consular Affairs, Department of State [1992]",hamilton-donna-j
"Hamilton, John R.","Political Counselor, U.S. Embassy in Lima [1989]; Political Counselor, U.S. Embassy in San Jose [1989-1992]; Director, Office of Central American Affairs, Bureau of Inter-American Affairs, Department of State [1992]",South America country or capital in name authority entry,0,,,no,0,0,0,0,0,,,,,,,,"hamilton john r; john hamilton; john r hamilton","Hamilton, John R., Political Counselor, U.S. Embassy in Lima [1989]; Political Counselor, U.S. Embassy in San Jose [1989-1992]; Director, Office of Central American Affairs, Bureau of Inter-American Affairs, Department of State [1992]",hamilton-john-r
"Hand, Michael J.","Commercial Counselor, U.S. Embassy in Lima [1989, 1990]; Commercial Counselor, U.S. Consulate at Sydney [1990-1992]",South America country or capital in name authority entry,0,,,no,0,0,0,0,0,,,,,,,,"hand michael j; michael hand; michael j hand","Hand, Michael J., Commercial Counselor, U.S. Embassy in Lima [1989, 1990]; Commercial Counselor, U.S. Consulate at Sydney [1990-1992]",hand-michael-j
"Hanks, Russell J.","Consul, U.S. Consulate at Ponta Delgada [1989-1991]; Political Counselor, U.S. Embassy in Georgetown [1991, 1992]",South America country or capital in name authority entry,0,,,no,0,0,0,0,0,,,,,,,,"hanks russell j; russell hanks; russell j hanks","Hanks, Russell J., Consul, U.S. Consulate at Ponta Delgada [1989-1991]; Political Counselor, U.S. Embassy in Georgetown [1991, 1992]",hanks-russell-j
"Hays, Dennis K.","Deputy Chief of Mission, U.S. Embassy in Georgetown [1989-1990]; Charge d’Affaires ad interim from July 1, 1990, until January 1, 1992; thereafter Deputy Chief of Mission",South America country or capital in name authority entry,0,,,no,0,0,0,0,0,,,,,,,,"dennis hays; dennis k hays; hays dennis k","Hays, Dennis K., Deputy Chief of Mission, U.S. Embassy in Georgetown [1989-1990]; Charge d’Affaires ad interim from July 1, 1990, until January 1, 1992; thereafter Deputy Chief of Mission",hays-dennis-k
"Heath, Michael G.","Economic and Commercial Counselor, U.S. Embassy in Georgetown [1992]",South America country or capital in name authority entry,0,,,no,0,0,0,0,0,,,,,,,,"heath michael g; michael g heath; michael heath","Heath, Michael G., Economic and Commercial Counselor, U.S. Embassy in Georgetown [1992]",heath-michael-g
"Hemingway, Barbara","Consul, U.S. Embassy in Kinshasa [1989, 1990]; Consul, U.S. Embassy in Buenos Aires [1992]",South America country or capital in name authority entry,0,,,no,0,0,0,0,0,,,,,,,,"barbara hemingway; hemingway barbara","Hemingway, Barbara, Consul, U.S. Embassy in Kinshasa [1989, 1990]; Consul, U.S. Embassy in Buenos Aires [1992]",hemingway-barbara
"Hengel, Douglas C.","Office of Southern Cone Affairs, Bureau of Inter-American Affairs, Department of State [1990-1991]; Economic Counselor, U.S. Embassy in Lima [1991, 1992]",South America country or capital in name authority entry,0,,,no,0,0,0,0,0,,,,,,,,"douglas c hengel; douglas hengel; hengel douglas c","Hengel, Douglas C., Office of Southern Cone Affairs, Bureau of Inter-American Affairs, Department of State [1990-1991]; Economic Counselor, U.S. Embassy in Lima [1991, 1992]",hengel-douglas-c
"Herbert, Kevin F.","Office of the Executive Director, Bureau of Consular Affairs, Department of State [1990]; Consul, U.S. Embassy in La Paz [1992]",South America country or capital in name authority entry,0,,,no,0,0,0,0,0,,,,,,,,"herbert kevin f; kevin f herbert; kevin herbert","Herbert, Kevin F., Office of the Executive Director, Bureau of Consular Affairs, Department of State [1990]; Consul, U.S. Embassy in La Paz [1992]",herbert-kevin-f
"Hills, Carla Anderson","United States Trade Representative from February 6, 1989, until January 20, 1993",Core U.S. principal for Bush 41 South America records,0,,,yes,1,0,0,1,0,"Argentina; Brazil; Chile; Colombia; Ecuador; Paraguay; Peru; Uruguay; Venezuela",,,,,1991-06-27 - Remarks Commemorating the First Anniversary of the Enterprise for the Americas Initiative and an Exchange With Reporters,,"carla anderson hills; carla hills; hills carla anderson","Hills, Carla Anderson, United States Trade Representative from February 6, 1989, until January 20, 1993",hills-carla-anderson
"Hittle, L. Bradley","Deputy Principal Officer, U.S. Interests Section in Havana [1989-1991]; Deputy Director, Office of Andean Affairs, Bureau of Inter-American Affairs, Department of State [1992]",South America country or capital in name authority entry,0,,,no,0,0,0,0,0,,,,,,,,"hittle l bradley; l bradley hittle; l hittle","Hittle, L. Bradley, Deputy Principal Officer, U.S. Interests Section in Havana [1989-1991]; Deputy Director, Office of Andean Affairs, Bureau of Inter-American Affairs, Department of State [1992]",hittle-l-bradley
"Hobbs, David L.","Consul, U.S. Embassy in Bogota [1989]; Political Counselor, U.S. Embassy in Bogota [1990, 1991]; Deputy Chief of Mission, U.S. Embassy in Bogota [1991, 1992]; Deputy Assistant Secretary for Overseas Citizens Services, Bureau of Consular Affairs, Department of State [1992]",South America country or capital in name authority entry,0,,,no,0,0,0,0,0,,,,,,,,"david hobbs; david l hobbs; hobbs david l","Hobbs, David L., Consul, U.S. Embassy in Bogota [1989]; Political Counselor, U.S. Embassy in Bogota [1990, 1991]; Deputy Chief of Mission, U.S. Embassy in Bogota [1991, 1992]; Deputy Assistant Secretary for Overseas Citizens Services, Bureau of Consular Affairs, Department of State [1992]",hobbs-david-l
"Holladay, Thomas L.","Consul, U.S. Embassy in Buenos Aires [1989-1991]; Consul, U.S. Embassy in Caracas [1991, 1992]",South America country or capital in name authority entry,0,,,no,0,0,0,0,0,,,,,,,,"holladay thomas l; thomas holladay; thomas l holladay","Holladay, Thomas L., Consul, U.S. Embassy in Buenos Aires [1989-1991]; Consul, U.S. Embassy in Caracas [1991, 1992]",holladay-thomas-l
"Holwill, Richard N.","U.S. Ambassador to Ecuador until November 25, 1989","South America country or capital in name authority entry; Name appears in site record metadata or OCR candidate text",0,,,yes,1,0,1,0,0,Ecuador,,,,"June 15, 1989 - High - Response to Letter from Representative Newt",,,"holwill richard n; richard holwill; richard n holwill","Holwill, Richard N., U.S. Ambassador to Ecuador until November 25, 1989",holwill-richard-n
"Hope, John E.","Economic and Commercial Counselor, U.S. Embassy in Montevideo [1989-1991]; Deputy Chief of Mission, U.S. Embassy in Paramaribo [1991, 1992]",South America country or capital in name authority entry,0,,,no,0,0,0,0,0,,,,,,,,"hope john e; john e hope; john hope","Hope, John E., Economic and Commercial Counselor, U.S. Embassy in Montevideo [1989-1991]; Deputy Chief of Mission, U.S. Embassy in Paramaribo [1991, 1992]",hope-john-e
"Hopkins, Lance","Political and Military Counselor, U.S. Embassy in Paramaribo [1989-1991]",South America country or capital in name authority entry,0,,,no,0,0,0,0,0,,,,,,,,"hopkins lance; lance hopkins","Hopkins, Lance, Political and Military Counselor, U.S. Embassy in Paramaribo [1989-1991]",hopkins-lance
"Hopper, Robert F.","Deputy Director, Office of Southern Cone Affairs, Bureau of Inter-American Affairs, Department of State [1989]; Legislative Assistant, Office of the Under Secretary of State for Management [1990-1992]",South America country or capital in name authority entry,0,,,no,0,0,0,0,0,,,,,,,,"hopper robert f; robert f hopper; robert hopper","Hopper, Robert F., Deputy Director, Office of Southern Cone Affairs, Bureau of Inter-American Affairs, Department of State [1989]; Legislative Assistant, Office of the Under Secretary of State for Management [1990-1992]",hopper-robert-f
"Howard, Carl","Deputy Director, Office of American Republics Affairs, United States Information Agency (1989, 1990); Public Affairs Officer, U.S. Embassy in Brasilia [1992]",South America country or capital in name authority entry,0,,,no,0,0,0,0,0,,,,,,,,"carl howard; howard carl","Howard, Carl, Deputy Director, Office of American Republics Affairs, United States Information Agency (1989, 1990); Public Affairs Officer, U.S. Embassy in Brasilia [1992]",howard-carl
"Howard, Clyde I., Jr.","Political Counselor, U.S. Embassy in Paramaribo [1989]; Visa Services, Bureau of Consular Affairs, Department of State [1990]; Consul, U.S. Consulate at Barcelona [1991, 1992]",South America country or capital in name authority entry,0,,,no,0,0,0,0,0,,,,,,,,"clyde howard; clyde i howard; howard clyde i jr","Howard, Clyde I., Jr., Political Counselor, U.S. Embassy in Paramaribo [1989]; Visa Services, Bureau of Consular Affairs, Department of State [1990]; Consul, U.S. Consulate at Barcelona [1991, 1992]",howard-clyde-i-jr
"Howard, Richard B.","Director, Office of Southern Cone Affairs, Bureau of Inter-American Affairs, Department of State [1989]; Director, Office of Mexican Affairs, Bureau of Inter-American Affairs, Department of State [1990-1992]",South America country or capital in name authority entry,0,,,no,0,0,0,0,0,,,,,,,,"howard richard b; richard b howard; richard howard","Howard, Richard B., Director, Office of Southern Cone Affairs, Bureau of Inter-American Affairs, Department of State [1989]; Director, Office of Mexican Affairs, Bureau of Inter-American Affairs, Department of State [1990-1992]",howard-richard-b
"Howland, Richard C.","U.S. Ambassador to Suriname until May 16, 1990; Office of Inspections, Office of the Inspector General, Department of State [1990-1992]",South America country or capital in name authority entry,0,,,no,0,0,0,0,0,,,,,,,,"howland richard c; richard c howland; richard howland","Howland, Richard C., U.S. Ambassador to Suriname until May 16, 1990; Office of Inspections, Office of the Inspector General, Department of State [1990-1992]",howland-richard-c
"Hoyte, H. Desmond",President of Guyana,"South America country or capital in name authority entry; Name appears in site record metadata or OCR candidate text",0,,,no,0,0,0,0,0,,,,,,,,"h desmond hoyte; h hoyte; hoyte h desmond","Hoyte, H. Desmond, President of Guyana",hoyte-h-desmond
"Hrinak, Donna J.","Political Counselor, U.S. Embassy in Caracas [1989]; Deputy Chief of Mission, U.S. Embassy in Tegucigalpa [1990, 1991]; Deputy Assistant Secretary of State for Caribbean and Mexican Affairs, Bureau of Inter-American Affairs, Department of State [1992]","South America country or capital in name authority entry; Senior regional-policy role",0,,,no,0,0,0,0,0,,,,,,,,"donna hrinak; donna j hrinak; hrinak donna j","Hrinak, Donna J., Political Counselor, U.S. Embassy in Caracas [1989]; Deputy Chief of Mission, U.S. Embassy in Tegucigalpa [1990, 1991]; Deputy Assistant Secretary of State for Caribbean and Mexican Affairs, Bureau of Inter-American Affairs, Department of State [1992]",hrinak-donna-j
"Hudson, Clarence A., Jr.","Consul, U.S. Embassy in Asuncion [1989-1992]",South America country or capital in name authority entry,0,,,no,0,0,0,0,0,,,,,,,,"clarence a hudson; clarence hudson; hudson clarence a jr","Hudson, Clarence A., Jr., Consul, U.S. Embassy in Asuncion [1989-1992]",hudson-clarence-a-jr
"Huff, James","Labor Attache, U.S. Embassy in Quito [1989]; Deputy Director, Office of Mexican Affairs, Bureau of Inter-American Affairs, Department of State [1990, 1991]; Director, Political Training, School of Professional Studies, Foreign Service Institute, Department of State [1992]",South America country or capital in name authority entry,0,,,no,0,0,0,0,0,,,,,,,,"huff james; james huff","Huff, James, Labor Attache, U.S. Embassy in Quito [1989]; Deputy Director, Office of Mexican Affairs, Bureau of Inter-American Affairs, Department of State [1990, 1991]; Director, Political Training, School of Professional Studies, Foreign Service Institute, Department of State [1992]",huff-james
"Jalane-Pribyl, Dar","Commercial Counselor, U.S. Embassy in Brasilia [1991, 1992]",South America country or capital in name authority entry,0,,,no,0,0,0,0,0,,,,,,,,"dar jalane pribyl; jalane pribyl dar","Jalane-Pribyl, Dar, Commercial Counselor, U.S. Embassy in Brasilia [1991, 1992]",jalane-pribyl-dar
"Jenista, Frank L.","Public Affairs Officer, U.S. Embassy in Montevideo [1990- 1992]",South America country or capital in name authority entry,0,,,no,0,0,0,0,0,,,,,,,,"frank jenista; frank l jenista; jenista frank l","Jenista, Frank L., Public Affairs Officer, U.S. Embassy in Montevideo [1990- 1992]",jenista-frank-l
"Johnson, Cynthia F.","Retirement Division, Office of Employee Relations, Bureau of Personnel, Department of State [1991, 1992]; Public Affairs Officer, U.S. Embassy in Montevideo [1992]",South America country or capital in name authority entry,0,,,no,0,0,0,0,0,,,,,,,,"cynthia f johnson; cynthia johnson; johnson cynthia f","Johnson, Cynthia F., Retirement Division, Office of Employee Relations, Bureau of Personnel, Department of State [1991, 1992]; Public Affairs Officer, U.S. Embassy in Montevideo [1992]",johnson-cynthia-f
"Johnson, Daniel A.","Administrative Counselor, U.S. Embassy in Santiago [1989, 1990]; Administrative Counselor, U.S. Embassy in La Paz [1991, 1992]",South America country or capital in name authority entry,0,,,no,0,0,0,0,0,,,,,,,,"daniel a johnson; daniel johnson; johnson daniel a","Johnson, Daniel A., Administrative Counselor, U.S. Embassy in Santiago [1989, 1990]; Administrative Counselor, U.S. Embassy in La Paz [1991, 1992]",johnson-daniel-a
"Johnson, Donald C.","Political Counselor, U.S. Embassy in Tegucigalpa [1989, 1990]; Director for Latin American Affairs, National Security Council staff (1990)",Senior regional-policy role,0,,,no,0,0,0,0,0,,,,,,,,"donald c johnson; donald johnson; johnson donald c","Johnson, Donald C., Political Counselor, U.S. Embassy in Tegucigalpa [1989, 1990]; Director for Latin American Affairs, National Security Council staff (1990)",johnson-donald-c
"Johnson, Sandor","Administrative Counselor, U.S. Embassy in Buenos Aires [1989, 1990]",South America country or capital in name authority entry,0,,,no,0,0,0,0,0,,,,,,,,"johnson sandor; sandor johnson","Johnson, Sandor, Administrative Counselor, U.S. Embassy in Buenos Aires [1989, 1990]",johnson-sandor
"Jones, George F.","Deputy Chief of Mission, U.S. Embassy in Santiago [1989]; Vice President for State Department Affairs, American Foreign Service Association; U.S. Ambassador to Guyana from January 21, 1992",South America country or capital in name authority entry,0,,,no,0,0,0,0,0,,,,,,,,"george f jones; george jones; jones george f","Jones, George F., Deputy Chief of Mission, U.S. Embassy in Santiago [1989]; Vice President for State Department Affairs, American Foreign Service Association; U.S. Ambassador to Guyana from January 21, 1992",jones-george-f
"Jones, Gordon","Economic Counselor, U.S. Embassy in Quito [1989]; Economic Counselor, U.S. Embassy in Brasilia [1990, 1991]",South America country or capital in name authority entry,0,,,no,0,0,0,0,0,,,,,,,,"gordon jones; jones gordon","Jones, Gordon, Economic Counselor, U.S. Embassy in Quito [1989]; Economic Counselor, U.S. Embassy in Brasilia [1990, 1991]",jones-gordon
"Jones, M. Gordon","Economic Counselor, U.S. Embassy in Brasilia [1989-1992]",South America country or capital in name authority entry,0,,,no,0,0,0,0,0,,,,,,,,"jones m gordon; m gordon jones; m jones","Jones, M. Gordon, Economic Counselor, U.S. Embassy in Brasilia [1989-1992]",jones-m-gordon
"Jordan, Robert F.","Public Affairs Officer, U.S. Embassy in Manila [1989, 1990]; Public Affairs Officer, U.S. Embassy in Brasilia [1990-1992]",South America country or capital in name authority entry,0,,,no,0,0,0,0,0,,,,,,,,"jordan robert f; robert f jordan; robert jordan","Jordan, Robert F., Public Affairs Officer, U.S. Embassy in Manila [1989, 1990]; Public Affairs Officer, U.S. Embassy in Brasilia [1990-1992]",jordan-robert-f
"Jurecky, John P.","Deputy Chief of Mission, U.S. Embassy in Montevideo [1989-1991]; Consul General, U.S. Consulate at Guadalajara [1991, 1992]",South America country or capital in name authority entry,0,,,no,0,0,0,0,0,,,,,,,,"john jurecky; john p jurecky; jurecky john p","Jurecky, John P., Deputy Chief of Mission, U.S. Embassy in Montevideo [1989-1991]; Consul General, U.S. Consulate at Guadalajara [1991, 1992]",jurecky-john-p
"Justesen, Benjamin R., II","Administrative Counselor, U.S. Embassy in Paramaribo [1989]; Administrative Counselor, U.S. Embassy in Riga [1992]",South America country or capital in name authority entry,0,,,no,0,0,0,0,0,,,,,,,,"benjamin justesen; benjamin r justesen; justesen benjamin r ii","Justesen, Benjamin R., II, Administrative Counselor, U.S. Embassy in Paramaribo [1989]; Administrative Counselor, U.S. Embassy in Riga [1992]",justesen-benjamin-r-ii
"Kamman, Curtis W.","Deputy Assistant Secretary of State for Intelligence and Research until 1989; Deputy Assistant Secretary of State for European and Canadian Affairs from 1989 until 1991; U.S. Ambassador to Chile from January 14, 1992",South America country or capital in name authority entry,0,,,no,0,0,0,0,0,,,,,,,,"curtis kamman; curtis w kamman; kamman curtis w","Kamman, Curtis W., Deputy Assistant Secretary of State for Intelligence and Research until 1989; Deputy Assistant Secretary of State for European and Canadian Affairs from 1989 until 1991; U.S. Ambassador to Chile from January 14, 1992",kamman-curtis-w
"Kanter, Arnold L.","senior staff member, RAND corp.; Special Assistant to the President for National Security Affairs and Senior Director for Defense Policy and Arms Control, National Security Council staff, from June 5, 1989, until August 2, 1991; Under Secretary of State for Political Affairs from October 4, 1991, until January 20, 1993","Core U.S. principal for Bush 41 South America records; Name appears in site record metadata or OCR candidate text",0,,,yes,1,0,1,0,0,,,,,"April 7, 1989 - Medium - Presidential Message to OPANAL General Conference",,,"arnold kanter; arnold l kanter; kanter arnold l","Kanter, Arnold L., senior staff member, RAND corp.; Special Assistant to the President for National Security Affairs and Senior Director for Defense Policy and Arms Control, National Security Council staff, from June 5, 1989, until August 2, 1991; Under Secretary of State for Political Affairs from October 4, 1991, until January 20, 1993",kanter-arnold-l
"Kaplan, Matthew B.","Consul, U.S. Consulate at Maracaibo [1989]; Office of Andean Affairs, Bureau of Inter-American Affairs, Department of State [1992]",South America country or capital in name authority entry,0,,,no,0,0,0,0,0,,,,,,,,"kaplan matthew b; matthew b kaplan; matthew kaplan","Kaplan, Matthew B., Consul, U.S. Consulate at Maracaibo [1989]; Office of Andean Affairs, Bureau of Inter-American Affairs, Department of State [1992]",kaplan-matthew-b
"Keane, John F.","Political Counselor, U.S. Embassy in Brasilia [1989-1991]; Deputy Chief of Mission, U.S. Embassy in Guatemala City [1992]",South America country or capital in name authority entry,0,,,no,0,0,0,0,0,,,,,,,,"john f keane; john keane; keane john f","Keane, John F., Political Counselor, U.S. Embassy in Brasilia [1989-1991]; Deputy Chief of Mission, U.S. Embassy in Guatemala City [1992]",keane-john-f
"Kerr, Laurence M.","Overseas Citizens Services, Bureau of Consular Affairs, Department of State [1990]; Consul, U.S. Embassy in Santiago [1990-1992]",South America country or capital in name authority entry,0,,,no,0,0,0,0,0,,,,,,,,"kerr laurence m; laurence kerr; laurence m kerr","Kerr, Laurence M., Overseas Citizens Services, Bureau of Consular Affairs, Department of State [1990]; Consul, U.S. Embassy in Santiago [1990-1992]",kerr-laurence-m
"Kimmitt, Robert M.","lawyer, Sidley & Austin; Under Secretary of State for Political Affairs from March 2, 1989, until August 23, 1991; U.S. Ambassador to Germany from September 5, 1991","Core U.S. principal for Bush 41 South America records; Name appears in site record metadata or OCR candidate text",0,,,yes,1,0,1,0,0,Colombia,,,,04/11/89 - Reference - From Michael Kozak & Elizabeth Verville to Robert Kimmitt,,,"kimmitt robert m; robert kimmitt; robert m kimmitt","Kimmitt, Robert M., lawyer, Sidley & Austin; Under Secretary of State for Political Affairs from March 2, 1989, until August 23, 1991; U.S. Ambassador to Germany from September 5, 1991",kimmitt-robert-m
"King, Russell R.","Administrative Counselor, U.S. Embassy in La Paz [1989, 1990]; Administrative Counselor, U.S. Embassy in San Salvador [1991, 1992]",South America country or capital in name authority entry,0,,,no,0,0,0,0,0,,,,,,,,"king russell r; russell king; russell r king","King, Russell R., Administrative Counselor, U.S. Embassy in La Paz [1989, 1990]; Administrative Counselor, U.S. Embassy in San Salvador [1991, 1992]",king-russell-r
"Knight, Donald R.","Labor Attache, U.S. Embassy in Buenos Aires [1989-1991]; Labor Attache, U.S. Embassy in Guatemala City [1991, 1992]",South America country or capital in name authority entry,0,,,no,0,0,0,0,0,,,,,,,,"donald knight; donald r knight; knight donald r","Knight, Donald R., Labor Attache, U.S. Embassy in Buenos Aires [1989-1991]; Labor Attache, U.S. Embassy in Guatemala City [1991, 1992]",knight-donald-r
"Kozak, Michael G.",Principal Deputy Assistant Secretary of State for Inter-American Affairs [1989-1991],"Senior regional-policy role; Name appears in site record metadata or OCR candidate text",0,,,yes,4,0,4,0,0,"Argentina; Colombia; Venezuela",,,,"March 2, 1989 - High - Meeting with President Vinicio Cerezo of Guatemala; 04/11/89 - Reference - From Michael Kozak & Elizabeth Verville to Robert Kimmitt; 5/4/89 - Medium - To: PCC Participants From: Michael Kozak; Medium - To: PCC Participants From: Michael Kozak 5/4189",,,"kozak michael g; michael g kozak; michael kozak","Kozak, Michael G., Principal Deputy Assistant Secretary of State for Inter-American Affairs [1989-1991]",kozak-michael-g
"Krueger, Karen E.","Office of Andean Affairs, Bureau of Inter-American Affairs, Department of State [1990, 1991]; Deputy Director, Office of Multilateral Affairs, Bureau of Human Rights and Humanitarian Affairs, Department of State [1992]",South America country or capital in name authority entry,0,,,no,0,0,0,0,0,,,,,,,,"karen e krueger; karen krueger; krueger karen e","Krueger, Karen E., Office of Andean Affairs, Bureau of Inter-American Affairs, Department of State [1990, 1991]; Deputy Director, Office of Multilateral Affairs, Bureau of Human Rights and Humanitarian Affairs, Department of State [1992]",krueger-karen-e
"Lacalle de Herrera, Luis Alberto","President of Uruguay from March 1, 1990","South America country or capital in name authority entry; Name appears in site record metadata or OCR candidate text",0,,,no,0,0,0,0,0,,,,,,,,"lacalle de herrera luis alberto; luis alberto lacalle de herrera; luis lacalle de herrera","Lacalle de Herrera, Luis Alberto, President of Uruguay from March 1, 1990",lacalle-de-herrera-luis-alberto
"Lagana, Gregory","Public Affairs Officer, U.S. Embassy in Quito [1989-1992]",South America country or capital in name authority entry,0,,,no,0,0,0,0,0,,,,,,,,"gregory lagana; lagana gregory","Lagana, Gregory, Public Affairs Officer, U.S. Embassy in Quito [1989-1992]",lagana-gregory
"Lambert, Paul C.","lawyer, Breed, Abbot, and Morgan; U.S. Ambassador to Ecuador from July 2, 1990, until February 1, 1992",South America country or capital in name authority entry,0,,,no,0,0,0,0,0,,,,,,,,"lambert paul c; paul c lambert; paul lambert","Lambert, Paul C., lawyer, Breed, Abbot, and Morgan; U.S. Ambassador to Ecuador from July 2, 1990, until February 1, 1992",lambert-paul-c
"Lane, Howard A.","Public Affairs Officer, U.S. Embassy in Bogota [1989, 1990]",South America country or capital in name authority entry,0,,,no,0,0,0,0,0,,,,,,,,"howard a lane; howard lane; lane howard a","Lane, Howard A., Public Affairs Officer, U.S. Embassy in Bogota [1989, 1990]",lane-howard-a
"Langan, Douglas","Deputy Chief of Mission, U.S. Embassy in Lima [1989, 1990]; Executive Director, Bureau of European and Canadian Affairs, Department of State [1990-1992]",South America country or capital in name authority entry,0,,,no,0,0,0,0,0,,,,,,,,"douglas langan; langan douglas","Langan, Douglas, Deputy Chief of Mission, U.S. Embassy in Lima [1989, 1990]; Executive Director, Bureau of European and Canadian Affairs, Department of State [1990-1992]",langan-douglas
"Larson, Paul","Economic and Commercial Counselor, U.S. Embassy in Montevideo [1991, 1992]; Chief, Special Trade Activities Division, Office of Multilateral Trade Affairs, (Trade and Commercial Affairs), Bureau of Economic and Business Affairs, Department of State [1992]",South America country or capital in name authority entry,0,,,no,0,0,0,0,0,,,,,,,,"larson paul; paul larson","Larson, Paul, Economic and Commercial Counselor, U.S. Embassy in Montevideo [1991, 1992]; Chief, Special Trade Activities Division, Office of Multilateral Trade Affairs, (Trade and Commercial Affairs), Bureau of Economic and Business Affairs, Department of State [1992]",larson-paul
"Lenahan, Richard M.","Commercial Counselor, U.S. Embassy in Lima [1990-1992]; Commercial Counselor, U.S. Embassy in Bogota [1992]",South America country or capital in name authority entry,0,,,no,0,0,0,0,0,,,,,,,,"lenahan richard m; richard lenahan; richard m lenahan","Lenahan, Richard M., Commercial Counselor, U.S. Embassy in Lima [1990-1992]; Commercial Counselor, U.S. Embassy in Bogota [1992]",lenahan-richard-m
"Leonard, John P.","Charge d’Affaires ad Interim, U.S. Embassy in Managua from July 1, 1988, until June 1, 1990; U.S. Ambassador to Suriname from March 11, 1991",South America country or capital in name authority entry,0,,,yes,1,0,0,1,0,Suriname,,,,,1990-09-20 - Nomination of John P. Leonard To Be United States Ambassador to Suriname,,"john leonard; john p leonard; leonard john p","Leonard, John P., Charge d’Affaires ad Interim, U.S. Embassy in Managua from July 1, 1988, until June 1, 1990; U.S. Ambassador to Suriname from March 11, 1991",leonard-john-p
"Likins, Rose M.","Political Counselor, U.S. Embassy in Asuncion [1989-1991]; Special Assistant, Office of the Deputy Secretary of State [1992]",South America country or capital in name authority entry,0,,,no,0,0,0,0,0,,,,,,,,"likins rose m; rose likins; rose m likins","Likins, Rose M., Political Counselor, U.S. Embassy in Asuncion [1989-1991]; Special Assistant, Office of the Deputy Secretary of State [1992]",likins-rose-m
"Linville, D. Thomas","Administrative Counselor, U.S. Consulate at Hong Kong [1989]; Administrative Counselor, U.S. Embassy in Lima [1990]",South America country or capital in name authority entry,0,,,no,0,0,0,0,0,,,,,,,,"d linville; d thomas linville; linville d thomas","Linville, D. Thomas, Administrative Counselor, U.S. Consulate at Hong Kong [1989]; Administrative Counselor, U.S. Embassy in Lima [1990]",linville-d-thomas
"Llorens, Hugo L.","Economic and Commercial Counselor, U.S. Embassy in Asuncion [1989]; Economic Counselor, U.S. Embassy in Tegucigalpa [1992]",South America country or capital in name authority entry,0,,,no,0,0,0,0,0,,,,,,,,"hugo l llorens; hugo llorens; llorens hugo l","Llorens, Hugo L., Economic and Commercial Counselor, U.S. Embassy in Asuncion [1989]; Economic Counselor, U.S. Embassy in Tegucigalpa [1992]",llorens-hugo-l
"Loftstrom, William L.","Office of Policy Planning Coordination, Bureau of Inter-American Affairs, Department of State [1990-1991]; Labor Attache, U.S. Embassy in Buenos Aires [1991, 1992]",South America country or capital in name authority entry,0,,,no,0,0,0,0,0,,,,,,,,"loftstrom william l; william l loftstrom; william loftstrom","Loftstrom, William L., Office of Policy Planning Coordination, Bureau of Inter-American Affairs, Department of State [1990-1991]; Labor Attache, U.S. Embassy in Buenos Aires [1991, 1992]",loftstrom-william-l
"Lore, Mark","Deputy Director, Office of Brazilian Affairs, Bureau of Inter-American Affairs, Department of State [1989]; Director, Office of Brazilian Affairs, Bureau of Inter-American Affairs, Department of State [1990, 1991]; Deputy Chief of Mission, U.S. Embassy in Brasilia [1992]","South America country or capital in name authority entry; Name appears in site record metadata or OCR candidate text",0,,,yes,1,0,1,0,0,Brazil,,,,"February 6, 1989 - Reference - To: THE SITUATION ROOM; From: CLARKE M. BRINTNALL",,,"lore mark; mark lore","Lore, Mark, Deputy Director, Office of Brazilian Affairs, Bureau of Inter-American Affairs, Department of State [1989]; Director, Office of Brazilian Affairs, Bureau of Inter-American Affairs, Department of State [1990, 1991]; Deputy Chief of Mission, U.S. Embassy in Brasilia [1992]",lore-mark
"Loveridge, Charles","Public Affairs Officer, U.S. Embassy in Lima [1989, 1990]",South America country or capital in name authority entry,0,,,no,0,0,0,0,0,,,,,,,,"charles loveridge; loveridge charles","Loveridge, Charles, Public Affairs Officer, U.S. Embassy in Lima [1989, 1990]",loveridge-charles
"Lowe, George M., Jr.","Administrative Counselor, U.S. Embassy in Lima [1989]; Administrative Counselor, U.S. Embassy in Bogota [1990-1992]",South America country or capital in name authority entry,0,,,no,0,0,0,0,0,,,,,,,,"george lowe; george m lowe; lowe george m jr","Lowe, George M., Jr., Administrative Counselor, U.S. Embassy in Lima [1989]; Administrative Counselor, U.S. Embassy in Bogota [1990-1992]",lowe-george-m-jr
"Lundberg, Eric K.","Consul, U.S. Embassy in Paramaribo [1991, 1992]",South America country or capital in name authority entry,0,,,no,0,0,0,0,0,,,,,,,,"eric k lundberg; eric lundberg; lundberg eric k","Lundberg, Eric K., Consul, U.S. Embassy in Paramaribo [1991, 1992]",lundberg-eric-k
"Mack, James F.","Deputy Chief of Mission, U.S. Embassy in Asuncion [1989]; Director, Office of Andean Affairs, Bureau of Inter-American Affairs, Department of State [1990, 1991]; Deputy Chief of Mission, U.S. Embassy in Quito [1991]; Charge d’Affaires ad interim, U.S. Embassy in Quito from February 1, 1992",South America country or capital in name authority entry,0,,,no,0,0,0,0,0,,,,,,,,"james f mack; james mack; mack james f","Mack, James F., Deputy Chief of Mission, U.S. Embassy in Asuncion [1989]; Director, Office of Andean Affairs, Bureau of Inter-American Affairs, Department of State [1990, 1991]; Deputy Chief of Mission, U.S. Embassy in Quito [1991]; Charge d’Affaires ad interim, U.S. Embassy in Quito from February 1, 1992",mack-james-f
"Malpass, David R.","Deputy Assistant Secretary for Economic Affairs, Bureau of Inter-American Affairs, Department of State [1990-1992]",Senior regional-policy role,0,,,no,0,0,0,0,0,,,,,,,,"david malpass; david r malpass; malpass david r","Malpass, David R., Deputy Assistant Secretary for Economic Affairs, Bureau of Inter-American Affairs, Department of State [1990-1992]",malpass-david-r
"Marcus, Randolph","Office of the Coordinator for Counter-Terrorism, Department of State [1991]; Office of Andean Affairs, Bureau of Inter-American Affairs, Department of State [1992]",South America country or capital in name authority entry,0,,,no,0,0,0,0,0,,,,,,,,"marcus randolph; randolph marcus","Marcus, Randolph, Office of the Coordinator for Counter-Terrorism, Department of State [1991]; Office of Andean Affairs, Bureau of Inter-American Affairs, Department of State [1992]",marcus-randolph
"Martinez, Carmen Maria","Consul, U.S. Embassy in Quito [1989-1992]; Principal Officer, U.S. Consulate at Barranquilla [1992]",South America country or capital in name authority entry,0,,,no,0,0,0,0,0,,,,,,,,"carmen maria martinez; carmen martinez; martinez carmen maria","Martinez, Carmen Maria, Consul, U.S. Embassy in Quito [1989-1992]; Principal Officer, U.S. Consulate at Barranquilla [1992]",martinez-carmen-maria
"Martinez, Elizabeth L.","Office of Brazilian Affairs, Bureau of Inter-American Affairs, Department of State [1991]; Office of Australia and New Zealand Affairs, Bureau of East Asian and Pacific Affairs, Department of State [1992]",South America country or capital in name authority entry,0,,,no,0,0,0,0,0,,,,,,,,"elizabeth l martinez; elizabeth martinez; martinez elizabeth l","Martinez, Elizabeth L., Office of Brazilian Affairs, Bureau of Inter-American Affairs, Department of State [1991]; Office of Australia and New Zealand Affairs, Bureau of East Asian and Pacific Affairs, Department of State [1992]",martinez-elizabeth-l
"Mason, J. Richard","Administrative Counselor, U.S. Embassy in Quito [1989, 1990]; Administrative Counselor, U.S. Embassy in Monrovia [1991, 1992]",South America country or capital in name authority entry,0,,,no,0,0,0,0,0,,,,,,,,"j mason; j richard mason; mason j richard","Mason, J. Richard, Administrative Counselor, U.S. Embassy in Quito [1989, 1990]; Administrative Counselor, U.S. Embassy in Monrovia [1991, 1992]",mason-j-richard
"Mason, Nancy","Labor Attache, U.S. Embassy in Santiago [1989, 1990]; Political Counselor, U.S. Embassy in Santiago [1991]; Political and Economic Counselor, U.S. Consulate at Karachi [1991, 1992]",South America country or capital in name authority entry,0,,,no,0,0,0,0,0,,,,,,,,"mason nancy; nancy mason","Mason, Nancy, Labor Attache, U.S. Embassy in Santiago [1989, 1990]; Political Counselor, U.S. Embassy in Santiago [1991]; Political and Economic Counselor, U.S. Consulate at Karachi [1991, 1992]",mason-nancy
"Maxwell, Paul C.","Science Attache, U.S. Embassy in Buenos Aires [1991, 1992]",South America country or capital in name authority entry,0,,,no,0,0,0,0,0,,,,,,,,"maxwell paul c; paul c maxwell; paul maxwell","Maxwell, Paul C., Science Attache, U.S. Embassy in Buenos Aires [1991, 1992]",maxwell-paul-c
"McAfee, Marilyn","Public Affairs Officer, U.S. Embassy in Santiago until 1989; Deputy Chief of Mission, U.S. Embassy in La Paz from 1989 until 1992",South America country or capital in name authority entry,0,,,no,0,0,0,0,0,,,,,,,,"marilyn mcafee; mcafee marilyn","McAfee, Marilyn, Public Affairs Officer, U.S. Embassy in Santiago until 1989; Deputy Chief of Mission, U.S. Embassy in La Paz from 1989 until 1992",mcafee-marilyn
"McBride, Joseph N.","Political Counselor, U.S. Embassy in Lima [1990-1992]",South America country or capital in name authority entry,0,,,no,0,0,0,0,0,,,,,,,,"joseph mcbride; joseph n mcbride; mcbride joseph n","McBride, Joseph N., Political Counselor, U.S. Embassy in Lima [1990-1992]",mcbride-joseph-n
"McCamman, Michael","Consul, U.S. Embassy in Quito [1989]; Office of United Nations Social and Refugee Affairs, Office of the Deputy Assistant Secretary for International Social and Humanitarian Affairs, Bureau of International Organization Affairs, Department of State [1990, 1991]; Consul, U.S. Embassy in Port-of-Spain [1991, 1992]",South America country or capital in name authority entry,0,,,no,0,0,0,0,0,,,,,,,,"mccamman michael; michael mccamman","McCamman, Michael, Consul, U.S. Embassy in Quito [1989]; Office of United Nations Social and Refugee Affairs, Office of the Deputy Assistant Secretary for International Social and Humanitarian Affairs, Bureau of International Organization Affairs, Department of State [1990, 1991]; Consul, U.S. Embassy in Port-of-Spain [1991, 1992]",mccamman-michael
"McCarthy-Alexander, Deborah A.","Office of Central American Affairs, Bureau of Inter-American Affairs, Department of State [1990]; Office of International Conference Programs, Office of the Deputy Assistant Secretary for International Social and Humanitarian Affairs, Bureau of International Organization Affairs, Department of State [1990]; Office of Central American Affairs, Bureau of Inter-American Affairs, Department of State [1991]; Economic and Commercial Counselor, U.S. Embassy in Port-au-Prince [1991, 1992]",Senior regional-policy role,0,,,no,0,0,0,0,0,,,,,,,,"deborah a mccarthy alexander; deborah mccarthy alexander; mccarthy alexander deborah a","McCarthy-Alexander, Deborah A., Office of Central American Affairs, Bureau of Inter-American Affairs, Department of State [1990]; Office of International Conference Programs, Office of the Deputy Assistant Secretary for International Social and Humanitarian Affairs, Bureau of International Organization Affairs, Department of State [1990]; Office of Central American Affairs, Bureau of Inter-American Affairs, Department of State [1991]; Economic and Commercial Counselor, U.S. Embassy in Port-au-Prince [1991, 1992]",mccarthy-alexander-deborah-a
"McCarthy, Robert","Press and Cultural Attache, U.S. Embassy in Budapest [1989-1991]; Political and Military Counselor, U.S. Embassy in Paramaribo [1991, 1992]",South America country or capital in name authority entry,0,,,no,0,0,0,0,0,,,,,,,,"mccarthy robert; robert mccarthy","McCarthy, Robert, Press and Cultural Attache, U.S. Embassy in Budapest [1989-1991]; Political and Military Counselor, U.S. Embassy in Paramaribo [1991, 1992]",mccarthy-robert
"McCormack, Richard T.","U.S. Permanent Representative to the Organization of American States until April 13, 1989; Under Secretary of State for Economic and Agricultural Affairs, from April 14, 1989, until May 3, 1991",Senior regional-policy role,0,,,no,0,0,0,0,0,,,,,,,,"mccormack richard t; richard mccormack; richard t mccormack","McCormack, Richard T., U.S. Permanent Representative to the Organization of American States until April 13, 1989; Under Secretary of State for Economic and Agricultural Affairs, from April 14, 1989, until May 3, 1991",mccormack-richard-t
"McCulloch, Gerald C.","Political Counselor, U.S. Embassy in Bogota [1989]; Deputy Director, Office of Central American Affairs, Bureau of Inter-American Affairs, Department of State [1990, 1991]; Deputy Chief of Mission, U.S. Embassy in Asuncion [1992]",South America country or capital in name authority entry,0,,,no,0,0,0,0,0,,,,,,,,"gerald c mcculloch; gerald mcculloch; mcculloch gerald c","McCulloch, Gerald C., Political Counselor, U.S. Embassy in Bogota [1989]; Deputy Director, Office of Central American Affairs, Bureau of Inter-American Affairs, Department of State [1990, 1991]; Deputy Chief of Mission, U.S. Embassy in Asuncion [1992]",mcculloch-gerald-c
"McFarland, Stephen G.","Political Counselor, U.S. Embassy in San Salvador [1989, 1990]; Political Counselor, U.S. Embassy in La Paz [1990-1992]; Political Counselor, U.S. Embassy in Lima [1992]",South America country or capital in name authority entry,0,,,no,0,0,0,0,0,,,,,,,,"mcfarland stephen g; stephen g mcfarland; stephen mcfarland","McFarland, Stephen G., Political Counselor, U.S. Embassy in San Salvador [1989, 1990]; Political Counselor, U.S. Embassy in La Paz [1990-1992]; Political Counselor, U.S. Embassy in Lima [1992]",mcfarland-stephen-g
"McHugh, R. James","Charge d’Affaires ad interim, U.S. Embassy in St. Johns, until December 1989; Andean/South American Division, Office of Program Management, Bureau of Intelligence and Research, Department of State [1990]",South America country or capital in name authority entry,0,,,no,0,0,0,0,0,,,,,,,,"mchugh r james; r james mchugh; r mchugh","McHugh, R. James, Charge d’Affaires ad interim, U.S. Embassy in St. Johns, until December 1989; Andean/South American Division, Office of Program Management, Bureau of Intelligence and Research, Department of State [1990]",mchugh-r-james
"Mclean, J. Phillip","Deputy Chief of Mission, U.S. Embassy in Bogota [1989-1991]; Deputy Assistant Secretary of State for Inter-American Affairs [1991, 1992]","South America country or capital in name authority entry; Senior regional-policy role",0,,,no,0,0,0,0,0,,,,,,,,"j mclean; j phillip mclean; mclean j phillip","Mclean, J. Phillip, Deputy Chief of Mission, U.S. Embassy in Bogota [1989-1991]; Deputy Assistant Secretary of State for Inter-American Affairs [1991, 1992]",mclean-j-phillip
"McLean, Joseph G.","Labor Attache, U.S. Embassy in Guatemala City [1989-1991]; Labor Attache, U.S. Embassy in Santiago [1991, 1992]",South America country or capital in name authority entry,0,,,no,0,0,0,0,0,,,,,,,,"joseph g mclean; joseph mclean; mclean joseph g","McLean, Joseph G., Labor Attache, U.S. Embassy in Guatemala City [1989-1991]; Labor Attache, U.S. Embassy in Santiago [1991, 1992]",mclean-joseph-g
"McMullen, Robert Bruce (R. Bruce)","Economic Counselor, U.S. Embassy in Bogota [1989, 1990]; Deputy Director, Office of Andean Affairs, Bureau of Inter-American Affairs, Department of State [1990, 1991]",South America country or capital in name authority entry,0,,,no,0,0,0,0,0,,,,,,,,"mcmullen robert bruce r bruce; robert bruce mcmullen; robert mcmullen","McMullen, Robert Bruce (R. Bruce), Economic Counselor, U.S. Embassy in Bogota [1989, 1990]; Deputy Director, Office of Andean Affairs, Bureau of Inter-American Affairs, Department of State [1990, 1991]",mcmullen-robert-bruce-r-bruce
"McNamara, Thomas E.","U.S. Ambassador to Colombia until August 14, 1991; Special Assistant to the President for National Security Affairs and Senior Director for International Programs and African Affairs, National Security Council staff from September 25, 1991, until YY","South America country or capital in name authority entry; Name appears in site record metadata or OCR candidate text",0,,,yes,3,0,3,0,0,Colombia,,,,"December 15, 1989 - High - Request for an Appointment by U.S. to; December 15, 1989 - High - To: BRENT SCOWCROFT fo; From: WILLIAM T. PRYCE oe am b.; High - From William Pryce to",,,"mcnamara thomas e; thomas e mcnamara; thomas mcnamara","McNamara, Thomas E., U.S. Ambassador to Colombia until August 14, 1991; Special Assistant to the President for National Security Affairs and Senior Director for International Programs and African Affairs, National Security Council staff from September 25, 1991, until YY",mcnamara-thomas-e
"McShane, John F.","Director for Latin American Affairs, National Security Council staff (1991, 1992)",Senior regional-policy role,0,,,no,0,0,0,0,0,,,,,,,,"john f mcshane; john mcshane; mcshane john f","McShane, John F., Director for Latin American Affairs, National Security Council staff (1991, 1992)",mcshane-john-f
"Melton, Richard H.","Deputy Assistant Secretary for the Caribbean, Bureau of Inter-American Affairs, Department of State until October 1989; U.S. Ambassador to Brazil from December 12, 1989","South America country or capital in name authority entry; Senior regional-policy role",0,,,yes,1,0,0,1,0,Brazil,,,,,1989-09-18 - Nomination of Richard H. Melton To Be United States Ambassador to Brazil,,"melton richard h; richard h melton; richard melton","Melton, Richard H., Deputy Assistant Secretary for the Caribbean, Bureau of Inter-American Affairs, Department of State until October 1989; U.S. Ambassador to Brazil from December 12, 1989",melton-richard-h
"Menem, Carlos Saul","President of Argentina from July 8, 1989","South America country or capital in name authority entry; Name appears in site record metadata or OCR candidate text",0,,,yes,58,28,25,5,0,"Argentina; Bolivia; Brazil; Chile; Uruguay",1989-09-27,1992-12-01,"1989-09-27 - Memcon - Meeting with President Carlos Menem of Argentina; 1989-09-27 - Memcon - Meeting with President Carlos Menem of Argentina, September 27, 1989; 1989-12-20 - Telcon - Telephone Conversation with President Menem of Argentina, December 20, 1989; 1990-03-01 - Telcon - Telephone conversation with President Carlos Menem of Argentina (U); 1990-03-01 - Telcon - Telephone conversation with President Carlos Menem of Argentina, March 1, 1990; 1990-06-28 - Telcon - Telephone Conversation with President Carlos Sail Menem of Argentina (VU); 1990-06-28 - Telcon - Telephone Conversation with President Carlos Saul Menem of Argentina, June 28, 1990; 1990-10-01 - Memcon - Meeting with President Carlos Saul Menem of Argentina, October 1, 1990; 1990-12-05 - Memcon - Luncheon with President Carlos Saul Menem of Argentina (U); 1990-12-05 - Memcon - Luncheon with President Carlos Saul Menem of Argentina, December 5, 1990; 1991-01-14 - Telcon - Telephone conversation with President Carlos Menem of Argentina (U); 1991-01-14 - Telcon - Telephone conversation with President Carlos Menem of Argentina, January 14, 1991; 1991-01-19 - Telcon - Telephone conversation with President Carlos Menem of Argentina (U); 1991-01-19 - Telcon - Telephone Conversation with President Carlos Menem of Argentina, January 19, 1991; 1991-02-08 - Telcon - Telephone conversation with President Carlos Menem of Argentina (U); 1991-02-08 - Telcon - Telephone Conversation with President Carlos Menem of Argentina, February 8, 1991; 1991-03-04 - Telcon - Telephone conversation with President Menem of Argentina (U); 1991-03-04 - Telcon - Telephone Conversation with President Menem of Argentina, March 4, 1991; 1991-08-20 - Telcon - Telcon with President Carlos Menem of Argentina on August 20, 1991; 1991-08-20 - Telcon - Telcon with President Carlos Menem of Argentina on August 20, 1991 (JU); 1991-11-14 - Memcon - Meeting with Carlos Menem, President of Argentina, November 14, 1991; 1992-01-16 - Telcon - Telcon with President Carlos Saul Menem of Argentina on January 16, 1992; 1992-04-07 - Telcon - Telcon with President Carlos Menem of Argentina on April 71 1992, April 7, 1992; 1992-10-31 - Telcon - Telcon with Carlos Menem President of Argentina on October 31, 1992 (); 1992-11-05 - Telcon - Telcon with Carlos Saul Menem of Argentina on November 5, 1992; 1992-11-05 - Telcon - Telcon with Carlos Saul Menem of Argentina on November 5, 1992; 1992-12-01 - Telcon - Telcon with President Carlos Menem of Argentina on December 1, 1992; 1992-12-01 - Telcon - Telcon with President Carlos Menem of Argentina on December 1, 1992 (D)","July 3, 1989 - High - Argentine President-elect Carlos Menem; July 3, 1989 - High - Argentine President-elect Carlos Menem; July 3, 1989 - High - Argentine President-elect Carlos Menem; August 18, 1989 - High - “Request to Schedule Meeting for President Menem; August 18, 1989 - High - Request to Schedule Meeting for President Menem; August 21, 1989 - Medium - | Request for Phone Call From Mrs. Bush to Mrs.; August 25, 1989 - High - Request for Meeting with Argentine President Menem; August 25, 1989 - High - Request for Meeting with Argentine President Menem; September 25, 1989 - High - Briefing Materials for the President's Meeting with; September 25, 1989 - High - Briefing Materials for the President's Meeting with; September 25, 1989 - High - Presidential Meeting with Argentine President; September 25, 1989 - High - Presidential Meeting with Argentine President; September 25, 1989 - High - Presidential Meéting with Argentine President; September 27, 1989 - Medium - Executive Secretary; September 27, 1989 - High - Meeting with President Carlos Menem of; September 27, 1989 - High - Meeting with President Carlos Menem of; September 27, 1989 - High - Memorandum of Conversation with President; September 27, 1989 - Medium - Memorandum of Conversation with President; November 29, 1989 - Medium - Alerting NSCS on Presidential; November 29, 1989 - Medium - S/S 8927411","1989-09-27 - Statement by Press Secretary Fitzwater on President Bush's Meeting With President Carlos Saul Menem of Argentina; 1990-03-05 - Statement on the Economic Situation in Argentina; 1990-12-05 - Toast at a State Dinner in Buenos Aires, Argentina; 1991-11-14 - Remarks at the Welcoming Ceremony for President Carlos Menem of Argentina; 1991-11-14 - Statement by Press Secretary Fitzwater on the President's Meeting with President Levon Ter-Petrosian of Armenia",,"carlos menem; carlos saul menem; menem carlos saul","Menem, Carlos Saul, President of Argentina from July 8, 1989",menem-carlos-saul
"Millan, William","Opinion Analysis and Plans Staff, Bureau of Public Affairs, Department of State [1990]; Political Counselor, U.S. Embassy in Caracas [1990-1992]",South America country or capital in name authority entry,0,,,no,0,0,0,0,0,,,,,,,,"millan william; william millan","Millan, William, Opinion Analysis and Plans Staff, Bureau of Public Affairs, Department of State [1990]; Political Counselor, U.S. Embassy in Caracas [1990-1992]",millan-william
"Miller, David Norman","Economic Counselor, U.S. Embassy in Lisbon [1989-1992]; Director, Office of Brazilian Affairs, Bureau of Inter-American Affairs, Department of State [1992]","South America country or capital in name authority entry; Name appears in site record metadata or OCR candidate text",0,,,yes,5,0,5,0,0,Colombia,,,,"November 1, 1989 - High - Colombian Request for Additional Economic; 12/4/89 - High - To: Robert Gates From: David Miller; Medium - From David Miller to; High - Summit with Andeans on Drugs; High - The President's Drug Certifications",,,"david miller; david norman miller; miller david norman","Miller, David Norman, Economic Counselor, U.S. Embassy in Lisbon [1989-1992]; Director, Office of Brazilian Affairs, Bureau of Inter-American Affairs, Department of State [1992]",miller-david-norman
"Millspaugh, Robert A.","Labor Attache, U.S. Embassy in Caracas [1989-1992]; Political Counselor, U.S. Embassy in Managua [1992]",South America country or capital in name authority entry,0,,,no,0,0,0,0,0,,,,,,,,"millspaugh robert a; robert a millspaugh; robert millspaugh","Millspaugh, Robert A., Labor Attache, U.S. Embassy in Caracas [1989-1992]; Political Counselor, U.S. Embassy in Managua [1992]",millspaugh-robert-a
"Moorefield, Kenneth","Commercial Counselor, U.S. Embassy in Caracas [1989-1991]; Commercial Counselor, U.S. Embassy in London [1991, 1992]",South America country or capital in name authority entry,0,,,no,0,0,0,0,0,,,,,,,,"kenneth moorefield; moorefield kenneth","Moorefield, Kenneth, Commercial Counselor, U.S. Embassy in Caracas [1989-1991]; Commercial Counselor, U.S. Embassy in London [1991, 1992]",moorefield-kenneth
"Morley, Robert","Director, Office of Cuban Affairs, Bureau of Inter-American Affairs, Department of State [1989-1991]; Director for Latin American Affairs, National Security Council staff, from June 1991 until October 1992",Senior regional-policy role,0,,,no,0,0,0,0,0,,,,,,,,"morley robert; robert morley","Morley, Robert, Director, Office of Cuban Affairs, Bureau of Inter-American Affairs, Department of State [1989-1991]; Director for Latin American Affairs, National Security Council staff, from June 1991 until October 1992",morley-robert
"Morris, Ned E.","Administrative Counselor, U.S. Embassy in Quito [1991, 1992]",South America country or capital in name authority entry,0,,,no,0,0,0,0,0,,,,,,,,"morris ned e; ned e morris; ned morris","Morris, Ned E., Administrative Counselor, U.S. Embassy in Quito [1991, 1992]",morris-ned-e
"Morris, Robert G.","Science Attache, U.S. Embassy in Buenos Aires [1989-1991]; Science Attache, U.S. Embassy in Madrid [1991, 1992]",South America country or capital in name authority entry,0,,,no,0,0,0,0,0,,,,,,,,"morris robert g; robert g morris; robert morris","Morris, Robert G., Science Attache, U.S. Embassy in Buenos Aires [1989-1991]; Science Attache, U.S. Embassy in Madrid [1991, 1992]",morris-robert-g
"Mosbacher, Robert Aaron, Sr.","Secretary of Commerce from January 31, 1989, until January 15, 1993",Core U.S. principal for Bush 41 South America records,0,,,no,0,0,0,0,0,,,,,,,,"mosbacher robert aaron sr; robert aaron mosbacher; robert mosbacher","Mosbacher, Robert Aaron, Sr., Secretary of Commerce from January 31, 1989, until January 15, 1993",mosbacher-robert-aaron-sr
"Moser, William H.","Administrative Counselor, U.S. Embassy in Paramaribo [1991, 1992]",South America country or capital in name authority entry,0,,,no,0,0,0,0,0,,,,,,,,"moser william h; william h moser; william moser","Moser, William H., Administrative Counselor, U.S. Embassy in Paramaribo [1991, 1992]",moser-william-h
"Munoz, Arnold A.","Administrative Counselor, U.S. Embassy in Caracas [1991, 1992]",South America country or capital in name authority entry,0,,,no,0,0,0,0,0,,,,,,,,"arnold a munoz; arnold munoz; munoz arnold a","Munoz, Arnold A., Administrative Counselor, U.S. Embassy in Caracas [1991, 1992]",munoz-arnold-a
"Murphy, Margaret Ann","Consul, U.S. Embassy in Brasilia [1992]",South America country or capital in name authority entry,0,,,no,0,0,0,0,0,,,,,,,,"margaret ann murphy; margaret murphy; murphy margaret ann","Murphy, Margaret Ann, Consul, U.S. Embassy in Brasilia [1992]",murphy-margaret-ann
"Myles, Stanley T.","Deputy Chief of Mission, U.S. Embassy in Paramaribo [1989-1991]; Charge d’Affaires [1991]; Political Counselor, U.S. Embassy in Brasilia [1992]",South America country or capital in name authority entry,0,,,no,0,0,0,0,0,,,,,,,,"myles stanley t; stanley myles; stanley t myles","Myles, Stanley T., Deputy Chief of Mission, U.S. Embassy in Paramaribo [1989-1991]; Charge d’Affaires [1991]; Political Counselor, U.S. Embassy in Brasilia [1992]",myles-stanley-t
"Nice, Jeremy","Administrative Counselor, U.S. Embassy in Brasilia [1989-1992]; Administrative Counselor, U.S. Embassy in Islamabad [1992]",South America country or capital in name authority entry,0,,,no,0,0,0,0,0,,,,,,,,"jeremy nice; nice jeremy","Nice, Jeremy, Administrative Counselor, U.S. Embassy in Brasilia [1989-1992]; Administrative Counselor, U.S. Embassy in Islamabad [1992]",nice-jeremy
"Noble, Peter T.","Commercial Counselor, U.S. Embassy in Panama City [1989]; Commercial Counselor, U.S. Embassy in Bogota [1989]; Commercial Counselor, U.S. Embassy in Belgrade [1990, 1991]; Commercial Counselor, U.S. Embassy in Panama City [1992]",South America country or capital in name authority entry,0,,,no,0,0,0,0,0,,,,,,,,"noble peter t; peter noble; peter t noble","Noble, Peter T., Commercial Counselor, U.S. Embassy in Panama City [1989]; Commercial Counselor, U.S. Embassy in Bogota [1989]; Commercial Counselor, U.S. Embassy in Belgrade [1990, 1991]; Commercial Counselor, U.S. Embassy in Panama City [1992]",noble-peter-t
"Orlando, Jack P.","Economic Counselor, U.S. Consulate at Vancouver [1989-1991]; acting Economic Counselor, U.S. Embassy in Brasilia [1992]",South America country or capital in name authority entry,0,,,no,0,0,0,0,0,,,,,,,,"jack orlando; jack p orlando; orlando jack p","Orlando, Jack P., Economic Counselor, U.S. Consulate at Vancouver [1989-1991]; acting Economic Counselor, U.S. Embassy in Brasilia [1992]",orlando-jack-p
"Owens-Kirkpatrick, Barbro","Deputy Director, Office of Southern Cone Affairs, Bureau of Inter-American Affairs, Department of State [1990]; Deputy Director, Office of International Security Operations, Bureau of Politico-Military Affairs, Department of State [1992]",South America country or capital in name authority entry,0,,,no,0,0,0,0,0,,,,,,,,"barbro owens kirkpatrick; owens kirkpatrick barbro","Owens-Kirkpatrick, Barbro, Deputy Director, Office of Southern Cone Affairs, Bureau of Inter-American Affairs, Department of State [1990]; Deputy Director, Office of International Security Operations, Bureau of Politico-Military Affairs, Department of State [1992]",owens-kirkpatrick-barbro
"Pacelli, David","Director for Latin American Affairs, National Security Council Staff (1989, 1990)","Senior regional-policy role; Name appears in site record metadata or OCR candidate text",0,,,yes,48,0,48,0,0,"Argentina; Bolivia; Brazil; Colombia; Ecuador; Guyana; Paraguay; Peru; Uruguay; Venezuela",,,,"March 27, 1989 - Medium - Welch Trip, System Log 4827; April 4, 1989 - High - Transmittal of Memcon to the Department of; April 14, 1989 - High - Political Instability in Venezuela; April 14, 1989 - High - Political Instability in Venezuela; April 14, 1989 - Medium - Talking Points for Phone Call to President Barco; April 14, 1989 - High - Talking Points for Phone Call to President Barco; April 14, 1989 - Medium - The President’s Telephone Conversation with; 5/4/89 - Medium - For the Record; May 10, 1989 - High - Telephone Call with Carlos Andres Perez of; May 13, 1989 - Medium - The President’s Telephone Conversation with; May 13, 1989 - Medium - The President’s Telephone Conversation with; May 13, 1989 - Medium - The President’s Telephone Conversation with; May 13, 1989 - Medium - The President’s Telephone Conversation with; May 16, 1989 - High - Memorandum of Conversation: President’s Telephone; May 16, 1989 - High - Memorandum of Conversation: President’s Telephone; 6/19/89 - High - President's Meeting with Président Desmond Hoyte of Guyana (4; June 23, 1989 - Medium - The President’s Telephone Conversation with; 8/31/89 - High - To: Robert Gates From: David Pacelli/Richard Lamagna; October 3, 1989 - High - Guidance: Colombia Extraditions; November 27, 1989 - Medium - *. Telephone Conversation with President Barco",,,"david pacelli; pacelli david","Pacelli, David, Director for Latin American Affairs, National Security Council Staff (1989, 1990)",pacelli-david
"Parker, Frank S.","Economic Counselor, U.S. Embassy in Caracas [1990-1992]",South America country or capital in name authority entry,0,,,no,0,0,0,0,0,,,,,,,,"frank parker; frank s parker; parker frank s","Parker, Frank S., Economic Counselor, U.S. Embassy in Caracas [1990-1992]",parker-frank-s
"Parrott, F. Coleman","Director, Allowances Staff, Office of the Deputy Assistant Secretary for Operations, Bureau of Administration, Department of State [1989-1991]; Administrative Counselor, U.S. Embassy in Santiago [1991, 1992]",South America country or capital in name authority entry,0,,,no,0,0,0,0,0,,,,,,,,"f coleman parrott; f parrott; parrott f coleman","Parrott, F. Coleman, Director, Allowances Staff, Office of the Deputy Assistant Secretary for Operations, Bureau of Administration, Department of State [1989-1991]; Administrative Counselor, U.S. Embassy in Santiago [1991, 1992]",parrott-f-coleman
"Pascua, Gerard R.","Political Counselor, U.S. Embassy in Montevideo [1991, 1992]",South America country or capital in name authority entry,0,,,no,0,0,0,0,0,,,,,,,,"gerard pascua; gerard r pascua; pascua gerard r","Pascua, Gerard R., Political Counselor, U.S. Embassy in Montevideo [1991, 1992]",pascua-gerard-r
"Pastorino, Robert S.","Deputy Chief of Mission, U.S. Embassy in Mexico City from 1989 until 1991; U.S. Ambassador to the Dominican Republic from February 6, 1992","Core U.S. principal for Bush 41 South America records; Name appears in site record metadata or OCR candidate text",0,,,yes,33,0,33,0,0,"Argentina; Bolivia; Brazil; Chile; Colombia; Ecuador; Guyana; Suriname; Venezuela",,,,"January 25, 1989 - High - Memorandum of Conversation Between the President; January 25, 1989 - High - Memorandum of Conversation Between the President; January 31, 1989 - High - Request for Travel Orders; February 10, 1989 - High - Presidential Letter to Brazilian President Sarney; February 10, 1989 - High - Presidential Letter to Brazilian President Sarney; 02/15/1989 - Reference - From John R. Allen to Robert S. Pastorino; 02/15/1989 - Reference - Re: Road From John R. Allen to Robert S. Pastorino; February 17, 1989 - High - Letter to OAS Secretary General Baena Soares; February 27, 1989 - High - Robert Pastorino’s Meeting with the Guyanese; February 28, 1989 - Medium - Rioting in Venezuela; February 28, 1989 - Medium - Rioting in Venezuela; March 1, 1989 - High - Meeting with U.S. Ambassador to Bolivia, Robert; March 1, 1989 - High - Meeting with U.S. Ambassador to Bolivia, Robert; March 2, 1989 - High - Guidance for Ambassador Gillespie; March 2, 1989 - High - Meeting with President Vinicio Cerezo of Guatemala; March 2, 1989 - High - Presidential Telephone Call to Venezuelan; March 3, 1989 - High - Transmittal to the State Department of the; March 3, 1989 - High - Transmittal to the State Department of the; March 9, 1989 - High - Presidential Telephone Call to President Barco; March 16, 1989 - High - Request by Mrs. Borja for Meeting with Mrs. Bush",,,"pastorino robert s; robert pastorino; robert s pastorino","Pastorino, Robert S., Deputy Chief of Mission, U.S. Embassy in Mexico City from 1989 until 1991; U.S. Ambassador to the Dominican Republic from February 6, 1992",pastorino-robert-s
"Patterson, Anne W.","Specialized Agency Affairs, U.S. Mission to the European Office of the United Nations and Other International Organizations [1989, 1990]; Political Counselor, U.S. Mission to the European Office of the United Nations and Other International Organizations [1991]; Director, Office of Andean Affairs, Bureau of Inter-American Affairs, Department of State [1992]",South America country or capital in name authority entry,0,,,no,0,0,0,0,0,,,,,,,,"anne patterson; anne w patterson; patterson anne w","Patterson, Anne W., Specialized Agency Affairs, U.S. Mission to the European Office of the United Nations and Other International Organizations [1989, 1990]; Political Counselor, U.S. Mission to the European Office of the United Nations and Other International Organizations [1991]; Director, Office of Andean Affairs, Bureau of Inter-American Affairs, Department of State [1992]",patterson-anne-w
"Paz Estenssoro, Victor","President of Bolivia until August 6, 1989","South America country or capital in name authority entry; Name appears in site record metadata or OCR candidate text",0,,,yes,9,1,8,0,0,Bolivia,1989-07-07,1989-07-07,"1989-07-07 - Telcon - Telephone Conversation with Victor Paz Estenssoro of Bolivia, July 7, 1989","May 11, 1989 - High - Recommendation for Telephone Call by the; July 6, 1989 - Medium - Talking Points for Possible Telephone Call by; July 6, 1989 - Medium - Talking Points for Possible Telephone Call by; July 7, 1989 - Medium - Follow Up Message from the President to; July 7, 1989 - Medium - Telephone Conversation with Victor Paz; July 12, 1989 - High - The President’s Telephone Conversation with; August 17, 1989 - Medium - The President’s Telephone Conversation, with; High - Follow Up Message from the President to",,,"paz estenssoro victor; victor paz estenssoro","Paz Estenssoro, Victor, President of Bolivia until August 6, 1989",paz-estenssoro-victor
"Paz Zamora, Jaime",President of Bolivia,"South America country or capital in name authority entry; Name appears in site record metadata or OCR candidate text",0,,,yes,9,3,4,2,0,"Bolivia; Colombia; Peru",1990-02-15,1990-05-08,"1990-02-15 - Memcon - Cartagena Drug Summit; 1990-05-08 - Memcon - Meetihg with President Jaime Paz Zamora of Bolivia, May 8, 1990 (2 of 2); 1990-05-08 - Memcon - Meeting with President Jaime Paz Zamora of Bolivia, May 8, 1990 (1 of 2)","August 2, 1989 - Medium - Congratulatory Letter to President Jaime Paz; August 2, 1989 - Medium - Congratulatory Letter to President Jaime Paz; August 3, 1989 - Medium - Congratulatory Letter to the New President of; High - Congratulatory Letter to the New President of","1990-05-08 - Remarks Following Discussions With President Jaime Paz Zamora of Bolivia; 1992-02-26 - Exchange With Reporters Prior to Discussions With President Jaime Paz Zamora of Bolivia in San Antonio",,"jaime paz zamora; paz zamora jaime","Paz Zamora, Jaime, President of Bolivia",paz-zamora-jaime
"Perez, Abelardo I.","Deputy Director, Office of Southern Cone Affairs, Bureau of Inter-American Affairs, Department of State [1990-1992]",South America country or capital in name authority entry,0,,,no,0,0,0,0,0,,,,,,,,"abelardo i perez; abelardo perez; perez abelardo i","Perez, Abelardo I., Deputy Director, Office of Southern Cone Affairs, Bureau of Inter-American Affairs, Department of State [1990-1992]",perez-abelardo-i
"Perez, Carlos","Administrative Counselor, U.S. Embassy in Asuncion [1991, 1992]","South America country or capital in name authority entry; Name appears in site record metadata or OCR candidate text",1,"Perez, Carlos Andres","Potential abbreviated-name collision; inspect mention rows before attribution.",yes,44,0,3,1,40,"Colombia; Paraguay; Uruguay; Venezuela",,,,"April 1, 1989 - High - Meeting with President Carlos Perez of; April 1, 1989 - High - Meeting with President Carlos Perez of; April 1, 1989 - High - Meeting with President Carlos Perez of",1991-09-24 - Exchange With Reporters in New York City Following Discussions With President Carlos Perez of Venezuela,"1989-03-02 - Presidential Daily Backup - [Presidential Daily Backup] 3/2/1989; 1989-04-01 - Presidential Daily Diary - [Presidential Daily Diary] 4/1/1989; 1989-05-10 - Presidential Daily Diary - [Presidential Daily Diary] 5/10/1989; 1989-06-23 - Presidential Daily Backup - [Presidential Daily Backup] 6/23/1989; 1989-08-22 - Presidential Daily Diary - [Presidential Daily Diary] 8/22/1989; 1989-10-03 - Presidential Daily Backup - [Presidential Daily Backup] 10/3/1989; 1989-10-13 - Presidential Daily Backup - [Presidential Daily Backup] 10/13/1989; 1990-02-26 - Presidential Daily Backup - [Presidential Daily Backup] 2/26/1990; 1990-02-26 - Presidential Daily Diary - [Presidential Daily Diary] 2/26/1990; 1990-03-21 - Presidential Daily Diary - [Presidential Daily Diary] 3/21/1990; 1990-05-16 - Presidential Daily Backup - [Presidential Daily Backup] 5/16/1990; 1990-08-13 - Presidential Daily Backup - [Presidential Daily Backup] 8/13/1990; 1990-08-13 - Presidential Daily Diary - [Presidential Daily Diary] 8/13/1990; 1991-04-09 - Presidential Daily Backup - [Presidential Daily Backup] 4/9/1991; 1991-04-09 - Presidential Daily Diary - [Presidential Daily Diary] 4/9/1991; 1991-05-03 - Presidential Daily Diary - [Presidential Daily Diary] 5/3/1991; 1991-05-23 - Presidential Daily Backup - [Presidential Daily Backup] 5/23/1991; 1991-09-05 - Presidential Daily Diary - [Presidential Daily Diary] 9/5/1991; 1991-09-24 - Presidential Daily Backup - [Presidential Daily Backup] 9/24/1991; 1991-09-30 - Presidential Daily Backup - [Presidential Daily Backup] 9/30/1991","carlos perez; perez carlos","Perez, Carlos, Administrative Counselor, U.S. Embassy in Asuncion [1991, 1992]",perez-carlos
"Perez, Carlos Andres",President of Venezuela from February 1989,"South America country or capital in name authority entry; Name appears in site record metadata or OCR candidate text",1,"Perez, Carlos","Potential abbreviated-name collision; inspect mention rows before attribution.",yes,188,31,74,12,71,"Argentina; Bolivia; Brazil; Chile; Colombia; Ecuador; Guyana; Paraguay; Peru; Suriname; Uruguay; Venezuela",1989-01-24,1992-11-27,"1989-01-24 - Telcon - Memorandum of Conversation Between the President and President-Elect Carlos Andres Perez of Venezuela, January 24, 1989; 1989-03-03 - Telcon - The President's Telephone Conversation with President Carlos Andres Perez of Venezuela on March 3, 1989; 1989-04-01 - Memcon - Meeting with President Carlos Andres Perez of Venezuela, April 1, 1989; 1989-05-10 - Telcon - Telephone Call with Carlos Andres Perez of Venezuela, May 10, 1989; 1989-06-23 - Telcon - The President's Telephone Conversation with President Carlos Andres Perez of Venezuela, June 23, 1989; 1989-08-22 - Telcon - Telephone Conversation with Carlos Andres Perez, President of Venezuela; 1989-09-25 - Memcon - Meeting with Venezuelan President Carlos Andres Perez, September 25, 1989; 1989-11-01 - Telcon - Telephone Conversation with Venezuelan President Carlos Andres Perez, November 1, 1989; 1989-12-20 - Telcon - Telephone Conversation with President Perez of Venezuela, December 20, 1989; 1990-02-26 - Telcon - Telephone conversation with President Carlos Andres Perez of Venezuela, February 26, 1990; 1990-03-21 - Telcon - Telephone conversation with President Carlos Andres Perez of Venezuela, March 21, 1990; 1990-04-26 - Memcon - Meeting with Carlos Andres Perez of Venezuela, April 26, 1990; 1990-08-13 - Telcon - Telephone Conversation with President Carlos Andres Perez of Venezuela, August 13, 1990; 1990-10-01 - Memcon - Meeting with President Carlos Andres Perez of Venezuela, October 1, 1990; 1990-12-08 - Memcon - Memorandum of Conversation of Expanded Bilateral Meeting with President Carlos Andres Perez of Venezuela, December 8, 1990; 1991-02-08 - Telcon - Telephone conversation with President Carlos Andres Perez of Venezuela, February 8, 1991; 1991-04-09 - Telcon - Telephone Conversation with President Carlos Andres Perez of Venezuela, April 9, 1991; 1991-04-20 - Telcon - Telcon with Carlos Andres Perez, President of Venezuela on April 20, 1991; 1991-05-03 - Memcon - Meeting with President Carlos Andres Perez of Venezuela, May 3, 1991; 1991-09-05 - Telcon - Telcon with President Carlos Andres Perez of Venezuela on september 5, 1991; 1991-09-24 - Memcon - Meeting with Carlos Andres Perez, President of the Republic of Venezuela at UNGA, Waldorf Astoria Hotel, New York; 1991-09-30 - Telcon - Telephone Conversation with President Carlos Andres Perez of Venezuela, September 30, 1991; 1991-10-01 - Telcon - Telephone Conversation with President Carlos Andres Perez of Venezuela, October 1, 1991; 1991-10-10 - Telcon - Telcon with President Carlos Andres Perez President of Venezuela on October 10, 1991; 1991-11-15 - Telcon - Telephone Conversation with Carlos Andres Perez, President of Venezuela on November 15, 1991; 1991-12-17 - Telcon - Telephone Conversation with Carlos Andres Perez, December 18, 1991; 1992-04-09 - Telcon - Telcon with Carlos Andres Perez of Venezuela on April 9, 1992 (&; 1992-06-20 - Telcon - Telcon with Carlos Andres Perez, President of Venezuela, on June 20, 1992; 1992-11-27 - Memcon - Telcon with Carlos Andres Perez, President of Venezuela on November 27, 1992 (1 of 2); 1992-11-27 - Memcon - Telcon with Carlos Andres Perez, President of Venezuela on November 27, 1992 (2 of 2); 1992-11-27 - Telcon - Telcon with Carlos Andres Perez, President of Venezuela on November 27, 1992 (U)","January 24, 1989 - Medium - Memorandum of Conversation Between the; January 24, 1989 - Medium - Memorandum of Conversation Between the; January 25, 1989 - High - Memorandum of Conversation Between the President; January 25, 1989 - High - Memorandum of Conversation Between the President; January 28, 1989 - High - Letters from the President to Jaime Lusinchi and; January 28, 1989 - High - Letters from the President to Jaime Lusinchi and; March 2, 1989 - High - Presidential Telephone Call to Venezuelan; March 2, 1989 - High - Presidential Telephone Call to Venezuelan; March 3, 1989 - High - Additiondl Talking Points for Presidential Call; March 3, 1989 - High - Additiondl Talking Points for Presidential Call; March 3, 1989 - Medium - Memorandum of Conversation between the President; March 3, 1989 - High - Memorandum of Conversation between the President; March 3, 1989 - Medium - The President’s Telephone Conversation with; March 3, 1989 - Medium - The President’s Telephone Conversation with; March 3, 1989 - Medium - The President’s Telephone Conversation with; March 4, 1989 - Medium - The President’s Telephone Conversation with; March 15, 1989 - High - Carlos Andres Perez Request for Two-Hour Meeting; March 15, 1989 - High - Carlos Andres Perez Request for Two-Hour Meeting; March 21, 1989 - High - Another Perez Request for Meeting with President; March 21, 1989 - High - Another Perez Request for Meeting with President","1989-04-01 - Statement by Press Secretary Fitzwater on President Bush's Meeting With President Carlos Andres Perez of Venezuela; 1989-10-13 - The President's News Conference; 1990-04-26 - Remarks at the Welcoming Ceremony for President Carlos Andres Pérez of Venezuela; 1990-08-14 - The President's News Conference; 1991-05-03 - Exchange With Reporters on Reports of a 1980 Hostage Agreement; 1991-05-03 - Statement by Press Secretary Fitzwater on President Bush's Meeting With President Carlos Andres Perez of Venezuela; 1991-05-09 - Remarks to the Hispanic Alliance for Free Trade; 1991-05-23 - Remarks to the National Retail Federation; 1991-09-24 - Exchange With Reporters in New York City Following Discussions With President Carlos Perez of Venezuela; 1991-12-19 - Statement by Press Secretary Fitzwater on the President's Telephone Conversation With Prime Minister Mulroney of Canada and President Perez of Venezuela; 1991-12-19 - The President's News Conference With Foreign Correspondents; 1992-04-10 - The President's News Conference","1989-02-27 - Presidential Daily Backup - [Presidential Daily Backup] 2/27/1989; 1989-03-02 - Presidential Daily Backup - [Presidential Daily Backup] 3/2/1989; 1989-03-03 - Presidential Daily Backup - [Presidential Daily Backup] 3/3/1989; 1989-04-01 - Presidential Daily Backup - [Presidential Daily Backup] 4/1/1989; 1989-04-01 - Presidential Daily Diary - [Presidential Daily Diary] 4/1/1989; 1989-05-09 - Presidential Daily Backup - [Presidential Daily Backup] 5/9/1989; 1989-05-10 - Presidential Daily Diary - [Presidential Daily Diary] 5/10/1989; 1989-05-11 - Presidential Daily Backup - [Presidential Daily Backup] 5/11/1989; 1989-05-11 - Presidential Daily Diary - [Presidential Daily Diary] 5/11/1989; 1989-06-23 - Presidential Daily Backup - [Presidential Daily Backup] 6/23/1989; 1989-08-22 - Presidential Daily Diary - [Presidential Daily Diary] 8/22/1989; 1989-09-25 - Presidential Daily Backup - [Presidential Daily Backup] 9/25/1989; 1989-09-25 - Presidential Daily Diary - [Presidential Daily Diary] 9/25/1989; 1989-10-03 - Presidential Daily Backup - [Presidential Daily Backup] 10/3/1989; 1989-10-13 - Presidential Daily Backup - [Presidential Daily Backup] 10/13/1989; 1989-10-27 - Presidential Daily Backup - [Presidential Daily Backup] 10/27/1989; 1990-02-26 - Presidential Daily Backup - [Presidential Daily Backup] 2/26/1990; 1990-02-26 - Presidential Daily Diary - [Presidential Daily Diary] 2/26/1990; 1990-03-13 - Presidential Daily Backup - [Presidential Daily Backup] 3/13/1990; 1990-03-21 - Presidential Daily Diary - [Presidential Daily Diary] 3/21/1990","carlos andres perez; carlos perez; perez carlos andres","Perez, Carlos Andres, President of Venezuela from February 1989",perez-carlos-andres
"Perez, Julio T.","Administrative Counselor, U.S. Embassy in Georgetown [1991, 1992]",South America country or capital in name authority entry,0,,,no,0,0,0,0,0,,,,,,,,"julio perez; julio t perez; perez julio t","Perez, Julio T., Administrative Counselor, U.S. Embassy in Georgetown [1991, 1992]",perez-julio-t
"Peters, Lee M.","Deputy Director, Office of Brazilian Affairs, Bureau of Inter-American Affairs, Department of State [1990, 1991]; Deputy Director, Office of Caribbean Affairs, Bureau of Inter-American Affairs, Department of State [1992]",South America country or capital in name authority entry,0,,,no,0,0,0,0,0,,,,,,,,"lee m peters; lee peters; peters lee m","Peters, Lee M., Deputy Director, Office of Brazilian Affairs, Bureau of Inter-American Affairs, Department of State [1990, 1991]; Deputy Director, Office of Caribbean Affairs, Bureau of Inter-American Affairs, Department of State [1992]",peters-lee-m
"Philip, Maria I.","Consul, U.S. Embassy in Georgetown [1991, 1992]",South America country or capital in name authority entry,0,,,no,0,0,0,0,0,,,,,,,,"maria i philip; maria philip; philip maria i","Philip, Maria I., Consul, U.S. Embassy in Georgetown [1991, 1992]",philip-maria-i
"Pinochet, Gen. Augusto","President of Chile until March 11, 1990",South America country or capital in name authority entry,0,,,no,0,0,0,0,0,,,,,,,,"gen augusto pinochet; gen pinochet; pinochet gen augusto","Pinochet, Gen. Augusto, President of Chile until March 11, 1990",pinochet-gen-augusto
"Planty, Donald L.","Political and Military Counselor, U.S. Embassy in Madrid [1989]; Deputy Chief of Mission, U.S. Embassy in Oslo [1989-1992]; Director, Office of Southern Cone Affairs, Bureau of Inter-American Affairs, Department of State [1992]",South America country or capital in name authority entry,0,,,no,0,0,0,0,0,,,,,,,,"donald l planty; donald planty; planty donald l","Planty, Donald L., Political and Military Counselor, U.S. Embassy in Madrid [1989]; Deputy Chief of Mission, U.S. Embassy in Oslo [1989-1992]; Director, Office of Southern Cone Affairs, Bureau of Inter-American Affairs, Department of State [1992]",planty-donald-l
"Porter, Roger B.",Assistant to the President for Economic and Domestic Policy (1989-1992),"Core U.S. principal for Bush 41 South America records; Name appears in site record metadata or OCR candidate text",0,,,yes,6,0,6,0,0,,,,,"February 24, 1989 - High - From: JOSEPH W. HAGIN II; May 16, 1989 - High - From: JOSEPH W. HAGIN II; August 24, 1989 - Medium - (Draft Proclamation); howaney 24, 1989 - High - From: JOSEPH W. HAGIN II; fepruary 24, 1989 - High - From: JOSEPH W. HAGIN II; pepruary 24, 1989 - High - From: JOSEPH W. HAGIN II",,,"porter roger b; roger b porter; roger porter","Porter, Roger B., Assistant to the President for Economic and Domestic Policy (1989-1992)",porter-roger-b
"Quainton, Anthony Cecil Eden","Deputy Inspector General, Office of the Inspector General, Department of State until November 1989; U.S. Ambassador to Peru from December 11, 1989, until September 16, 1992; Assistant Secretary of State for Diplomatic Security from September 23, 1992","South America country or capital in name authority entry; Name appears in site record metadata or OCR candidate text",0,,,yes,1,0,1,0,0,Peru,,,,Reference - Nomination of Anthony Cecil Eden Quainton as,,,"anthony cecil eden quainton; anthony quainton; quainton anthony cecil eden","Quainton, Anthony Cecil Eden, Deputy Inspector General, Office of the Inspector General, Department of State until November 1989; U.S. Ambassador to Peru from December 11, 1989, until September 16, 1992; Assistant Secretary of State for Diplomatic Security from September 23, 1992",quainton-anthony-cecil-eden
"Quasius, Peter L.","Public Affairs Officer, U.S. Embassy in Georgetown [1989]",South America country or capital in name authority entry,0,,,no,0,0,0,0,0,,,,,,,,"peter l quasius; peter quasius; quasius peter l","Quasius, Peter L., Public Affairs Officer, U.S. Embassy in Georgetown [1989]",quasius-peter-l
"Randall, Thomas L., Jr.","Consul, U.S. Embassy in Tijuana [1989-1991]; Consul, U.S. Embassy in Bogota [1991, 1992]",South America country or capital in name authority entry,0,,,no,0,0,0,0,0,,,,,,,,"randall thomas l jr; thomas l randall; thomas randall","Randall, Thomas L., Jr., Consul, U.S. Embassy in Tijuana [1989-1991]; Consul, U.S. Embassy in Bogota [1991, 1992]",randall-thomas-l-jr
"Ranneberger, Michael E.","Deputy Chief of Mission, U.S. Embassy in Maputo [1989, 1990]; Deputy Chief of Mission, U.S. Embassy in Asuncion [1990-1992]; Deputy Director, Office of Central American Affairs, Bureau of Inter-American Affairs, Department of State [1992]",South America country or capital in name authority entry,0,,,no,0,0,0,0,0,,,,,,,,"michael e ranneberger; michael ranneberger; ranneberger michael e","Ranneberger, Michael E., Deputy Chief of Mission, U.S. Embassy in Maputo [1989, 1990]; Deputy Chief of Mission, U.S. Embassy in Asuncion [1990-1992]; Deputy Director, Office of Central American Affairs, Bureau of Inter-American Affairs, Department of State [1992]",ranneberger-michael-e
"Rase, Glen R.","Economic Counselor, U.S. Embassy in Santiago [1989-1991]; Deputy Director, Office of Monetary Affairs, (International Finance and Development), Bureau of Economic and Business Affairs, Department of State [1992]",South America country or capital in name authority entry,0,,,no,0,0,0,0,0,,,,,,,,"glen r rase; glen rase; rase glen r","Rase, Glen R., Economic Counselor, U.S. Embassy in Santiago [1989-1991]; Deputy Director, Office of Monetary Affairs, (International Finance and Development), Bureau of Economic and Business Affairs, Department of State [1992]",rase-glen-r
"Ray, Charles A.","Administrative Counselor, U.S. Consulate at Chiang Mai [1989, 1990]; Special Assistant, Office of Defense Trade Controls, Bureau of Politico-Military Affairs, Department of State [1991, 1992]; Charge d’affaires ad interim, U.S. Embassy in Lima from September 1992",South America country or capital in name authority entry,0,,,no,0,0,0,0,0,,,,,,,,"charles a ray; charles ray; ray charles a","Ray, Charles A., Administrative Counselor, U.S. Consulate at Chiang Mai [1989, 1990]; Special Assistant, Office of Defense Trade Controls, Bureau of Politico-Military Affairs, Department of State [1991, 1992]; Charge d’affaires ad interim, U.S. Embassy in Lima from September 1992",ray-charles-a
"Reich, Otto J.","U.S. Ambassador to Venezuela until July 17, 1989","South America country or capital in name authority entry; Name appears in site record metadata or OCR candidate text",0,,,yes,4,0,4,0,0,Venezuela,,,,"April 28, 1989 - High - Transmittal to the State Department of the; April 28, 1989 - High - Transmittal to the State Department of the; August 7, 1989 - High - Request for Photo-op with the President for; August 7, 1989 - Medium - Request for Photo-op with the President for",,,"otto j reich; otto reich; reich otto j","Reich, Otto J., U.S. Ambassador to Venezuela until July 17, 1989",reich-otto-j
"Roberts, David A.","Administrative Counselor, U.S. Embassy in Jakarta [1989, 1990]; Administrative Counselor, U.S. Embassy in Lima [1991, 1992]",South America country or capital in name authority entry,0,,,no,0,0,0,0,0,,,,,,,,"david a roberts; david roberts; roberts david a","Roberts, David A., Administrative Counselor, U.S. Embassy in Jakarta [1989, 1990]; Administrative Counselor, U.S. Embassy in Lima [1991, 1992]",roberts-david-a
"Rodriguez, Andres","President of Paraguay from May 15, 1989","South America country or capital in name authority entry; Name appears in site record metadata or OCR candidate text",0,,,yes,37,2,10,1,24,"Argentina; Bolivia; Brazil; Chile; Colombia; Ecuador; Paraguay; Peru; Uruguay; Venezuela",1990-06-15,1991-01-31,"1990-06-15 - Memcon - Meeting with Andres Rodriguez of Paraguay, June 15, 1990; 1991-01-31 - Telcon - Telephone ccmversation with President Andres Rodriguez of Paraguay, January 31, 1991","May 9, 1989 - High - Request for Aircraft for U.S. Official Delegation; May 9, 1989 - High - Request for Aircraft for U.S. Official Delegation; May 9, 1989 - High - Request for Aircraft to Transport the U.S. Delegation; May 9, 1989 - High - Request for Aircraft to Transport the U.S. Delegation; May 10, 1989 - Medium - Presidential Message to Paraguay's new President; May 12, 1989 - Medium - Letter of Congratulations to the President-elect; May 15, 1989 - Medium - Request for Aircraft for U.S. Official Delegation; September 20, 1989 - High - Request from Paraguayan President Rodriguez to Meet; High - CONTINGENCY TALKING POINTS FOR USE WITH PRESIDENT ANDRES RODRIGUEZ OF PARAGUAY I enjoyed learning about Paraguay from you at the dinner; High - Reauest from Paraguayan President Rodriguez to Meet",1990-06-15 - Statement by Press Secretary Fitzwater on President Bush's Meeting With President Andrés Rodriguez Pedotti of Paraguay,"1989-04-01 - Presidential Daily Backup - [Presidential Daily Backup] 4/1/1989; 1989-05-02 - Presidential Daily Backup - [Presidential Daily Backup] 5/2/1989; 1989-09-25 - Presidential Daily Backup - [Presidential Daily Backup] 9/25/1989; 1990-04-26 - Presidential Daily Backup - [Presidential Daily Backup] 4/26/1990; 1990-04-26 - Presidential Daily Diary - [Presidential Daily Diary] 4/26/1990; 1990-05-01 - Presidential Daily Backup - [Presidential Daily Backup] 5/1/1990; 1990-05-08 - Presidential Daily Backup - [Presidential Daily Backup] 5/8/1990; 1990-05-08 - Presidential Daily Diary - [Presidential Daily Diary] 5/8/1990; 1990-06-15 - Presidential Daily Backup - [Presidential Daily Backup] 6/15/1990; 1990-06-15 - Presidential Daily Diary - [Presidential Daily Diary] 6/15/1990; 1990-06-26 - Presidential Daily Backup - [Presidential Daily Backup] 6/26/1990; 1990-11-28 - Presidential Daily Backup - [Presidential Daily Backup] 11/28/1990; 1991-02-20 - Presidential Daily Backup - [Presidential Daily Backup] 2/20/1991; 1991-02-26 - Presidential Daily Backup - [Presidential Daily Backup] 2/26/1991; 1991-03-19 - Presidential Daily Backup - [Presidential Daily Backup] 3/19/1991; 1991-05-03 - Presidential Daily Backup - [Presidential Daily Backup] 5/3/1991; 1991-06-27 - Presidential Daily Backup - [Presidential Daily Backup] 6/27/1991; 1991-11-14 - Presidential Daily Backup - [Presidential Daily Backup] 11/14/1991; 1992-04-09 - Presidential Daily Backup - [Presidential Daily Backup] 4/9/1992; 1992-04-28 - Presidential Daily Backup - [Presidential Daily Backup] 4/28/1992","andres rodriguez; rodriguez andres","Rodriguez, Andres, President of Paraguay from May 15, 1989",rodriguez-andres
"Roe, Charlotte E.","Labor Attache, U.S. Embassy in Tel Aviv [1990]; Labor Attache, U.S. Embassy in Bogota [1990-1992]; Officer-in-Charge, Agricultural Development Division, Office of International Development Assistance, Office of the Deputy Assistant Secretary for International Development and Technical Specialized Agency Affairs, Bureau of International Organization Affairs, Department of State [1992]",South America country or capital in name authority entry,0,,,no,0,0,0,0,0,,,,,,,,"charlotte e roe; charlotte roe; roe charlotte e","Roe, Charlotte E., Labor Attache, U.S. Embassy in Tel Aviv [1990]; Labor Attache, U.S. Embassy in Bogota [1990-1992]; Officer-in-Charge, Agricultural Development Division, Office of International Development Assistance, Office of the Deputy Assistant Secretary for International Development and Technical Specialized Agency Affairs, Bureau of International Organization Affairs, Department of State [1992]",roe-charlotte-e
"Rogers, Alan A.","Public Affairs Officer, U.S. Embassy in Asuncion [1989, 1990]",South America country or capital in name authority entry,0,,,no,0,0,0,0,0,,,,,,,,"alan a rogers; alan rogers; rogers alan a","Rogers, Alan A., Public Affairs Officer, U.S. Embassy in Asuncion [1989, 1990]",rogers-alan-a
"Salazar, John M.","Administrative Counselor, U.S. Embassy in Montevideo [1989, 1990]",South America country or capital in name authority entry,0,,,no,0,0,0,0,0,,,,,,,,"john m salazar; john salazar; salazar john m","Salazar, John M., Administrative Counselor, U.S. Embassy in Montevideo [1989, 1990]",salazar-john-m
"Sanchez-Carlo, Maria","Labor Attache, U.S. Embassy in Lima [1989, 1990]; Principal Officer, U.S. Consulate at Recife [1992]",South America country or capital in name authority entry,0,,,no,0,0,0,0,0,,,,,,,,"maria sanchez carlo; sanchez carlo maria","Sanchez-Carlo, Maria, Labor Attache, U.S. Embassy in Lima [1989, 1990]; Principal Officer, U.S. Consulate at Recife [1992]",sanchez-carlo-maria
"Sanguinetti Coirolo, Julio Maria","President of Uruguay until March 1, 1990","South America country or capital in name authority entry; Name appears in site record metadata or OCR candidate text",0,,,no,0,0,0,0,0,,,,,,,,"julio maria sanguinetti coirolo; julio sanguinetti coirolo; sanguinetti coirolo julio maria","Sanguinetti Coirolo, Julio Maria, President of Uruguay until March 1, 1990",sanguinetti-coirolo-julio-maria
"Sarney Costa, Jose","President of Brazil until March 14, 1990","South America country or capital in name authority entry; Name appears in site record metadata or OCR candidate text",0,,,no,0,0,0,0,0,,,,,,,,"jose sarney costa; sarney costa jose","Sarney Costa, Jose, President of Brazil until March 14, 1990",sarney-costa-jose
"Saucher, Robert","Consul, U.S. Embassy in Paramaribo [1989]",South America country or capital in name authority entry,0,,,no,0,0,0,0,0,,,,,,,,"robert saucher; saucher robert","Saucher, Robert, Consul, U.S. Embassy in Paramaribo [1989]",saucher-robert
"Savage, John R.","Economic Counselor, U.S. Embassy in Quito [1989-1992]; Political and Economic Counselor, U.S. Embassy in Bridgetown [1992]",South America country or capital in name authority entry,0,,,no,0,0,0,0,0,,,,,,,,"john r savage; john savage; savage john r","Savage, John R., Economic Counselor, U.S. Embassy in Quito [1989-1992]; Political and Economic Counselor, U.S. Embassy in Bridgetown [1992]",savage-john-r
"Schlosser, John K.","Office of Caribbean Affairs, Bureau of Inter-American Affairs, Department of State [1990]; Political Counselor, U.S. Embassy in Paramaribo [1991, 1992]",South America country or capital in name authority entry,0,,,no,0,0,0,0,0,,,,,,,,"john k schlosser; john schlosser; schlosser john k","Schlosser, John K., Office of Caribbean Affairs, Bureau of Inter-American Affairs, Department of State [1990]; Political Counselor, U.S. Embassy in Paramaribo [1991, 1992]",schlosser-john-k
"Schrage, Barbara J.","Deputy Director (Middle East, Latin America, Europe, Peacekeeping, Arms Control, Environment, Law of the Sea, and Outer Space), Office of UN Political Affairs, Office of the Deputy Assistant Secretary for UN Political Affairs, Bureau of International Organization Affairs, Department of State [1989]; Taiwan Coordination Adviser, Office of Regional Affairs, Bureau of East Asian and Pacific Affairs, Department of State [1990-1992]",Senior regional-policy role,0,,,no,0,0,0,0,0,,,,,,,,"barbara j schrage; barbara schrage; schrage barbara j","Schrage, Barbara J., Deputy Director (Middle East, Latin America, Europe, Peacekeeping, Arms Control, Environment, Law of the Sea, and Outer Space), Office of UN Political Affairs, Office of the Deputy Assistant Secretary for UN Political Affairs, Bureau of International Organization Affairs, Department of State [1989]; Taiwan Coordination Adviser, Office of Regional Affairs, Bureau of East Asian and Pacific Affairs, Department of State [1990-1992]",schrage-barbara-j
"Schuler, Elizabeth","Consul, U.S. Embassy in Abidjan [1989]; Office of Andean Affairs, Bureau of Inter-American Affairs, Department of State [1990, 1991]",South America country or capital in name authority entry,0,,,no,0,0,0,0,0,,,,,,,,"elizabeth schuler; schuler elizabeth","Schuler, Elizabeth, Consul, U.S. Embassy in Abidjan [1989]; Office of Andean Affairs, Bureau of Inter-American Affairs, Department of State [1990, 1991]",schuler-elizabeth
"Scowcroft, Gen. Brent","USAF (Ret.), President’s Assistant for National Security Affairs from January 1989","Core U.S. principal for Bush 41 South America records; Name appears in site record metadata or OCR candidate text",0,,,yes,4,0,4,0,0,Chile,,,,"High - ; Request by Amb Gillespie; High - REQ. BY CHILEAN FM FOR MEETING; High - Request by Amb Gillespie; High - Request by Amb Gillespie",,,"gen brent scowcroft; gen scowcroft; scowcroft gen brent","Scowcroft, Gen. Brent, USAF (Ret.), President’s Assistant for National Security Affairs from January 1989",scowcroft-gen-brent
"Segura-Giron, Bernardo","Administrative Counselor, U.S. Embassy in Manama [1989, 1990]; Administrative Counselor, U.S. Embassy in Buenos Aires [1991, 1992]",South America country or capital in name authority entry,0,,,no,0,0,0,0,0,,,,,,,,"bernardo segura giron; segura giron bernardo","Segura-Giron, Bernardo, Administrative Counselor, U.S. Embassy in Manama [1989, 1990]; Administrative Counselor, U.S. Embassy in Buenos Aires [1991, 1992]",segura-giron-bernardo
"Sens, Andrew","Director, Office of Southern Cone Affairs, Bureau of Inter-American Affairs, Department of State [1990, 1991]; Executive Assistant, Bureau of Inter-American Affairs, Department of State [1992]",South America country or capital in name authority entry,0,,,no,0,0,0,0,0,,,,,,,,"andrew sens; sens andrew","Sens, Andrew, Director, Office of Southern Cone Affairs, Bureau of Inter-American Affairs, Department of State [1990, 1991]; Executive Assistant, Bureau of Inter-American Affairs, Department of State [1992]",sens-andrew
"Service, Robert E.","Deputy Chief of Mission, U.S. Embassy in Buenos Aires [1989]; Deputy Chief of Mission, U.S. Embassy in Brasilia [1990-1992]",South America country or capital in name authority entry,0,,,no,0,0,0,0,0,,,,,,,,"robert e service; robert service; service robert e","Service, Robert E., Deputy Chief of Mission, U.S. Embassy in Buenos Aires [1989]; Deputy Chief of Mission, U.S. Embassy in Brasilia [1990-1992]",service-robert-e
"Shapiro, Charles S.","Political Counselor, U.S. Embassy in San Salvador [1989]; Deputy Director, Office of Andean Affairs, Bureau of Inter-American Affairs, Department of State [1989, 1990]; Chief, Andean/South American Division, Office of Program Management, Bureau of International Narcotics Matters, Department of State [1990, 1991]; Deputy Chief of Mission, U.S. Embassy in Port-of-Spain [1991, 1992]",South America country or capital in name authority entry,0,,,no,0,0,0,0,0,,,,,,,,"charles s shapiro; charles shapiro; shapiro charles s","Shapiro, Charles S., Political Counselor, U.S. Embassy in San Salvador [1989]; Deputy Director, Office of Andean Affairs, Bureau of Inter-American Affairs, Department of State [1989, 1990]; Chief, Andean/South American Division, Office of Program Management, Bureau of International Narcotics Matters, Department of State [1990, 1991]; Deputy Chief of Mission, U.S. Embassy in Port-of-Spain [1991, 1992]",shapiro-charles-s
"Shelton, J. Michael","Economic and Commercial Counselor, U.S. Embassy in La Paz [1990-1992]",South America country or capital in name authority entry,0,,,no,0,0,0,0,0,,,,,,,,"j michael shelton; j shelton; shelton j michael","Shelton, J. Michael, Economic and Commercial Counselor, U.S. Embassy in La Paz [1990-1992]",shelton-j-michael
"Shlaudeman, Harry W.","U.S. Ambassador to Brazil until May 14, 1989; Consultant, Department of State, from 1989 until 1990; U.S. Ambassador to Nicaragua from June 21, 1990, until March 14, 1992",South America country or capital in name authority entry,0,,,no,0,0,0,0,0,,,,,,,,"harry shlaudeman; harry w shlaudeman; shlaudeman harry w","Shlaudeman, Harry W., U.S. Ambassador to Brazil until May 14, 1989; Consultant, Department of State, from 1989 until 1990; U.S. Ambassador to Nicaragua from June 21, 1990, until March 14, 1992",shlaudeman-harry-w
"Simon, Hugh, Jr.","Political Counselor, U.S. Embassy in Quito [1989-1991]",South America country or capital in name authority entry,0,,,no,0,0,0,0,0,,,,,,,,"hugh simon; simon hugh jr","Simon, Hugh, Jr., Political Counselor, U.S. Embassy in Quito [1989-1991]",simon-hugh-jr
"Simon, Victoria","Commercial Counselor, U.S. Embassy in Quito [1992]",South America country or capital in name authority entry,0,,,no,0,0,0,0,0,,,,,,,,"simon victoria; victoria simon","Simon, Victoria, Commercial Counselor, U.S. Embassy in Quito [1992]",simon-victoria
"Simonds, Katherine K.","Economic and Commercial Counselor, U.S. Embassy in Georgetown [1991, 1992]",South America country or capital in name authority entry,0,,,no,0,0,0,0,0,,,,,,,,"katherine k simonds; katherine simonds; simonds katherine k","Simonds, Katherine K., Economic and Commercial Counselor, U.S. Embassy in Georgetown [1991, 1992]",simonds-katherine-k
"Simons, Paul","Member, Policy Planning Staff, Department of State [1990, 1991]; Economic Counselor, U.S. Embassy in Quito [1992]",South America country or capital in name authority entry,0,,,no,0,0,0,0,0,,,,,,,,"paul simons; simons paul","Simons, Paul, Member, Policy Planning Staff, Department of State [1990, 1991]; Economic Counselor, U.S. Embassy in Quito [1992]",simons-paul
"Simpkins, Roy C.","Science Attache, U.S. Embassy in Mexico City [1989-1991]; Science Attache, U.S. Embassy in Brasilia [1992]",South America country or capital in name authority entry,0,,,no,0,0,0,0,0,,,,,,,,"roy c simpkins; roy simpkins; simpkins roy c","Simpkins, Roy C., Science Attache, U.S. Embassy in Mexico City [1989-1991]; Science Attache, U.S. Embassy in Brasilia [1992]",simpkins-roy-c
"Skinner, Samuel K.","Secretary of Transportation; White House Chief of Staff from December 16, 1991, until August 29, 1992",Core U.S. principal for Bush 41 South America records,0,,,no,0,0,0,0,0,,,,,,,,"samuel k skinner; samuel skinner; skinner samuel k","Skinner, Samuel K., Secretary of Transportation; White House Chief of Staff from December 16, 1991, until August 29, 1992",skinner-samuel-k
"Skol, Michael M.","Deputy Assistant Secretary for South America, Bureau of Inter-American Affairs, Department of State [1989, 1990]; U.S. Ambassador to Venezuela from November 19, 1990","South America country or capital in name authority entry; Senior regional-policy role; Name appears in site record metadata or OCR candidate text",0,,,yes,2,0,2,0,0,"Bolivia; Brazil; Colombia; Peru",,,,"11/01/1988 - Reference - To Tyrus W. Cobb; December 4, 1989 - High - Proposed U.S.-Andean Public Awareness",,,"michael m skol; michael skol; skol michael m","Skol, Michael M., Deputy Assistant Secretary for South America, Bureau of Inter-American Affairs, Department of State [1989, 1990]; U.S. Ambassador to Venezuela from November 19, 1990",skol-michael-m
"Skoug, Kenneth N., Jr.","Deputy Chief of Mission, U.S. Embassy in Caracas [1989, 1990]; Charge d’Affaires ad interim, U.S. Embassy in Caracas from July 1, 1989, until September 1, 1990",South America country or capital in name authority entry,0,,,no,0,0,0,0,0,,,,,,,,"kenneth n skoug; kenneth skoug; skoug kenneth n jr","Skoug, Kenneth N., Jr., Deputy Chief of Mission, U.S. Embassy in Caracas [1989, 1990]; Charge d’Affaires ad interim, U.S. Embassy in Caracas from July 1, 1989, until September 1, 1990",skoug-kenneth-n-jr
"Sleght, Alexander K.","Director, Office of United Nations Social and Refugee Affairs, Office of the Deputy Assistant Secretary for International Social and Humanitarian Affairs, Bureau of International Organization Affairs, Department of State [1989, 1990]; Deputy Director, Office of Policy Planning Coordination, Bureau of Inter-American Affairs, Department of State [1992]",Senior regional-policy role,0,,,no,0,0,0,0,0,,,,,,,,"alexander k sleght; alexander sleght; sleght alexander k","Sleght, Alexander K., Director, Office of United Nations Social and Refugee Affairs, Office of the Deputy Assistant Secretary for International Social and Humanitarian Affairs, Bureau of International Organization Affairs, Department of State [1989, 1990]; Deputy Director, Office of Policy Planning Coordination, Bureau of Inter-American Affairs, Department of State [1992]",sleght-alexander-k
"Smith, Keith C.","Deputy Chief of Mission, U.S. Embassy in Oslo [1989]; Director, Office of Southern Cone Affairs, Bureau of Inter-American Affairs, Department of State [1990]; Deputy Special Adviser for Eastern European Assistance, Bureau of European and Canadian Affairs, Department of State [1991]; Deputy for Policy, Bureau of European and Canadian Affairs, Department of State [1992]",South America country or capital in name authority entry,0,,,no,0,0,0,0,0,,,,,,,,"keith c smith; keith smith; smith keith c","Smith, Keith C., Deputy Chief of Mission, U.S. Embassy in Oslo [1989]; Director, Office of Southern Cone Affairs, Bureau of Inter-American Affairs, Department of State [1990]; Deputy Special Adviser for Eastern European Assistance, Bureau of European and Canadian Affairs, Department of State [1991]; Deputy for Policy, Bureau of European and Canadian Affairs, Department of State [1992]",smith-keith-c
"Specht, Linda S.","Economic and Commercial Counselor, U.S. Embassy in Paramaribo [1991, 1992]; Consul, U.S. Embassy in Port Moresby [1992]",South America country or capital in name authority entry,0,,,no,0,0,0,0,0,,,,,,,,"linda s specht; linda specht; specht linda s","Specht, Linda S., Economic and Commercial Counselor, U.S. Embassy in Paramaribo [1991, 1992]; Consul, U.S. Embassy in Port Moresby [1992]",specht-linda-s
"Stebbing, David","Chief, Food Policy Division, Office of Food Policy and Programs, (Trade and Commercial Affairs), Bureau of Economic and Business Affairs, Department of State [1989]; Economic Counselor, U.S. Embassy in Lima [1990, 1991]",South America country or capital in name authority entry,0,,,no,0,0,0,0,0,,,,,,,,"david stebbing; stebbing david","Stebbing, David, Chief, Food Policy Division, Office of Food Policy and Programs, (Trade and Commercial Affairs), Bureau of Economic and Business Affairs, Department of State [1989]; Economic Counselor, U.S. Embassy in Lima [1990, 1991]",stebbing-david
"Sternberg, Leslie","Economic and Commercial Counselor, U.S. Embassy in La Paz [1989, 1990]; Office of Soviet Union Affairs, Bureau of European and Canadian Affairs, Department of State [1990, 1991]",South America country or capital in name authority entry,0,,,no,0,0,0,0,0,,,,,,,,"leslie sternberg; sternberg leslie","Sternberg, Leslie, Economic and Commercial Counselor, U.S. Embassy in La Paz [1989, 1990]; Office of Soviet Union Affairs, Bureau of European and Canadian Affairs, Department of State [1990, 1991]",sternberg-leslie
"Strasser, Daniel A.","Political Counselor, U.S. Consulate at Rio de Janeiro [1989-1991]; Chief, South America Division, Office of Program Management, Bureau of International Narcotics Matters, Department of State [1992]",South America country or capital in name authority entry,0,,,no,0,0,0,0,0,,,,,,,,"daniel a strasser; daniel strasser; strasser daniel a","Strasser, Daniel A., Political Counselor, U.S. Consulate at Rio de Janeiro [1989-1991]; Chief, South America Division, Office of Program Management, Bureau of International Narcotics Matters, Department of State [1992]",strasser-daniel-a
"Stroessner, Alfredo","President of Paraguay until February 3, 1989",South America country or capital in name authority entry,0,,,no,0,0,0,0,0,,,,,,,,"alfredo stroessner; stroessner alfredo","Stroessner, Alfredo, President of Paraguay until February 3, 1989",stroessner-alfredo
"Sununu, John H.","White House Chief of Staff from January 21, 1989, until December 15, 1991; Counselor to the President from December 16, 1991, until February 28, 1992","Core U.S. principal for Bush 41 South America records; Name appears in site record metadata or OCR candidate text",0,,,yes,16,0,16,0,0,"Argentina; Brazil; Colombia; Guyana; Paraguay; Venezuela",,,,"February 25, 1989 - High - President's Meeting with President; March 2, 1989 - High - Meeting with President Vinicio Cerezo of Guatemala; April 1, 1989 - High - Meeting with President Carlos Andres Perez of; April 1, 1989 - High - Meeting with President Carlos Andres Perez of; April 1, 1989 - High - Meeting with President Carlos Perez of; April 1, 1989 - High - Meeting with President Carlos Perez of; April 1, 1989 - High - Meeting with President Carlos Perez of; May 5, 1989 - Medium - DELEGATION TO THE INAUGURATION OF THE PRESIDENT OF; June 19, 1989 - High - The President’s Meeting with President; June 19, 1989 - High - The President’s Meeting with President; June 19, 1989 - High - The President’s Meeting with President |; September 25, 1989 - High - Meeting with Venezuelan President Carlos; September 25, 1989 - High - Meeting with Venezuelan President Carlos; September 27, 1989 - High - Meeting with President Carlos Menem of; September 27, 1989 - High - Meeting with President Carlos Menem of; Medium - Letter Re Candidate for President of Colombia",,,"john h sununu; john sununu; sununu john h","Sununu, John H., White House Chief of Staff from January 21, 1989, until December 15, 1991; Counselor to the President from December 16, 1991, until February 28, 1992",sununu-john-h
"Swenson, Christopher H.","Administrative Counselor, U.S. Embassy in Bogota [1989]; Administrative Counselor, U.S. Embassy in Mogadishu [1990]; Office of Inspections, Office of the Inspector General, Department of State [1992]",South America country or capital in name authority entry,0,,,no,0,0,0,0,0,,,,,,,,"christopher h swenson; christopher swenson; swenson christopher h","Swenson, Christopher H., Administrative Counselor, U.S. Embassy in Bogota [1989]; Administrative Counselor, U.S. Embassy in Mogadishu [1990]; Office of Inspections, Office of the Inspector General, Department of State [1992]",swenson-christopher-h
"Taft, Robert A.","Commercial Counselor, U.S. Consulate at Sydney [1989, 1990]; Commercial Counselor, U.S. Embassy in Caracas [1991, 1992]",South America country or capital in name authority entry,0,,,no,0,0,0,0,0,,,,,,,,"robert a taft; robert taft; taft robert a","Taft, Robert A., Commercial Counselor, U.S. Consulate at Sydney [1989, 1990]; Commercial Counselor, U.S. Embassy in Caracas [1991, 1992]",taft-robert-a
"Taylor, Philip B., III","Director, Office of Andean Affairs, Bureau of Inter-American Affairs, Department of State [1989]; Deputy Chief of Mission, U.S. Embassy in Guatemala City [1989-1992]; Consul General, U.S. Consulate at Sao Paulo [1992]",South America country or capital in name authority entry,0,,,no,0,0,0,0,0,,,,,,,,"philip b taylor; philip taylor; taylor philip b iii","Taylor, Philip B., III, Director, Office of Andean Affairs, Bureau of Inter-American Affairs, Department of State [1989]; Deputy Chief of Mission, U.S. Embassy in Guatemala City [1989-1992]; Consul General, U.S. Consulate at Sao Paulo [1992]",taylor-philip-b-iii
"Teitelbaum, Donald G.","Political Counselor, U.S. Embassy in Georgetown [1989-1990]; Middle America-Caribbean Division, Office of Analysis for Inter-American Republics, Bureau of Intelligence and Research, Department of State [1990, 1991]",South America country or capital in name authority entry,0,,,no,0,0,0,0,0,,,,,,,,"donald g teitelbaum; donald teitelbaum; teitelbaum donald g","Teitelbaum, Donald G., Political Counselor, U.S. Embassy in Georgetown [1989-1990]; Middle America-Caribbean Division, Office of Analysis for Inter-American Republics, Bureau of Intelligence and Research, Department of State [1990, 1991]",teitelbaum-donald-g
"Thomas, Michael D.","acting Public Affairs Officer, U.S. Embassy in Georgetown [1992]",South America country or capital in name authority entry,0,,,no,0,0,0,0,0,,,,,,,,"michael d thomas; michael thomas; thomas michael d","Thomas, Michael D., acting Public Affairs Officer, U.S. Embassy in Georgetown [1992]",thomas-michael-d
"Tobias, Barbara J.","Science Attache, U.S. Embassy in Brasilia [1989-1992]; Director, Office of Defense Relations and Security Assistance, Bureau of Politico-Military Affairs, Department of State [1992]",South America country or capital in name authority entry,0,,,no,0,0,0,0,0,,,,,,,,"barbara j tobias; barbara tobias; tobias barbara j","Tobias, Barbara J., Science Attache, U.S. Embassy in Brasilia [1989-1992]; Director, Office of Defense Relations and Security Assistance, Bureau of Politico-Military Affairs, Department of State [1992]",tobias-barbara-j
"Todman, Terence A.","U.S. Ambassador to Denmark until January 8, 1989; U.S. Ambassador to Argentina from June 13, 1989","South America country or capital in name authority entry; Name appears in site record metadata or OCR candidate text",0,,,yes,4,0,3,1,0,Argentina,,,,"May 23, 1989 - High - Appointment request for Ambassador to Argentina; May 23, 1989 - High - Appointment request for Ambassador to Argentina; September 6, 1989 - High - ‘ Request for an Appointmeht for U.S. Ambassador",1989-03-17 - Nomination of Terence A. Todman To Be United States Ambassador to Argentina,,"terence a todman; terence todman; todman terence a","Todman, Terence A., U.S. Ambassador to Denmark until January 8, 1989; U.S. Ambassador to Argentina from June 13, 1989",todman-terence-a
"Towell, Timothy L.","U.S. Ambassador to Paraguay until April 27, 1991","South America country or capital in name authority entry; Name appears in site record metadata or OCR candidate text",0,,,yes,1,0,1,0,0,Paraguay,,,,"November 8, 1989 - High - Meeting with the President",,,"timothy l towell; timothy towell; towell timothy l","Towell, Timothy L., U.S. Ambassador to Paraguay until April 27, 1991",towell-timothy-l
"Tracy, Laurie","Labor Attache, U.S. Embassy in Quito [1989-1992]",South America country or capital in name authority entry,0,,,no,0,0,0,0,0,,,,,,,,"laurie tracy; tracy laurie","Tracy, Laurie, Labor Attache, U.S. Embassy in Quito [1989-1992]",tracy-laurie
"Trezise, Arthur","Commercial Counselor, U.S. Embassy in Bogota [1990-1992]",South America country or capital in name authority entry,0,,,no,0,0,0,0,0,,,,,,,,"arthur trezise; trezise arthur","Trezise, Arthur, Commercial Counselor, U.S. Embassy in Bogota [1990-1992]",trezise-arthur
"Tull, Theresa A.","U.S. Ambassador to Guyana until July 10, 1990; Director, Office of Regional Affairs, Bureau of East Asian and Pacific Affairs, Department of State [1992]","South America country or capital in name authority entry; Name appears in site record metadata or OCR candidate text",0,,,yes,2,0,2,0,0,Guyana,,,,"June 19, 1989 - High - The President’s Meeting with President; June 19, 1989 - High - The President’s Meeting with President |",,,"theresa a tull; theresa tull; tull theresa a","Tull, Theresa A., U.S. Ambassador to Guyana until July 10, 1990; Director, Office of Regional Affairs, Bureau of East Asian and Pacific Affairs, Department of State [1992]",tull-theresa-a
"Tumminia, Frank","Deputy Chief of Mission, U.S. Embassy in Paramaribo [1989]; Consul General, U.S. Consulate at Genoa [1990]",South America country or capital in name authority entry,0,,,no,0,0,0,0,0,,,,,,,,"frank tumminia; tumminia frank","Tumminia, Frank, Deputy Chief of Mission, U.S. Embassy in Paramaribo [1989]; Consul General, U.S. Consulate at Genoa [1990]",tumminia-frank
"Uribe, Ernesto","Public Affairs Officer, U.S. Embassy in Santo Domingo [1989]; Public Affairs Officer, U.S. Embassy in Buenos Aires [1991, 1992]",South America country or capital in name authority entry,0,,,no,0,0,0,0,0,,,,,,,,"ernesto uribe; uribe ernesto","Uribe, Ernesto, Public Affairs Officer, U.S. Embassy in Santo Domingo [1989]; Public Affairs Officer, U.S. Embassy in Buenos Aires [1991, 1992]",uribe-ernesto
"Villalobos, Ricardo","Commercial Counselor, U.S. Embassy in Santiago [1990-1992]",South America country or capital in name authority entry,0,,,no,0,0,0,0,0,,,,,,,,"ricardo villalobos; villalobos ricardo","Villalobos, Ricardo, Commercial Counselor, U.S. Embassy in Santiago [1990-1992]",villalobos-ricardo
"Wagner, David P.","Public Affairs Officer, U.S. Embassy in Montevideo [1989, 1990]; Branch Public Affairs Officer, U.S. Consulate at Rio de Janeiro [1990, 1991]",South America country or capital in name authority entry,0,,,no,0,0,0,0,0,,,,,,,,"david p wagner; david wagner; wagner david p","Wagner, David P., Public Affairs Officer, U.S. Embassy in Montevideo [1989, 1990]; Branch Public Affairs Officer, U.S. Consulate at Rio de Janeiro [1990, 1991]",wagner-david-p
"Walsh, James D.","Consul General, U.S. Consulate at Halifax [1989]; Political Counselor, U.S. Embassy in Buenos Aires [1989-1991]; Deputy Chief of Mission, U.S. Embassy in Buenos Aires [1992]",South America country or capital in name authority entry,1,"Walsh, James P.","Potential abbreviated-name collision; inspect mention rows before attribution.",no,0,0,0,0,0,,,,,,,,"james d walsh; james walsh; walsh james d","Walsh, James D., Consul General, U.S. Consulate at Halifax [1989]; Political Counselor, U.S. Embassy in Buenos Aires [1989-1991]; Deputy Chief of Mission, U.S. Embassy in Buenos Aires [1992]",walsh-james-d
"Walsh, James P.","Consul, U.S. Embassy in Montevideo [1989, 1990]; Office of Field Support Liaison, Visa Services, Bureau of Consular Affairs, Department of State [1990, 1991]",South America country or capital in name authority entry,1,"Walsh, James D.","Potential abbreviated-name collision; inspect mention rows before attribution.",no,0,0,0,0,0,,,,,,,,"james p walsh; james walsh; walsh james p","Walsh, James P., Consul, U.S. Embassy in Montevideo [1989, 1990]; Office of Field Support Liaison, Visa Services, Bureau of Consular Affairs, Department of State [1990, 1991]",walsh-james-p
"Waters, Gerald","Public Affairs Officer, U.S. Embassy in Quito [1989]; Public Affairs Officer, U.S. Embassy in Bridgetown [1991, 1992]",South America country or capital in name authority entry,0,,,no,0,0,0,0,0,,,,,,,,"gerald waters; waters gerald","Waters, Gerald, Public Affairs Officer, U.S. Embassy in Quito [1989]; Public Affairs Officer, U.S. Embassy in Bridgetown [1991, 1992]",waters-gerald
"Watson, Alexander F.","U.S. Ambassador to Peru until August 9, 1989; Deputy U.S. Representative, U.S. Mission to the United Nations from 1989 until 1992",South America country or capital in name authority entry,0,,,no,0,0,0,0,0,,,,,,,,"alexander f watson; alexander watson; watson alexander f","Watson, Alexander F., U.S. Ambassador to Peru until August 9, 1989; Deputy U.S. Representative, U.S. Mission to the United Nations from 1989 until 1992",watson-alexander-f
"Weiner, James A.","Executive Director, Bureau of Intelligence and Research, Department of State [1990, 1991]; Administrative Counselor, U.S. Embassy in Bogota [1992]",South America country or capital in name authority entry,0,,,no,0,0,0,0,0,,,,,,,,"james a weiner; james weiner; weiner james a","Weiner, James A., Executive Director, Bureau of Intelligence and Research, Department of State [1990, 1991]; Administrative Counselor, U.S. Embassy in Bogota [1992]",weiner-james-a
"Welter, Daniel R.","Consul, U.S. Embassy in Caracas [1989-1991]; Consul, U.S. Embassy in Ottawa [1991, 1992]",South America country or capital in name authority entry,0,,,no,0,0,0,0,0,,,,,,,,"daniel r welter; daniel welter; welter daniel r","Welter, Daniel R., Consul, U.S. Embassy in Caracas [1989-1991]; Consul, U.S. Embassy in Ottawa [1991, 1992]",welter-daniel-r
"Westmoreland, Margaret","Public Affairs Officer, U.S. Embassy in Paramaribo [1989]",South America country or capital in name authority entry,0,,,no,0,0,0,0,0,,,,,,,,"margaret westmoreland; westmoreland margaret","Westmoreland, Margaret, Public Affairs Officer, U.S. Embassy in Paramaribo [1989]",westmoreland-margaret
"White, Alfred J.","Economic Counselor, U.S. Embassy in Caracas [1989, 1990]; Director, Commercial, Legislative and Public Affairs, Bureau of Economic and Business Affairs, Department of State [1991, 1992]",South America country or capital in name authority entry,0,,,no,0,0,0,0,0,,,,,,,,"alfred j white; alfred white; white alfred j","White, Alfred J., Economic Counselor, U.S. Embassy in Caracas [1989, 1990]; Director, Commercial, Legislative and Public Affairs, Bureau of Economic and Business Affairs, Department of State [1991, 1992]",white-alfred-j
"Whitman, Gerald J.","Science Attache, U.S. Embassy in Rome [1989]; Director, Office of Advanced Technology, (Science and Technology Affairs), Bureau of Oceans and International Environmental and Scientific Affairs, Department of State [1990, 1991]; Deputy Chief of Mission, U.S. Embassy in Montevideo [1991, 1992]",South America country or capital in name authority entry,0,,,no,0,0,0,0,0,,,,,,,,"gerald j whitman; gerald whitman; whitman gerald j","Whitman, Gerald J., Science Attache, U.S. Embassy in Rome [1989]; Director, Office of Advanced Technology, (Science and Technology Affairs), Bureau of Oceans and International Environmental and Scientific Affairs, Department of State [1990, 1991]; Deputy Chief of Mission, U.S. Embassy in Montevideo [1991, 1992]",whitman-gerald-j
"Wilkey, Malcom R.","U.S. Ambassador to Uruguay until May 10, 1990",South America country or capital in name authority entry,0,,,no,0,0,0,0,0,,,,,,,,"malcom r wilkey; malcom wilkey; wilkey malcom r","Wilkey, Malcom R., U.S. Ambassador to Uruguay until May 10, 1990",wilkey-malcom-r
"Williams, John S.","Public Affairs Officer, U.S. Embassy in La Paz [1992]",South America country or capital in name authority entry,0,,,no,0,0,0,0,0,,,,,,,,"john s williams; john williams; williams john s","Williams, John S., Public Affairs Officer, U.S. Embassy in La Paz [1992]",williams-john-s
"Williams, Nicholas M.","Consul, U.S. Embassy in Georgetown [1989-1991]; Director, Consular Training, School of Professional Studies, Foreign Service Institute, Department of State [1992]",South America country or capital in name authority entry,0,,,no,0,0,0,0,0,,,,,,,,"nicholas m williams; nicholas williams; williams nicholas m","Williams, Nicholas M., Consul, U.S. Embassy in Georgetown [1989-1991]; Director, Consular Training, School of Professional Studies, Foreign Service Institute, Department of State [1992]",williams-nicholas-m
"Wiznitzer, Mark","Chief, Security Enforcement and Licensing Division, Office of COCOM Affairs, (International Trade Controls), Bureau of Economic and Business Affairs, Department of State [1989, 1990]; Political Counselor, U.S. Embassy in Quito [1991, 1992]",South America country or capital in name authority entry,0,,,no,0,0,0,0,0,,,,,,,,"mark wiznitzer; wiznitzer mark","Wiznitzer, Mark, Chief, Security Enforcement and Licensing Division, Office of COCOM Affairs, (International Trade Controls), Bureau of Economic and Business Affairs, Department of State [1989, 1990]; Political Counselor, U.S. Embassy in Quito [1991, 1992]",wiznitzer-mark
"Wolffe, Alejandro D.","Special Assistant, Office of the Under Secretary of State for Political Affairs [1990, 1991]; Political Counselor, U.S. Embassy in Santiago [1991, 1992]",South America country or capital in name authority entry,0,,,no,0,0,0,0,0,,,,,,,,"alejandro d wolffe; alejandro wolffe; wolffe alejandro d","Wolffe, Alejandro D., Special Assistant, Office of the Under Secretary of State for Political Affairs [1990, 1991]; Political Counselor, U.S. Embassy in Santiago [1991, 1992]",wolffe-alejandro-d
"Yonker, David S.","Commercial Counselor, U.S. Embassy in Buenos Aires [1989]",South America country or capital in name authority entry,0,,,no,0,0,0,0,0,,,,,,,,"david s yonker; david yonker; yonker david s","Yonker, David S., Commercial Counselor, U.S. Embassy in Buenos Aires [1989]",yonker-david-s
"Young, Virginia C.","Consul, U.S. Embassy in Bucharest [1989-1991]; Consul, U.S. Embassy in Lima [1991]",South America country or capital in name authority entry,0,,,no,0,0,0,0,0,,,,,,,,"virginia c young; virginia young; young virginia c","Young, Virginia C., Consul, U.S. Embassy in Bucharest [1989-1991]; Consul, U.S. Embassy in Lima [1991]",young-virginia-c
"Zoellick, Robert Bruce","Counselor of the Department of State from March 2, 1989, until March 23, 1992; Undersecretary of State for Economic and Agricultural Affairs from May 20, 1991, until August 23, 1992; White House Deputy Chief of Staff from August 23, 1992, until January 20, 1993","Core U.S. principal for Bush 41 South America records; Name appears in site record metadata or OCR candidate text",0,,,yes,3,0,3,0,0,"Brazil; Venezuela",,,,"February 25, 1989 - High - President's Meeting with President; April 14, 1989 - High - Political Instability in Venezuela; April 14, 1989 - High - Political Instability in Venezuela",,,"robert bruce zoellick; robert zoellick; zoellick robert bruce","Zoellick, Robert Bruce, Counselor of the Department of State from March 2, 1989, until March 23, 1992; Undersecretary of State for Economic and Agricultural Affairs from May 20, 1991, until August 23, 1992; White House Deputy Chief of Staff from August 23, 1992, until January 20, 1993",zoellick-robert-bruce
"Zuckerman, Stanley A.","Public Affairs Officer, U.S. Embassy in Brasilia [1989]; Director, Office of American Republics Affairs, United States Information Agency (1989-1991); Coordinator, Foreign Information Policy, Office of the Under Secretary of State for Political Affairs [1992]","South America country or capital in name authority entry; Name appears in site record metadata or OCR candidate text",0,,,yes,1,0,1,0,0,"Bolivia; Colombia; Peru",,,,"December 4, 1989 - High - Proposed U.S.-Andean Public Awareness",,,"stanley a zuckerman; stanley zuckerman; zuckerman stanley a","Zuckerman, Stanley A., Public Affairs Officer, U.S. Embassy in Brasilia [1989]; Director, Office of American Republics Affairs, United States Information Agency (1989-1991); Coordinator, Foreign Information Policy, Office of the Under Secretary of State for Political Affairs [1992]",zuckerman-stanley-a
